class	path
com.badlogic.gdx.maps.tiled.TiledMapTileSets	/tmp/projects/libgdx/gdx/src/com/badlogic/gdx/maps/tiled/TiledMapTileSets.java
com.badlogic.gdx.maps.tiled.TiledMapTileSet	/tmp/projects/libgdx/gdx/src/com/badlogic/gdx/maps/tiled/TiledMapTileSet.java
com.badlogic.gdx.maps.tiled.TiledMapTile	/tmp/projects/libgdx/gdx/src/com/badlogic/gdx/maps/tiled/TiledMapTile.java
com.badlogic.gdx.maps.tiled.TiledMapTile$BlendMode	/tmp/projects/libgdx/gdx/src/com/badlogic/gdx/maps/tiled/TiledMapTile.java
com.badlogic.gdx.utils.Array	/tmp/projects/libgdx/gdx/src/com/badlogic/gdx/utils/Array.java
com.badlogic.gdx.utils.Array$ArrayIterator	/tmp/projects/libgdx/gdx/src/com/badlogic/gdx/utils/Array.java
com.badlogic.gdx.utils.Array$ArrayIterable	/tmp/projects/libgdx/gdx/src/com/badlogic/gdx/utils/Array.java
com.badlogic.gdx.utils.Predicate	/tmp/projects/libgdx/gdx/src/com/badlogic/gdx/utils/Predicate.java
com.badlogic.gdx.utils.Predicate$PredicateIterator	/tmp/projects/libgdx/gdx/src/com/badlogic/gdx/utils/Predicate.java
com.badlogic.gdx.utils.Predicate$PredicateIterable	/tmp/projects/libgdx/gdx/src/com/badlogic/gdx/utils/Predicate.java
com.badlogic.gdx.utils.ObjectSet	/tmp/projects/libgdx/gdx/src/com/badlogic/gdx/utils/ObjectSet.java
com.badlogic.gdx.utils.ObjectSet$ObjectSetIterator	/tmp/projects/libgdx/gdx/src/com/badlogic/gdx/utils/ObjectSet.java
com.badlogic.gdx.utils.IntMap	/tmp/projects/libgdx/gdx/src/com/badlogic/gdx/utils/IntMap.java
com.badlogic.gdx.utils.IntMap$Entry	/tmp/projects/libgdx/gdx/src/com/badlogic/gdx/utils/IntMap.java
com.badlogic.gdx.utils.IntMap$MapIterator	/tmp/projects/libgdx/gdx/src/com/badlogic/gdx/utils/IntMap.java
com.badlogic.gdx.utils.IntMap$Entries	/tmp/projects/libgdx/gdx/src/com/badlogic/gdx/utils/IntMap.java
com.badlogic.gdx.utils.IntMap$Values	/tmp/projects/libgdx/gdx/src/com/badlogic/gdx/utils/IntMap.java
com.badlogic.gdx.utils.IntMap$Keys	/tmp/projects/libgdx/gdx/src/com/badlogic/gdx/utils/IntMap.java
com.badlogic.gdx.maps.MapProperties	/tmp/projects/libgdx/gdx/src/com/badlogic/gdx/maps/MapProperties.java
com.badlogic.gdx.utils.ObjectMap	/tmp/projects/libgdx/gdx/src/com/badlogic/gdx/utils/ObjectMap.java
com.badlogic.gdx.utils.ObjectMap$Entry	/tmp/projects/libgdx/gdx/src/com/badlogic/gdx/utils/ObjectMap.java
com.badlogic.gdx.utils.ObjectMap$MapIterator	/tmp/projects/libgdx/gdx/src/com/badlogic/gdx/utils/ObjectMap.java
com.badlogic.gdx.utils.ObjectMap$Entries	/tmp/projects/libgdx/gdx/src/com/badlogic/gdx/utils/ObjectMap.java
com.badlogic.gdx.utils.ObjectMap$Values	/tmp/projects/libgdx/gdx/src/com/badlogic/gdx/utils/ObjectMap.java
com.badlogic.gdx.utils.ObjectMap$Keys	/tmp/projects/libgdx/gdx/src/com/badlogic/gdx/utils/ObjectMap.java
com.badlogic.gdx.utils.IntArray	/tmp/projects/libgdx/gdx/src/com/badlogic/gdx/utils/IntArray.java
com.badlogic.gdx.graphics.g2d.TextureRegion	/tmp/projects/libgdx/gdx/src/com/badlogic/gdx/graphics/g2d/TextureRegion.java
com.badlogic.gdx.maps.MapObjects	/tmp/projects/libgdx/gdx/src/com/badlogic/gdx/maps/MapObjects.java
com.badlogic.gdx.maps.MapObject	/tmp/projects/libgdx/gdx/src/com/badlogic/gdx/maps/MapObject.java
com.badlogic.gdx.graphics.Color	/tmp/projects/libgdx/gdx/src/com/badlogic/gdx/graphics/Color.java
com.badlogic.gdx.assets.AssetLoaderParameters	/tmp/projects/libgdx/gdx/src/com/badlogic/gdx/assets/AssetLoaderParameters.java
com.badlogic.gdx.assets.AssetLoaderParameters$LoadedCallback	/tmp/projects/libgdx/gdx/src/com/badlogic/gdx/assets/AssetLoaderParameters.java
com.badlogic.gdx.graphics.Pixmap	/tmp/projects/libgdx/gdx/src/com/badlogic/gdx/graphics/Pixmap.java
com.badlogic.gdx.graphics.Pixmap$Format	/tmp/projects/libgdx/gdx/src/com/badlogic/gdx/graphics/Pixmap.java
com.badlogic.gdx.graphics.Pixmap$Blending	/tmp/projects/libgdx/gdx/src/com/badlogic/gdx/graphics/Pixmap.java
com.badlogic.gdx.graphics.Pixmap$Filter	/tmp/projects/libgdx/gdx/src/com/badlogic/gdx/graphics/Pixmap.java
com.badlogic.gdx.graphics.Pixmap$1	/tmp/projects/libgdx/gdx/src/com/badlogic/gdx/graphics/Pixmap.java
com.badlogic.gdx.graphics.Pixmap$1$1	/tmp/projects/libgdx/gdx/src/com/badlogic/gdx/graphics/Pixmap.java
com.badlogic.gdx.graphics.Pixmap$DownloadPixmapResponseListener	/tmp/projects/libgdx/gdx/src/com/badlogic/gdx/graphics/Pixmap.java
com.badlogic.gdx.assets.loaders.TextureLoader	/tmp/projects/libgdx/gdx/src/com/badlogic/gdx/assets/loaders/TextureLoader.java
com.badlogic.gdx.assets.loaders.TextureLoader$TextureLoaderInfo	/tmp/projects/libgdx/gdx/src/com/badlogic/gdx/assets/loaders/TextureLoader.java
com.badlogic.gdx.assets.loaders.TextureLoader$TextureParameter	/tmp/projects/libgdx/gdx/src/com/badlogic/gdx/assets/loaders/TextureLoader.java
com.badlogic.gdx.graphics.Texture	/tmp/projects/libgdx/gdx/src/com/badlogic/gdx/graphics/Texture.java
com.badlogic.gdx.graphics.Texture$TextureFilter	/tmp/projects/libgdx/gdx/src/com/badlogic/gdx/graphics/Texture.java
com.badlogic.gdx.graphics.Texture$TextureWrap	/tmp/projects/libgdx/gdx/src/com/badlogic/gdx/graphics/Texture.java
com.badlogic.gdx.graphics.Texture$1	/tmp/projects/libgdx/gdx/src/com/badlogic/gdx/graphics/Texture.java
com.badlogic.gdx.graphics.TextureData	/tmp/projects/libgdx/gdx/src/com/badlogic/gdx/graphics/TextureData.java
com.badlogic.gdx.graphics.TextureData$TextureDataType	/tmp/projects/libgdx/gdx/src/com/badlogic/gdx/graphics/TextureData.java
com.badlogic.gdx.graphics.TextureData$Factory	/tmp/projects/libgdx/gdx/src/com/badlogic/gdx/graphics/TextureData.java
com.badlogic.gdx.graphics.GLTexture	/tmp/projects/libgdx/gdx/src/com/badlogic/gdx/graphics/GLTexture.java
com.badlogic.gdx.utils.Disposable	/tmp/projects/libgdx/gdx/src/com/badlogic/gdx/utils/Disposable.java
com.badlogic.gdx.assets.loaders.AsynchronousAssetLoader	/tmp/projects/libgdx/gdx/src/com/badlogic/gdx/assets/loaders/AsynchronousAssetLoader.java
com.badlogic.gdx.assets.loaders.AssetLoader	/tmp/projects/libgdx/gdx/src/com/badlogic/gdx/assets/loaders/AssetLoader.java
com.badlogic.gdx.assets.AssetManager	/tmp/projects/libgdx/gdx/src/com/badlogic/gdx/assets/AssetManager.java
com.badlogic.gdx.assets.AssetManager$RefCountedContainer	/tmp/projects/libgdx/gdx/src/com/badlogic/gdx/assets/AssetManager.java
com.badlogic.gdx.Application	/tmp/projects/libgdx/gdx/src/com/badlogic/gdx/Application.java
com.badlogic.gdx.Application$ApplicationType	/tmp/projects/libgdx/gdx/src/com/badlogic/gdx/Application.java
com.badlogic.gdx.Files	/tmp/projects/libgdx/gdx/src/com/badlogic/gdx/Files.java
com.badlogic.gdx.Files$FileType	/tmp/projects/libgdx/gdx/src/com/badlogic/gdx/Files.java
com.badlogic.gdx.files.FileHandle	/tmp/projects/libgdx/gdx/src/com/badlogic/gdx/files/FileHandle.java
com.badlogic.gdx.ApplicationListener	/tmp/projects/libgdx/gdx/src/com/badlogic/gdx/ApplicationListener.java
com.badlogic.gdx.graphics.Cursor	/tmp/projects/libgdx/gdx/src/com/badlogic/gdx/graphics/Cursor.java
com.badlogic.gdx.graphics.Cursor$SystemCursor	/tmp/projects/libgdx/gdx/src/com/badlogic/gdx/graphics/Cursor.java
com.badlogic.gdx.Graphics	/tmp/projects/libgdx/gdx/src/com/badlogic/gdx/Graphics.java
com.badlogic.gdx.Graphics$GraphicsType	/tmp/projects/libgdx/gdx/src/com/badlogic/gdx/Graphics.java
com.badlogic.gdx.Graphics$DisplayMode	/tmp/projects/libgdx/gdx/src/com/badlogic/gdx/Graphics.java
com.badlogic.gdx.Graphics$Monitor	/tmp/projects/libgdx/gdx/src/com/badlogic/gdx/Graphics.java
com.badlogic.gdx.Graphics$BufferFormat	/tmp/projects/libgdx/gdx/src/com/badlogic/gdx/Graphics.java
com.badlogic.gdx.Audio	/tmp/projects/libgdx/gdx/src/com/badlogic/gdx/Audio.java
com.badlogic.gdx.Input	/tmp/projects/libgdx/gdx/src/com/badlogic/gdx/Input.java
com.badlogic.gdx.Input$TextInputListener	/tmp/projects/libgdx/gdx/src/com/badlogic/gdx/Input.java
com.badlogic.gdx.Input$Buttons	/tmp/projects/libgdx/gdx/src/com/badlogic/gdx/Input.java
com.badlogic.gdx.Input$Keys	/tmp/projects/libgdx/gdx/src/com/badlogic/gdx/Input.java
com.badlogic.gdx.Input$Peripheral	/tmp/projects/libgdx/gdx/src/com/badlogic/gdx/Input.java
com.badlogic.gdx.Input$OnscreenKeyboardType	/tmp/projects/libgdx/gdx/src/com/badlogic/gdx/Input.java
com.badlogic.gdx.Input$VibrationType	/tmp/projects/libgdx/gdx/src/com/badlogic/gdx/Input.java
com.badlogic.gdx.Input$Orientation	/tmp/projects/libgdx/gdx/src/com/badlogic/gdx/Input.java
com.badlogic.gdx.utils.Pool	/tmp/projects/libgdx/gdx/src/com/badlogic/gdx/utils/Pool.java
com.badlogic.gdx.utils.Pool$Poolable	/tmp/projects/libgdx/gdx/src/com/badlogic/gdx/utils/Pool.java
com.badlogic.gdx.Net	/tmp/projects/libgdx/gdx/src/com/badlogic/gdx/Net.java
com.badlogic.gdx.Net$HttpResponse	/tmp/projects/libgdx/gdx/src/com/badlogic/gdx/Net.java
com.badlogic.gdx.Net$HttpMethods	/tmp/projects/libgdx/gdx/src/com/badlogic/gdx/Net.java
com.badlogic.gdx.Net$HttpRequest	/tmp/projects/libgdx/gdx/src/com/badlogic/gdx/Net.java
com.badlogic.gdx.Net$HttpResponseListener	/tmp/projects/libgdx/gdx/src/com/badlogic/gdx/Net.java
com.badlogic.gdx.Net$Protocol	/tmp/projects/libgdx/gdx/src/com/badlogic/gdx/Net.java
com.badlogic.gdx.ApplicationLogger	/tmp/projects/libgdx/gdx/src/com/badlogic/gdx/ApplicationLogger.java
com.badlogic.gdx.Preferences	/tmp/projects/libgdx/gdx/src/com/badlogic/gdx/Preferences.java
com.badlogic.gdx.utils.Clipboard	/tmp/projects/libgdx/gdx/src/com/badlogic/gdx/utils/Clipboard.java
com.badlogic.gdx.LifecycleListener	/tmp/projects/libgdx/gdx/src/com/badlogic/gdx/LifecycleListener.java
com.badlogic.gdx.net.ServerSocketHints	/tmp/projects/libgdx/gdx/src/com/badlogic/gdx/net/ServerSocketHints.java
com.badlogic.gdx.net.ServerSocket	/tmp/projects/libgdx/gdx/src/com/badlogic/gdx/net/ServerSocket.java
com.badlogic.gdx.net.SocketHints	/tmp/projects/libgdx/gdx/src/com/badlogic/gdx/net/SocketHints.java
com.badlogic.gdx.net.Socket	/tmp/projects/libgdx/gdx/src/com/badlogic/gdx/net/Socket.java
com.badlogic.gdx.net.HttpStatus	/tmp/projects/libgdx/gdx/src/com/badlogic/gdx/net/HttpStatus.java
com.badlogic.gdx.InputProcessor	/tmp/projects/libgdx/gdx/src/com/badlogic/gdx/InputProcessor.java
com.badlogic.gdx.audio.AudioDevice	/tmp/projects/libgdx/gdx/src/com/badlogic/gdx/audio/AudioDevice.java
com.badlogic.gdx.audio.AudioRecorder	/tmp/projects/libgdx/gdx/src/com/badlogic/gdx/audio/AudioRecorder.java
com.badlogic.gdx.audio.Sound	/tmp/projects/libgdx/gdx/src/com/badlogic/gdx/audio/Sound.java
com.badlogic.gdx.audio.Music	/tmp/projects/libgdx/gdx/src/com/badlogic/gdx/audio/Music.java
com.badlogic.gdx.audio.Music$OnCompletionListener	/tmp/projects/libgdx/gdx/src/com/badlogic/gdx/audio/Music.java
com.badlogic.gdx.graphics.GL20	/tmp/projects/libgdx/gdx/src/com/badlogic/gdx/graphics/GL20.java
com.badlogic.gdx.graphics.GL30	/tmp/projects/libgdx/gdx/src/com/badlogic/gdx/graphics/GL30.java
com.badlogic.gdx.graphics.glutils.GLVersion	/tmp/projects/libgdx/gdx/src/com/badlogic/gdx/graphics/glutils/GLVersion.java
com.badlogic.gdx.graphics.glutils.GLVersion$Type	/tmp/projects/libgdx/gdx/src/com/badlogic/gdx/graphics/glutils/GLVersion.java
com.badlogic.gdx.assets.AssetDescriptor	/tmp/projects/libgdx/gdx/src/com/badlogic/gdx/assets/AssetDescriptor.java
com.badlogic.gdx.utils.async.AsyncExecutor	/tmp/projects/libgdx/gdx/src/com/badlogic/gdx/utils/async/AsyncExecutor.java
com.badlogic.gdx.utils.async.AsyncExecutor$1	/tmp/projects/libgdx/gdx/src/com/badlogic/gdx/utils/async/AsyncExecutor.java
com.badlogic.gdx.utils.async.AsyncExecutor$2	/tmp/projects/libgdx/gdx/src/com/badlogic/gdx/utils/async/AsyncExecutor.java
com.badlogic.gdx.assets.AssetLoadingTask	/tmp/projects/libgdx/gdx/src/com/badlogic/gdx/assets/AssetLoadingTask.java
com.badlogic.gdx.utils.async.AsyncTask	/tmp/projects/libgdx/gdx/src/com/badlogic/gdx/utils/async/AsyncTask.java
com.badlogic.gdx.assets.AssetErrorListener	/tmp/projects/libgdx/gdx/src/com/badlogic/gdx/assets/AssetErrorListener.java
com.badlogic.gdx.assets.loaders.FileHandleResolver	/tmp/projects/libgdx/gdx/src/com/badlogic/gdx/assets/loaders/FileHandleResolver.java
com.badlogic.gdx.utils.Logger	/tmp/projects/libgdx/gdx/src/com/badlogic/gdx/utils/Logger.java
com.badlogic.gdx.utils.async.AsyncResult	/tmp/projects/libgdx/gdx/src/com/badlogic/gdx/utils/async/AsyncResult.java
com.badlogic.gdx.graphics.g2d.Gdx2DPixmap	/tmp/projects/libgdx/gdx/src/com/badlogic/gdx/graphics/g2d/Gdx2DPixmap.java
com.badlogic.gdx.utils.GdxRuntimeException	/tmp/projects/libgdx/gdx/src/com/badlogic/gdx/utils/GdxRuntimeException.java
com.badlogic.gdx.graphics.g2d.TextureAtlas	/tmp/projects/libgdx/gdx/src/com/badlogic/gdx/graphics/g2d/TextureAtlas.java
com.badlogic.gdx.graphics.g2d.TextureAtlas$TextureAtlasData	/tmp/projects/libgdx/gdx/src/com/badlogic/gdx/graphics/g2d/TextureAtlas.java
com.badlogic.gdx.graphics.g2d.TextureAtlas$TextureAtlasData$1	/tmp/projects/libgdx/gdx/src/com/badlogic/gdx/graphics/g2d/TextureAtlas.java
com.badlogic.gdx.graphics.g2d.TextureAtlas$TextureAtlasData$2	/tmp/projects/libgdx/gdx/src/com/badlogic/gdx/graphics/g2d/TextureAtlas.java
com.badlogic.gdx.graphics.g2d.TextureAtlas$TextureAtlasData$3	/tmp/projects/libgdx/gdx/src/com/badlogic/gdx/graphics/g2d/TextureAtlas.java
com.badlogic.gdx.graphics.g2d.TextureAtlas$TextureAtlasData$4	/tmp/projects/libgdx/gdx/src/com/badlogic/gdx/graphics/g2d/TextureAtlas.java
com.badlogic.gdx.graphics.g2d.TextureAtlas$TextureAtlasData$5	/tmp/projects/libgdx/gdx/src/com/badlogic/gdx/graphics/g2d/TextureAtlas.java
com.badlogic.gdx.graphics.g2d.TextureAtlas$TextureAtlasData$6	/tmp/projects/libgdx/gdx/src/com/badlogic/gdx/graphics/g2d/TextureAtlas.java
com.badlogic.gdx.graphics.g2d.TextureAtlas$TextureAtlasData$7	/tmp/projects/libgdx/gdx/src/com/badlogic/gdx/graphics/g2d/TextureAtlas.java
com.badlogic.gdx.graphics.g2d.TextureAtlas$TextureAtlasData$8	/tmp/projects/libgdx/gdx/src/com/badlogic/gdx/graphics/g2d/TextureAtlas.java
com.badlogic.gdx.graphics.g2d.TextureAtlas$TextureAtlasData$9	/tmp/projects/libgdx/gdx/src/com/badlogic/gdx/graphics/g2d/TextureAtlas.java
com.badlogic.gdx.graphics.g2d.TextureAtlas$TextureAtlasData$10	/tmp/projects/libgdx/gdx/src/com/badlogic/gdx/graphics/g2d/TextureAtlas.java
com.badlogic.gdx.graphics.g2d.TextureAtlas$TextureAtlasData$11	/tmp/projects/libgdx/gdx/src/com/badlogic/gdx/graphics/g2d/TextureAtlas.java
com.badlogic.gdx.graphics.g2d.TextureAtlas$TextureAtlasData$12	/tmp/projects/libgdx/gdx/src/com/badlogic/gdx/graphics/g2d/TextureAtlas.java
com.badlogic.gdx.graphics.g2d.TextureAtlas$TextureAtlasData$13	/tmp/projects/libgdx/gdx/src/com/badlogic/gdx/graphics/g2d/TextureAtlas.java
com.badlogic.gdx.graphics.g2d.TextureAtlas$TextureAtlasData$14	/tmp/projects/libgdx/gdx/src/com/badlogic/gdx/graphics/g2d/TextureAtlas.java
com.badlogic.gdx.graphics.g2d.TextureAtlas$TextureAtlasData$Field	/tmp/projects/libgdx/gdx/src/com/badlogic/gdx/graphics/g2d/TextureAtlas.java
com.badlogic.gdx.graphics.g2d.TextureAtlas$TextureAtlasData$Page	/tmp/projects/libgdx/gdx/src/com/badlogic/gdx/graphics/g2d/TextureAtlas.java
com.badlogic.gdx.graphics.g2d.TextureAtlas$TextureAtlasData$Region	/tmp/projects/libgdx/gdx/src/com/badlogic/gdx/graphics/g2d/TextureAtlas.java
com.badlogic.gdx.graphics.g2d.TextureAtlas$AtlasRegion	/tmp/projects/libgdx/gdx/src/com/badlogic/gdx/graphics/g2d/TextureAtlas.java
com.badlogic.gdx.graphics.g2d.TextureAtlas$AtlasSprite	/tmp/projects/libgdx/gdx/src/com/badlogic/gdx/graphics/g2d/TextureAtlas.java
com.badlogic.gdx.utils.XmlReader	/tmp/projects/libgdx/gdx/src/com/badlogic/gdx/utils/XmlReader.java
com.badlogic.gdx.utils.XmlReader$Element	/tmp/projects/libgdx/gdx/src/com/badlogic/gdx/utils/XmlReader.java
com.badlogic.gdx.maps.tiled.AtlasTmxMapLoader	/tmp/projects/libgdx/gdx/src/com/badlogic/gdx/maps/tiled/AtlasTmxMapLoader.java
com.badlogic.gdx.maps.tiled.AtlasTmxMapLoader$AtlasTiledMapLoaderParameters	/tmp/projects/libgdx/gdx/src/com/badlogic/gdx/maps/tiled/AtlasTmxMapLoader.java
com.badlogic.gdx.maps.tiled.AtlasTmxMapLoader$AtlasResolver	/tmp/projects/libgdx/gdx/src/com/badlogic/gdx/maps/tiled/AtlasTmxMapLoader.java
com.badlogic.gdx.maps.tiled.AtlasTmxMapLoader$AtlasResolver$DirectAtlasResolver	/tmp/projects/libgdx/gdx/src/com/badlogic/gdx/maps/tiled/AtlasTmxMapLoader.java
com.badlogic.gdx.maps.tiled.AtlasTmxMapLoader$AtlasResolver$AssetManagerAtlasResolver	/tmp/projects/libgdx/gdx/src/com/badlogic/gdx/maps/tiled/AtlasTmxMapLoader.java
com.badlogic.gdx.maps.tiled.TiledMapTileLayer	/tmp/projects/libgdx/gdx/src/com/badlogic/gdx/maps/tiled/TiledMapTileLayer.java
com.badlogic.gdx.maps.tiled.TiledMapTileLayer$Cell	/tmp/projects/libgdx/gdx/src/com/badlogic/gdx/maps/tiled/TiledMapTileLayer.java
com.badlogic.gdx.maps.tiled.BaseTmxMapLoader	/tmp/projects/libgdx/gdx/src/com/badlogic/gdx/maps/tiled/BaseTmxMapLoader.java
com.badlogic.gdx.maps.tiled.BaseTmxMapLoader$Parameters	/tmp/projects/libgdx/gdx/src/com/badlogic/gdx/maps/tiled/BaseTmxMapLoader.java
com.badlogic.gdx.maps.MapLayer	/tmp/projects/libgdx/gdx/src/com/badlogic/gdx/maps/MapLayer.java
com.badlogic.gdx.maps.tiled.TiledMap	/tmp/projects/libgdx/gdx/src/com/badlogic/gdx/maps/tiled/TiledMap.java
com.badlogic.gdx.maps.Map	/tmp/projects/libgdx/gdx/src/com/badlogic/gdx/maps/Map.java
com.badlogic.gdx.maps.ImageResolver	/tmp/projects/libgdx/gdx/src/com/badlogic/gdx/maps/ImageResolver.java
com.badlogic.gdx.maps.ImageResolver$DirectImageResolver	/tmp/projects/libgdx/gdx/src/com/badlogic/gdx/maps/ImageResolver.java
com.badlogic.gdx.maps.ImageResolver$AssetManagerImageResolver	/tmp/projects/libgdx/gdx/src/com/badlogic/gdx/maps/ImageResolver.java
com.badlogic.gdx.maps.ImageResolver$TextureAtlasImageResolver	/tmp/projects/libgdx/gdx/src/com/badlogic/gdx/maps/ImageResolver.java
com.badlogic.gdx.maps.MapLayers	/tmp/projects/libgdx/gdx/src/com/badlogic/gdx/maps/MapLayers.java
com.badlogic.gdx.maps.tiled.tiles.AnimatedTiledMapTile	/tmp/projects/libgdx/gdx/src/com/badlogic/gdx/maps/tiled/tiles/AnimatedTiledMapTile.java
com.badlogic.gdx.maps.tiled.tiles.StaticTiledMapTile	/tmp/projects/libgdx/gdx/src/com/badlogic/gdx/maps/tiled/tiles/StaticTiledMapTile.java
com.badlogic.gdx.graphics.VertexAttributes	/tmp/projects/libgdx/gdx/src/com/badlogic/gdx/graphics/VertexAttributes.java
com.badlogic.gdx.graphics.VertexAttributes$Usage	/tmp/projects/libgdx/gdx/src/com/badlogic/gdx/graphics/VertexAttributes.java
com.badlogic.gdx.graphics.VertexAttributes$ReadonlyIterator	/tmp/projects/libgdx/gdx/src/com/badlogic/gdx/graphics/VertexAttributes.java
com.badlogic.gdx.graphics.VertexAttributes$ReadonlyIterable	/tmp/projects/libgdx/gdx/src/com/badlogic/gdx/graphics/VertexAttributes.java
com.badlogic.gdx.graphics.Mesh	/tmp/projects/libgdx/gdx/src/com/badlogic/gdx/graphics/Mesh.java
com.badlogic.gdx.graphics.Mesh$VertexDataType	/tmp/projects/libgdx/gdx/src/com/badlogic/gdx/graphics/Mesh.java
com.badlogic.gdx.graphics.g2d.SpriteBatch	/tmp/projects/libgdx/gdx/src/com/badlogic/gdx/graphics/g2d/SpriteBatch.java
com.badlogic.gdx.graphics.g2d.Sprite	/tmp/projects/libgdx/gdx/src/com/badlogic/gdx/graphics/g2d/Sprite.java
com.badlogic.gdx.graphics.g2d.Batch	/tmp/projects/libgdx/gdx/src/com/badlogic/gdx/graphics/g2d/Batch.java
com.badlogic.gdx.graphics.VertexAttribute	/tmp/projects/libgdx/gdx/src/com/badlogic/gdx/graphics/VertexAttribute.java
com.badlogic.gdx.graphics.g2d.NinePatch	/tmp/projects/libgdx/gdx/src/com/badlogic/gdx/graphics/g2d/NinePatch.java
com.badlogic.gdx.math.Rectangle	/tmp/projects/libgdx/gdx/src/com/badlogic/gdx/math/Rectangle.java
com.badlogic.gdx.math.Shape2D	/tmp/projects/libgdx/gdx/src/com/badlogic/gdx/math/Shape2D.java
com.badlogic.gdx.math.Vector2	/tmp/projects/libgdx/gdx/src/com/badlogic/gdx/math/Vector2.java
com.badlogic.gdx.math.Vector	/tmp/projects/libgdx/gdx/src/com/badlogic/gdx/math/Vector.java
com.badlogic.gdx.math.Circle	/tmp/projects/libgdx/gdx/src/com/badlogic/gdx/math/Circle.java
com.badlogic.gdx.math.Matrix3	/tmp/projects/libgdx/gdx/src/com/badlogic/gdx/math/Matrix3.java
com.badlogic.gdx.math.Interpolation	/tmp/projects/libgdx/gdx/src/com/badlogic/gdx/math/Interpolation.java
com.badlogic.gdx.math.Interpolation$1	/tmp/projects/libgdx/gdx/src/com/badlogic/gdx/math/Interpolation.java
com.badlogic.gdx.math.Interpolation$2	/tmp/projects/libgdx/gdx/src/com/badlogic/gdx/math/Interpolation.java
com.badlogic.gdx.math.Interpolation$3	/tmp/projects/libgdx/gdx/src/com/badlogic/gdx/math/Interpolation.java
com.badlogic.gdx.math.Interpolation$4	/tmp/projects/libgdx/gdx/src/com/badlogic/gdx/math/Interpolation.java
com.badlogic.gdx.math.Interpolation$5	/tmp/projects/libgdx/gdx/src/com/badlogic/gdx/math/Interpolation.java
com.badlogic.gdx.math.Interpolation$6	/tmp/projects/libgdx/gdx/src/com/badlogic/gdx/math/Interpolation.java
com.badlogic.gdx.math.Interpolation$7	/tmp/projects/libgdx/gdx/src/com/badlogic/gdx/math/Interpolation.java
com.badlogic.gdx.math.Interpolation$8	/tmp/projects/libgdx/gdx/src/com/badlogic/gdx/math/Interpolation.java
com.badlogic.gdx.math.Interpolation$9	/tmp/projects/libgdx/gdx/src/com/badlogic/gdx/math/Interpolation.java
com.badlogic.gdx.math.Interpolation$10	/tmp/projects/libgdx/gdx/src/com/badlogic/gdx/math/Interpolation.java
com.badlogic.gdx.math.Interpolation$11	/tmp/projects/libgdx/gdx/src/com/badlogic/gdx/math/Interpolation.java
com.badlogic.gdx.math.Interpolation$12	/tmp/projects/libgdx/gdx/src/com/badlogic/gdx/math/Interpolation.java
com.badlogic.gdx.math.Interpolation$13	/tmp/projects/libgdx/gdx/src/com/badlogic/gdx/math/Interpolation.java
com.badlogic.gdx.math.Interpolation$14	/tmp/projects/libgdx/gdx/src/com/badlogic/gdx/math/Interpolation.java
com.badlogic.gdx.math.Interpolation$Pow	/tmp/projects/libgdx/gdx/src/com/badlogic/gdx/math/Interpolation.java
com.badlogic.gdx.math.Interpolation$PowIn	/tmp/projects/libgdx/gdx/src/com/badlogic/gdx/math/Interpolation.java
com.badlogic.gdx.math.Interpolation$PowOut	/tmp/projects/libgdx/gdx/src/com/badlogic/gdx/math/Interpolation.java
com.badlogic.gdx.math.Interpolation$Exp	/tmp/projects/libgdx/gdx/src/com/badlogic/gdx/math/Interpolation.java
com.badlogic.gdx.math.Interpolation$ExpIn	/tmp/projects/libgdx/gdx/src/com/badlogic/gdx/math/Interpolation.java
com.badlogic.gdx.math.Interpolation$ExpOut	/tmp/projects/libgdx/gdx/src/com/badlogic/gdx/math/Interpolation.java
com.badlogic.gdx.math.Interpolation$Elastic	/tmp/projects/libgdx/gdx/src/com/badlogic/gdx/math/Interpolation.java
com.badlogic.gdx.math.Interpolation$ElasticIn	/tmp/projects/libgdx/gdx/src/com/badlogic/gdx/math/Interpolation.java
com.badlogic.gdx.math.Interpolation$ElasticOut	/tmp/projects/libgdx/gdx/src/com/badlogic/gdx/math/Interpolation.java
com.badlogic.gdx.math.Interpolation$Bounce	/tmp/projects/libgdx/gdx/src/com/badlogic/gdx/math/Interpolation.java
com.badlogic.gdx.math.Interpolation$BounceOut	/tmp/projects/libgdx/gdx/src/com/badlogic/gdx/math/Interpolation.java
com.badlogic.gdx.math.Interpolation$BounceIn	/tmp/projects/libgdx/gdx/src/com/badlogic/gdx/math/Interpolation.java
com.badlogic.gdx.math.Interpolation$Swing	/tmp/projects/libgdx/gdx/src/com/badlogic/gdx/math/Interpolation.java
com.badlogic.gdx.math.Interpolation$SwingOut	/tmp/projects/libgdx/gdx/src/com/badlogic/gdx/math/Interpolation.java
com.badlogic.gdx.math.Interpolation$SwingIn	/tmp/projects/libgdx/gdx/src/com/badlogic/gdx/math/Interpolation.java
com.badlogic.gdx.math.Vector3	/tmp/projects/libgdx/gdx/src/com/badlogic/gdx/math/Vector3.java
com.badlogic.gdx.math.Affine2	/tmp/projects/libgdx/gdx/src/com/badlogic/gdx/math/Affine2.java
com.badlogic.gdx.math.Matrix4	/tmp/projects/libgdx/gdx/src/com/badlogic/gdx/math/Matrix4.java
com.badlogic.gdx.math.Quaternion	/tmp/projects/libgdx/gdx/src/com/badlogic/gdx/math/Quaternion.java
com.badlogic.gdx.graphics.glutils.ShaderProgram	/tmp/projects/libgdx/gdx/src/com/badlogic/gdx/graphics/glutils/ShaderProgram.java
com.badlogic.gdx.utils.ObjectIntMap	/tmp/projects/libgdx/gdx/src/com/badlogic/gdx/utils/ObjectIntMap.java
com.badlogic.gdx.utils.ObjectIntMap$Entry	/tmp/projects/libgdx/gdx/src/com/badlogic/gdx/utils/ObjectIntMap.java
com.badlogic.gdx.utils.ObjectIntMap$MapIterator	/tmp/projects/libgdx/gdx/src/com/badlogic/gdx/utils/ObjectIntMap.java
com.badlogic.gdx.utils.ObjectIntMap$Entries	/tmp/projects/libgdx/gdx/src/com/badlogic/gdx/utils/ObjectIntMap.java
com.badlogic.gdx.utils.ObjectIntMap$Values	/tmp/projects/libgdx/gdx/src/com/badlogic/gdx/utils/ObjectIntMap.java
com.badlogic.gdx.utils.ObjectIntMap$Keys	/tmp/projects/libgdx/gdx/src/com/badlogic/gdx/utils/ObjectIntMap.java
com.badlogic.gdx.graphics.glutils.VertexData	/tmp/projects/libgdx/gdx/src/com/badlogic/gdx/graphics/glutils/VertexData.java
com.badlogic.gdx.graphics.glutils.IndexData	/tmp/projects/libgdx/gdx/src/com/badlogic/gdx/graphics/glutils/IndexData.java
com.badlogic.gdx.graphics.glutils.InstanceData	/tmp/projects/libgdx/gdx/src/com/badlogic/gdx/graphics/glutils/InstanceData.java
com.badlogic.gdx.math.collision.BoundingBox	/tmp/projects/libgdx/gdx/src/com/badlogic/gdx/math/collision/BoundingBox.java
com.badlogic.gdx.utils.StringBuilder	/tmp/projects/libgdx/gdx/src/com/badlogic/gdx/utils/StringBuilder.java
com.badlogic.gdx.maps.tiled.renderers.OrthoCachedTiledMapRenderer	/tmp/projects/libgdx/gdx/src/com/badlogic/gdx/maps/tiled/renderers/OrthoCachedTiledMapRenderer.java
com.badlogic.gdx.maps.tiled.TiledMapRenderer	/tmp/projects/libgdx/gdx/src/com/badlogic/gdx/maps/tiled/TiledMapRenderer.java
com.badlogic.gdx.maps.MapRenderer	/tmp/projects/libgdx/gdx/src/com/badlogic/gdx/maps/MapRenderer.java
com.badlogic.gdx.graphics.g2d.SpriteCache	/tmp/projects/libgdx/gdx/src/com/badlogic/gdx/graphics/g2d/SpriteCache.java
com.badlogic.gdx.graphics.g2d.SpriteCache$Cache	/tmp/projects/libgdx/gdx/src/com/badlogic/gdx/graphics/g2d/SpriteCache.java
com.badlogic.gdx.graphics.OrthographicCamera	/tmp/projects/libgdx/gdx/src/com/badlogic/gdx/graphics/OrthographicCamera.java
com.badlogic.gdx.graphics.Camera	/tmp/projects/libgdx/gdx/src/com/badlogic/gdx/graphics/Camera.java
com.badlogic.gdx.maps.tiled.TiledMapImageLayer	/tmp/projects/libgdx/gdx/src/com/badlogic/gdx/maps/tiled/TiledMapImageLayer.java
com.badlogic.gdx.math.Plane	/tmp/projects/libgdx/gdx/src/com/badlogic/gdx/math/Plane.java
com.badlogic.gdx.math.Plane$PlaneSide	/tmp/projects/libgdx/gdx/src/com/badlogic/gdx/math/Plane.java
com.badlogic.gdx.math.Frustum	/tmp/projects/libgdx/gdx/src/com/badlogic/gdx/math/Frustum.java
com.badlogic.gdx.math.collision.Ray	/tmp/projects/libgdx/gdx/src/com/badlogic/gdx/math/collision/Ray.java
com.badlogic.gdx.maps.tiled.renderers.BatchTiledMapRenderer	/tmp/projects/libgdx/gdx/src/com/badlogic/gdx/maps/tiled/renderers/BatchTiledMapRenderer.java
com.badlogic.gdx.maps.tiled.renderers.IsometricTiledMapRenderer	/tmp/projects/libgdx/gdx/src/com/badlogic/gdx/maps/tiled/renderers/IsometricTiledMapRenderer.java
com.badlogic.gdx.maps.tiled.renderers.IsometricStaggeredTiledMapRenderer	/tmp/projects/libgdx/gdx/src/com/badlogic/gdx/maps/tiled/renderers/IsometricStaggeredTiledMapRenderer.java
com.badlogic.gdx.maps.tiled.renderers.OrthogonalTiledMapRenderer	/tmp/projects/libgdx/gdx/src/com/badlogic/gdx/maps/tiled/renderers/OrthogonalTiledMapRenderer.java
com.badlogic.gdx.maps.tiled.renderers.HexagonalTiledMapRenderer	/tmp/projects/libgdx/gdx/src/com/badlogic/gdx/maps/tiled/renderers/HexagonalTiledMapRenderer.java
com.badlogic.gdx.maps.tiled.objects.TiledMapTileMapObject	/tmp/projects/libgdx/gdx/src/com/badlogic/gdx/maps/tiled/objects/TiledMapTileMapObject.java
com.badlogic.gdx.maps.objects.TextureMapObject	/tmp/projects/libgdx/gdx/src/com/badlogic/gdx/maps/objects/TextureMapObject.java
com.badlogic.gdx.maps.tiled.TmxMapLoader	/tmp/projects/libgdx/gdx/src/com/badlogic/gdx/maps/tiled/TmxMapLoader.java
com.badlogic.gdx.maps.tiled.TmxMapLoader$Parameters	/tmp/projects/libgdx/gdx/src/com/badlogic/gdx/maps/tiled/TmxMapLoader.java
com.badlogic.gdx.maps.tiled.TideMapLoader	/tmp/projects/libgdx/gdx/src/com/badlogic/gdx/maps/tiled/TideMapLoader.java
com.badlogic.gdx.maps.tiled.TideMapLoader$Parameters	/tmp/projects/libgdx/gdx/src/com/badlogic/gdx/maps/tiled/TideMapLoader.java
com.badlogic.gdx.assets.loaders.SynchronousAssetLoader	/tmp/projects/libgdx/gdx/src/com/badlogic/gdx/assets/loaders/SynchronousAssetLoader.java
com.badlogic.gdx.maps.MapGroupLayer	/tmp/projects/libgdx/gdx/src/com/badlogic/gdx/maps/MapGroupLayer.java
com.badlogic.gdx.maps.objects.PolygonMapObject	/tmp/projects/libgdx/gdx/src/com/badlogic/gdx/maps/objects/PolygonMapObject.java
com.badlogic.gdx.math.Polygon	/tmp/projects/libgdx/gdx/src/com/badlogic/gdx/math/Polygon.java
com.badlogic.gdx.maps.objects.PolylineMapObject	/tmp/projects/libgdx/gdx/src/com/badlogic/gdx/maps/objects/PolylineMapObject.java
com.badlogic.gdx.math.Polyline	/tmp/projects/libgdx/gdx/src/com/badlogic/gdx/math/Polyline.java
com.badlogic.gdx.maps.objects.RectangleMapObject	/tmp/projects/libgdx/gdx/src/com/badlogic/gdx/maps/objects/RectangleMapObject.java
com.badlogic.gdx.maps.objects.EllipseMapObject	/tmp/projects/libgdx/gdx/src/com/badlogic/gdx/maps/objects/EllipseMapObject.java
com.badlogic.gdx.math.Ellipse	/tmp/projects/libgdx/gdx/src/com/badlogic/gdx/math/Ellipse.java
com.badlogic.gdx.maps.objects.CircleMapObject	/tmp/projects/libgdx/gdx/src/com/badlogic/gdx/maps/objects/CircleMapObject.java
com.badlogic.gdx.Gdx	/tmp/projects/libgdx/gdx/src/com/badlogic/gdx/Gdx.java
com.badlogic.gdx.utils.QuadTreeFloat	/tmp/projects/libgdx/gdx/src/com/badlogic/gdx/utils/QuadTreeFloat.java
com.badlogic.gdx.utils.QuadTreeFloat$1	/tmp/projects/libgdx/gdx/src/com/badlogic/gdx/utils/QuadTreeFloat.java
com.badlogic.gdx.utils.FloatArray	/tmp/projects/libgdx/gdx/src/com/badlogic/gdx/utils/FloatArray.java
com.badlogic.gdx.utils.JsonWriter	/tmp/projects/libgdx/gdx/src/com/badlogic/gdx/utils/JsonWriter.java
com.badlogic.gdx.utils.JsonWriter$JsonObject	/tmp/projects/libgdx/gdx/src/com/badlogic/gdx/utils/JsonWriter.java
com.badlogic.gdx.utils.JsonWriter$OutputType	/tmp/projects/libgdx/gdx/src/com/badlogic/gdx/utils/JsonWriter.java
com.badlogic.gdx.utils.JsonValue	/tmp/projects/libgdx/gdx/src/com/badlogic/gdx/utils/JsonValue.java
com.badlogic.gdx.utils.JsonValue$JsonIterator	/tmp/projects/libgdx/gdx/src/com/badlogic/gdx/utils/JsonValue.java
com.badlogic.gdx.utils.JsonValue$ValueType	/tmp/projects/libgdx/gdx/src/com/badlogic/gdx/utils/JsonValue.java
com.badlogic.gdx.utils.JsonValue$PrettyPrintSettings	/tmp/projects/libgdx/gdx/src/com/badlogic/gdx/utils/JsonValue.java
com.badlogic.gdx.utils.LittleEndianInputStream	/tmp/projects/libgdx/gdx/src/com/badlogic/gdx/utils/LittleEndianInputStream.java
com.badlogic.gdx.utils.Timer	/tmp/projects/libgdx/gdx/src/com/badlogic/gdx/utils/Timer.java
com.badlogic.gdx.utils.Timer$Task	/tmp/projects/libgdx/gdx/src/com/badlogic/gdx/utils/Timer.java
com.badlogic.gdx.utils.Timer$TimerThread	/tmp/projects/libgdx/gdx/src/com/badlogic/gdx/utils/Timer.java
com.badlogic.gdx.utils.SnapshotArray	/tmp/projects/libgdx/gdx/src/com/badlogic/gdx/utils/SnapshotArray.java
com.badlogic.gdx.utils.BufferUtils	/tmp/projects/libgdx/gdx/src/com/badlogic/gdx/utils/BufferUtils.java
com.badlogic.gdx.utils.Bits	/tmp/projects/libgdx/gdx/src/com/badlogic/gdx/utils/Bits.java
com.badlogic.gdx.utils.reflect.ClassReflection	/tmp/projects/libgdx/gdx/src/com/badlogic/gdx/utils/reflect/ClassReflection.java
com.badlogic.gdx.utils.reflect.ReflectionException	/tmp/projects/libgdx/gdx/src/com/badlogic/gdx/utils/reflect/ReflectionException.java
com.badlogic.gdx.utils.reflect.Constructor	/tmp/projects/libgdx/gdx/src/com/badlogic/gdx/utils/reflect/Constructor.java
com.badlogic.gdx.utils.reflect.Method	/tmp/projects/libgdx/gdx/src/com/badlogic/gdx/utils/reflect/Method.java
com.badlogic.gdx.utils.reflect.Field	/tmp/projects/libgdx/gdx/src/com/badlogic/gdx/utils/reflect/Field.java
com.badlogic.gdx.utils.reflect.Annotation	/tmp/projects/libgdx/gdx/src/com/badlogic/gdx/utils/reflect/Annotation.java
com.badlogic.gdx.utils.reflect.ArrayReflection	/tmp/projects/libgdx/gdx/src/com/badlogic/gdx/utils/reflect/ArrayReflection.java
com.badlogic.gdx.utils.ComparableTimSort	/tmp/projects/libgdx/gdx/src/com/badlogic/gdx/utils/ComparableTimSort.java
com.badlogic.gdx.utils.ShortArray	/tmp/projects/libgdx/gdx/src/com/badlogic/gdx/utils/ShortArray.java
com.badlogic.gdx.utils.StreamUtils	/tmp/projects/libgdx/gdx/src/com/badlogic/gdx/utils/StreamUtils.java
com.badlogic.gdx.utils.StreamUtils$OptimizedByteArrayOutputStream	/tmp/projects/libgdx/gdx/src/com/badlogic/gdx/utils/StreamUtils.java
com.badlogic.gdx.utils.IntFloatMap	/tmp/projects/libgdx/gdx/src/com/badlogic/gdx/utils/IntFloatMap.java
com.badlogic.gdx.utils.IntFloatMap$Entry	/tmp/projects/libgdx/gdx/src/com/badlogic/gdx/utils/IntFloatMap.java
com.badlogic.gdx.utils.IntFloatMap$MapIterator	/tmp/projects/libgdx/gdx/src/com/badlogic/gdx/utils/IntFloatMap.java
com.badlogic.gdx.utils.IntFloatMap$Entries	/tmp/projects/libgdx/gdx/src/com/badlogic/gdx/utils/IntFloatMap.java
com.badlogic.gdx.utils.IntFloatMap$Values	/tmp/projects/libgdx/gdx/src/com/badlogic/gdx/utils/IntFloatMap.java
com.badlogic.gdx.utils.IntFloatMap$Keys	/tmp/projects/libgdx/gdx/src/com/badlogic/gdx/utils/IntFloatMap.java
com.badlogic.gdx.utils.I18NBundle	/tmp/projects/libgdx/gdx/src/com/badlogic/gdx/utils/I18NBundle.java
com.badlogic.gdx.utils.TextFormatter	/tmp/projects/libgdx/gdx/src/com/badlogic/gdx/utils/TextFormatter.java
com.badlogic.gdx.utils.JsonReader	/tmp/projects/libgdx/gdx/src/com/badlogic/gdx/utils/JsonReader.java
com.badlogic.gdx.utils.BaseJsonReader	/tmp/projects/libgdx/gdx/src/com/badlogic/gdx/utils/BaseJsonReader.java
com.badlogic.gdx.utils.ArrayMap	/tmp/projects/libgdx/gdx/src/com/badlogic/gdx/utils/ArrayMap.java
com.badlogic.gdx.utils.ArrayMap$Entries	/tmp/projects/libgdx/gdx/src/com/badlogic/gdx/utils/ArrayMap.java
com.badlogic.gdx.utils.ArrayMap$Values	/tmp/projects/libgdx/gdx/src/com/badlogic/gdx/utils/ArrayMap.java
com.badlogic.gdx.utils.ArrayMap$Keys	/tmp/projects/libgdx/gdx/src/com/badlogic/gdx/utils/ArrayMap.java
com.badlogic.gdx.utils.ReflectionPool	/tmp/projects/libgdx/gdx/src/com/badlogic/gdx/utils/ReflectionPool.java
com.badlogic.gdx.utils.PropertiesUtils	/tmp/projects/libgdx/gdx/src/com/badlogic/gdx/utils/PropertiesUtils.java
com.badlogic.gdx.utils.IntSet	/tmp/projects/libgdx/gdx/src/com/badlogic/gdx/utils/IntSet.java
com.badlogic.gdx.utils.IntSet$IntSetIterator	/tmp/projects/libgdx/gdx/src/com/badlogic/gdx/utils/IntSet.java
com.badlogic.gdx.utils.Json	/tmp/projects/libgdx/gdx/src/com/badlogic/gdx/utils/Json.java
com.badlogic.gdx.utils.Json$FieldMetadata	/tmp/projects/libgdx/gdx/src/com/badlogic/gdx/utils/Json.java
com.badlogic.gdx.utils.Json$Serializer	/tmp/projects/libgdx/gdx/src/com/badlogic/gdx/utils/Json.java
com.badlogic.gdx.utils.Json$ReadOnlySerializer	/tmp/projects/libgdx/gdx/src/com/badlogic/gdx/utils/Json.java
com.badlogic.gdx.utils.Json$Serializable	/tmp/projects/libgdx/gdx/src/com/badlogic/gdx/utils/Json.java
com.badlogic.gdx.utils.OrderedMap	/tmp/projects/libgdx/gdx/src/com/badlogic/gdx/utils/OrderedMap.java
com.badlogic.gdx.utils.OrderedMap$OrderedMapEntries	/tmp/projects/libgdx/gdx/src/com/badlogic/gdx/utils/OrderedMap.java
com.badlogic.gdx.utils.OrderedMap$OrderedMapKeys	/tmp/projects/libgdx/gdx/src/com/badlogic/gdx/utils/OrderedMap.java
com.badlogic.gdx.utils.OrderedMap$OrderedMapValues	/tmp/projects/libgdx/gdx/src/com/badlogic/gdx/utils/OrderedMap.java
com.badlogic.gdx.utils.TimSort	/tmp/projects/libgdx/gdx/src/com/badlogic/gdx/utils/TimSort.java
com.badlogic.gdx.utils.LongMap	/tmp/projects/libgdx/gdx/src/com/badlogic/gdx/utils/LongMap.java
com.badlogic.gdx.utils.LongMap$Entry	/tmp/projects/libgdx/gdx/src/com/badlogic/gdx/utils/LongMap.java
com.badlogic.gdx.utils.LongMap$MapIterator	/tmp/projects/libgdx/gdx/src/com/badlogic/gdx/utils/LongMap.java
com.badlogic.gdx.utils.LongMap$Entries	/tmp/projects/libgdx/gdx/src/com/badlogic/gdx/utils/LongMap.java
com.badlogic.gdx.utils.LongMap$Values	/tmp/projects/libgdx/gdx/src/com/badlogic/gdx/utils/LongMap.java
com.badlogic.gdx.utils.LongMap$Keys	/tmp/projects/libgdx/gdx/src/com/badlogic/gdx/utils/LongMap.java
com.badlogic.gdx.utils.LongArray	/tmp/projects/libgdx/gdx/src/com/badlogic/gdx/utils/LongArray.java
com.badlogic.gdx.utils.Null	/tmp/projects/libgdx/gdx/src/com/badlogic/gdx/utils/Null.java
com.badlogic.gdx.utils.BooleanArray	/tmp/projects/libgdx/gdx/src/com/badlogic/gdx/utils/BooleanArray.java
com.badlogic.gdx.utils.PooledLinkedList	/tmp/projects/libgdx/gdx/src/com/badlogic/gdx/utils/PooledLinkedList.java
com.badlogic.gdx.utils.PooledLinkedList$Item	/tmp/projects/libgdx/gdx/src/com/badlogic/gdx/utils/PooledLinkedList.java
com.badlogic.gdx.utils.PooledLinkedList$1	/tmp/projects/libgdx/gdx/src/com/badlogic/gdx/utils/PooledLinkedList.java
com.badlogic.gdx.utils.OrderedSet	/tmp/projects/libgdx/gdx/src/com/badlogic/gdx/utils/OrderedSet.java
com.badlogic.gdx.utils.OrderedSet$OrderedSetIterator	/tmp/projects/libgdx/gdx/src/com/badlogic/gdx/utils/OrderedSet.java
com.badlogic.gdx.utils.PerformanceCounters	/tmp/projects/libgdx/gdx/src/com/badlogic/gdx/utils/PerformanceCounters.java
com.badlogic.gdx.utils.PerformanceCounter	/tmp/projects/libgdx/gdx/src/com/badlogic/gdx/utils/PerformanceCounter.java
com.badlogic.gdx.math.FloatCounter	/tmp/projects/libgdx/gdx/src/com/badlogic/gdx/math/FloatCounter.java
com.badlogic.gdx.math.WindowedMean	/tmp/projects/libgdx/gdx/src/com/badlogic/gdx/math/WindowedMean.java
com.badlogic.gdx.utils.QuickSelect	/tmp/projects/libgdx/gdx/src/com/badlogic/gdx/utils/QuickSelect.java
com.badlogic.gdx.utils.SerializationException	/tmp/projects/libgdx/gdx/src/com/badlogic/gdx/utils/SerializationException.java
com.badlogic.gdx.utils.Select	/tmp/projects/libgdx/gdx/src/com/badlogic/gdx/utils/Select.java
com.badlogic.gdx.utils.AtomicQueue	/tmp/projects/libgdx/gdx/src/com/badlogic/gdx/utils/AtomicQueue.java
com.badlogic.gdx.utils.TimeUtils	/tmp/projects/libgdx/gdx/src/com/badlogic/gdx/utils/TimeUtils.java
com.badlogic.gdx.utils.PauseableThread	/tmp/projects/libgdx/gdx/src/com/badlogic/gdx/utils/PauseableThread.java
com.badlogic.gdx.utils.UBJsonReader	/tmp/projects/libgdx/gdx/src/com/badlogic/gdx/utils/UBJsonReader.java
com.badlogic.gdx.utils.Scaling	/tmp/projects/libgdx/gdx/src/com/badlogic/gdx/utils/Scaling.java
com.badlogic.gdx.utils.Scaling$1	/tmp/projects/libgdx/gdx/src/com/badlogic/gdx/utils/Scaling.java
com.badlogic.gdx.utils.Scaling$2	/tmp/projects/libgdx/gdx/src/com/badlogic/gdx/utils/Scaling.java
com.badlogic.gdx.utils.Scaling$3	/tmp/projects/libgdx/gdx/src/com/badlogic/gdx/utils/Scaling.java
com.badlogic.gdx.utils.Scaling$4	/tmp/projects/libgdx/gdx/src/com/badlogic/gdx/utils/Scaling.java
com.badlogic.gdx.utils.Scaling$5	/tmp/projects/libgdx/gdx/src/com/badlogic/gdx/utils/Scaling.java
com.badlogic.gdx.utils.Scaling$6	/tmp/projects/libgdx/gdx/src/com/badlogic/gdx/utils/Scaling.java
com.badlogic.gdx.utils.Scaling$7	/tmp/projects/libgdx/gdx/src/com/badlogic/gdx/utils/Scaling.java
com.badlogic.gdx.utils.Scaling$8	/tmp/projects/libgdx/gdx/src/com/badlogic/gdx/utils/Scaling.java
com.badlogic.gdx.utils.Scaling$9	/tmp/projects/libgdx/gdx/src/com/badlogic/gdx/utils/Scaling.java
com.badlogic.gdx.utils.Align	/tmp/projects/libgdx/gdx/src/com/badlogic/gdx/utils/Align.java
com.badlogic.gdx.utils.XmlWriter	/tmp/projects/libgdx/gdx/src/com/badlogic/gdx/utils/XmlWriter.java
com.badlogic.gdx.utils.DataOutput	/tmp/projects/libgdx/gdx/src/com/badlogic/gdx/utils/DataOutput.java
com.badlogic.gdx.utils.SortedIntList	/tmp/projects/libgdx/gdx/src/com/badlogic/gdx/utils/SortedIntList.java
com.badlogic.gdx.utils.SortedIntList$Iterator	/tmp/projects/libgdx/gdx/src/com/badlogic/gdx/utils/SortedIntList.java
com.badlogic.gdx.utils.SortedIntList$Node	/tmp/projects/libgdx/gdx/src/com/badlogic/gdx/utils/SortedIntList.java
com.badlogic.gdx.utils.SortedIntList$NodePool	/tmp/projects/libgdx/gdx/src/com/badlogic/gdx/utils/SortedIntList.java
com.badlogic.gdx.utils.ObjectLongMap	/tmp/projects/libgdx/gdx/src/com/badlogic/gdx/utils/ObjectLongMap.java
com.badlogic.gdx.utils.ObjectLongMap$Entry	/tmp/projects/libgdx/gdx/src/com/badlogic/gdx/utils/ObjectLongMap.java
com.badlogic.gdx.utils.ObjectLongMap$MapIterator	/tmp/projects/libgdx/gdx/src/com/badlogic/gdx/utils/ObjectLongMap.java
com.badlogic.gdx.utils.ObjectLongMap$Entries	/tmp/projects/libgdx/gdx/src/com/badlogic/gdx/utils/ObjectLongMap.java
com.badlogic.gdx.utils.ObjectLongMap$Values	/tmp/projects/libgdx/gdx/src/com/badlogic/gdx/utils/ObjectLongMap.java
com.badlogic.gdx.utils.ObjectLongMap$Keys	/tmp/projects/libgdx/gdx/src/com/badlogic/gdx/utils/ObjectLongMap.java
com.badlogic.gdx.utils.DelayedRemovalArray	/tmp/projects/libgdx/gdx/src/com/badlogic/gdx/utils/DelayedRemovalArray.java
com.badlogic.gdx.utils.IdentityMap	/tmp/projects/libgdx/gdx/src/com/badlogic/gdx/utils/IdentityMap.java
com.badlogic.gdx.utils.Base64Coder	/tmp/projects/libgdx/gdx/src/com/badlogic/gdx/utils/Base64Coder.java
com.badlogic.gdx.utils.Base64Coder$CharMap	/tmp/projects/libgdx/gdx/src/com/badlogic/gdx/utils/Base64Coder.java
com.badlogic.gdx.utils.NumberUtils	/tmp/projects/libgdx/gdx/src/com/badlogic/gdx/utils/NumberUtils.java
com.badlogic.gdx.utils.Pools	/tmp/projects/libgdx/gdx/src/com/badlogic/gdx/utils/Pools.java
com.badlogic.gdx.utils.UBJsonWriter	/tmp/projects/libgdx/gdx/src/com/badlogic/gdx/utils/UBJsonWriter.java
com.badlogic.gdx.utils.UBJsonWriter$JsonObject	/tmp/projects/libgdx/gdx/src/com/badlogic/gdx/utils/UBJsonWriter.java
com.badlogic.gdx.utils.ScreenUtils	/tmp/projects/libgdx/gdx/src/com/badlogic/gdx/utils/ScreenUtils.java
com.badlogic.gdx.utils.IntIntMap	/tmp/projects/libgdx/gdx/src/com/badlogic/gdx/utils/IntIntMap.java
com.badlogic.gdx.utils.IntIntMap$Entry	/tmp/projects/libgdx/gdx/src/com/badlogic/gdx/utils/IntIntMap.java
com.badlogic.gdx.utils.IntIntMap$MapIterator	/tmp/projects/libgdx/gdx/src/com/badlogic/gdx/utils/IntIntMap.java
com.badlogic.gdx.utils.IntIntMap$Entries	/tmp/projects/libgdx/gdx/src/com/badlogic/gdx/utils/IntIntMap.java
com.badlogic.gdx.utils.IntIntMap$Values	/tmp/projects/libgdx/gdx/src/com/badlogic/gdx/utils/IntIntMap.java
com.badlogic.gdx.utils.IntIntMap$Keys	/tmp/projects/libgdx/gdx/src/com/badlogic/gdx/utils/IntIntMap.java
com.badlogic.gdx.utils.BinaryHeap	/tmp/projects/libgdx/gdx/src/com/badlogic/gdx/utils/BinaryHeap.java
com.badlogic.gdx.utils.BinaryHeap$Node	/tmp/projects/libgdx/gdx/src/com/badlogic/gdx/utils/BinaryHeap.java
com.badlogic.gdx.utils.viewport.ScalingViewport	/tmp/projects/libgdx/gdx/src/com/badlogic/gdx/utils/viewport/ScalingViewport.java
com.badlogic.gdx.utils.viewport.Viewport	/tmp/projects/libgdx/gdx/src/com/badlogic/gdx/utils/viewport/Viewport.java
com.badlogic.gdx.utils.viewport.FitViewport	/tmp/projects/libgdx/gdx/src/com/badlogic/gdx/utils/viewport/FitViewport.java
com.badlogic.gdx.utils.viewport.ScreenViewport	/tmp/projects/libgdx/gdx/src/com/badlogic/gdx/utils/viewport/ScreenViewport.java
com.badlogic.gdx.utils.viewport.ExtendViewport	/tmp/projects/libgdx/gdx/src/com/badlogic/gdx/utils/viewport/ExtendViewport.java
com.badlogic.gdx.utils.viewport.StretchViewport	/tmp/projects/libgdx/gdx/src/com/badlogic/gdx/utils/viewport/StretchViewport.java
com.badlogic.gdx.utils.viewport.FillViewport	/tmp/projects/libgdx/gdx/src/com/badlogic/gdx/utils/viewport/FillViewport.java
com.badlogic.gdx.utils.Queue	/tmp/projects/libgdx/gdx/src/com/badlogic/gdx/utils/Queue.java
com.badlogic.gdx.utils.Queue$QueueIterator	/tmp/projects/libgdx/gdx/src/com/badlogic/gdx/utils/Queue.java
com.badlogic.gdx.utils.Queue$QueueIterable	/tmp/projects/libgdx/gdx/src/com/badlogic/gdx/utils/Queue.java
com.badlogic.gdx.utils.FlushablePool	/tmp/projects/libgdx/gdx/src/com/badlogic/gdx/utils/FlushablePool.java
com.badlogic.gdx.utils.DataInput	/tmp/projects/libgdx/gdx/src/com/badlogic/gdx/utils/DataInput.java
com.badlogic.gdx.utils.Collections	/tmp/projects/libgdx/gdx/src/com/badlogic/gdx/utils/Collections.java
com.badlogic.gdx.utils.ByteArray	/tmp/projects/libgdx/gdx/src/com/badlogic/gdx/utils/ByteArray.java
com.badlogic.gdx.utils.GdxNativesLoader	/tmp/projects/libgdx/gdx/src/com/badlogic/gdx/utils/GdxNativesLoader.java
com.badlogic.gdx.utils.CharArray	/tmp/projects/libgdx/gdx/src/com/badlogic/gdx/utils/CharArray.java
com.badlogic.gdx.utils.ObjectFloatMap	/tmp/projects/libgdx/gdx/src/com/badlogic/gdx/utils/ObjectFloatMap.java
com.badlogic.gdx.utils.ObjectFloatMap$Entry	/tmp/projects/libgdx/gdx/src/com/badlogic/gdx/utils/ObjectFloatMap.java
com.badlogic.gdx.utils.ObjectFloatMap$MapIterator	/tmp/projects/libgdx/gdx/src/com/badlogic/gdx/utils/ObjectFloatMap.java
com.badlogic.gdx.utils.ObjectFloatMap$Entries	/tmp/projects/libgdx/gdx/src/com/badlogic/gdx/utils/ObjectFloatMap.java
com.badlogic.gdx.utils.ObjectFloatMap$Values	/tmp/projects/libgdx/gdx/src/com/badlogic/gdx/utils/ObjectFloatMap.java
com.badlogic.gdx.utils.ObjectFloatMap$Keys	/tmp/projects/libgdx/gdx/src/com/badlogic/gdx/utils/ObjectFloatMap.java
com.badlogic.gdx.utils.async.ThreadUtils	/tmp/projects/libgdx/gdx/src/com/badlogic/gdx/utils/async/ThreadUtils.java
com.badlogic.gdx.utils.Sort	/tmp/projects/libgdx/gdx/src/com/badlogic/gdx/utils/Sort.java
com.badlogic.gdx.utils.compression.lzma.Base	/tmp/projects/libgdx/gdx/src/com/badlogic/gdx/utils/compression/lzma/Base.java
com.badlogic.gdx.utils.compression.lzma.Encoder	/tmp/projects/libgdx/gdx/src/com/badlogic/gdx/utils/compression/lzma/Encoder.java
com.badlogic.gdx.utils.compression.lzma.Encoder$LiteralEncoder	/tmp/projects/libgdx/gdx/src/com/badlogic/gdx/utils/compression/lzma/Encoder.java
com.badlogic.gdx.utils.compression.lzma.Encoder$LiteralEncoder$Encoder2	/tmp/projects/libgdx/gdx/src/com/badlogic/gdx/utils/compression/lzma/Encoder.java
com.badlogic.gdx.utils.compression.lzma.Encoder$LenEncoder	/tmp/projects/libgdx/gdx/src/com/badlogic/gdx/utils/compression/lzma/Encoder.java
com.badlogic.gdx.utils.compression.lzma.Encoder$LenPriceTableEncoder	/tmp/projects/libgdx/gdx/src/com/badlogic/gdx/utils/compression/lzma/Encoder.java
com.badlogic.gdx.utils.compression.lzma.Encoder$Optimal	/tmp/projects/libgdx/gdx/src/com/badlogic/gdx/utils/compression/lzma/Encoder.java
com.badlogic.gdx.utils.compression.lz.BinTree	/tmp/projects/libgdx/gdx/src/com/badlogic/gdx/utils/compression/lz/BinTree.java
com.badlogic.gdx.utils.compression.lz.InWindow	/tmp/projects/libgdx/gdx/src/com/badlogic/gdx/utils/compression/lz/InWindow.java
com.badlogic.gdx.utils.compression.rangecoder.Encoder	/tmp/projects/libgdx/gdx/src/com/badlogic/gdx/utils/compression/rangecoder/Encoder.java
com.badlogic.gdx.utils.compression.rangecoder.BitTreeEncoder	/tmp/projects/libgdx/gdx/src/com/badlogic/gdx/utils/compression/rangecoder/BitTreeEncoder.java
com.badlogic.gdx.utils.compression.ICodeProgress	/tmp/projects/libgdx/gdx/src/com/badlogic/gdx/utils/compression/ICodeProgress.java
com.badlogic.gdx.utils.compression.lzma.Decoder	/tmp/projects/libgdx/gdx/src/com/badlogic/gdx/utils/compression/lzma/Decoder.java
com.badlogic.gdx.utils.compression.lzma.Decoder$LenDecoder	/tmp/projects/libgdx/gdx/src/com/badlogic/gdx/utils/compression/lzma/Decoder.java
com.badlogic.gdx.utils.compression.lzma.Decoder$LiteralDecoder	/tmp/projects/libgdx/gdx/src/com/badlogic/gdx/utils/compression/lzma/Decoder.java
com.badlogic.gdx.utils.compression.lzma.Decoder$LiteralDecoder$Decoder2	/tmp/projects/libgdx/gdx/src/com/badlogic/gdx/utils/compression/lzma/Decoder.java
com.badlogic.gdx.utils.compression.lz.OutWindow	/tmp/projects/libgdx/gdx/src/com/badlogic/gdx/utils/compression/lz/OutWindow.java
com.badlogic.gdx.utils.compression.rangecoder.Decoder	/tmp/projects/libgdx/gdx/src/com/badlogic/gdx/utils/compression/rangecoder/Decoder.java
com.badlogic.gdx.utils.compression.rangecoder.BitTreeDecoder	/tmp/projects/libgdx/gdx/src/com/badlogic/gdx/utils/compression/rangecoder/BitTreeDecoder.java
com.badlogic.gdx.utils.compression.CRC	/tmp/projects/libgdx/gdx/src/com/badlogic/gdx/utils/compression/CRC.java
com.badlogic.gdx.utils.compression.Lzma	/tmp/projects/libgdx/gdx/src/com/badlogic/gdx/utils/compression/Lzma.java
com.badlogic.gdx.utils.compression.Lzma$CommandLine	/tmp/projects/libgdx/gdx/src/com/badlogic/gdx/utils/compression/Lzma.java
com.badlogic.gdx.utils.LongQueue	/tmp/projects/libgdx/gdx/src/com/badlogic/gdx/utils/LongQueue.java
com.badlogic.gdx.utils.DataBuffer	/tmp/projects/libgdx/gdx/src/com/badlogic/gdx/utils/DataBuffer.java
com.badlogic.gdx.ApplicationAdapter	/tmp/projects/libgdx/gdx/src/com/badlogic/gdx/ApplicationAdapter.java
com.badlogic.gdx.InputEventQueue	/tmp/projects/libgdx/gdx/src/com/badlogic/gdx/InputEventQueue.java
com.badlogic.gdx.InputAdapter	/tmp/projects/libgdx/gdx/src/com/badlogic/gdx/InputAdapter.java
com.badlogic.gdx.AbstractGraphics	/tmp/projects/libgdx/gdx/src/com/badlogic/gdx/AbstractGraphics.java
com.badlogic.gdx.NullUnmarked	/tmp/projects/libgdx/gdx/src/com/badlogic/gdx/NullUnmarked.java
com.badlogic.gdx.files.FileHandleStream	/tmp/projects/libgdx/gdx/src/com/badlogic/gdx/files/FileHandleStream.java
com.badlogic.gdx.Version	/tmp/projects/libgdx/gdx/src/com/badlogic/gdx/Version.java
com.badlogic.gdx.assets.loaders.CubemapLoader	/tmp/projects/libgdx/gdx/src/com/badlogic/gdx/assets/loaders/CubemapLoader.java
com.badlogic.gdx.assets.loaders.CubemapLoader$CubemapLoaderInfo	/tmp/projects/libgdx/gdx/src/com/badlogic/gdx/assets/loaders/CubemapLoader.java
com.badlogic.gdx.assets.loaders.CubemapLoader$CubemapParameter	/tmp/projects/libgdx/gdx/src/com/badlogic/gdx/assets/loaders/CubemapLoader.java
com.badlogic.gdx.graphics.Cubemap	/tmp/projects/libgdx/gdx/src/com/badlogic/gdx/graphics/Cubemap.java
com.badlogic.gdx.graphics.Cubemap$CubemapSide	/tmp/projects/libgdx/gdx/src/com/badlogic/gdx/graphics/Cubemap.java
com.badlogic.gdx.graphics.Cubemap$1	/tmp/projects/libgdx/gdx/src/com/badlogic/gdx/graphics/Cubemap.java
com.badlogic.gdx.graphics.CubemapData	/tmp/projects/libgdx/gdx/src/com/badlogic/gdx/graphics/CubemapData.java
com.badlogic.gdx.assets.loaders.SkinLoader	/tmp/projects/libgdx/gdx/src/com/badlogic/gdx/assets/loaders/SkinLoader.java
com.badlogic.gdx.assets.loaders.SkinLoader$SkinParameter	/tmp/projects/libgdx/gdx/src/com/badlogic/gdx/assets/loaders/SkinLoader.java
com.badlogic.gdx.graphics.g2d.GlyphLayout	/tmp/projects/libgdx/gdx/src/com/badlogic/gdx/graphics/g2d/GlyphLayout.java
com.badlogic.gdx.graphics.g2d.GlyphLayout$GlyphRun	/tmp/projects/libgdx/gdx/src/com/badlogic/gdx/graphics/g2d/GlyphLayout.java
com.badlogic.gdx.graphics.g2d.BitmapFont	/tmp/projects/libgdx/gdx/src/com/badlogic/gdx/graphics/g2d/BitmapFont.java
com.badlogic.gdx.graphics.g2d.BitmapFont$Glyph	/tmp/projects/libgdx/gdx/src/com/badlogic/gdx/graphics/g2d/BitmapFont.java
com.badlogic.gdx.graphics.g2d.BitmapFont$BitmapFontData	/tmp/projects/libgdx/gdx/src/com/badlogic/gdx/graphics/g2d/BitmapFont.java
com.badlogic.gdx.scenes.scene2d.ui.Skin	/tmp/projects/libgdx/gdx/src/com/badlogic/gdx/scenes/scene2d/ui/Skin.java
com.badlogic.gdx.scenes.scene2d.ui.Skin$1	/tmp/projects/libgdx/gdx/src/com/badlogic/gdx/scenes/scene2d/ui/Skin.java
com.badlogic.gdx.scenes.scene2d.ui.Skin$2	/tmp/projects/libgdx/gdx/src/com/badlogic/gdx/scenes/scene2d/ui/Skin.java
com.badlogic.gdx.scenes.scene2d.ui.Skin$3	/tmp/projects/libgdx/gdx/src/com/badlogic/gdx/scenes/scene2d/ui/Skin.java
com.badlogic.gdx.scenes.scene2d.ui.Skin$4	/tmp/projects/libgdx/gdx/src/com/badlogic/gdx/scenes/scene2d/ui/Skin.java
com.badlogic.gdx.scenes.scene2d.ui.Skin$5	/tmp/projects/libgdx/gdx/src/com/badlogic/gdx/scenes/scene2d/ui/Skin.java
com.badlogic.gdx.scenes.scene2d.ui.Skin$TintedDrawable	/tmp/projects/libgdx/gdx/src/com/badlogic/gdx/scenes/scene2d/ui/Skin.java
com.badlogic.gdx.scenes.scene2d.utils.TiledDrawable	/tmp/projects/libgdx/gdx/src/com/badlogic/gdx/scenes/scene2d/utils/TiledDrawable.java
com.badlogic.gdx.scenes.scene2d.utils.TextureRegionDrawable	/tmp/projects/libgdx/gdx/src/com/badlogic/gdx/scenes/scene2d/utils/TextureRegionDrawable.java
com.badlogic.gdx.scenes.scene2d.utils.BaseDrawable	/tmp/projects/libgdx/gdx/src/com/badlogic/gdx/scenes/scene2d/utils/BaseDrawable.java
com.badlogic.gdx.scenes.scene2d.utils.Drawable	/tmp/projects/libgdx/gdx/src/com/badlogic/gdx/scenes/scene2d/utils/Drawable.java
com.badlogic.gdx.scenes.scene2d.utils.TransformDrawable	/tmp/projects/libgdx/gdx/src/com/badlogic/gdx/scenes/scene2d/utils/TransformDrawable.java
com.badlogic.gdx.graphics.glutils.ShapeRenderer	/tmp/projects/libgdx/gdx/src/com/badlogic/gdx/graphics/glutils/ShapeRenderer.java
com.badlogic.gdx.graphics.glutils.ShapeRenderer$ShapeType	/tmp/projects/libgdx/gdx/src/com/badlogic/gdx/graphics/glutils/ShapeRenderer.java
com.badlogic.gdx.scenes.scene2d.Actor	/tmp/projects/libgdx/gdx/src/com/badlogic/gdx/scenes/scene2d/Actor.java
com.badlogic.gdx.scenes.scene2d.InputEvent	/tmp/projects/libgdx/gdx/src/com/badlogic/gdx/scenes/scene2d/InputEvent.java
com.badlogic.gdx.scenes.scene2d.InputEvent$Type	/tmp/projects/libgdx/gdx/src/com/badlogic/gdx/scenes/scene2d/InputEvent.java
com.badlogic.gdx.scenes.scene2d.ui.Label	/tmp/projects/libgdx/gdx/src/com/badlogic/gdx/scenes/scene2d/ui/Label.java
com.badlogic.gdx.scenes.scene2d.ui.Label$LabelStyle	/tmp/projects/libgdx/gdx/src/com/badlogic/gdx/scenes/scene2d/ui/Label.java
com.badlogic.gdx.scenes.scene2d.ui.Value	/tmp/projects/libgdx/gdx/src/com/badlogic/gdx/scenes/scene2d/ui/Value.java
com.badlogic.gdx.scenes.scene2d.ui.Value$Fixed	/tmp/projects/libgdx/gdx/src/com/badlogic/gdx/scenes/scene2d/ui/Value.java
com.badlogic.gdx.scenes.scene2d.ui.Value$1	/tmp/projects/libgdx/gdx/src/com/badlogic/gdx/scenes/scene2d/ui/Value.java
com.badlogic.gdx.scenes.scene2d.ui.Value$2	/tmp/projects/libgdx/gdx/src/com/badlogic/gdx/scenes/scene2d/ui/Value.java
com.badlogic.gdx.scenes.scene2d.ui.Value$3	/tmp/projects/libgdx/gdx/src/com/badlogic/gdx/scenes/scene2d/ui/Value.java
com.badlogic.gdx.scenes.scene2d.ui.Value$4	/tmp/projects/libgdx/gdx/src/com/badlogic/gdx/scenes/scene2d/ui/Value.java
com.badlogic.gdx.scenes.scene2d.ui.Value$5	/tmp/projects/libgdx/gdx/src/com/badlogic/gdx/scenes/scene2d/ui/Value.java
com.badlogic.gdx.scenes.scene2d.ui.Value$6	/tmp/projects/libgdx/gdx/src/com/badlogic/gdx/scenes/scene2d/ui/Value.java
com.badlogic.gdx.scenes.scene2d.ui.Value$7	/tmp/projects/libgdx/gdx/src/com/badlogic/gdx/scenes/scene2d/ui/Value.java
com.badlogic.gdx.scenes.scene2d.ui.Value$8	/tmp/projects/libgdx/gdx/src/com/badlogic/gdx/scenes/scene2d/ui/Value.java
com.badlogic.gdx.scenes.scene2d.ui.Value$9	/tmp/projects/libgdx/gdx/src/com/badlogic/gdx/scenes/scene2d/ui/Value.java
com.badlogic.gdx.scenes.scene2d.ui.Value$10	/tmp/projects/libgdx/gdx/src/com/badlogic/gdx/scenes/scene2d/ui/Value.java
com.badlogic.gdx.scenes.scene2d.ui.Table	/tmp/projects/libgdx/gdx/src/com/badlogic/gdx/scenes/scene2d/ui/Table.java
com.badlogic.gdx.scenes.scene2d.ui.Table$1	/tmp/projects/libgdx/gdx/src/com/badlogic/gdx/scenes/scene2d/ui/Table.java
com.badlogic.gdx.scenes.scene2d.ui.Table$DebugRect	/tmp/projects/libgdx/gdx/src/com/badlogic/gdx/scenes/scene2d/ui/Table.java
com.badlogic.gdx.scenes.scene2d.ui.Table$Debug	/tmp/projects/libgdx/gdx/src/com/badlogic/gdx/scenes/scene2d/ui/Table.java
com.badlogic.gdx.scenes.scene2d.ui.Table$2	/tmp/projects/libgdx/gdx/src/com/badlogic/gdx/scenes/scene2d/ui/Table.java
com.badlogic.gdx.scenes.scene2d.ui.Table$3	/tmp/projects/libgdx/gdx/src/com/badlogic/gdx/scenes/scene2d/ui/Table.java
com.badlogic.gdx.scenes.scene2d.ui.Table$4	/tmp/projects/libgdx/gdx/src/com/badlogic/gdx/scenes/scene2d/ui/Table.java
com.badlogic.gdx.scenes.scene2d.ui.Table$5	/tmp/projects/libgdx/gdx/src/com/badlogic/gdx/scenes/scene2d/ui/Table.java
com.badlogic.gdx.scenes.scene2d.utils.FocusListener	/tmp/projects/libgdx/gdx/src/com/badlogic/gdx/scenes/scene2d/utils/FocusListener.java
com.badlogic.gdx.scenes.scene2d.utils.FocusListener$FocusEvent	/tmp/projects/libgdx/gdx/src/com/badlogic/gdx/scenes/scene2d/utils/FocusListener.java
com.badlogic.gdx.scenes.scene2d.utils.FocusListener$FocusEvent$Type	/tmp/projects/libgdx/gdx/src/com/badlogic/gdx/scenes/scene2d/utils/FocusListener.java
com.badlogic.gdx.scenes.scene2d.Stage	/tmp/projects/libgdx/gdx/src/com/badlogic/gdx/scenes/scene2d/Stage.java
com.badlogic.gdx.scenes.scene2d.Stage$TouchFocus	/tmp/projects/libgdx/gdx/src/com/badlogic/gdx/scenes/scene2d/Stage.java
com.badlogic.gdx.scenes.scene2d.Event	/tmp/projects/libgdx/gdx/src/com/badlogic/gdx/scenes/scene2d/Event.java
com.badlogic.gdx.scenes.scene2d.ui.WidgetGroup	/tmp/projects/libgdx/gdx/src/com/badlogic/gdx/scenes/scene2d/ui/WidgetGroup.java
com.badlogic.gdx.scenes.scene2d.Group	/tmp/projects/libgdx/gdx/src/com/badlogic/gdx/scenes/scene2d/Group.java
com.badlogic.gdx.scenes.scene2d.utils.Cullable	/tmp/projects/libgdx/gdx/src/com/badlogic/gdx/scenes/scene2d/utils/Cullable.java
com.badlogic.gdx.scenes.scene2d.utils.Layout	/tmp/projects/libgdx/gdx/src/com/badlogic/gdx/scenes/scene2d/utils/Layout.java
com.badlogic.gdx.scenes.scene2d.ui.Widget	/tmp/projects/libgdx/gdx/src/com/badlogic/gdx/scenes/scene2d/ui/Widget.java
com.badlogic.gdx.scenes.scene2d.EventListener	/tmp/projects/libgdx/gdx/src/com/badlogic/gdx/scenes/scene2d/EventListener.java
com.badlogic.gdx.scenes.scene2d.Action	/tmp/projects/libgdx/gdx/src/com/badlogic/gdx/scenes/scene2d/Action.java
com.badlogic.gdx.scenes.scene2d.Touchable	/tmp/projects/libgdx/gdx/src/com/badlogic/gdx/scenes/scene2d/Touchable.java
com.badlogic.gdx.scenes.scene2d.ui.Cell	/tmp/projects/libgdx/gdx/src/com/badlogic/gdx/scenes/scene2d/ui/Cell.java
com.badlogic.gdx.scenes.scene2d.ui.Stack	/tmp/projects/libgdx/gdx/src/com/badlogic/gdx/scenes/scene2d/ui/Stack.java
com.badlogic.gdx.graphics.g2d.BitmapFontCache	/tmp/projects/libgdx/gdx/src/com/badlogic/gdx/graphics/g2d/BitmapFontCache.java
com.badlogic.gdx.graphics.glutils.ImmediateModeRenderer	/tmp/projects/libgdx/gdx/src/com/badlogic/gdx/graphics/glutils/ImmediateModeRenderer.java
com.badlogic.gdx.assets.loaders.ShaderProgramLoader	/tmp/projects/libgdx/gdx/src/com/badlogic/gdx/assets/loaders/ShaderProgramLoader.java
com.badlogic.gdx.assets.loaders.ShaderProgramLoader$ShaderProgramParameter	/tmp/projects/libgdx/gdx/src/com/badlogic/gdx/assets/loaders/ShaderProgramLoader.java
com.badlogic.gdx.assets.loaders.resolvers.AbsoluteFileHandleResolver	/tmp/projects/libgdx/gdx/src/com/badlogic/gdx/assets/loaders/resolvers/AbsoluteFileHandleResolver.java
com.badlogic.gdx.assets.loaders.resolvers.LocalFileHandleResolver	/tmp/projects/libgdx/gdx/src/com/badlogic/gdx/assets/loaders/resolvers/LocalFileHandleResolver.java
com.badlogic.gdx.assets.loaders.resolvers.ResolutionFileResolver	/tmp/projects/libgdx/gdx/src/com/badlogic/gdx/assets/loaders/resolvers/ResolutionFileResolver.java
com.badlogic.gdx.assets.loaders.resolvers.ResolutionFileResolver$Resolution	/tmp/projects/libgdx/gdx/src/com/badlogic/gdx/assets/loaders/resolvers/ResolutionFileResolver.java
com.badlogic.gdx.assets.loaders.resolvers.ClasspathFileHandleResolver	/tmp/projects/libgdx/gdx/src/com/badlogic/gdx/assets/loaders/resolvers/ClasspathFileHandleResolver.java
com.badlogic.gdx.assets.loaders.resolvers.InternalFileHandleResolver	/tmp/projects/libgdx/gdx/src/com/badlogic/gdx/assets/loaders/resolvers/InternalFileHandleResolver.java
com.badlogic.gdx.assets.loaders.resolvers.PrefixFileHandleResolver	/tmp/projects/libgdx/gdx/src/com/badlogic/gdx/assets/loaders/resolvers/PrefixFileHandleResolver.java
com.badlogic.gdx.assets.loaders.resolvers.ExternalFileHandleResolver	/tmp/projects/libgdx/gdx/src/com/badlogic/gdx/assets/loaders/resolvers/ExternalFileHandleResolver.java
com.badlogic.gdx.assets.loaders.BitmapFontLoader	/tmp/projects/libgdx/gdx/src/com/badlogic/gdx/assets/loaders/BitmapFontLoader.java
com.badlogic.gdx.assets.loaders.BitmapFontLoader$BitmapFontParameter	/tmp/projects/libgdx/gdx/src/com/badlogic/gdx/assets/loaders/BitmapFontLoader.java
com.badlogic.gdx.assets.loaders.SoundLoader	/tmp/projects/libgdx/gdx/src/com/badlogic/gdx/assets/loaders/SoundLoader.java
com.badlogic.gdx.assets.loaders.SoundLoader$SoundParameter	/tmp/projects/libgdx/gdx/src/com/badlogic/gdx/assets/loaders/SoundLoader.java
com.badlogic.gdx.assets.loaders.TextureAtlasLoader	/tmp/projects/libgdx/gdx/src/com/badlogic/gdx/assets/loaders/TextureAtlasLoader.java
com.badlogic.gdx.assets.loaders.TextureAtlasLoader$TextureAtlasParameter	/tmp/projects/libgdx/gdx/src/com/badlogic/gdx/assets/loaders/TextureAtlasLoader.java
com.badlogic.gdx.assets.loaders.I18NBundleLoader	/tmp/projects/libgdx/gdx/src/com/badlogic/gdx/assets/loaders/I18NBundleLoader.java
com.badlogic.gdx.assets.loaders.I18NBundleLoader$I18NBundleParameter	/tmp/projects/libgdx/gdx/src/com/badlogic/gdx/assets/loaders/I18NBundleLoader.java
com.badlogic.gdx.assets.loaders.MusicLoader	/tmp/projects/libgdx/gdx/src/com/badlogic/gdx/assets/loaders/MusicLoader.java
com.badlogic.gdx.assets.loaders.MusicLoader$MusicParameter	/tmp/projects/libgdx/gdx/src/com/badlogic/gdx/assets/loaders/MusicLoader.java
com.badlogic.gdx.assets.loaders.ParticleEffectLoader	/tmp/projects/libgdx/gdx/src/com/badlogic/gdx/assets/loaders/ParticleEffectLoader.java
com.badlogic.gdx.assets.loaders.ParticleEffectLoader$ParticleEffectParameter	/tmp/projects/libgdx/gdx/src/com/badlogic/gdx/assets/loaders/ParticleEffectLoader.java
com.badlogic.gdx.graphics.g2d.ParticleEffect	/tmp/projects/libgdx/gdx/src/com/badlogic/gdx/graphics/g2d/ParticleEffect.java
com.badlogic.gdx.graphics.g2d.ParticleEmitter	/tmp/projects/libgdx/gdx/src/com/badlogic/gdx/graphics/g2d/ParticleEmitter.java
com.badlogic.gdx.graphics.g2d.ParticleEmitter$Particle	/tmp/projects/libgdx/gdx/src/com/badlogic/gdx/graphics/g2d/ParticleEmitter.java
com.badlogic.gdx.graphics.g2d.ParticleEmitter$ParticleValue	/tmp/projects/libgdx/gdx/src/com/badlogic/gdx/graphics/g2d/ParticleEmitter.java
com.badlogic.gdx.graphics.g2d.ParticleEmitter$NumericValue	/tmp/projects/libgdx/gdx/src/com/badlogic/gdx/graphics/g2d/ParticleEmitter.java
com.badlogic.gdx.graphics.g2d.ParticleEmitter$RangedNumericValue	/tmp/projects/libgdx/gdx/src/com/badlogic/gdx/graphics/g2d/ParticleEmitter.java
com.badlogic.gdx.graphics.g2d.ParticleEmitter$ScaledNumericValue	/tmp/projects/libgdx/gdx/src/com/badlogic/gdx/graphics/g2d/ParticleEmitter.java
com.badlogic.gdx.graphics.g2d.ParticleEmitter$IndependentScaledNumericValue	/tmp/projects/libgdx/gdx/src/com/badlogic/gdx/graphics/g2d/ParticleEmitter.java
com.badlogic.gdx.graphics.g2d.ParticleEmitter$GradientColorValue	/tmp/projects/libgdx/gdx/src/com/badlogic/gdx/graphics/g2d/ParticleEmitter.java
com.badlogic.gdx.graphics.g2d.ParticleEmitter$SpawnShapeValue	/tmp/projects/libgdx/gdx/src/com/badlogic/gdx/graphics/g2d/ParticleEmitter.java
com.badlogic.gdx.graphics.g2d.ParticleEmitter$SpawnShape	/tmp/projects/libgdx/gdx/src/com/badlogic/gdx/graphics/g2d/ParticleEmitter.java
com.badlogic.gdx.graphics.g2d.ParticleEmitter$SpawnEllipseSide	/tmp/projects/libgdx/gdx/src/com/badlogic/gdx/graphics/g2d/ParticleEmitter.java
com.badlogic.gdx.graphics.g2d.ParticleEmitter$SpriteMode	/tmp/projects/libgdx/gdx/src/com/badlogic/gdx/graphics/g2d/ParticleEmitter.java
com.badlogic.gdx.assets.loaders.ModelLoader	/tmp/projects/libgdx/gdx/src/com/badlogic/gdx/assets/loaders/ModelLoader.java
com.badlogic.gdx.assets.loaders.ModelLoader$ModelParameters	/tmp/projects/libgdx/gdx/src/com/badlogic/gdx/assets/loaders/ModelLoader.java
com.badlogic.gdx.graphics.g3d.utils.TextureProvider	/tmp/projects/libgdx/gdx/src/com/badlogic/gdx/graphics/g3d/utils/TextureProvider.java
com.badlogic.gdx.graphics.g3d.utils.TextureProvider$FileTextureProvider	/tmp/projects/libgdx/gdx/src/com/badlogic/gdx/graphics/g3d/utils/TextureProvider.java
com.badlogic.gdx.graphics.g3d.utils.TextureProvider$AssetTextureProvider	/tmp/projects/libgdx/gdx/src/com/badlogic/gdx/graphics/g3d/utils/TextureProvider.java
com.badlogic.gdx.graphics.g3d.Model	/tmp/projects/libgdx/gdx/src/com/badlogic/gdx/graphics/g3d/Model.java
com.badlogic.gdx.graphics.g3d.model.data.ModelData	/tmp/projects/libgdx/gdx/src/com/badlogic/gdx/graphics/g3d/model/data/ModelData.java
com.badlogic.gdx.graphics.g3d.model.data.ModelMesh	/tmp/projects/libgdx/gdx/src/com/badlogic/gdx/graphics/g3d/model/data/ModelMesh.java
com.badlogic.gdx.graphics.g3d.model.data.ModelMaterial	/tmp/projects/libgdx/gdx/src/com/badlogic/gdx/graphics/g3d/model/data/ModelMaterial.java
com.badlogic.gdx.graphics.g3d.model.data.ModelMaterial$MaterialType	/tmp/projects/libgdx/gdx/src/com/badlogic/gdx/graphics/g3d/model/data/ModelMaterial.java
com.badlogic.gdx.graphics.g3d.model.data.ModelNode	/tmp/projects/libgdx/gdx/src/com/badlogic/gdx/graphics/g3d/model/data/ModelNode.java
com.badlogic.gdx.graphics.g3d.model.data.ModelAnimation	/tmp/projects/libgdx/gdx/src/com/badlogic/gdx/graphics/g3d/model/data/ModelAnimation.java
com.badlogic.gdx.graphics.g3d.model.data.ModelNodeAnimation	/tmp/projects/libgdx/gdx/src/com/badlogic/gdx/graphics/g3d/model/data/ModelNodeAnimation.java
com.badlogic.gdx.graphics.g3d.model.data.ModelNodeKeyframe	/tmp/projects/libgdx/gdx/src/com/badlogic/gdx/graphics/g3d/model/data/ModelNodeKeyframe.java
com.badlogic.gdx.graphics.g3d.model.data.ModelNodePart	/tmp/projects/libgdx/gdx/src/com/badlogic/gdx/graphics/g3d/model/data/ModelNodePart.java
com.badlogic.gdx.graphics.g3d.model.data.ModelTexture	/tmp/projects/libgdx/gdx/src/com/badlogic/gdx/graphics/g3d/model/data/ModelTexture.java
com.badlogic.gdx.graphics.g3d.model.data.ModelMeshPart	/tmp/projects/libgdx/gdx/src/com/badlogic/gdx/graphics/g3d/model/data/ModelMeshPart.java
com.badlogic.gdx.graphics.g3d.Material	/tmp/projects/libgdx/gdx/src/com/badlogic/gdx/graphics/g3d/Material.java
com.badlogic.gdx.graphics.g3d.Attributes	/tmp/projects/libgdx/gdx/src/com/badlogic/gdx/graphics/g3d/Attributes.java
com.badlogic.gdx.graphics.g3d.Attribute	/tmp/projects/libgdx/gdx/src/com/badlogic/gdx/graphics/g3d/Attribute.java
com.badlogic.gdx.graphics.g3d.model.Node	/tmp/projects/libgdx/gdx/src/com/badlogic/gdx/graphics/g3d/model/Node.java
com.badlogic.gdx.graphics.g3d.model.Animation	/tmp/projects/libgdx/gdx/src/com/badlogic/gdx/graphics/g3d/model/Animation.java
com.badlogic.gdx.graphics.g3d.model.MeshPart	/tmp/projects/libgdx/gdx/src/com/badlogic/gdx/graphics/g3d/model/MeshPart.java
com.badlogic.gdx.graphics.g3d.model.NodePart	/tmp/projects/libgdx/gdx/src/com/badlogic/gdx/graphics/g3d/model/NodePart.java
com.badlogic.gdx.graphics.g3d.Renderable	/tmp/projects/libgdx/gdx/src/com/badlogic/gdx/graphics/g3d/Renderable.java
com.badlogic.gdx.graphics.g3d.Environment	/tmp/projects/libgdx/gdx/src/com/badlogic/gdx/graphics/g3d/Environment.java
com.badlogic.gdx.graphics.g3d.Shader	/tmp/projects/libgdx/gdx/src/com/badlogic/gdx/graphics/g3d/Shader.java
com.badlogic.gdx.graphics.g3d.utils.RenderContext	/tmp/projects/libgdx/gdx/src/com/badlogic/gdx/graphics/g3d/utils/RenderContext.java
com.badlogic.gdx.graphics.g3d.utils.TextureBinder	/tmp/projects/libgdx/gdx/src/com/badlogic/gdx/graphics/g3d/utils/TextureBinder.java
com.badlogic.gdx.graphics.g3d.utils.TextureDescriptor	/tmp/projects/libgdx/gdx/src/com/badlogic/gdx/graphics/g3d/utils/TextureDescriptor.java
com.badlogic.gdx.graphics.g3d.environment.ShadowMap	/tmp/projects/libgdx/gdx/src/com/badlogic/gdx/graphics/g3d/environment/ShadowMap.java
com.badlogic.gdx.graphics.g3d.environment.BaseLight	/tmp/projects/libgdx/gdx/src/com/badlogic/gdx/graphics/g3d/environment/BaseLight.java
com.badlogic.gdx.graphics.g3d.environment.DirectionalLight	/tmp/projects/libgdx/gdx/src/com/badlogic/gdx/graphics/g3d/environment/DirectionalLight.java
com.badlogic.gdx.graphics.g3d.environment.PointLight	/tmp/projects/libgdx/gdx/src/com/badlogic/gdx/graphics/g3d/environment/PointLight.java
com.badlogic.gdx.graphics.g3d.environment.SpotLight	/tmp/projects/libgdx/gdx/src/com/badlogic/gdx/graphics/g3d/environment/SpotLight.java
com.badlogic.gdx.graphics.g3d.model.NodeAnimation	/tmp/projects/libgdx/gdx/src/com/badlogic/gdx/graphics/g3d/model/NodeAnimation.java
com.badlogic.gdx.graphics.g3d.model.NodeKeyframe	/tmp/projects/libgdx/gdx/src/com/badlogic/gdx/graphics/g3d/model/NodeKeyframe.java
com.badlogic.gdx.assets.loaders.PixmapLoader	/tmp/projects/libgdx/gdx/src/com/badlogic/gdx/assets/loaders/PixmapLoader.java
com.badlogic.gdx.assets.loaders.PixmapLoader$PixmapParameter	/tmp/projects/libgdx/gdx/src/com/badlogic/gdx/assets/loaders/PixmapLoader.java
com.badlogic.gdx.InputMultiplexer	/tmp/projects/libgdx/gdx/src/com/badlogic/gdx/InputMultiplexer.java
com.badlogic.gdx.Initializer	/tmp/projects/libgdx/gdx/src/com/badlogic/gdx/Initializer.java
com.badlogic.gdx.Game	/tmp/projects/libgdx/gdx/src/com/badlogic/gdx/Game.java
com.badlogic.gdx.Screen	/tmp/projects/libgdx/gdx/src/com/badlogic/gdx/Screen.java
com.badlogic.gdx.AbstractInput	/tmp/projects/libgdx/gdx/src/com/badlogic/gdx/AbstractInput.java
com.badlogic.gdx.net.HttpParametersUtils	/tmp/projects/libgdx/gdx/src/com/badlogic/gdx/net/HttpParametersUtils.java
com.badlogic.gdx.net.NetJavaSocketImpl	/tmp/projects/libgdx/gdx/src/com/badlogic/gdx/net/NetJavaSocketImpl.java
com.badlogic.gdx.net.HttpRequestHeader	/tmp/projects/libgdx/gdx/src/com/badlogic/gdx/net/HttpRequestHeader.java
com.badlogic.gdx.net.HttpResponseHeader	/tmp/projects/libgdx/gdx/src/com/badlogic/gdx/net/HttpResponseHeader.java
com.badlogic.gdx.net.HttpRequestBuilder	/tmp/projects/libgdx/gdx/src/com/badlogic/gdx/net/HttpRequestBuilder.java
com.badlogic.gdx.net.NetJavaImpl	/tmp/projects/libgdx/gdx/src/com/badlogic/gdx/net/NetJavaImpl.java
com.badlogic.gdx.net.NetJavaImpl$HttpClientResponse	/tmp/projects/libgdx/gdx/src/com/badlogic/gdx/net/NetJavaImpl.java
com.badlogic.gdx.net.NetJavaImpl$1	/tmp/projects/libgdx/gdx/src/com/badlogic/gdx/net/NetJavaImpl.java
com.badlogic.gdx.net.NetJavaImpl$2	/tmp/projects/libgdx/gdx/src/com/badlogic/gdx/net/NetJavaImpl.java
com.badlogic.gdx.net.NetJavaServerSocketImpl	/tmp/projects/libgdx/gdx/src/com/badlogic/gdx/net/NetJavaServerSocketImpl.java
com.badlogic.gdx.ScreenAdapter	/tmp/projects/libgdx/gdx/src/com/badlogic/gdx/ScreenAdapter.java
com.badlogic.gdx.math.RandomXS128	/tmp/projects/libgdx/gdx/src/com/badlogic/gdx/math/RandomXS128.java
com.badlogic.gdx.math.CumulativeDistribution	/tmp/projects/libgdx/gdx/src/com/badlogic/gdx/math/CumulativeDistribution.java
com.badlogic.gdx.math.CumulativeDistribution$CumulativeValue	/tmp/projects/libgdx/gdx/src/com/badlogic/gdx/math/CumulativeDistribution.java
com.badlogic.gdx.math.collision.Sphere	/tmp/projects/libgdx/gdx/src/com/badlogic/gdx/math/collision/Sphere.java
com.badlogic.gdx.math.collision.Segment	/tmp/projects/libgdx/gdx/src/com/badlogic/gdx/math/collision/Segment.java
com.badlogic.gdx.math.DelaunayTriangulator	/tmp/projects/libgdx/gdx/src/com/badlogic/gdx/math/DelaunayTriangulator.java
com.badlogic.gdx.math.GridPoint3	/tmp/projects/libgdx/gdx/src/com/badlogic/gdx/math/GridPoint3.java
com.badlogic.gdx.math.Bezier	/tmp/projects/libgdx/gdx/src/com/badlogic/gdx/math/Bezier.java
com.badlogic.gdx.math.Path	/tmp/projects/libgdx/gdx/src/com/badlogic/gdx/math/Path.java
com.badlogic.gdx.math.EarClippingTriangulator	/tmp/projects/libgdx/gdx/src/com/badlogic/gdx/math/EarClippingTriangulator.java
com.badlogic.gdx.math.MathUtils	/tmp/projects/libgdx/gdx/src/com/badlogic/gdx/math/MathUtils.java
com.badlogic.gdx.math.MathUtils$Sin	/tmp/projects/libgdx/gdx/src/com/badlogic/gdx/math/MathUtils.java
com.badlogic.gdx.math.Octree	/tmp/projects/libgdx/gdx/src/com/badlogic/gdx/math/Octree.java
com.badlogic.gdx.math.Octree$1	/tmp/projects/libgdx/gdx/src/com/badlogic/gdx/math/Octree.java
com.badlogic.gdx.math.Octree$OctreeNode	/tmp/projects/libgdx/gdx/src/com/badlogic/gdx/math/Octree.java
com.badlogic.gdx.math.Octree$Collider	/tmp/projects/libgdx/gdx/src/com/badlogic/gdx/math/Octree.java
com.badlogic.gdx.math.Octree$RayCastResult	/tmp/projects/libgdx/gdx/src/com/badlogic/gdx/math/Octree.java
com.badlogic.gdx.math.CatmullRomSpline	/tmp/projects/libgdx/gdx/src/com/badlogic/gdx/math/CatmullRomSpline.java
com.badlogic.gdx.math.Bresenham2	/tmp/projects/libgdx/gdx/src/com/badlogic/gdx/math/Bresenham2.java
com.badlogic.gdx.math.Bresenham2$1	/tmp/projects/libgdx/gdx/src/com/badlogic/gdx/math/Bresenham2.java
com.badlogic.gdx.math.GridPoint2	/tmp/projects/libgdx/gdx/src/com/badlogic/gdx/math/GridPoint2.java
com.badlogic.gdx.math.ConvexHull	/tmp/projects/libgdx/gdx/src/com/badlogic/gdx/math/ConvexHull.java
com.badlogic.gdx.math.Intersector	/tmp/projects/libgdx/gdx/src/com/badlogic/gdx/math/Intersector.java
com.badlogic.gdx.math.Intersector$SplitTriangle	/tmp/projects/libgdx/gdx/src/com/badlogic/gdx/math/Intersector.java
com.badlogic.gdx.math.Intersector$MinimumTranslationVector	/tmp/projects/libgdx/gdx/src/com/badlogic/gdx/math/Intersector.java
com.badlogic.gdx.math.BSpline	/tmp/projects/libgdx/gdx/src/com/badlogic/gdx/math/BSpline.java
com.badlogic.gdx.math.GeometryUtils	/tmp/projects/libgdx/gdx/src/com/badlogic/gdx/math/GeometryUtils.java
com.badlogic.gdx.graphics.PixmapIO	/tmp/projects/libgdx/gdx/src/com/badlogic/gdx/graphics/PixmapIO.java
com.badlogic.gdx.graphics.PixmapIO$CIM	/tmp/projects/libgdx/gdx/src/com/badlogic/gdx/graphics/PixmapIO.java
com.badlogic.gdx.graphics.PixmapIO$PNG	/tmp/projects/libgdx/gdx/src/com/badlogic/gdx/graphics/PixmapIO.java
com.badlogic.gdx.graphics.PixmapIO$PNG$ChunkBuffer	/tmp/projects/libgdx/gdx/src/com/badlogic/gdx/graphics/PixmapIO.java
com.badlogic.gdx.graphics.g2d.PixmapPacker	/tmp/projects/libgdx/gdx/src/com/badlogic/gdx/graphics/g2d/PixmapPacker.java
com.badlogic.gdx.graphics.g2d.PixmapPacker$Page	/tmp/projects/libgdx/gdx/src/com/badlogic/gdx/graphics/g2d/PixmapPacker.java
com.badlogic.gdx.graphics.g2d.PixmapPacker$Page$1	/tmp/projects/libgdx/gdx/src/com/badlogic/gdx/graphics/g2d/PixmapPacker.java
com.badlogic.gdx.graphics.g2d.PixmapPacker$PackStrategy	/tmp/projects/libgdx/gdx/src/com/badlogic/gdx/graphics/g2d/PixmapPacker.java
com.badlogic.gdx.graphics.g2d.PixmapPacker$GuillotineStrategy	/tmp/projects/libgdx/gdx/src/com/badlogic/gdx/graphics/g2d/PixmapPacker.java
com.badlogic.gdx.graphics.g2d.PixmapPacker$GuillotineStrategy$1	/tmp/projects/libgdx/gdx/src/com/badlogic/gdx/graphics/g2d/PixmapPacker.java
com.badlogic.gdx.graphics.g2d.PixmapPacker$GuillotineStrategy$Node	/tmp/projects/libgdx/gdx/src/com/badlogic/gdx/graphics/g2d/PixmapPacker.java
com.badlogic.gdx.graphics.g2d.PixmapPacker$GuillotineStrategy$GuillotinePage	/tmp/projects/libgdx/gdx/src/com/badlogic/gdx/graphics/g2d/PixmapPacker.java
com.badlogic.gdx.graphics.g2d.PixmapPacker$SkylineStrategy	/tmp/projects/libgdx/gdx/src/com/badlogic/gdx/graphics/g2d/PixmapPacker.java
com.badlogic.gdx.graphics.g2d.PixmapPacker$SkylineStrategy$1	/tmp/projects/libgdx/gdx/src/com/badlogic/gdx/graphics/g2d/PixmapPacker.java
com.badlogic.gdx.graphics.g2d.PixmapPacker$SkylineStrategy$SkylinePage	/tmp/projects/libgdx/gdx/src/com/badlogic/gdx/graphics/g2d/PixmapPacker.java
com.badlogic.gdx.graphics.g2d.PixmapPacker$SkylineStrategy$SkylinePage$Row	/tmp/projects/libgdx/gdx/src/com/badlogic/gdx/graphics/g2d/PixmapPacker.java
com.badlogic.gdx.graphics.g2d.PixmapPacker$PixmapPackerRectangle	/tmp/projects/libgdx/gdx/src/com/badlogic/gdx/graphics/g2d/PixmapPacker.java
com.badlogic.gdx.graphics.g2d.Animation	/tmp/projects/libgdx/gdx/src/com/badlogic/gdx/graphics/g2d/Animation.java
com.badlogic.gdx.graphics.g2d.Animation$PlayMode	/tmp/projects/libgdx/gdx/src/com/badlogic/gdx/graphics/g2d/Animation.java
com.badlogic.gdx.graphics.g2d.PixmapPackerIO	/tmp/projects/libgdx/gdx/src/com/badlogic/gdx/graphics/g2d/PixmapPackerIO.java
com.badlogic.gdx.graphics.g2d.PixmapPackerIO$ImageFormat	/tmp/projects/libgdx/gdx/src/com/badlogic/gdx/graphics/g2d/PixmapPackerIO.java
com.badlogic.gdx.graphics.g2d.PixmapPackerIO$SaveParameters	/tmp/projects/libgdx/gdx/src/com/badlogic/gdx/graphics/g2d/PixmapPackerIO.java
com.badlogic.gdx.graphics.g2d.PolygonRegion	/tmp/projects/libgdx/gdx/src/com/badlogic/gdx/graphics/g2d/PolygonRegion.java
com.badlogic.gdx.graphics.g2d.CpuSpriteBatch	/tmp/projects/libgdx/gdx/src/com/badlogic/gdx/graphics/g2d/CpuSpriteBatch.java
com.badlogic.gdx.graphics.g2d.ParticleEffectPool	/tmp/projects/libgdx/gdx/src/com/badlogic/gdx/graphics/g2d/ParticleEffectPool.java
com.badlogic.gdx.graphics.g2d.ParticleEffectPool$PooledEffect	/tmp/projects/libgdx/gdx/src/com/badlogic/gdx/graphics/g2d/ParticleEffectPool.java
com.badlogic.gdx.graphics.g2d.PolygonSprite	/tmp/projects/libgdx/gdx/src/com/badlogic/gdx/graphics/g2d/PolygonSprite.java
com.badlogic.gdx.graphics.g2d.PolygonSpriteBatch	/tmp/projects/libgdx/gdx/src/com/badlogic/gdx/graphics/g2d/PolygonSpriteBatch.java
com.badlogic.gdx.graphics.g2d.PolygonBatch	/tmp/projects/libgdx/gdx/src/com/badlogic/gdx/graphics/g2d/PolygonBatch.java
com.badlogic.gdx.graphics.g2d.DistanceFieldFont	/tmp/projects/libgdx/gdx/src/com/badlogic/gdx/graphics/g2d/DistanceFieldFont.java
com.badlogic.gdx.graphics.g2d.DistanceFieldFont$DistanceFieldFontCache	/tmp/projects/libgdx/gdx/src/com/badlogic/gdx/graphics/g2d/DistanceFieldFont.java
com.badlogic.gdx.graphics.g2d.RepeatablePolygonSprite	/tmp/projects/libgdx/gdx/src/com/badlogic/gdx/graphics/g2d/RepeatablePolygonSprite.java
com.badlogic.gdx.graphics.g2d.PolygonRegionLoader	/tmp/projects/libgdx/gdx/src/com/badlogic/gdx/graphics/g2d/PolygonRegionLoader.java
com.badlogic.gdx.graphics.g2d.PolygonRegionLoader$PolygonRegionParameters	/tmp/projects/libgdx/gdx/src/com/badlogic/gdx/graphics/g2d/PolygonRegionLoader.java
com.badlogic.gdx.graphics.TextureArrayData	/tmp/projects/libgdx/gdx/src/com/badlogic/gdx/graphics/TextureArrayData.java
com.badlogic.gdx.graphics.TextureArrayData$Factory	/tmp/projects/libgdx/gdx/src/com/badlogic/gdx/graphics/TextureArrayData.java
com.badlogic.gdx.graphics.PerspectiveCamera	/tmp/projects/libgdx/gdx/src/com/badlogic/gdx/graphics/PerspectiveCamera.java
com.badlogic.gdx.graphics.FPSLogger	/tmp/projects/libgdx/gdx/src/com/badlogic/gdx/graphics/FPSLogger.java
com.badlogic.gdx.graphics.profiling.GLProfiler	/tmp/projects/libgdx/gdx/src/com/badlogic/gdx/graphics/profiling/GLProfiler.java
com.badlogic.gdx.graphics.profiling.GLInterceptor	/tmp/projects/libgdx/gdx/src/com/badlogic/gdx/graphics/profiling/GLInterceptor.java
com.badlogic.gdx.graphics.profiling.GLErrorListener	/tmp/projects/libgdx/gdx/src/com/badlogic/gdx/graphics/profiling/GLErrorListener.java
com.badlogic.gdx.graphics.profiling.GLErrorListener$1	/tmp/projects/libgdx/gdx/src/com/badlogic/gdx/graphics/profiling/GLErrorListener.java
com.badlogic.gdx.graphics.profiling.GLErrorListener$2	/tmp/projects/libgdx/gdx/src/com/badlogic/gdx/graphics/profiling/GLErrorListener.java
com.badlogic.gdx.graphics.profiling.GL20Interceptor	/tmp/projects/libgdx/gdx/src/com/badlogic/gdx/graphics/profiling/GL20Interceptor.java
com.badlogic.gdx.graphics.profiling.GL30Interceptor	/tmp/projects/libgdx/gdx/src/com/badlogic/gdx/graphics/profiling/GL30Interceptor.java
com.badlogic.gdx.graphics.glutils.FloatTextureData	/tmp/projects/libgdx/gdx/src/com/badlogic/gdx/graphics/glutils/FloatTextureData.java
com.badlogic.gdx.graphics.glutils.IndexBufferObjectSubData	/tmp/projects/libgdx/gdx/src/com/badlogic/gdx/graphics/glutils/IndexBufferObjectSubData.java
com.badlogic.gdx.graphics.glutils.FloatFrameBuffer	/tmp/projects/libgdx/gdx/src/com/badlogic/gdx/graphics/glutils/FloatFrameBuffer.java
com.badlogic.gdx.graphics.glutils.FrameBuffer	/tmp/projects/libgdx/gdx/src/com/badlogic/gdx/graphics/glutils/FrameBuffer.java
com.badlogic.gdx.graphics.glutils.GLFrameBuffer	/tmp/projects/libgdx/gdx/src/com/badlogic/gdx/graphics/glutils/GLFrameBuffer.java
com.badlogic.gdx.graphics.glutils.GLFrameBuffer$FrameBufferTextureAttachmentSpec	/tmp/projects/libgdx/gdx/src/com/badlogic/gdx/graphics/glutils/GLFrameBuffer.java
com.badlogic.gdx.graphics.glutils.GLFrameBuffer$FrameBufferRenderBufferAttachmentSpec	/tmp/projects/libgdx/gdx/src/com/badlogic/gdx/graphics/glutils/GLFrameBuffer.java
com.badlogic.gdx.graphics.glutils.GLFrameBuffer$GLFrameBufferBuilder	/tmp/projects/libgdx/gdx/src/com/badlogic/gdx/graphics/glutils/GLFrameBuffer.java
com.badlogic.gdx.graphics.glutils.GLFrameBuffer$FrameBufferBuilder	/tmp/projects/libgdx/gdx/src/com/badlogic/gdx/graphics/glutils/GLFrameBuffer.java
com.badlogic.gdx.graphics.glutils.GLFrameBuffer$FloatFrameBufferBuilder	/tmp/projects/libgdx/gdx/src/com/badlogic/gdx/graphics/glutils/GLFrameBuffer.java
com.badlogic.gdx.graphics.glutils.GLFrameBuffer$FrameBufferCubemapBuilder	/tmp/projects/libgdx/gdx/src/com/badlogic/gdx/graphics/glutils/GLFrameBuffer.java
com.badlogic.gdx.graphics.glutils.GLOnlyTextureData	/tmp/projects/libgdx/gdx/src/com/badlogic/gdx/graphics/glutils/GLOnlyTextureData.java
com.badlogic.gdx.graphics.glutils.VertexArray	/tmp/projects/libgdx/gdx/src/com/badlogic/gdx/graphics/glutils/VertexArray.java
com.badlogic.gdx.graphics.glutils.IndexArray	/tmp/projects/libgdx/gdx/src/com/badlogic/gdx/graphics/glutils/IndexArray.java
com.badlogic.gdx.graphics.glutils.FileTextureArrayData	/tmp/projects/libgdx/gdx/src/com/badlogic/gdx/graphics/glutils/FileTextureArrayData.java
com.badlogic.gdx.graphics.glutils.ImmediateModeRenderer20	/tmp/projects/libgdx/gdx/src/com/badlogic/gdx/graphics/glutils/ImmediateModeRenderer20.java
com.badlogic.gdx.graphics.glutils.ETC1	/tmp/projects/libgdx/gdx/src/com/badlogic/gdx/graphics/glutils/ETC1.java
com.badlogic.gdx.graphics.glutils.ETC1$ETC1Data	/tmp/projects/libgdx/gdx/src/com/badlogic/gdx/graphics/glutils/ETC1.java
com.badlogic.gdx.graphics.glutils.ETC1TextureData	/tmp/projects/libgdx/gdx/src/com/badlogic/gdx/graphics/glutils/ETC1TextureData.java
com.badlogic.gdx.graphics.glutils.KTXTextureData	/tmp/projects/libgdx/gdx/src/com/badlogic/gdx/graphics/glutils/KTXTextureData.java
com.badlogic.gdx.graphics.glutils.VertexBufferObjectWithVAO	/tmp/projects/libgdx/gdx/src/com/badlogic/gdx/graphics/glutils/VertexBufferObjectWithVAO.java
com.badlogic.gdx.graphics.glutils.InstanceBufferObjectSubData	/tmp/projects/libgdx/gdx/src/com/badlogic/gdx/graphics/glutils/InstanceBufferObjectSubData.java
com.badlogic.gdx.graphics.glutils.HdpiUtils	/tmp/projects/libgdx/gdx/src/com/badlogic/gdx/graphics/glutils/HdpiUtils.java
com.badlogic.gdx.graphics.glutils.HdpiMode	/tmp/projects/libgdx/gdx/src/com/badlogic/gdx/graphics/glutils/HdpiMode.java
com.badlogic.gdx.graphics.glutils.FrameBufferCubemap	/tmp/projects/libgdx/gdx/src/com/badlogic/gdx/graphics/glutils/FrameBufferCubemap.java
com.badlogic.gdx.graphics.glutils.IndexBufferObject	/tmp/projects/libgdx/gdx/src/com/badlogic/gdx/graphics/glutils/IndexBufferObject.java
com.badlogic.gdx.graphics.glutils.FacedCubemapData	/tmp/projects/libgdx/gdx/src/com/badlogic/gdx/graphics/glutils/FacedCubemapData.java
com.badlogic.gdx.graphics.glutils.InstanceBufferObject	/tmp/projects/libgdx/gdx/src/com/badlogic/gdx/graphics/glutils/InstanceBufferObject.java
com.badlogic.gdx.graphics.glutils.VertexBufferObject	/tmp/projects/libgdx/gdx/src/com/badlogic/gdx/graphics/glutils/VertexBufferObject.java
com.badlogic.gdx.graphics.glutils.PixmapTextureData	/tmp/projects/libgdx/gdx/src/com/badlogic/gdx/graphics/glutils/PixmapTextureData.java
com.badlogic.gdx.graphics.glutils.FileTextureData	/tmp/projects/libgdx/gdx/src/com/badlogic/gdx/graphics/glutils/FileTextureData.java
com.badlogic.gdx.graphics.glutils.MipMapGenerator	/tmp/projects/libgdx/gdx/src/com/badlogic/gdx/graphics/glutils/MipMapGenerator.java
com.badlogic.gdx.graphics.glutils.MipMapTextureData	/tmp/projects/libgdx/gdx/src/com/badlogic/gdx/graphics/glutils/MipMapTextureData.java
com.badlogic.gdx.graphics.glutils.VertexBufferObjectSubData	/tmp/projects/libgdx/gdx/src/com/badlogic/gdx/graphics/glutils/VertexBufferObjectSubData.java
com.badlogic.gdx.graphics.g3d.ModelInstance	/tmp/projects/libgdx/gdx/src/com/badlogic/gdx/graphics/g3d/ModelInstance.java
com.badlogic.gdx.graphics.g3d.RenderableProvider	/tmp/projects/libgdx/gdx/src/com/badlogic/gdx/graphics/g3d/RenderableProvider.java
com.badlogic.gdx.graphics.g3d.utils.DefaultTextureBinder	/tmp/projects/libgdx/gdx/src/com/badlogic/gdx/graphics/g3d/utils/DefaultTextureBinder.java
com.badlogic.gdx.graphics.g3d.utils.ModelBuilder	/tmp/projects/libgdx/gdx/src/com/badlogic/gdx/graphics/g3d/utils/ModelBuilder.java
com.badlogic.gdx.graphics.g3d.utils.MeshBuilder	/tmp/projects/libgdx/gdx/src/com/badlogic/gdx/graphics/g3d/utils/MeshBuilder.java
com.badlogic.gdx.graphics.g3d.utils.MeshPartBuilder	/tmp/projects/libgdx/gdx/src/com/badlogic/gdx/graphics/g3d/utils/MeshPartBuilder.java
com.badlogic.gdx.graphics.g3d.utils.MeshPartBuilder$VertexInfo	/tmp/projects/libgdx/gdx/src/com/badlogic/gdx/graphics/g3d/utils/MeshPartBuilder.java
com.badlogic.gdx.graphics.g3d.utils.BaseAnimationController	/tmp/projects/libgdx/gdx/src/com/badlogic/gdx/graphics/g3d/utils/BaseAnimationController.java
com.badlogic.gdx.graphics.g3d.utils.BaseAnimationController$Transform	/tmp/projects/libgdx/gdx/src/com/badlogic/gdx/graphics/g3d/utils/BaseAnimationController.java
com.badlogic.gdx.graphics.g3d.utils.BaseAnimationController$1	/tmp/projects/libgdx/gdx/src/com/badlogic/gdx/graphics/g3d/utils/BaseAnimationController.java
com.badlogic.gdx.graphics.g3d.utils.RenderableSorter	/tmp/projects/libgdx/gdx/src/com/badlogic/gdx/graphics/g3d/utils/RenderableSorter.java
com.badlogic.gdx.graphics.g3d.utils.shapebuilders.CylinderShapeBuilder	/tmp/projects/libgdx/gdx/src/com/badlogic/gdx/graphics/g3d/utils/shapebuilders/CylinderShapeBuilder.java
com.badlogic.gdx.graphics.g3d.utils.shapebuilders.BaseShapeBuilder	/tmp/projects/libgdx/gdx/src/com/badlogic/gdx/graphics/g3d/utils/shapebuilders/BaseShapeBuilder.java
com.badlogic.gdx.graphics.g3d.utils.shapebuilders.BaseShapeBuilder$1	/tmp/projects/libgdx/gdx/src/com/badlogic/gdx/graphics/g3d/utils/shapebuilders/BaseShapeBuilder.java
com.badlogic.gdx.graphics.g3d.utils.shapebuilders.BaseShapeBuilder$2	/tmp/projects/libgdx/gdx/src/com/badlogic/gdx/graphics/g3d/utils/shapebuilders/BaseShapeBuilder.java
com.badlogic.gdx.graphics.g3d.utils.shapebuilders.BoxShapeBuilder	/tmp/projects/libgdx/gdx/src/com/badlogic/gdx/graphics/g3d/utils/shapebuilders/BoxShapeBuilder.java
com.badlogic.gdx.graphics.g3d.utils.shapebuilders.EllipseShapeBuilder	/tmp/projects/libgdx/gdx/src/com/badlogic/gdx/graphics/g3d/utils/shapebuilders/EllipseShapeBuilder.java
com.badlogic.gdx.graphics.g3d.utils.shapebuilders.SphereShapeBuilder	/tmp/projects/libgdx/gdx/src/com/badlogic/gdx/graphics/g3d/utils/shapebuilders/SphereShapeBuilder.java
com.badlogic.gdx.graphics.g3d.utils.shapebuilders.RenderableShapeBuilder	/tmp/projects/libgdx/gdx/src/com/badlogic/gdx/graphics/g3d/utils/shapebuilders/RenderableShapeBuilder.java
com.badlogic.gdx.graphics.g3d.utils.shapebuilders.RenderableShapeBuilder$RenderablePool	/tmp/projects/libgdx/gdx/src/com/badlogic/gdx/graphics/g3d/utils/shapebuilders/RenderableShapeBuilder.java
com.badlogic.gdx.graphics.g3d.utils.shapebuilders.CapsuleShapeBuilder	/tmp/projects/libgdx/gdx/src/com/badlogic/gdx/graphics/g3d/utils/shapebuilders/CapsuleShapeBuilder.java
com.badlogic.gdx.graphics.g3d.utils.shapebuilders.ConeShapeBuilder	/tmp/projects/libgdx/gdx/src/com/badlogic/gdx/graphics/g3d/utils/shapebuilders/ConeShapeBuilder.java
com.badlogic.gdx.graphics.g3d.utils.shapebuilders.PatchShapeBuilder	/tmp/projects/libgdx/gdx/src/com/badlogic/gdx/graphics/g3d/utils/shapebuilders/PatchShapeBuilder.java
com.badlogic.gdx.graphics.g3d.utils.shapebuilders.FrustumShapeBuilder	/tmp/projects/libgdx/gdx/src/com/badlogic/gdx/graphics/g3d/utils/shapebuilders/FrustumShapeBuilder.java
com.badlogic.gdx.graphics.g3d.utils.shapebuilders.ArrowShapeBuilder	/tmp/projects/libgdx/gdx/src/com/badlogic/gdx/graphics/g3d/utils/shapebuilders/ArrowShapeBuilder.java
com.badlogic.gdx.graphics.g3d.utils.ShapeCache	/tmp/projects/libgdx/gdx/src/com/badlogic/gdx/graphics/g3d/utils/ShapeCache.java
com.badlogic.gdx.graphics.g3d.utils.FirstPersonCameraController	/tmp/projects/libgdx/gdx/src/com/badlogic/gdx/graphics/g3d/utils/FirstPersonCameraController.java
com.badlogic.gdx.graphics.g3d.utils.BaseShaderProvider	/tmp/projects/libgdx/gdx/src/com/badlogic/gdx/graphics/g3d/utils/BaseShaderProvider.java
com.badlogic.gdx.graphics.g3d.utils.ShaderProvider	/tmp/projects/libgdx/gdx/src/com/badlogic/gdx/graphics/g3d/utils/ShaderProvider.java
com.badlogic.gdx.graphics.g3d.utils.CameraInputController	/tmp/projects/libgdx/gdx/src/com/badlogic/gdx/graphics/g3d/utils/CameraInputController.java
com.badlogic.gdx.graphics.g3d.utils.CameraInputController$CameraGestureListener	/tmp/projects/libgdx/gdx/src/com/badlogic/gdx/graphics/g3d/utils/CameraInputController.java
com.badlogic.gdx.input.GestureDetector	/tmp/projects/libgdx/gdx/src/com/badlogic/gdx/input/GestureDetector.java
com.badlogic.gdx.input.GestureDetector$1	/tmp/projects/libgdx/gdx/src/com/badlogic/gdx/input/GestureDetector.java
com.badlogic.gdx.input.GestureDetector$GestureListener	/tmp/projects/libgdx/gdx/src/com/badlogic/gdx/input/GestureDetector.java
com.badlogic.gdx.input.GestureDetector$GestureAdapter	/tmp/projects/libgdx/gdx/src/com/badlogic/gdx/input/GestureDetector.java
com.badlogic.gdx.input.GestureDetector$VelocityTracker	/tmp/projects/libgdx/gdx/src/com/badlogic/gdx/input/GestureDetector.java
com.badlogic.gdx.graphics.g3d.utils.DefaultShaderProvider	/tmp/projects/libgdx/gdx/src/com/badlogic/gdx/graphics/g3d/utils/DefaultShaderProvider.java
com.badlogic.gdx.graphics.g3d.shaders.DefaultShader	/tmp/projects/libgdx/gdx/src/com/badlogic/gdx/graphics/g3d/shaders/DefaultShader.java
com.badlogic.gdx.graphics.g3d.shaders.DefaultShader$Config	/tmp/projects/libgdx/gdx/src/com/badlogic/gdx/graphics/g3d/shaders/DefaultShader.java
com.badlogic.gdx.graphics.g3d.shaders.DefaultShader$Inputs	/tmp/projects/libgdx/gdx/src/com/badlogic/gdx/graphics/g3d/shaders/DefaultShader.java
com.badlogic.gdx.graphics.g3d.shaders.DefaultShader$Setters	/tmp/projects/libgdx/gdx/src/com/badlogic/gdx/graphics/g3d/shaders/DefaultShader.java
com.badlogic.gdx.graphics.g3d.shaders.DefaultShader$Setters$1	/tmp/projects/libgdx/gdx/src/com/badlogic/gdx/graphics/g3d/shaders/DefaultShader.java
com.badlogic.gdx.graphics.g3d.shaders.DefaultShader$Setters$2	/tmp/projects/libgdx/gdx/src/com/badlogic/gdx/graphics/g3d/shaders/DefaultShader.java
com.badlogic.gdx.graphics.g3d.shaders.DefaultShader$Setters$3	/tmp/projects/libgdx/gdx/src/com/badlogic/gdx/graphics/g3d/shaders/DefaultShader.java
com.badlogic.gdx.graphics.g3d.shaders.DefaultShader$Setters$4	/tmp/projects/libgdx/gdx/src/com/badlogic/gdx/graphics/g3d/shaders/DefaultShader.java
com.badlogic.gdx.graphics.g3d.shaders.DefaultShader$Setters$5	/tmp/projects/libgdx/gdx/src/com/badlogic/gdx/graphics/g3d/shaders/DefaultShader.java
com.badlogic.gdx.graphics.g3d.shaders.DefaultShader$Setters$6	/tmp/projects/libgdx/gdx/src/com/badlogic/gdx/graphics/g3d/shaders/DefaultShader.java
com.badlogic.gdx.graphics.g3d.shaders.DefaultShader$Setters$7	/tmp/projects/libgdx/gdx/src/com/badlogic/gdx/graphics/g3d/shaders/DefaultShader.java
com.badlogic.gdx.graphics.g3d.shaders.DefaultShader$Setters$8	/tmp/projects/libgdx/gdx/src/com/badlogic/gdx/graphics/g3d/shaders/DefaultShader.java
com.badlogic.gdx.graphics.g3d.shaders.DefaultShader$Setters$9	/tmp/projects/libgdx/gdx/src/com/badlogic/gdx/graphics/g3d/shaders/DefaultShader.java
com.badlogic.gdx.graphics.g3d.shaders.DefaultShader$Setters$10	/tmp/projects/libgdx/gdx/src/com/badlogic/gdx/graphics/g3d/shaders/DefaultShader.java
com.badlogic.gdx.graphics.g3d.shaders.DefaultShader$Setters$11	/tmp/projects/libgdx/gdx/src/com/badlogic/gdx/graphics/g3d/shaders/DefaultShader.java
com.badlogic.gdx.graphics.g3d.shaders.DefaultShader$Setters$Bones	/tmp/projects/libgdx/gdx/src/com/badlogic/gdx/graphics/g3d/shaders/DefaultShader.java
com.badlogic.gdx.graphics.g3d.shaders.DefaultShader$Setters$12	/tmp/projects/libgdx/gdx/src/com/badlogic/gdx/graphics/g3d/shaders/DefaultShader.java
com.badlogic.gdx.graphics.g3d.shaders.DefaultShader$Setters$13	/tmp/projects/libgdx/gdx/src/com/badlogic/gdx/graphics/g3d/shaders/DefaultShader.java
com.badlogic.gdx.graphics.g3d.shaders.DefaultShader$Setters$14	/tmp/projects/libgdx/gdx/src/com/badlogic/gdx/graphics/g3d/shaders/DefaultShader.java
com.badlogic.gdx.graphics.g3d.shaders.DefaultShader$Setters$15	/tmp/projects/libgdx/gdx/src/com/badlogic/gdx/graphics/g3d/shaders/DefaultShader.java
com.badlogic.gdx.graphics.g3d.shaders.DefaultShader$Setters$16	/tmp/projects/libgdx/gdx/src/com/badlogic/gdx/graphics/g3d/shaders/DefaultShader.java
com.badlogic.gdx.graphics.g3d.shaders.DefaultShader$Setters$17	/tmp/projects/libgdx/gdx/src/com/badlogic/gdx/graphics/g3d/shaders/DefaultShader.java
com.badlogic.gdx.graphics.g3d.shaders.DefaultShader$Setters$18	/tmp/projects/libgdx/gdx/src/com/badlogic/gdx/graphics/g3d/shaders/DefaultShader.java
com.badlogic.gdx.graphics.g3d.shaders.DefaultShader$Setters$19	/tmp/projects/libgdx/gdx/src/com/badlogic/gdx/graphics/g3d/shaders/DefaultShader.java
com.badlogic.gdx.graphics.g3d.shaders.DefaultShader$Setters$20	/tmp/projects/libgdx/gdx/src/com/badlogic/gdx/graphics/g3d/shaders/DefaultShader.java
com.badlogic.gdx.graphics.g3d.shaders.DefaultShader$Setters$21	/tmp/projects/libgdx/gdx/src/com/badlogic/gdx/graphics/g3d/shaders/DefaultShader.java
com.badlogic.gdx.graphics.g3d.shaders.DefaultShader$Setters$22	/tmp/projects/libgdx/gdx/src/com/badlogic/gdx/graphics/g3d/shaders/DefaultShader.java
com.badlogic.gdx.graphics.g3d.shaders.DefaultShader$Setters$23	/tmp/projects/libgdx/gdx/src/com/badlogic/gdx/graphics/g3d/shaders/DefaultShader.java
com.badlogic.gdx.graphics.g3d.shaders.DefaultShader$Setters$24	/tmp/projects/libgdx/gdx/src/com/badlogic/gdx/graphics/g3d/shaders/DefaultShader.java
com.badlogic.gdx.graphics.g3d.shaders.DefaultShader$Setters$25	/tmp/projects/libgdx/gdx/src/com/badlogic/gdx/graphics/g3d/shaders/DefaultShader.java
com.badlogic.gdx.graphics.g3d.shaders.DefaultShader$Setters$26	/tmp/projects/libgdx/gdx/src/com/badlogic/gdx/graphics/g3d/shaders/DefaultShader.java
com.badlogic.gdx.graphics.g3d.shaders.DefaultShader$Setters$27	/tmp/projects/libgdx/gdx/src/com/badlogic/gdx/graphics/g3d/shaders/DefaultShader.java
com.badlogic.gdx.graphics.g3d.shaders.DefaultShader$Setters$28	/tmp/projects/libgdx/gdx/src/com/badlogic/gdx/graphics/g3d/shaders/DefaultShader.java
com.badlogic.gdx.graphics.g3d.shaders.DefaultShader$Setters$ACubemap	/tmp/projects/libgdx/gdx/src/com/badlogic/gdx/graphics/g3d/shaders/DefaultShader.java
com.badlogic.gdx.graphics.g3d.shaders.DefaultShader$Setters$29	/tmp/projects/libgdx/gdx/src/com/badlogic/gdx/graphics/g3d/shaders/DefaultShader.java
com.badlogic.gdx.graphics.g3d.shaders.BaseShader	/tmp/projects/libgdx/gdx/src/com/badlogic/gdx/graphics/g3d/shaders/BaseShader.java
com.badlogic.gdx.graphics.g3d.shaders.BaseShader$Validator	/tmp/projects/libgdx/gdx/src/com/badlogic/gdx/graphics/g3d/shaders/BaseShader.java
com.badlogic.gdx.graphics.g3d.shaders.BaseShader$Setter	/tmp/projects/libgdx/gdx/src/com/badlogic/gdx/graphics/g3d/shaders/BaseShader.java
com.badlogic.gdx.graphics.g3d.shaders.BaseShader$GlobalSetter	/tmp/projects/libgdx/gdx/src/com/badlogic/gdx/graphics/g3d/shaders/BaseShader.java
com.badlogic.gdx.graphics.g3d.shaders.BaseShader$LocalSetter	/tmp/projects/libgdx/gdx/src/com/badlogic/gdx/graphics/g3d/shaders/BaseShader.java
com.badlogic.gdx.graphics.g3d.shaders.BaseShader$Uniform	/tmp/projects/libgdx/gdx/src/com/badlogic/gdx/graphics/g3d/shaders/BaseShader.java
com.badlogic.gdx.graphics.g3d.environment.AmbientCubemap	/tmp/projects/libgdx/gdx/src/com/badlogic/gdx/graphics/g3d/environment/AmbientCubemap.java
com.badlogic.gdx.graphics.g3d.utils.AnimationController	/tmp/projects/libgdx/gdx/src/com/badlogic/gdx/graphics/g3d/utils/AnimationController.java
com.badlogic.gdx.graphics.g3d.utils.AnimationController$AnimationListener	/tmp/projects/libgdx/gdx/src/com/badlogic/gdx/graphics/g3d/utils/AnimationController.java
com.badlogic.gdx.graphics.g3d.utils.AnimationController$AnimationDesc	/tmp/projects/libgdx/gdx/src/com/badlogic/gdx/graphics/g3d/utils/AnimationController.java
com.badlogic.gdx.graphics.g3d.utils.AnimationController$1	/tmp/projects/libgdx/gdx/src/com/badlogic/gdx/graphics/g3d/utils/AnimationController.java
com.badlogic.gdx.graphics.g3d.utils.DepthShaderProvider	/tmp/projects/libgdx/gdx/src/com/badlogic/gdx/graphics/g3d/utils/DepthShaderProvider.java
com.badlogic.gdx.graphics.g3d.shaders.DepthShader	/tmp/projects/libgdx/gdx/src/com/badlogic/gdx/graphics/g3d/shaders/DepthShader.java
com.badlogic.gdx.graphics.g3d.shaders.DepthShader$Config	/tmp/projects/libgdx/gdx/src/com/badlogic/gdx/graphics/g3d/shaders/DepthShader.java
com.badlogic.gdx.graphics.g3d.attributes.FloatAttribute	/tmp/projects/libgdx/gdx/src/com/badlogic/gdx/graphics/g3d/attributes/FloatAttribute.java
com.badlogic.gdx.graphics.g3d.utils.DefaultRenderableSorter	/tmp/projects/libgdx/gdx/src/com/badlogic/gdx/graphics/g3d/utils/DefaultRenderableSorter.java
com.badlogic.gdx.graphics.g3d.environment.SphericalHarmonics	/tmp/projects/libgdx/gdx/src/com/badlogic/gdx/graphics/g3d/environment/SphericalHarmonics.java
com.badlogic.gdx.graphics.g3d.environment.DirectionalShadowLight	/tmp/projects/libgdx/gdx/src/com/badlogic/gdx/graphics/g3d/environment/DirectionalShadowLight.java
com.badlogic.gdx.graphics.g3d.ModelBatch	/tmp/projects/libgdx/gdx/src/com/badlogic/gdx/graphics/g3d/ModelBatch.java
com.badlogic.gdx.graphics.g3d.ModelBatch$RenderablePool	/tmp/projects/libgdx/gdx/src/com/badlogic/gdx/graphics/g3d/ModelBatch.java
com.badlogic.gdx.graphics.g3d.attributes.CubemapAttribute	/tmp/projects/libgdx/gdx/src/com/badlogic/gdx/graphics/g3d/attributes/CubemapAttribute.java
com.badlogic.gdx.graphics.g3d.attributes.IntAttribute	/tmp/projects/libgdx/gdx/src/com/badlogic/gdx/graphics/g3d/attributes/IntAttribute.java
com.badlogic.gdx.graphics.g3d.attributes.DirectionalLightsAttribute	/tmp/projects/libgdx/gdx/src/com/badlogic/gdx/graphics/g3d/attributes/DirectionalLightsAttribute.java
com.badlogic.gdx.graphics.g3d.attributes.SpotLightsAttribute	/tmp/projects/libgdx/gdx/src/com/badlogic/gdx/graphics/g3d/attributes/SpotLightsAttribute.java
com.badlogic.gdx.graphics.g3d.attributes.BlendingAttribute	/tmp/projects/libgdx/gdx/src/com/badlogic/gdx/graphics/g3d/attributes/BlendingAttribute.java
com.badlogic.gdx.graphics.g3d.attributes.PointLightsAttribute	/tmp/projects/libgdx/gdx/src/com/badlogic/gdx/graphics/g3d/attributes/PointLightsAttribute.java
com.badlogic.gdx.graphics.g3d.attributes.TextureAttribute	/tmp/projects/libgdx/gdx/src/com/badlogic/gdx/graphics/g3d/attributes/TextureAttribute.java
com.badlogic.gdx.graphics.g3d.attributes.ColorAttribute	/tmp/projects/libgdx/gdx/src/com/badlogic/gdx/graphics/g3d/attributes/ColorAttribute.java
com.badlogic.gdx.graphics.g3d.attributes.DepthTestAttribute	/tmp/projects/libgdx/gdx/src/com/badlogic/gdx/graphics/g3d/attributes/DepthTestAttribute.java
com.badlogic.gdx.graphics.g3d.loader.G3dModelLoader	/tmp/projects/libgdx/gdx/src/com/badlogic/gdx/graphics/g3d/loader/G3dModelLoader.java
com.badlogic.gdx.graphics.g3d.loader.ObjLoader	/tmp/projects/libgdx/gdx/src/com/badlogic/gdx/graphics/g3d/loader/ObjLoader.java
com.badlogic.gdx.graphics.g3d.loader.ObjLoader$ObjLoaderParameters	/tmp/projects/libgdx/gdx/src/com/badlogic/gdx/graphics/g3d/loader/ObjLoader.java
com.badlogic.gdx.graphics.g3d.loader.ObjLoader$Group	/tmp/projects/libgdx/gdx/src/com/badlogic/gdx/graphics/g3d/loader/ObjLoader.java
com.badlogic.gdx.graphics.g3d.loader.MtlLoader	/tmp/projects/libgdx/gdx/src/com/badlogic/gdx/graphics/g3d/loader/ObjLoader.java
com.badlogic.gdx.graphics.g3d.loader.MtlLoader$ObjMaterial	/tmp/projects/libgdx/gdx/src/com/badlogic/gdx/graphics/g3d/loader/ObjLoader.java
com.badlogic.gdx.graphics.g3d.decals.GroupStrategy	/tmp/projects/libgdx/gdx/src/com/badlogic/gdx/graphics/g3d/decals/GroupStrategy.java
com.badlogic.gdx.graphics.g3d.decals.Decal	/tmp/projects/libgdx/gdx/src/com/badlogic/gdx/graphics/g3d/decals/Decal.java
com.badlogic.gdx.graphics.g3d.decals.DecalMaterial	/tmp/projects/libgdx/gdx/src/com/badlogic/gdx/graphics/g3d/decals/DecalMaterial.java
com.badlogic.gdx.graphics.g3d.decals.PluggableGroupStrategy	/tmp/projects/libgdx/gdx/src/com/badlogic/gdx/graphics/g3d/decals/PluggableGroupStrategy.java
com.badlogic.gdx.graphics.g3d.decals.GroupPlug	/tmp/projects/libgdx/gdx/src/com/badlogic/gdx/graphics/g3d/decals/GroupPlug.java
com.badlogic.gdx.graphics.g3d.decals.SimpleOrthoGroupStrategy	/tmp/projects/libgdx/gdx/src/com/badlogic/gdx/graphics/g3d/decals/SimpleOrthoGroupStrategy.java
com.badlogic.gdx.graphics.g3d.decals.SimpleOrthoGroupStrategy$Comparator	/tmp/projects/libgdx/gdx/src/com/badlogic/gdx/graphics/g3d/decals/SimpleOrthoGroupStrategy.java
com.badlogic.gdx.graphics.g3d.decals.CameraGroupStrategy	/tmp/projects/libgdx/gdx/src/com/badlogic/gdx/graphics/g3d/decals/CameraGroupStrategy.java
com.badlogic.gdx.graphics.g3d.decals.CameraGroupStrategy$1	/tmp/projects/libgdx/gdx/src/com/badlogic/gdx/graphics/g3d/decals/CameraGroupStrategy.java
com.badlogic.gdx.graphics.g3d.decals.CameraGroupStrategy$2	/tmp/projects/libgdx/gdx/src/com/badlogic/gdx/graphics/g3d/decals/CameraGroupStrategy.java
com.badlogic.gdx.graphics.g3d.decals.DecalBatch	/tmp/projects/libgdx/gdx/src/com/badlogic/gdx/graphics/g3d/decals/DecalBatch.java
com.badlogic.gdx.graphics.g3d.decals.DecalBatch$1	/tmp/projects/libgdx/gdx/src/com/badlogic/gdx/graphics/g3d/decals/DecalBatch.java
com.badlogic.gdx.graphics.g3d.particles.ParallelArray	/tmp/projects/libgdx/gdx/src/com/badlogic/gdx/graphics/g3d/particles/ParallelArray.java
com.badlogic.gdx.graphics.g3d.particles.ParallelArray$ChannelDescriptor	/tmp/projects/libgdx/gdx/src/com/badlogic/gdx/graphics/g3d/particles/ParallelArray.java
com.badlogic.gdx.graphics.g3d.particles.ParallelArray$Channel	/tmp/projects/libgdx/gdx/src/com/badlogic/gdx/graphics/g3d/particles/ParallelArray.java
com.badlogic.gdx.graphics.g3d.particles.ParallelArray$ChannelInitializer	/tmp/projects/libgdx/gdx/src/com/badlogic/gdx/graphics/g3d/particles/ParallelArray.java
com.badlogic.gdx.graphics.g3d.particles.ParallelArray$FloatChannel	/tmp/projects/libgdx/gdx/src/com/badlogic/gdx/graphics/g3d/particles/ParallelArray.java
com.badlogic.gdx.graphics.g3d.particles.ParallelArray$IntChannel	/tmp/projects/libgdx/gdx/src/com/badlogic/gdx/graphics/g3d/particles/ParallelArray.java
com.badlogic.gdx.graphics.g3d.particles.ParallelArray$ObjectChannel	/tmp/projects/libgdx/gdx/src/com/badlogic/gdx/graphics/g3d/particles/ParallelArray.java
com.badlogic.gdx.graphics.g3d.particles.ParticleChannels	/tmp/projects/libgdx/gdx/src/com/badlogic/gdx/graphics/g3d/particles/ParticleChannels.java
com.badlogic.gdx.graphics.g3d.particles.ParticleChannels$TextureRegionInitializer	/tmp/projects/libgdx/gdx/src/com/badlogic/gdx/graphics/g3d/particles/ParticleChannels.java
com.badlogic.gdx.graphics.g3d.particles.ParticleChannels$ColorInitializer	/tmp/projects/libgdx/gdx/src/com/badlogic/gdx/graphics/g3d/particles/ParticleChannels.java
com.badlogic.gdx.graphics.g3d.particles.ParticleChannels$ScaleInitializer	/tmp/projects/libgdx/gdx/src/com/badlogic/gdx/graphics/g3d/particles/ParticleChannels.java
com.badlogic.gdx.graphics.g3d.particles.ParticleChannels$Rotation2dInitializer	/tmp/projects/libgdx/gdx/src/com/badlogic/gdx/graphics/g3d/particles/ParticleChannels.java
com.badlogic.gdx.graphics.g3d.particles.ParticleChannels$Rotation3dInitializer	/tmp/projects/libgdx/gdx/src/com/badlogic/gdx/graphics/g3d/particles/ParticleChannels.java
com.badlogic.gdx.graphics.g3d.particles.renderers.PointSpriteRenderer	/tmp/projects/libgdx/gdx/src/com/badlogic/gdx/graphics/g3d/particles/renderers/PointSpriteRenderer.java
com.badlogic.gdx.graphics.g3d.particles.renderers.ParticleControllerRenderer	/tmp/projects/libgdx/gdx/src/com/badlogic/gdx/graphics/g3d/particles/renderers/ParticleControllerRenderer.java
com.badlogic.gdx.graphics.g3d.particles.ParticleControllerComponent	/tmp/projects/libgdx/gdx/src/com/badlogic/gdx/graphics/g3d/particles/ParticleControllerComponent.java
com.badlogic.gdx.graphics.g3d.particles.ResourceData	/tmp/projects/libgdx/gdx/src/com/badlogic/gdx/graphics/g3d/particles/ResourceData.java
com.badlogic.gdx.graphics.g3d.particles.ResourceData$Configurable	/tmp/projects/libgdx/gdx/src/com/badlogic/gdx/graphics/g3d/particles/ResourceData.java
com.badlogic.gdx.graphics.g3d.particles.ResourceData$SaveData	/tmp/projects/libgdx/gdx/src/com/badlogic/gdx/graphics/g3d/particles/ResourceData.java
com.badlogic.gdx.graphics.g3d.particles.ResourceData$AssetData	/tmp/projects/libgdx/gdx/src/com/badlogic/gdx/graphics/g3d/particles/ResourceData.java
com.badlogic.gdx.graphics.g3d.particles.renderers.PointSpriteControllerRenderData	/tmp/projects/libgdx/gdx/src/com/badlogic/gdx/graphics/g3d/particles/renderers/PointSpriteControllerRenderData.java
com.badlogic.gdx.graphics.g3d.particles.renderers.ParticleControllerRenderData	/tmp/projects/libgdx/gdx/src/com/badlogic/gdx/graphics/g3d/particles/renderers/ParticleControllerRenderData.java
com.badlogic.gdx.graphics.g3d.particles.ParticleShader	/tmp/projects/libgdx/gdx/src/com/badlogic/gdx/graphics/g3d/particles/ParticleShader.java
com.badlogic.gdx.graphics.g3d.particles.ParticleShader$ParticleType	/tmp/projects/libgdx/gdx/src/com/badlogic/gdx/graphics/g3d/particles/ParticleShader.java
com.badlogic.gdx.graphics.g3d.particles.ParticleShader$AlignMode	/tmp/projects/libgdx/gdx/src/com/badlogic/gdx/graphics/g3d/particles/ParticleShader.java
com.badlogic.gdx.graphics.g3d.particles.ParticleShader$Config	/tmp/projects/libgdx/gdx/src/com/badlogic/gdx/graphics/g3d/particles/ParticleShader.java
com.badlogic.gdx.graphics.g3d.particles.ParticleShader$Inputs	/tmp/projects/libgdx/gdx/src/com/badlogic/gdx/graphics/g3d/particles/ParticleShader.java
com.badlogic.gdx.graphics.g3d.particles.ParticleShader$Setters	/tmp/projects/libgdx/gdx/src/com/badlogic/gdx/graphics/g3d/particles/ParticleShader.java
com.badlogic.gdx.graphics.g3d.particles.ParticleShader$Setters$1	/tmp/projects/libgdx/gdx/src/com/badlogic/gdx/graphics/g3d/particles/ParticleShader.java
com.badlogic.gdx.graphics.g3d.particles.ParticleShader$Setters$2	/tmp/projects/libgdx/gdx/src/com/badlogic/gdx/graphics/g3d/particles/ParticleShader.java
com.badlogic.gdx.graphics.g3d.particles.ParticleShader$Setters$3	/tmp/projects/libgdx/gdx/src/com/badlogic/gdx/graphics/g3d/particles/ParticleShader.java
com.badlogic.gdx.graphics.g3d.particles.ParticleShader$Setters$4	/tmp/projects/libgdx/gdx/src/com/badlogic/gdx/graphics/g3d/particles/ParticleShader.java
com.badlogic.gdx.graphics.g3d.particles.ParticleShader$Setters$5	/tmp/projects/libgdx/gdx/src/com/badlogic/gdx/graphics/g3d/particles/ParticleShader.java
com.badlogic.gdx.graphics.g3d.particles.ParticleShader$Setters$6	/tmp/projects/libgdx/gdx/src/com/badlogic/gdx/graphics/g3d/particles/ParticleShader.java
com.badlogic.gdx.graphics.g3d.particles.batches.PointSpriteParticleBatch	/tmp/projects/libgdx/gdx/src/com/badlogic/gdx/graphics/g3d/particles/batches/PointSpriteParticleBatch.java
com.badlogic.gdx.graphics.g3d.particles.batches.BufferedParticleBatch	/tmp/projects/libgdx/gdx/src/com/badlogic/gdx/graphics/g3d/particles/batches/BufferedParticleBatch.java
com.badlogic.gdx.graphics.g3d.particles.batches.ParticleBatch	/tmp/projects/libgdx/gdx/src/com/badlogic/gdx/graphics/g3d/particles/batches/ParticleBatch.java
com.badlogic.gdx.graphics.g3d.particles.ParticleController	/tmp/projects/libgdx/gdx/src/com/badlogic/gdx/graphics/g3d/particles/ParticleController.java
com.badlogic.gdx.graphics.g3d.particles.emitters.Emitter	/tmp/projects/libgdx/gdx/src/com/badlogic/gdx/graphics/g3d/particles/emitters/Emitter.java
com.badlogic.gdx.graphics.g3d.particles.influencers.Influencer	/tmp/projects/libgdx/gdx/src/com/badlogic/gdx/graphics/g3d/particles/influencers/Influencer.java
com.badlogic.gdx.graphics.g3d.particles.ParticleSorter	/tmp/projects/libgdx/gdx/src/com/badlogic/gdx/graphics/g3d/particles/ParticleSorter.java
com.badlogic.gdx.graphics.g3d.particles.ParticleSorter$None	/tmp/projects/libgdx/gdx/src/com/badlogic/gdx/graphics/g3d/particles/ParticleSorter.java
com.badlogic.gdx.graphics.g3d.particles.ParticleSorter$Distance	/tmp/projects/libgdx/gdx/src/com/badlogic/gdx/graphics/g3d/particles/ParticleSorter.java
com.badlogic.gdx.graphics.g3d.particles.renderers.BillboardRenderer	/tmp/projects/libgdx/gdx/src/com/badlogic/gdx/graphics/g3d/particles/renderers/BillboardRenderer.java
com.badlogic.gdx.graphics.g3d.particles.renderers.BillboardControllerRenderData	/tmp/projects/libgdx/gdx/src/com/badlogic/gdx/graphics/g3d/particles/renderers/BillboardControllerRenderData.java
com.badlogic.gdx.graphics.g3d.particles.batches.BillboardParticleBatch	/tmp/projects/libgdx/gdx/src/com/badlogic/gdx/graphics/g3d/particles/batches/BillboardParticleBatch.java
com.badlogic.gdx.graphics.g3d.particles.batches.BillboardParticleBatch$RenderablePool	/tmp/projects/libgdx/gdx/src/com/badlogic/gdx/graphics/g3d/particles/batches/BillboardParticleBatch.java
com.badlogic.gdx.graphics.g3d.particles.batches.BillboardParticleBatch$Config	/tmp/projects/libgdx/gdx/src/com/badlogic/gdx/graphics/g3d/particles/batches/BillboardParticleBatch.java
com.badlogic.gdx.graphics.g3d.particles.renderers.ParticleControllerControllerRenderer	/tmp/projects/libgdx/gdx/src/com/badlogic/gdx/graphics/g3d/particles/renderers/ParticleControllerControllerRenderer.java
com.badlogic.gdx.graphics.g3d.particles.renderers.ModelInstanceRenderer	/tmp/projects/libgdx/gdx/src/com/badlogic/gdx/graphics/g3d/particles/renderers/ModelInstanceRenderer.java
com.badlogic.gdx.graphics.g3d.particles.renderers.ModelInstanceControllerRenderData	/tmp/projects/libgdx/gdx/src/com/badlogic/gdx/graphics/g3d/particles/renderers/ModelInstanceControllerRenderData.java
com.badlogic.gdx.graphics.g3d.particles.batches.ModelInstanceParticleBatch	/tmp/projects/libgdx/gdx/src/com/badlogic/gdx/graphics/g3d/particles/batches/ModelInstanceParticleBatch.java
com.badlogic.gdx.graphics.g3d.particles.emitters.RegularEmitter	/tmp/projects/libgdx/gdx/src/com/badlogic/gdx/graphics/g3d/particles/emitters/RegularEmitter.java
com.badlogic.gdx.graphics.g3d.particles.emitters.RegularEmitter$EmissionMode	/tmp/projects/libgdx/gdx/src/com/badlogic/gdx/graphics/g3d/particles/emitters/RegularEmitter.java
com.badlogic.gdx.graphics.g3d.particles.values.RangedNumericValue	/tmp/projects/libgdx/gdx/src/com/badlogic/gdx/graphics/g3d/particles/values/RangedNumericValue.java
com.badlogic.gdx.graphics.g3d.particles.values.ParticleValue	/tmp/projects/libgdx/gdx/src/com/badlogic/gdx/graphics/g3d/particles/values/ParticleValue.java
com.badlogic.gdx.graphics.g3d.particles.values.ScaledNumericValue	/tmp/projects/libgdx/gdx/src/com/badlogic/gdx/graphics/g3d/particles/values/ScaledNumericValue.java
com.badlogic.gdx.graphics.g3d.particles.influencers.ParticleControllerInfluencer	/tmp/projects/libgdx/gdx/src/com/badlogic/gdx/graphics/g3d/particles/influencers/ParticleControllerInfluencer.java
com.badlogic.gdx.graphics.g3d.particles.influencers.ParticleControllerInfluencer$Single	/tmp/projects/libgdx/gdx/src/com/badlogic/gdx/graphics/g3d/particles/influencers/ParticleControllerInfluencer.java
com.badlogic.gdx.graphics.g3d.particles.influencers.ParticleControllerInfluencer$Random	/tmp/projects/libgdx/gdx/src/com/badlogic/gdx/graphics/g3d/particles/influencers/ParticleControllerInfluencer.java
com.badlogic.gdx.graphics.g3d.particles.influencers.ParticleControllerInfluencer$Random$ParticleControllerPool	/tmp/projects/libgdx/gdx/src/com/badlogic/gdx/graphics/g3d/particles/influencers/ParticleControllerInfluencer.java
com.badlogic.gdx.graphics.g3d.particles.influencers.DynamicsModifier	/tmp/projects/libgdx/gdx/src/com/badlogic/gdx/graphics/g3d/particles/influencers/DynamicsModifier.java
com.badlogic.gdx.graphics.g3d.particles.influencers.DynamicsModifier$FaceDirection	/tmp/projects/libgdx/gdx/src/com/badlogic/gdx/graphics/g3d/particles/influencers/DynamicsModifier.java
com.badlogic.gdx.graphics.g3d.particles.influencers.DynamicsModifier$Strength	/tmp/projects/libgdx/gdx/src/com/badlogic/gdx/graphics/g3d/particles/influencers/DynamicsModifier.java
com.badlogic.gdx.graphics.g3d.particles.influencers.DynamicsModifier$Angular	/tmp/projects/libgdx/gdx/src/com/badlogic/gdx/graphics/g3d/particles/influencers/DynamicsModifier.java
com.badlogic.gdx.graphics.g3d.particles.influencers.DynamicsModifier$Rotational2D	/tmp/projects/libgdx/gdx/src/com/badlogic/gdx/graphics/g3d/particles/influencers/DynamicsModifier.java
com.badlogic.gdx.graphics.g3d.particles.influencers.DynamicsModifier$Rotational3D	/tmp/projects/libgdx/gdx/src/com/badlogic/gdx/graphics/g3d/particles/influencers/DynamicsModifier.java
com.badlogic.gdx.graphics.g3d.particles.influencers.DynamicsModifier$CentripetalAcceleration	/tmp/projects/libgdx/gdx/src/com/badlogic/gdx/graphics/g3d/particles/influencers/DynamicsModifier.java
com.badlogic.gdx.graphics.g3d.particles.influencers.DynamicsModifier$PolarAcceleration	/tmp/projects/libgdx/gdx/src/com/badlogic/gdx/graphics/g3d/particles/influencers/DynamicsModifier.java
com.badlogic.gdx.graphics.g3d.particles.influencers.DynamicsModifier$TangentialAcceleration	/tmp/projects/libgdx/gdx/src/com/badlogic/gdx/graphics/g3d/particles/influencers/DynamicsModifier.java
com.badlogic.gdx.graphics.g3d.particles.influencers.DynamicsModifier$BrownianAcceleration	/tmp/projects/libgdx/gdx/src/com/badlogic/gdx/graphics/g3d/particles/influencers/DynamicsModifier.java
com.badlogic.gdx.graphics.g3d.particles.influencers.ScaleInfluencer	/tmp/projects/libgdx/gdx/src/com/badlogic/gdx/graphics/g3d/particles/influencers/ScaleInfluencer.java
com.badlogic.gdx.graphics.g3d.particles.influencers.SimpleInfluencer	/tmp/projects/libgdx/gdx/src/com/badlogic/gdx/graphics/g3d/particles/influencers/SimpleInfluencer.java
com.badlogic.gdx.graphics.g3d.particles.influencers.RegionInfluencer	/tmp/projects/libgdx/gdx/src/com/badlogic/gdx/graphics/g3d/particles/influencers/RegionInfluencer.java
com.badlogic.gdx.graphics.g3d.particles.influencers.RegionInfluencer$Single	/tmp/projects/libgdx/gdx/src/com/badlogic/gdx/graphics/g3d/particles/influencers/RegionInfluencer.java
com.badlogic.gdx.graphics.g3d.particles.influencers.RegionInfluencer$Random	/tmp/projects/libgdx/gdx/src/com/badlogic/gdx/graphics/g3d/particles/influencers/RegionInfluencer.java
com.badlogic.gdx.graphics.g3d.particles.influencers.RegionInfluencer$Animated	/tmp/projects/libgdx/gdx/src/com/badlogic/gdx/graphics/g3d/particles/influencers/RegionInfluencer.java
com.badlogic.gdx.graphics.g3d.particles.influencers.RegionInfluencer$AspectTextureRegion	/tmp/projects/libgdx/gdx/src/com/badlogic/gdx/graphics/g3d/particles/influencers/RegionInfluencer.java
com.badlogic.gdx.graphics.g3d.particles.influencers.ParticleControllerFinalizerInfluencer	/tmp/projects/libgdx/gdx/src/com/badlogic/gdx/graphics/g3d/particles/influencers/ParticleControllerFinalizerInfluencer.java
com.badlogic.gdx.graphics.g3d.particles.influencers.ModelInfluencer	/tmp/projects/libgdx/gdx/src/com/badlogic/gdx/graphics/g3d/particles/influencers/ModelInfluencer.java
com.badlogic.gdx.graphics.g3d.particles.influencers.ModelInfluencer$Single	/tmp/projects/libgdx/gdx/src/com/badlogic/gdx/graphics/g3d/particles/influencers/ModelInfluencer.java
com.badlogic.gdx.graphics.g3d.particles.influencers.ModelInfluencer$Random	/tmp/projects/libgdx/gdx/src/com/badlogic/gdx/graphics/g3d/particles/influencers/ModelInfluencer.java
com.badlogic.gdx.graphics.g3d.particles.influencers.ModelInfluencer$Random$ModelInstancePool	/tmp/projects/libgdx/gdx/src/com/badlogic/gdx/graphics/g3d/particles/influencers/ModelInfluencer.java
com.badlogic.gdx.graphics.g3d.particles.influencers.SpawnInfluencer	/tmp/projects/libgdx/gdx/src/com/badlogic/gdx/graphics/g3d/particles/influencers/SpawnInfluencer.java
com.badlogic.gdx.graphics.g3d.particles.values.SpawnShapeValue	/tmp/projects/libgdx/gdx/src/com/badlogic/gdx/graphics/g3d/particles/values/SpawnShapeValue.java
com.badlogic.gdx.graphics.g3d.particles.influencers.ColorInfluencer	/tmp/projects/libgdx/gdx/src/com/badlogic/gdx/graphics/g3d/particles/influencers/ColorInfluencer.java
com.badlogic.gdx.graphics.g3d.particles.influencers.ColorInfluencer$Random	/tmp/projects/libgdx/gdx/src/com/badlogic/gdx/graphics/g3d/particles/influencers/ColorInfluencer.java
com.badlogic.gdx.graphics.g3d.particles.influencers.ColorInfluencer$Single	/tmp/projects/libgdx/gdx/src/com/badlogic/gdx/graphics/g3d/particles/influencers/ColorInfluencer.java
com.badlogic.gdx.graphics.g3d.particles.values.GradientColorValue	/tmp/projects/libgdx/gdx/src/com/badlogic/gdx/graphics/g3d/particles/values/GradientColorValue.java
com.badlogic.gdx.graphics.g3d.particles.influencers.DynamicsInfluencer	/tmp/projects/libgdx/gdx/src/com/badlogic/gdx/graphics/g3d/particles/influencers/DynamicsInfluencer.java
com.badlogic.gdx.graphics.g3d.particles.ParticleEffect	/tmp/projects/libgdx/gdx/src/com/badlogic/gdx/graphics/g3d/particles/ParticleEffect.java
com.badlogic.gdx.graphics.g3d.particles.values.PointSpawnShapeValue	/tmp/projects/libgdx/gdx/src/com/badlogic/gdx/graphics/g3d/particles/values/PointSpawnShapeValue.java
com.badlogic.gdx.graphics.g3d.particles.values.PrimitiveSpawnShapeValue	/tmp/projects/libgdx/gdx/src/com/badlogic/gdx/graphics/g3d/particles/values/PrimitiveSpawnShapeValue.java
com.badlogic.gdx.graphics.g3d.particles.values.PrimitiveSpawnShapeValue$SpawnSide	/tmp/projects/libgdx/gdx/src/com/badlogic/gdx/graphics/g3d/particles/values/PrimitiveSpawnShapeValue.java
com.badlogic.gdx.graphics.g3d.particles.values.LineSpawnShapeValue	/tmp/projects/libgdx/gdx/src/com/badlogic/gdx/graphics/g3d/particles/values/LineSpawnShapeValue.java
com.badlogic.gdx.graphics.g3d.particles.values.UnweightedMeshSpawnShapeValue	/tmp/projects/libgdx/gdx/src/com/badlogic/gdx/graphics/g3d/particles/values/UnweightedMeshSpawnShapeValue.java
com.badlogic.gdx.graphics.g3d.particles.values.MeshSpawnShapeValue	/tmp/projects/libgdx/gdx/src/com/badlogic/gdx/graphics/g3d/particles/values/MeshSpawnShapeValue.java
com.badlogic.gdx.graphics.g3d.particles.values.MeshSpawnShapeValue$Triangle	/tmp/projects/libgdx/gdx/src/com/badlogic/gdx/graphics/g3d/particles/values/MeshSpawnShapeValue.java
com.badlogic.gdx.graphics.g3d.particles.values.RectangleSpawnShapeValue	/tmp/projects/libgdx/gdx/src/com/badlogic/gdx/graphics/g3d/particles/values/RectangleSpawnShapeValue.java
com.badlogic.gdx.graphics.g3d.particles.values.EllipseSpawnShapeValue	/tmp/projects/libgdx/gdx/src/com/badlogic/gdx/graphics/g3d/particles/values/EllipseSpawnShapeValue.java
com.badlogic.gdx.graphics.g3d.particles.values.WeightMeshSpawnShapeValue	/tmp/projects/libgdx/gdx/src/com/badlogic/gdx/graphics/g3d/particles/values/WeightMeshSpawnShapeValue.java
com.badlogic.gdx.graphics.g3d.particles.values.NumericValue	/tmp/projects/libgdx/gdx/src/com/badlogic/gdx/graphics/g3d/particles/values/NumericValue.java
com.badlogic.gdx.graphics.g3d.particles.values.CylinderSpawnShapeValue	/tmp/projects/libgdx/gdx/src/com/badlogic/gdx/graphics/g3d/particles/values/CylinderSpawnShapeValue.java
com.badlogic.gdx.graphics.g3d.particles.ParticleEffectLoader	/tmp/projects/libgdx/gdx/src/com/badlogic/gdx/graphics/g3d/particles/ParticleEffectLoader.java
com.badlogic.gdx.graphics.g3d.particles.ParticleEffectLoader$ParticleEffectLoadParameter	/tmp/projects/libgdx/gdx/src/com/badlogic/gdx/graphics/g3d/particles/ParticleEffectLoader.java
com.badlogic.gdx.graphics.g3d.particles.ParticleEffectLoader$ParticleEffectSaveParameter	/tmp/projects/libgdx/gdx/src/com/badlogic/gdx/graphics/g3d/particles/ParticleEffectLoader.java
com.badlogic.gdx.graphics.g3d.particles.ParticleSystem	/tmp/projects/libgdx/gdx/src/com/badlogic/gdx/graphics/g3d/particles/ParticleSystem.java
com.badlogic.gdx.graphics.g3d.ModelCache	/tmp/projects/libgdx/gdx/src/com/badlogic/gdx/graphics/g3d/ModelCache.java
com.badlogic.gdx.graphics.g3d.ModelCache$MeshPool	/tmp/projects/libgdx/gdx/src/com/badlogic/gdx/graphics/g3d/ModelCache.java
com.badlogic.gdx.graphics.g3d.ModelCache$SimpleMeshPool	/tmp/projects/libgdx/gdx/src/com/badlogic/gdx/graphics/g3d/ModelCache.java
com.badlogic.gdx.graphics.g3d.ModelCache$TightMeshPool	/tmp/projects/libgdx/gdx/src/com/badlogic/gdx/graphics/g3d/ModelCache.java
com.badlogic.gdx.graphics.g3d.ModelCache$Sorter	/tmp/projects/libgdx/gdx/src/com/badlogic/gdx/graphics/g3d/ModelCache.java
com.badlogic.gdx.graphics.g3d.ModelCache$1	/tmp/projects/libgdx/gdx/src/com/badlogic/gdx/graphics/g3d/ModelCache.java
com.badlogic.gdx.graphics.g3d.ModelCache$2	/tmp/projects/libgdx/gdx/src/com/badlogic/gdx/graphics/g3d/ModelCache.java
com.badlogic.gdx.graphics.Colors	/tmp/projects/libgdx/gdx/src/com/badlogic/gdx/graphics/Colors.java
com.badlogic.gdx.graphics.TextureArray	/tmp/projects/libgdx/gdx/src/com/badlogic/gdx/graphics/TextureArray.java
com.badlogic.gdx.input.RemoteInput	/tmp/projects/libgdx/gdx/src/com/badlogic/gdx/input/RemoteInput.java
com.badlogic.gdx.input.RemoteInput$RemoteInputListener	/tmp/projects/libgdx/gdx/src/com/badlogic/gdx/input/RemoteInput.java
com.badlogic.gdx.input.RemoteInput$KeyEvent	/tmp/projects/libgdx/gdx/src/com/badlogic/gdx/input/RemoteInput.java
com.badlogic.gdx.input.RemoteInput$TouchEvent	/tmp/projects/libgdx/gdx/src/com/badlogic/gdx/input/RemoteInput.java
com.badlogic.gdx.input.RemoteInput$EventTrigger	/tmp/projects/libgdx/gdx/src/com/badlogic/gdx/input/RemoteInput.java
com.badlogic.gdx.input.RemoteSender	/tmp/projects/libgdx/gdx/src/com/badlogic/gdx/input/RemoteSender.java
com.badlogic.gdx.scenes.scene2d.utils.ClickListener	/tmp/projects/libgdx/gdx/src/com/badlogic/gdx/scenes/scene2d/utils/ClickListener.java
com.badlogic.gdx.scenes.scene2d.InputListener	/tmp/projects/libgdx/gdx/src/com/badlogic/gdx/scenes/scene2d/InputListener.java
com.badlogic.gdx.scenes.scene2d.utils.Disableable	/tmp/projects/libgdx/gdx/src/com/badlogic/gdx/scenes/scene2d/utils/Disableable.java
com.badlogic.gdx.scenes.scene2d.utils.DragListener	/tmp/projects/libgdx/gdx/src/com/badlogic/gdx/scenes/scene2d/utils/DragListener.java
com.badlogic.gdx.scenes.scene2d.utils.NinePatchDrawable	/tmp/projects/libgdx/gdx/src/com/badlogic/gdx/scenes/scene2d/utils/NinePatchDrawable.java
com.badlogic.gdx.scenes.scene2d.utils.ArraySelection	/tmp/projects/libgdx/gdx/src/com/badlogic/gdx/scenes/scene2d/utils/ArraySelection.java
com.badlogic.gdx.scenes.scene2d.utils.ChangeListener	/tmp/projects/libgdx/gdx/src/com/badlogic/gdx/scenes/scene2d/utils/ChangeListener.java
com.badlogic.gdx.scenes.scene2d.utils.ChangeListener$ChangeEvent	/tmp/projects/libgdx/gdx/src/com/badlogic/gdx/scenes/scene2d/utils/ChangeListener.java
com.badlogic.gdx.scenes.scene2d.utils.Selection	/tmp/projects/libgdx/gdx/src/com/badlogic/gdx/scenes/scene2d/utils/Selection.java
com.badlogic.gdx.scenes.scene2d.utils.UIUtils	/tmp/projects/libgdx/gdx/src/com/badlogic/gdx/scenes/scene2d/utils/UIUtils.java
com.badlogic.gdx.scenes.scene2d.utils.DragScrollListener	/tmp/projects/libgdx/gdx/src/com/badlogic/gdx/scenes/scene2d/utils/DragScrollListener.java
com.badlogic.gdx.scenes.scene2d.utils.DragScrollListener$1	/tmp/projects/libgdx/gdx/src/com/badlogic/gdx/scenes/scene2d/utils/DragScrollListener.java
com.badlogic.gdx.scenes.scene2d.utils.DragScrollListener$2	/tmp/projects/libgdx/gdx/src/com/badlogic/gdx/scenes/scene2d/utils/DragScrollListener.java
com.badlogic.gdx.scenes.scene2d.ui.ScrollPane	/tmp/projects/libgdx/gdx/src/com/badlogic/gdx/scenes/scene2d/ui/ScrollPane.java
com.badlogic.gdx.scenes.scene2d.ui.ScrollPane$1	/tmp/projects/libgdx/gdx/src/com/badlogic/gdx/scenes/scene2d/ui/ScrollPane.java
com.badlogic.gdx.scenes.scene2d.ui.ScrollPane$2	/tmp/projects/libgdx/gdx/src/com/badlogic/gdx/scenes/scene2d/ui/ScrollPane.java
com.badlogic.gdx.scenes.scene2d.ui.ScrollPane$3	/tmp/projects/libgdx/gdx/src/com/badlogic/gdx/scenes/scene2d/ui/ScrollPane.java
com.badlogic.gdx.scenes.scene2d.ui.ScrollPane$ScrollPaneStyle	/tmp/projects/libgdx/gdx/src/com/badlogic/gdx/scenes/scene2d/ui/ScrollPane.java
com.badlogic.gdx.scenes.scene2d.utils.ActorGestureListener	/tmp/projects/libgdx/gdx/src/com/badlogic/gdx/scenes/scene2d/utils/ActorGestureListener.java
com.badlogic.gdx.scenes.scene2d.utils.ActorGestureListener$1	/tmp/projects/libgdx/gdx/src/com/badlogic/gdx/scenes/scene2d/utils/ActorGestureListener.java
com.badlogic.gdx.scenes.scene2d.utils.DragAndDrop	/tmp/projects/libgdx/gdx/src/com/badlogic/gdx/scenes/scene2d/utils/DragAndDrop.java
com.badlogic.gdx.scenes.scene2d.utils.DragAndDrop$1	/tmp/projects/libgdx/gdx/src/com/badlogic/gdx/scenes/scene2d/utils/DragAndDrop.java
com.badlogic.gdx.scenes.scene2d.utils.DragAndDrop$Source	/tmp/projects/libgdx/gdx/src/com/badlogic/gdx/scenes/scene2d/utils/DragAndDrop.java
com.badlogic.gdx.scenes.scene2d.utils.DragAndDrop$Target	/tmp/projects/libgdx/gdx/src/com/badlogic/gdx/scenes/scene2d/utils/DragAndDrop.java
com.badlogic.gdx.scenes.scene2d.utils.DragAndDrop$Payload	/tmp/projects/libgdx/gdx/src/com/badlogic/gdx/scenes/scene2d/utils/DragAndDrop.java
com.badlogic.gdx.scenes.scene2d.utils.SpriteDrawable	/tmp/projects/libgdx/gdx/src/com/badlogic/gdx/scenes/scene2d/utils/SpriteDrawable.java
com.badlogic.gdx.scenes.scene2d.utils.ScissorStack	/tmp/projects/libgdx/gdx/src/com/badlogic/gdx/scenes/scene2d/utils/ScissorStack.java
com.badlogic.gdx.scenes.scene2d.ui.TextField	/tmp/projects/libgdx/gdx/src/com/badlogic/gdx/scenes/scene2d/ui/TextField.java
com.badlogic.gdx.scenes.scene2d.ui.TextField$1	/tmp/projects/libgdx/gdx/src/com/badlogic/gdx/scenes/scene2d/ui/TextField.java
com.badlogic.gdx.scenes.scene2d.ui.TextField$KeyRepeatTask	/tmp/projects/libgdx/gdx/src/com/badlogic/gdx/scenes/scene2d/ui/TextField.java
com.badlogic.gdx.scenes.scene2d.ui.TextField$TextFieldListener	/tmp/projects/libgdx/gdx/src/com/badlogic/gdx/scenes/scene2d/ui/TextField.java
com.badlogic.gdx.scenes.scene2d.ui.TextField$TextFieldFilter	/tmp/projects/libgdx/gdx/src/com/badlogic/gdx/scenes/scene2d/ui/TextField.java
com.badlogic.gdx.scenes.scene2d.ui.TextField$TextFieldFilter$DigitsOnlyFilter	/tmp/projects/libgdx/gdx/src/com/badlogic/gdx/scenes/scene2d/ui/TextField.java
com.badlogic.gdx.scenes.scene2d.ui.TextField$OnscreenKeyboard	/tmp/projects/libgdx/gdx/src/com/badlogic/gdx/scenes/scene2d/ui/TextField.java
com.badlogic.gdx.scenes.scene2d.ui.TextField$DefaultOnscreenKeyboard	/tmp/projects/libgdx/gdx/src/com/badlogic/gdx/scenes/scene2d/ui/TextField.java
com.badlogic.gdx.scenes.scene2d.ui.TextField$TextFieldClickListener	/tmp/projects/libgdx/gdx/src/com/badlogic/gdx/scenes/scene2d/ui/TextField.java
com.badlogic.gdx.scenes.scene2d.ui.TextField$TextFieldStyle	/tmp/projects/libgdx/gdx/src/com/badlogic/gdx/scenes/scene2d/ui/TextField.java
com.badlogic.gdx.scenes.scene2d.ui.List	/tmp/projects/libgdx/gdx/src/com/badlogic/gdx/scenes/scene2d/ui/List.java
com.badlogic.gdx.scenes.scene2d.ui.List$1	/tmp/projects/libgdx/gdx/src/com/badlogic/gdx/scenes/scene2d/ui/List.java
com.badlogic.gdx.scenes.scene2d.ui.List$2	/tmp/projects/libgdx/gdx/src/com/badlogic/gdx/scenes/scene2d/ui/List.java
com.badlogic.gdx.scenes.scene2d.ui.List$ListStyle	/tmp/projects/libgdx/gdx/src/com/badlogic/gdx/scenes/scene2d/ui/List.java
com.badlogic.gdx.scenes.scene2d.ui.TextTooltip	/tmp/projects/libgdx/gdx/src/com/badlogic/gdx/scenes/scene2d/ui/TextTooltip.java
com.badlogic.gdx.scenes.scene2d.ui.TextTooltip$TextTooltipStyle	/tmp/projects/libgdx/gdx/src/com/badlogic/gdx/scenes/scene2d/ui/TextTooltip.java
com.badlogic.gdx.scenes.scene2d.ui.Tooltip	/tmp/projects/libgdx/gdx/src/com/badlogic/gdx/scenes/scene2d/ui/Tooltip.java
com.badlogic.gdx.scenes.scene2d.ui.Tooltip$1	/tmp/projects/libgdx/gdx/src/com/badlogic/gdx/scenes/scene2d/ui/Tooltip.java
com.badlogic.gdx.scenes.scene2d.actions.Actions	/tmp/projects/libgdx/gdx/src/com/badlogic/gdx/scenes/scene2d/actions/Actions.java
com.badlogic.gdx.scenes.scene2d.ui.TooltipManager	/tmp/projects/libgdx/gdx/src/com/badlogic/gdx/scenes/scene2d/ui/TooltipManager.java
com.badlogic.gdx.scenes.scene2d.ui.TooltipManager$1	/tmp/projects/libgdx/gdx/src/com/badlogic/gdx/scenes/scene2d/ui/TooltipManager.java
com.badlogic.gdx.scenes.scene2d.ui.TooltipManager$2	/tmp/projects/libgdx/gdx/src/com/badlogic/gdx/scenes/scene2d/ui/TooltipManager.java
com.badlogic.gdx.scenes.scene2d.actions.AddAction	/tmp/projects/libgdx/gdx/src/com/badlogic/gdx/scenes/scene2d/actions/AddAction.java
com.badlogic.gdx.scenes.scene2d.actions.RemoveAction	/tmp/projects/libgdx/gdx/src/com/badlogic/gdx/scenes/scene2d/actions/RemoveAction.java
com.badlogic.gdx.scenes.scene2d.actions.MoveToAction	/tmp/projects/libgdx/gdx/src/com/badlogic/gdx/scenes/scene2d/actions/MoveToAction.java
com.badlogic.gdx.scenes.scene2d.actions.TemporalAction	/tmp/projects/libgdx/gdx/src/com/badlogic/gdx/scenes/scene2d/actions/TemporalAction.java
com.badlogic.gdx.scenes.scene2d.actions.MoveByAction	/tmp/projects/libgdx/gdx/src/com/badlogic/gdx/scenes/scene2d/actions/MoveByAction.java
com.badlogic.gdx.scenes.scene2d.actions.RelativeTemporalAction	/tmp/projects/libgdx/gdx/src/com/badlogic/gdx/scenes/scene2d/actions/RelativeTemporalAction.java
com.badlogic.gdx.scenes.scene2d.actions.SizeToAction	/tmp/projects/libgdx/gdx/src/com/badlogic/gdx/scenes/scene2d/actions/SizeToAction.java
com.badlogic.gdx.scenes.scene2d.actions.SizeByAction	/tmp/projects/libgdx/gdx/src/com/badlogic/gdx/scenes/scene2d/actions/SizeByAction.java
com.badlogic.gdx.scenes.scene2d.actions.ScaleToAction	/tmp/projects/libgdx/gdx/src/com/badlogic/gdx/scenes/scene2d/actions/ScaleToAction.java
com.badlogic.gdx.scenes.scene2d.actions.ScaleByAction	/tmp/projects/libgdx/gdx/src/com/badlogic/gdx/scenes/scene2d/actions/ScaleByAction.java
com.badlogic.gdx.scenes.scene2d.actions.RotateToAction	/tmp/projects/libgdx/gdx/src/com/badlogic/gdx/scenes/scene2d/actions/RotateToAction.java
com.badlogic.gdx.scenes.scene2d.actions.RotateByAction	/tmp/projects/libgdx/gdx/src/com/badlogic/gdx/scenes/scene2d/actions/RotateByAction.java
com.badlogic.gdx.scenes.scene2d.actions.ColorAction	/tmp/projects/libgdx/gdx/src/com/badlogic/gdx/scenes/scene2d/actions/ColorAction.java
com.badlogic.gdx.scenes.scene2d.actions.AlphaAction	/tmp/projects/libgdx/gdx/src/com/badlogic/gdx/scenes/scene2d/actions/AlphaAction.java
com.badlogic.gdx.scenes.scene2d.actions.VisibleAction	/tmp/projects/libgdx/gdx/src/com/badlogic/gdx/scenes/scene2d/actions/VisibleAction.java
com.badlogic.gdx.scenes.scene2d.actions.TouchableAction	/tmp/projects/libgdx/gdx/src/com/badlogic/gdx/scenes/scene2d/actions/TouchableAction.java
com.badlogic.gdx.scenes.scene2d.actions.RemoveActorAction	/tmp/projects/libgdx/gdx/src/com/badlogic/gdx/scenes/scene2d/actions/RemoveActorAction.java
com.badlogic.gdx.scenes.scene2d.actions.DelayAction	/tmp/projects/libgdx/gdx/src/com/badlogic/gdx/scenes/scene2d/actions/DelayAction.java
com.badlogic.gdx.scenes.scene2d.actions.DelegateAction	/tmp/projects/libgdx/gdx/src/com/badlogic/gdx/scenes/scene2d/actions/DelegateAction.java
com.badlogic.gdx.scenes.scene2d.actions.TimeScaleAction	/tmp/projects/libgdx/gdx/src/com/badlogic/gdx/scenes/scene2d/actions/TimeScaleAction.java
com.badlogic.gdx.scenes.scene2d.actions.SequenceAction	/tmp/projects/libgdx/gdx/src/com/badlogic/gdx/scenes/scene2d/actions/SequenceAction.java
com.badlogic.gdx.scenes.scene2d.actions.ParallelAction	/tmp/projects/libgdx/gdx/src/com/badlogic/gdx/scenes/scene2d/actions/ParallelAction.java
com.badlogic.gdx.scenes.scene2d.actions.RepeatAction	/tmp/projects/libgdx/gdx/src/com/badlogic/gdx/scenes/scene2d/actions/RepeatAction.java
com.badlogic.gdx.scenes.scene2d.actions.RunnableAction	/tmp/projects/libgdx/gdx/src/com/badlogic/gdx/scenes/scene2d/actions/RunnableAction.java
com.badlogic.gdx.scenes.scene2d.actions.LayoutAction	/tmp/projects/libgdx/gdx/src/com/badlogic/gdx/scenes/scene2d/actions/LayoutAction.java
com.badlogic.gdx.scenes.scene2d.actions.AfterAction	/tmp/projects/libgdx/gdx/src/com/badlogic/gdx/scenes/scene2d/actions/AfterAction.java
com.badlogic.gdx.scenes.scene2d.actions.AddListenerAction	/tmp/projects/libgdx/gdx/src/com/badlogic/gdx/scenes/scene2d/actions/AddListenerAction.java
com.badlogic.gdx.scenes.scene2d.actions.RemoveListenerAction	/tmp/projects/libgdx/gdx/src/com/badlogic/gdx/scenes/scene2d/actions/RemoveListenerAction.java
com.badlogic.gdx.scenes.scene2d.ui.Container	/tmp/projects/libgdx/gdx/src/com/badlogic/gdx/scenes/scene2d/ui/Container.java
com.badlogic.gdx.scenes.scene2d.ui.Window	/tmp/projects/libgdx/gdx/src/com/badlogic/gdx/scenes/scene2d/ui/Window.java
com.badlogic.gdx.scenes.scene2d.ui.Window$1	/tmp/projects/libgdx/gdx/src/com/badlogic/gdx/scenes/scene2d/ui/Window.java
com.badlogic.gdx.scenes.scene2d.ui.Window$2	/tmp/projects/libgdx/gdx/src/com/badlogic/gdx/scenes/scene2d/ui/Window.java
com.badlogic.gdx.scenes.scene2d.ui.Window$3	/tmp/projects/libgdx/gdx/src/com/badlogic/gdx/scenes/scene2d/ui/Window.java
com.badlogic.gdx.scenes.scene2d.ui.Window$WindowStyle	/tmp/projects/libgdx/gdx/src/com/badlogic/gdx/scenes/scene2d/ui/Window.java
com.badlogic.gdx.scenes.scene2d.ui.ParticleEffectActor	/tmp/projects/libgdx/gdx/src/com/badlogic/gdx/scenes/scene2d/ui/ParticleEffectActor.java
com.badlogic.gdx.scenes.scene2d.ui.TextButton	/tmp/projects/libgdx/gdx/src/com/badlogic/gdx/scenes/scene2d/ui/TextButton.java
com.badlogic.gdx.scenes.scene2d.ui.TextButton$TextButtonStyle	/tmp/projects/libgdx/gdx/src/com/badlogic/gdx/scenes/scene2d/ui/TextButton.java
com.badlogic.gdx.scenes.scene2d.ui.Dialog	/tmp/projects/libgdx/gdx/src/com/badlogic/gdx/scenes/scene2d/ui/Dialog.java
com.badlogic.gdx.scenes.scene2d.ui.Dialog$1	/tmp/projects/libgdx/gdx/src/com/badlogic/gdx/scenes/scene2d/ui/Dialog.java
com.badlogic.gdx.scenes.scene2d.ui.Dialog$2	/tmp/projects/libgdx/gdx/src/com/badlogic/gdx/scenes/scene2d/ui/Dialog.java
com.badlogic.gdx.scenes.scene2d.ui.Dialog$3	/tmp/projects/libgdx/gdx/src/com/badlogic/gdx/scenes/scene2d/ui/Dialog.java
com.badlogic.gdx.scenes.scene2d.ui.Dialog$4	/tmp/projects/libgdx/gdx/src/com/badlogic/gdx/scenes/scene2d/ui/Dialog.java
com.badlogic.gdx.scenes.scene2d.ui.Dialog$4$1	/tmp/projects/libgdx/gdx/src/com/badlogic/gdx/scenes/scene2d/ui/Dialog.java
com.badlogic.gdx.scenes.scene2d.ui.Button	/tmp/projects/libgdx/gdx/src/com/badlogic/gdx/scenes/scene2d/ui/Button.java
com.badlogic.gdx.scenes.scene2d.ui.Button$1	/tmp/projects/libgdx/gdx/src/com/badlogic/gdx/scenes/scene2d/ui/Button.java
com.badlogic.gdx.scenes.scene2d.ui.Button$ButtonStyle	/tmp/projects/libgdx/gdx/src/com/badlogic/gdx/scenes/scene2d/ui/Button.java
com.badlogic.gdx.scenes.scene2d.ui.ButtonGroup	/tmp/projects/libgdx/gdx/src/com/badlogic/gdx/scenes/scene2d/ui/ButtonGroup.java
com.badlogic.gdx.scenes.scene2d.ui.ProgressBar	/tmp/projects/libgdx/gdx/src/com/badlogic/gdx/scenes/scene2d/ui/ProgressBar.java
com.badlogic.gdx.scenes.scene2d.ui.ProgressBar$ProgressBarStyle	/tmp/projects/libgdx/gdx/src/com/badlogic/gdx/scenes/scene2d/ui/ProgressBar.java
com.badlogic.gdx.scenes.scene2d.ui.Image	/tmp/projects/libgdx/gdx/src/com/badlogic/gdx/scenes/scene2d/ui/Image.java
com.badlogic.gdx.scenes.scene2d.ui.SplitPane	/tmp/projects/libgdx/gdx/src/com/badlogic/gdx/scenes/scene2d/ui/SplitPane.java
com.badlogic.gdx.scenes.scene2d.ui.SplitPane$1	/tmp/projects/libgdx/gdx/src/com/badlogic/gdx/scenes/scene2d/ui/SplitPane.java
com.badlogic.gdx.scenes.scene2d.ui.SplitPane$SplitPaneStyle	/tmp/projects/libgdx/gdx/src/com/badlogic/gdx/scenes/scene2d/ui/SplitPane.java
com.badlogic.gdx.scenes.scene2d.ui.Touchpad	/tmp/projects/libgdx/gdx/src/com/badlogic/gdx/scenes/scene2d/ui/Touchpad.java
com.badlogic.gdx.scenes.scene2d.ui.Touchpad$1	/tmp/projects/libgdx/gdx/src/com/badlogic/gdx/scenes/scene2d/ui/Touchpad.java
com.badlogic.gdx.scenes.scene2d.ui.Touchpad$TouchpadStyle	/tmp/projects/libgdx/gdx/src/com/badlogic/gdx/scenes/scene2d/ui/Touchpad.java
com.badlogic.gdx.scenes.scene2d.ui.CheckBox	/tmp/projects/libgdx/gdx/src/com/badlogic/gdx/scenes/scene2d/ui/CheckBox.java
com.badlogic.gdx.scenes.scene2d.ui.CheckBox$CheckBoxStyle	/tmp/projects/libgdx/gdx/src/com/badlogic/gdx/scenes/scene2d/ui/CheckBox.java
com.badlogic.gdx.scenes.scene2d.ui.ImageButton	/tmp/projects/libgdx/gdx/src/com/badlogic/gdx/scenes/scene2d/ui/ImageButton.java
com.badlogic.gdx.scenes.scene2d.ui.ImageButton$ImageButtonStyle	/tmp/projects/libgdx/gdx/src/com/badlogic/gdx/scenes/scene2d/ui/ImageButton.java
com.badlogic.gdx.scenes.scene2d.ui.TextArea	/tmp/projects/libgdx/gdx/src/com/badlogic/gdx/scenes/scene2d/ui/TextArea.java
com.badlogic.gdx.scenes.scene2d.ui.TextArea$TextAreaListener	/tmp/projects/libgdx/gdx/src/com/badlogic/gdx/scenes/scene2d/ui/TextArea.java
com.badlogic.gdx.scenes.scene2d.ui.Tree	/tmp/projects/libgdx/gdx/src/com/badlogic/gdx/scenes/scene2d/ui/Tree.java
com.badlogic.gdx.scenes.scene2d.ui.Tree$1	/tmp/projects/libgdx/gdx/src/com/badlogic/gdx/scenes/scene2d/ui/Tree.java
com.badlogic.gdx.scenes.scene2d.ui.Tree$2	/tmp/projects/libgdx/gdx/src/com/badlogic/gdx/scenes/scene2d/ui/Tree.java
com.badlogic.gdx.scenes.scene2d.ui.Tree$Node	/tmp/projects/libgdx/gdx/src/com/badlogic/gdx/scenes/scene2d/ui/Tree.java
com.badlogic.gdx.scenes.scene2d.ui.Tree$TreeStyle	/tmp/projects/libgdx/gdx/src/com/badlogic/gdx/scenes/scene2d/ui/Tree.java
com.badlogic.gdx.scenes.scene2d.ui.VerticalGroup	/tmp/projects/libgdx/gdx/src/com/badlogic/gdx/scenes/scene2d/ui/VerticalGroup.java
com.badlogic.gdx.scenes.scene2d.ui.ImageTextButton	/tmp/projects/libgdx/gdx/src/com/badlogic/gdx/scenes/scene2d/ui/ImageTextButton.java
com.badlogic.gdx.scenes.scene2d.ui.ImageTextButton$ImageTextButtonStyle	/tmp/projects/libgdx/gdx/src/com/badlogic/gdx/scenes/scene2d/ui/ImageTextButton.java
com.badlogic.gdx.scenes.scene2d.ui.HorizontalGroup	/tmp/projects/libgdx/gdx/src/com/badlogic/gdx/scenes/scene2d/ui/HorizontalGroup.java
com.badlogic.gdx.scenes.scene2d.ui.SelectBox	/tmp/projects/libgdx/gdx/src/com/badlogic/gdx/scenes/scene2d/ui/SelectBox.java
com.badlogic.gdx.scenes.scene2d.ui.SelectBox$1	/tmp/projects/libgdx/gdx/src/com/badlogic/gdx/scenes/scene2d/ui/SelectBox.java
com.badlogic.gdx.scenes.scene2d.ui.SelectBox$2	/tmp/projects/libgdx/gdx/src/com/badlogic/gdx/scenes/scene2d/ui/SelectBox.java
com.badlogic.gdx.scenes.scene2d.ui.SelectBox$SelectBoxScrollPane	/tmp/projects/libgdx/gdx/src/com/badlogic/gdx/scenes/scene2d/ui/SelectBox.java
com.badlogic.gdx.scenes.scene2d.ui.SelectBox$SelectBoxScrollPane$1	/tmp/projects/libgdx/gdx/src/com/badlogic/gdx/scenes/scene2d/ui/SelectBox.java
com.badlogic.gdx.scenes.scene2d.ui.SelectBox$SelectBoxScrollPane$2	/tmp/projects/libgdx/gdx/src/com/badlogic/gdx/scenes/scene2d/ui/SelectBox.java
com.badlogic.gdx.scenes.scene2d.ui.SelectBox$SelectBoxScrollPane$3	/tmp/projects/libgdx/gdx/src/com/badlogic/gdx/scenes/scene2d/ui/SelectBox.java
com.badlogic.gdx.scenes.scene2d.ui.SelectBox$SelectBoxScrollPane$4	/tmp/projects/libgdx/gdx/src/com/badlogic/gdx/scenes/scene2d/ui/SelectBox.java
com.badlogic.gdx.scenes.scene2d.ui.SelectBox$SelectBoxStyle	/tmp/projects/libgdx/gdx/src/com/badlogic/gdx/scenes/scene2d/ui/SelectBox.java
com.badlogic.gdx.scenes.scene2d.ui.Slider	/tmp/projects/libgdx/gdx/src/com/badlogic/gdx/scenes/scene2d/ui/Slider.java
com.badlogic.gdx.scenes.scene2d.ui.Slider$1	/tmp/projects/libgdx/gdx/src/com/badlogic/gdx/scenes/scene2d/ui/Slider.java
com.badlogic.gdx.scenes.scene2d.ui.Slider$SliderStyle	/tmp/projects/libgdx/gdx/src/com/badlogic/gdx/scenes/scene2d/ui/Slider.java
com.badlogic.gdx.scenes.scene2d.actions.EventAction	/tmp/projects/libgdx/gdx/src/com/badlogic/gdx/scenes/scene2d/actions/EventAction.java
com.badlogic.gdx.scenes.scene2d.actions.EventAction$1	/tmp/projects/libgdx/gdx/src/com/badlogic/gdx/scenes/scene2d/actions/EventAction.java
com.badlogic.gdx.scenes.scene2d.actions.FloatAction	/tmp/projects/libgdx/gdx/src/com/badlogic/gdx/scenes/scene2d/actions/FloatAction.java
com.badlogic.gdx.scenes.scene2d.actions.CountdownEventAction	/tmp/projects/libgdx/gdx/src/com/badlogic/gdx/scenes/scene2d/actions/CountdownEventAction.java
com.badlogic.gdx.scenes.scene2d.actions.IntAction	/tmp/projects/libgdx/gdx/src/com/badlogic/gdx/scenes/scene2d/actions/IntAction.java
