message_type	message	enc_class	enc_member	offset	path	target_kind	target_class	target_method	target_param	target_index	target_path
RETURN_NULLABLE	returning @Nullable expression from method with @NonNull return type	com.badlogic.gdx.maps.tiled.TiledMapTileSets	getTileSet(java.lang.String)	1675	/tmp/projects/libgdx/gdx/src/com/badlogic/gdx/maps/tiled/TiledMapTileSets.java	METHOD	com.badlogic.gdx.maps.tiled.TiledMapTileSets	getTileSet(java.lang.String)	null	null	/tmp/projects/libgdx/gdx/src/com/badlogic/gdx/maps/tiled/TiledMapTileSets.java
RETURN_NULLABLE	returning @Nullable expression from method with @NonNull return type	com.badlogic.gdx.utils.Array	random()	19439	/tmp/projects/libgdx/gdx/src/com/badlogic/gdx/utils/Array.java	METHOD	com.badlogic.gdx.utils.Array	random()	null	null	/tmp/projects/libgdx/gdx/src/com/badlogic/gdx/utils/Array.java
METHOD_NO_INIT	initializer method does not guarantee @NonNull fields iterator1 (line 671), iterator2 (line 671) are initialized along all control-flow paths (remember to check for exceptions or early returns).	com.badlogic.gdx.utils.Array$ArrayIterable	ArrayIterable(com.badlogic.gdx.utils.Array<T>,boolean)	23777	/tmp/projects/libgdx/gdx/src/com/badlogic/gdx/utils/Array.java	null	null	null	null	null	null
METHOD_NO_INIT	initializer method does not guarantee @NonNull fields iterator (line 30), predicate (line 31) are initialized along all control-flow paths (remember to check for exceptions or early returns).	com.badlogic.gdx.utils.Predicate$PredicateIterator	PredicateIterator(java.util.Iterator<T>,com.badlogic.gdx.utils.Predicate<T>)	1469	/tmp/projects/libgdx/gdx/src/com/badlogic/gdx/utils/Predicate.java	null	null	null	null	null	null
METHOD_NO_INIT	initializer method does not guarantee @NonNull fields iterable (line 88), predicate (line 89) are initialized along all control-flow paths (remember to check for exceptions or early returns).	com.badlogic.gdx.utils.Predicate$PredicateIterable	PredicateIterable(java.lang.Iterable<T>,com.badlogic.gdx.utils.Predicate<T>)	2734	/tmp/projects/libgdx/gdx/src/com/badlogic/gdx/utils/Predicate.java	null	null	null	null	null	null
METHOD_NO_INIT	initializer method does not guarantee @NonNull fields iterator1 (line 65), iterator2 (line 65) are initialized along all control-flow paths (remember to check for exceptions or early returns).	com.badlogic.gdx.utils.ObjectSet	ObjectSet(int,float)	3962	/tmp/projects/libgdx/gdx/src/com/badlogic/gdx/utils/ObjectSet.java	null	null	null	null	null	null
METHOD_NO_INIT	initializer method does not guarantee @NonNull fields entries1 (line 69), entries2 (line 69), values1 (line 70), values2 (line 70), keys1 (line 71), keys2 (line 71) are initialized along all control-flow paths (remember to check for exceptions or early returns).	com.badlogic.gdx.utils.IntMap	IntMap(int,float)	4140	/tmp/projects/libgdx/gdx/src/com/badlogic/gdx/utils/IntMap.java	null	null	null	null	null	null
METHOD_NO_INIT	initializer method does not guarantee @NonNull fields entries1 (line 68), entries2 (line 68), values1 (line 69), values2 (line 69), keys1 (line 70), keys2 (line 70) are initialized along all control-flow paths (remember to check for exceptions or early returns).	com.badlogic.gdx.utils.ObjectMap	ObjectMap(int,float)	4121	/tmp/projects/libgdx/gdx/src/com/badlogic/gdx/utils/ObjectMap.java	null	null	null	null	null	null
RETURN_NULLABLE	returning @Nullable expression from method with @NonNull return type	com.badlogic.gdx.utils.ObjectMap	<T>get(T)	8133	/tmp/projects/libgdx/gdx/src/com/badlogic/gdx/utils/ObjectMap.java	METHOD	com.badlogic.gdx.utils.ObjectMap	<T>get(T)	null	null	/tmp/projects/libgdx/gdx/src/com/badlogic/gdx/utils/ObjectMap.java
FIELD_NO_INIT	@NonNull field ObjectMap$Entry.key not initialized	com.badlogic.gdx.utils.ObjectMap$Entry	key	17505	/tmp/projects/libgdx/gdx/src/com/badlogic/gdx/utils/ObjectMap.java	FIELD	com.badlogic.gdx.utils.ObjectMap$Entry	null	key	null	/tmp/projects/libgdx/gdx/src/com/badlogic/gdx/utils/ObjectMap.java
FIELD_NO_INIT	@NonNull field ObjectMap$Entry.value not initialized	com.badlogic.gdx.utils.ObjectMap$Entry	value	17521	/tmp/projects/libgdx/gdx/src/com/badlogic/gdx/utils/ObjectMap.java	FIELD	com.badlogic.gdx.utils.ObjectMap$Entry	null	value	null	/tmp/projects/libgdx/gdx/src/com/badlogic/gdx/utils/ObjectMap.java
METHOD_NO_INIT	initializer method does not guarantee @NonNull field texture (line 27) is initialized along all control-flow paths (remember to check for exceptions or early returns).	com.badlogic.gdx.graphics.g2d.TextureRegion	TextureRegion()	1316	/tmp/projects/libgdx/gdx/src/com/badlogic/gdx/graphics/g2d/TextureRegion.java	null	null	null	null	null	null
METHOD_NO_INIT	initializer method does not guarantee @NonNull field texture (line 27) is initialized along all control-flow paths (remember to check for exceptions or early returns).	com.badlogic.gdx.graphics.g2d.TextureRegion	TextureRegion(com.badlogic.gdx.graphics.g2d.TextureRegion)	2538	/tmp/projects/libgdx/gdx/src/com/badlogic/gdx/graphics/g2d/TextureRegion.java	null	null	null	null	null	null
METHOD_NO_INIT	initializer method does not guarantee @NonNull field texture (line 27) is initialized along all control-flow paths (remember to check for exceptions or early returns).	com.badlogic.gdx.graphics.g2d.TextureRegion	TextureRegion(com.badlogic.gdx.graphics.g2d.TextureRegion,int,int,int,int)	2943	/tmp/projects/libgdx/gdx/src/com/badlogic/gdx/graphics/g2d/TextureRegion.java	null	null	null	null	null	null
DEREFERENCE_NULLABLE	dereferenced expression region is @Nullable	com.badlogic.gdx.graphics.g2d.TextureRegion	setRegion(com.badlogic.gdx.graphics.g2d.TextureRegion)	4600	/tmp/projects/libgdx/gdx/src/com/badlogic/gdx/graphics/g2d/TextureRegion.java	null	null	null	null	null	null
DEREFERENCE_NULLABLE	dereferenced expression color is @Nullable	com.badlogic.gdx.graphics.Color	set(com.badlogic.gdx.graphics.Color)	4080	/tmp/projects/libgdx/gdx/src/com/badlogic/gdx/graphics/Color.java	null	null	null	null	null	null
DEREFERENCE_NULLABLE	dereferenced expression Gdx.net is @Nullable	com.badlogic.gdx.graphics.Pixmap	downloadFromUrl(java.lang.String,com.badlogic.gdx.graphics.Pixmap.DownloadPixmapResponseListener)	8452	/tmp/projects/libgdx/gdx/src/com/badlogic/gdx/graphics/Pixmap.java	null	null	null	null	null	null
DEREFERENCE_NULLABLE	dereferenced expression info.data is @Nullable	com.badlogic.gdx.assets.loaders.TextureLoader	loadAsync(com.badlogic.gdx.assets.AssetManager,java.lang.String,com.badlogic.gdx.files.FileHandle,com.badlogic.gdx.assets.loaders.TextureLoader.TextureParameter)	2736	/tmp/projects/libgdx/gdx/src/com/badlogic/gdx/assets/loaders/TextureLoader.java	null	null	null	null	null	null
METHOD_NO_INIT	initializer method does not guarantee @NonNull field data (line 108) is initialized along all control-flow paths (remember to check for exceptions or early returns).	com.badlogic.gdx.graphics.Texture	Texture(int,int,com.badlogic.gdx.graphics.TextureData)	5258	/tmp/projects/libgdx/gdx/src/com/badlogic/gdx/graphics/Texture.java	null	null	null	null	null	null
DEREFERENCE_NULLABLE	dereferenced expression data is @Nullable	com.badlogic.gdx.graphics.Texture	Texture(int,int,com.badlogic.gdx.graphics.TextureData)	5384	/tmp/projects/libgdx/gdx/src/com/badlogic/gdx/graphics/Texture.java	null	null	null	null	null	null
DEREFERENCE_NULLABLE	dereferenced expression data is @Nullable	com.badlogic.gdx.graphics.Texture	load(com.badlogic.gdx.graphics.TextureData)	5516	/tmp/projects/libgdx/gdx/src/com/badlogic/gdx/graphics/Texture.java	null	null	null	null	null	null
ASSIGN_FIELD_NULLABLE	assigning @Nullable expression to @NonNull field	com.badlogic.gdx.graphics.Texture	load(com.badlogic.gdx.graphics.TextureData)	5657	/tmp/projects/libgdx/gdx/src/com/badlogic/gdx/graphics/Texture.java	FIELD	com.badlogic.gdx.graphics.Texture	null	data	null	/tmp/projects/libgdx/gdx/src/com/badlogic/gdx/graphics/Texture.java
DEREFERENCE_NULLABLE	dereferenced expression data is @Nullable	com.badlogic.gdx.graphics.Texture	load(com.badlogic.gdx.graphics.TextureData)	5683	/tmp/projects/libgdx/gdx/src/com/badlogic/gdx/graphics/Texture.java	null	null	null	null	null	null
PASS_NULLABLE	passing @Nullable parameter 'fileName' where @NonNull is required	com.badlogic.gdx.graphics.Texture$1	finishedLoading(com.badlogic.gdx.assets.AssetManager,java.lang.String,java.lang.Class)	10603	/tmp/projects/libgdx/gdx/src/com/badlogic/gdx/graphics/Texture.java	PARAMETER	com.badlogic.gdx.assets.AssetManager	setReferenceCount(java.lang.String,int)	fileName	0	/tmp/projects/libgdx/gdx/src/com/badlogic/gdx/assets/AssetManager.java
DEREFERENCE_NULLABLE	dereferenced expression managedTextures.get(Gdx.app) is @Nullable	com.badlogic.gdx.graphics.Texture	getNumManagedTextures()	11889	/tmp/projects/libgdx/gdx/src/com/badlogic/gdx/graphics/Texture.java	null	null	null	null	null	null
DEREFERENCE_NULLABLE	dereferenced expression resolver is @Nullable	com.badlogic.gdx.assets.loaders.AssetLoader	resolve(java.lang.String)	1878	/tmp/projects/libgdx/gdx/src/com/badlogic/gdx/assets/loaders/AssetLoader.java	null	null	null	null	null	null
RETURN_NULLABLE	returning @Nullable expression from method with @NonNull return type	com.badlogic.gdx.assets.AssetManager	<T>get(java.lang.String,java.lang.Class<T>)	6513	/tmp/projects/libgdx/gdx/src/com/badlogic/gdx/assets/AssetManager.java	METHOD	com.badlogic.gdx.assets.AssetManager	<T>get(java.lang.String,java.lang.Class<T>)	null	null	/tmp/projects/libgdx/gdx/src/com/badlogic/gdx/assets/AssetManager.java
RETURN_NULLABLE	returning @Nullable expression from method with @NonNull return type	com.badlogic.gdx.assets.AssetManager	<T>get(com.badlogic.gdx.assets.AssetDescriptor<T>)	8185	/tmp/projects/libgdx/gdx/src/com/badlogic/gdx/assets/AssetManager.java	METHOD	com.badlogic.gdx.assets.AssetManager	<T>get(com.badlogic.gdx.assets.AssetDescriptor<T>)	null	null	/tmp/projects/libgdx/gdx/src/com/badlogic/gdx/assets/AssetManager.java
DEREFERENCE_NULLABLE	dereferenced expression assetDescriptor is @Nullable	com.badlogic.gdx.assets.AssetManager	<T>get(com.badlogic.gdx.assets.AssetDescriptor<T>)	8196	/tmp/projects/libgdx/gdx/src/com/badlogic/gdx/assets/AssetManager.java	null	null	null	null	null	null
DEREFERENCE_NULLABLE	dereferenced expression tasks.first().assetDesc.fileName is @Nullable	com.badlogic.gdx.assets.AssetManager	contains(java.lang.String)	8831	/tmp/projects/libgdx/gdx/src/com/badlogic/gdx/assets/AssetManager.java	null	null	null	null	null	null
DEREFERENCE_NULLABLE	dereferenced expression loadQueue.get(i).fileName is @Nullable	com.badlogic.gdx.assets.AssetManager	contains(java.lang.String)	8946	/tmp/projects/libgdx/gdx/src/com/badlogic/gdx/assets/AssetManager.java	null	null	null	null	null	null
DEREFERENCE_NULLABLE	dereferenced expression assetDesc.fileName is @Nullable	com.badlogic.gdx.assets.AssetManager	contains(java.lang.String,java.lang.Class)	9339	/tmp/projects/libgdx/gdx/src/com/badlogic/gdx/assets/AssetManager.java	null	null	null	null	null	null
DEREFERENCE_NULLABLE	dereferenced expression assetDesc.fileName is @Nullable	com.badlogic.gdx.assets.AssetManager	contains(java.lang.String,java.lang.Class)	9521	/tmp/projects/libgdx/gdx/src/com/badlogic/gdx/assets/AssetManager.java	null	null	null	null	null	null
DEREFERENCE_NULLABLE	dereferenced expression currentTask.assetDesc.fileName is @Nullable	com.badlogic.gdx.assets.AssetManager	unload(java.lang.String)	10005	/tmp/projects/libgdx/gdx/src/com/badlogic/gdx/assets/AssetManager.java	null	null	null	null	null	null
DEREFERENCE_NULLABLE	dereferenced expression loadQueue.get(i).fileName is @Nullable	com.badlogic.gdx.assets.AssetManager	unload(java.lang.String)	10334	/tmp/projects/libgdx/gdx/src/com/badlogic/gdx/assets/AssetManager.java	null	null	null	null	null	null
RETURN_NULLABLE	returning @Nullable expression from method with @NonNull return type	com.badlogic.gdx.assets.AssetManager	<T>getAssetFileName(T)	12725	/tmp/projects/libgdx/gdx/src/com/badlogic/gdx/assets/AssetManager.java	METHOD	com.badlogic.gdx.assets.AssetManager	<T>getAssetFileName(T)	null	null	/tmp/projects/libgdx/gdx/src/com/badlogic/gdx/assets/AssetManager.java
DEREFERENCE_NULLABLE	dereferenced expression desc.fileName is @Nullable	com.badlogic.gdx.assets.AssetManager	<T>load(java.lang.String,java.lang.Class<T>,com.badlogic.gdx.assets.AssetLoaderParameters<T>)	15890	/tmp/projects/libgdx/gdx/src/com/badlogic/gdx/assets/AssetManager.java	null	null	null	null	null	null
DEREFERENCE_NULLABLE	dereferenced expression desc.fileName is @Nullable	com.badlogic.gdx.assets.AssetManager	<T>load(java.lang.String,java.lang.Class<T>,com.badlogic.gdx.assets.AssetLoaderParameters<T>)	16314	/tmp/projects/libgdx/gdx/src/com/badlogic/gdx/assets/AssetManager.java	null	null	null	null	null	null
METHOD_NO_INIT	initializer method does not guarantee @NonNull fields file (line 58), type (line 59) are initialized along all control-flow paths (remember to check for exceptions or early returns).	com.badlogic.gdx.files.FileHandle	FileHandle()	2363	/tmp/projects/libgdx/gdx/src/com/badlogic/gdx/files/FileHandle.java	null	null	null	null	null	null
PASS_NULLABLE	passing @Nullable parameter 'fileName' where @NonNull is required	com.badlogic.gdx.files.FileHandle	FileHandle(java.lang.String)	2739	/tmp/projects/libgdx/gdx/src/com/badlogic/gdx/files/FileHandle.java	PARAMETER	java.io.File	File(java.lang.String)	arg0	0	null
DEREFERENCE_NULLABLE	dereferenced expression keyNames is @Nullable	com.badlogic.gdx.Input$Keys	valueOf(java.lang.String)	17271	/tmp/projects/libgdx/gdx/src/com/badlogic/gdx/Input.java	null	null	null	null	null	null
METHOD_NO_INIT	initializer method does not guarantee @NonNull field loadFuture (line 47) is initialized along all control-flow paths (remember to check for exceptions or early returns).	com.badlogic.gdx.assets.AssetLoadingTask	AssetLoadingTask(com.badlogic.gdx.assets.AssetManager,com.badlogic.gdx.assets.AssetDescriptor,com.badlogic.gdx.assets.loaders.AssetLoader,com.badlogic.gdx.utils.async.AsyncExecutor)	2059	/tmp/projects/libgdx/gdx/src/com/badlogic/gdx/assets/AssetLoadingTask.java	null	null	null	null	null	null
DEREFERENCE_NULLABLE	dereferenced expression fn is @Nullable	com.badlogic.gdx.assets.AssetLoadingTask	removeDuplicates(com.badlogic.gdx.utils.Array<com.badlogic.gdx.assets.AssetDescriptor>)	6555	/tmp/projects/libgdx/gdx/src/com/badlogic/gdx/assets/AssetLoadingTask.java	null	null	null	null	null	null
DEREFERENCE_NULLABLE	dereferenced expression region.page is @Nullable	com.badlogic.gdx.graphics.g2d.TextureAtlas	load(com.badlogic.gdx.graphics.g2d.TextureAtlas.TextureAtlasData)	3888	/tmp/projects/libgdx/gdx/src/com/badlogic/gdx/graphics/g2d/TextureAtlas.java	null	null	null	null	null	null
ASSIGN_FIELD_NULLABLE	assigning @Nullable expression to @NonNull field	com.badlogic.gdx.graphics.g2d.TextureAtlas	load(com.badlogic.gdx.graphics.g2d.TextureAtlas.TextureAtlasData)	4081	/tmp/projects/libgdx/gdx/src/com/badlogic/gdx/graphics/g2d/TextureAtlas.java	FIELD	com.badlogic.gdx.graphics.g2d.TextureAtlas$AtlasRegion	null	name	null	/tmp/projects/libgdx/gdx/src/com/badlogic/gdx/graphics/g2d/TextureAtlas.java
RETURN_NULLABLE	returning @Nullable expression from method with @NonNull return type	com.badlogic.gdx.graphics.g2d.TextureAtlas	findRegion(java.lang.String)	5740	/tmp/projects/libgdx/gdx/src/com/badlogic/gdx/graphics/g2d/TextureAtlas.java	METHOD	com.badlogic.gdx.graphics.g2d.TextureAtlas	findRegion(java.lang.String)	null	null	/tmp/projects/libgdx/gdx/src/com/badlogic/gdx/graphics/g2d/TextureAtlas.java
DEREFERENCE_NULLABLE	dereferenced expression values is @Nullable	com.badlogic.gdx.graphics.g2d.TextureAtlas$TextureAtlasData	load(com.badlogic.gdx.files.FileHandle,com.badlogic.gdx.files.FileHandle,boolean)	16397	/tmp/projects/libgdx/gdx/src/com/badlogic/gdx/graphics/g2d/TextureAtlas.java	null	null	null	null	null	null
DEREFERENCE_NULLABLE	dereferenced expression values is @Nullable	com.badlogic.gdx.graphics.g2d.TextureAtlas$TextureAtlasData	load(com.badlogic.gdx.files.FileHandle,com.badlogic.gdx.files.FileHandle,boolean)	16725	/tmp/projects/libgdx/gdx/src/com/badlogic/gdx/graphics/g2d/TextureAtlas.java	null	null	null	null	null	null
FIELD_NO_INIT	@NonNull field TextureAtlas$TextureAtlasData$Page.textureFile not initialized	com.badlogic.gdx.graphics.g2d.TextureAtlas$TextureAtlasData$Page	textureFile	18280	/tmp/projects/libgdx/gdx/src/com/badlogic/gdx/graphics/g2d/TextureAtlas.java	FIELD	com.badlogic.gdx.graphics.g2d.TextureAtlas$TextureAtlasData$Page	null	textureFile	null	/tmp/projects/libgdx/gdx/src/com/badlogic/gdx/graphics/g2d/TextureAtlas.java
FIELD_NO_INIT	@NonNull field TextureAtlas$TextureAtlasData$Region.values not initialized	com.badlogic.gdx.graphics.g2d.TextureAtlas$TextureAtlasData$Region	values	19064	/tmp/projects/libgdx/gdx/src/com/badlogic/gdx/graphics/g2d/TextureAtlas.java	FIELD	com.badlogic.gdx.graphics.g2d.TextureAtlas$TextureAtlasData$Region	null	values	null	/tmp/projects/libgdx/gdx/src/com/badlogic/gdx/graphics/g2d/TextureAtlas.java
METHOD_NO_INIT	initializer method does not guarantee @NonNull fields name (line 530), values (line 564) are initialized along all control-flow paths (remember to check for exceptions or early returns).	com.badlogic.gdx.graphics.g2d.TextureAtlas$AtlasRegion	AtlasRegion(com.badlogic.gdx.graphics.Texture,int,int,int,int)	21664	/tmp/projects/libgdx/gdx/src/com/badlogic/gdx/graphics/g2d/TextureAtlas.java	null	null	null	null	null	null
METHOD_NO_INIT	initializer method does not guarantee @NonNull fields name (line 530), values (line 564) are initialized along all control-flow paths (remember to check for exceptions or early returns).	com.badlogic.gdx.graphics.g2d.TextureAtlas$AtlasRegion	AtlasRegion(com.badlogic.gdx.graphics.g2d.TextureRegion)	22346	/tmp/projects/libgdx/gdx/src/com/badlogic/gdx/graphics/g2d/TextureAtlas.java	null	null	null	null	null	null
PASS_NULLABLE	passing @Nullable parameter 'texture' where @NonNull is required	com.badlogic.gdx.graphics.g2d.TextureAtlas$AtlasRegion	AtlasRegion(com.badlogic.gdx.graphics.Texture,int,int,int,int)	21753	/tmp/projects/libgdx/gdx/src/com/badlogic/gdx/graphics/g2d/TextureAtlas.java	PARAMETER	com.badlogic.gdx.graphics.g2d.TextureRegion	TextureRegion(com.badlogic.gdx.graphics.Texture,int,int,int,int)	texture	0	/tmp/projects/libgdx/gdx/src/com/badlogic/gdx/graphics/g2d/TextureRegion.java
RETURN_NULLABLE	returning @Nullable expression from method with @NonNull return type	com.badlogic.gdx.utils.XmlReader	parse(char[],int,int)	9178	/tmp/projects/libgdx/gdx/src/com/badlogic/gdx/utils/XmlReader.java	METHOD	com.badlogic.gdx.utils.XmlReader	parse(char[],int,int)	null	null	/tmp/projects/libgdx/gdx/src/com/badlogic/gdx/utils/XmlReader.java
DEREFERENCE_NULLABLE	dereferenced expression current is @Nullable	com.badlogic.gdx.utils.XmlReader	attribute(java.lang.String,java.lang.String)	13109	/tmp/projects/libgdx/gdx/src/com/badlogic/gdx/utils/XmlReader.java	null	null	null	null	null	null
DEREFERENCE_NULLABLE	dereferenced expression current is @Nullable	com.badlogic.gdx.utils.XmlReader	text(java.lang.String)	13585	/tmp/projects/libgdx/gdx/src/com/badlogic/gdx/utils/XmlReader.java	null	null	null	null	null	null
METHOD_NO_INIT	initializer method does not guarantee @NonNull field text (line 465) is initialized along all control-flow paths (remember to check for exceptions or early returns).	com.badlogic.gdx.utils.XmlReader$Element	Element(java.lang.String,com.badlogic.gdx.utils.XmlReader.Element)	14007	/tmp/projects/libgdx/gdx/src/com/badlogic/gdx/utils/XmlReader.java	null	null	null	null	null	null
ASSIGN_FIELD_NULLABLE	assigning @Nullable expression to @NonNull field	com.badlogic.gdx.utils.XmlReader$Element	setText(java.lang.String)	15767	/tmp/projects/libgdx/gdx/src/com/badlogic/gdx/utils/XmlReader.java	FIELD	com.badlogic.gdx.utils.XmlReader$Element	null	text	null	/tmp/projects/libgdx/gdx/src/com/badlogic/gdx/utils/XmlReader.java
DEREFERENCE_NULLABLE	dereferenced expression parent is @Nullable	com.badlogic.gdx.utils.XmlReader$Element	remove()	16027	/tmp/projects/libgdx/gdx/src/com/badlogic/gdx/utils/XmlReader.java	null	null	null	null	null	null
RETURN_NULLABLE	returning @Nullable expression from method with @NonNull return type	com.badlogic.gdx.utils.XmlReader$Element	getChildByName(java.lang.String)	17406	/tmp/projects/libgdx/gdx/src/com/badlogic/gdx/utils/XmlReader.java	METHOD	com.badlogic.gdx.utils.XmlReader$Element	getChildByName(java.lang.String)	null	null	/tmp/projects/libgdx/gdx/src/com/badlogic/gdx/utils/XmlReader.java
RETURN_NULLABLE	returning @Nullable expression from method with @NonNull return type	com.badlogic.gdx.utils.XmlReader$Element	getChildByName(java.lang.String)	17562	/tmp/projects/libgdx/gdx/src/com/badlogic/gdx/utils/XmlReader.java	METHOD	com.badlogic.gdx.utils.XmlReader$Element	getChildByName(java.lang.String)	null	null	/tmp/projects/libgdx/gdx/src/com/badlogic/gdx/utils/XmlReader.java
DEREFERENCE_NULLABLE	dereferenced expression atlasResolver is @Nullable	com.badlogic.gdx.maps.tiled.AtlasTmxMapLoader	addStaticTiles(com.badlogic.gdx.files.FileHandle,com.badlogic.gdx.maps.ImageResolver,com.badlogic.gdx.maps.tiled.TiledMapTileSet,com.badlogic.gdx.utils.XmlReader.Element,com.badlogic.gdx.utils.Array<com.badlogic.gdx.utils.XmlReader.Element>,java.lang.String,int,int,int,int,int,java.lang.String,int,int,java.lang.String,int,int,com.badlogic.gdx.files.FileHandle)	5914	/tmp/projects/libgdx/gdx/src/com/badlogic/gdx/maps/tiled/AtlasTmxMapLoader.java	null	null	null	null	null	null
METHOD_NO_INIT	initializer method does not guarantee @NonNull fields root (line 58), map (line 67) are initialized along all control-flow paths (remember to check for exceptions or early returns).	com.badlogic.gdx.maps.tiled.BaseTmxMapLoader	BaseTmxMapLoader(com.badlogic.gdx.assets.loaders.FileHandleResolver)	2938	/tmp/projects/libgdx/gdx/src/com/badlogic/gdx/maps/tiled/BaseTmxMapLoader.java	null	null	null	null	null	null
DEREFERENCE_NULLABLE	dereferenced expression textureRegion is @Nullable	com.badlogic.gdx.maps.tiled.BaseTmxMapLoader	loadObject(com.badlogic.gdx.maps.tiled.TiledMap,com.badlogic.gdx.maps.MapObjects,com.badlogic.gdx.utils.XmlReader.Element,float)	14400	/tmp/projects/libgdx/gdx/src/com/badlogic/gdx/maps/tiled/BaseTmxMapLoader.java	null	null	null	null	null	null
DEREFERENCE_NULLABLE	dereferenced expression attributes is @Nullable	com.badlogic.gdx.graphics.VertexAttributes	VertexAttributes(com.badlogic.gdx.graphics.VertexAttribute...)	2349	/tmp/projects/libgdx/gdx/src/com/badlogic/gdx/graphics/VertexAttributes.java	null	null	null	null	null	null
RETURN_NULLABLE	returning @Nullable expression from method with @NonNull return type	com.badlogic.gdx.graphics.VertexAttributes	findByUsage(int)	3466	/tmp/projects/libgdx/gdx/src/com/badlogic/gdx/graphics/VertexAttributes.java	METHOD	com.badlogic.gdx.graphics.VertexAttributes	findByUsage(int)	null	null	/tmp/projects/libgdx/gdx/src/com/badlogic/gdx/graphics/VertexAttributes.java
METHOD_NO_INIT	initializer method does not guarantee @NonNull fields iterator1 (line 237), iterator2 (line 237) are initialized along all control-flow paths (remember to check for exceptions or early returns).	com.badlogic.gdx.graphics.VertexAttributes$ReadonlyIterable	ReadonlyIterable(T[])	7751	/tmp/projects/libgdx/gdx/src/com/badlogic/gdx/graphics/VertexAttributes.java	null	null	null	null	null	null
DEREFERENCE_NULLABLE	dereferenced expression instances is @Nullable	com.badlogic.gdx.graphics.Mesh	disableInstancedRendering()	9785	/tmp/projects/libgdx/gdx/src/com/badlogic/gdx/graphics/Mesh.java	null	null	null	null	null	null
DEREFERENCE_NULLABLE	dereferenced expression this.instances is @Nullable	com.badlogic.gdx.graphics.Mesh	updateInstanceData(int,float[],int,int)	12763	/tmp/projects/libgdx/gdx/src/com/badlogic/gdx/graphics/Mesh.java	null	null	null	null	null	null
DEREFERENCE_NULLABLE	dereferenced expression this.instances is @Nullable	com.badlogic.gdx.graphics.Mesh	updateInstanceData(int,java.nio.FloatBuffer,int,int)	13684	/tmp/projects/libgdx/gdx/src/com/badlogic/gdx/graphics/Mesh.java	null	null	null	null	null	null
PASS_NULLABLE	passing @Nullable parameter 'shader' where @NonNull is required	com.badlogic.gdx.graphics.Mesh	render(com.badlogic.gdx.graphics.glutils.ShaderProgram,int,int,int)	25917	/tmp/projects/libgdx/gdx/src/com/badlogic/gdx/graphics/Mesh.java	PARAMETER	com.badlogic.gdx.graphics.Mesh	render(com.badlogic.gdx.graphics.glutils.ShaderProgram,int,int,int,boolean)	shader	0	/tmp/projects/libgdx/gdx/src/com/badlogic/gdx/graphics/Mesh.java
DEREFERENCE_NULLABLE	dereferenced expression instances is @Nullable	com.badlogic.gdx.graphics.Mesh	render(com.badlogic.gdx.graphics.glutils.ShaderProgram,int,int,int,boolean)	27744	/tmp/projects/libgdx/gdx/src/com/badlogic/gdx/graphics/Mesh.java	null	null	null	null	null	null
RETURN_NULLABLE	returning @Nullable expression from method with @NonNull return type	com.badlogic.gdx.graphics.Mesh	getVertexAttribute(int)	29286	/tmp/projects/libgdx/gdx/src/com/badlogic/gdx/graphics/Mesh.java	METHOD	com.badlogic.gdx.graphics.Mesh	getVertexAttribute(int)	null	null	/tmp/projects/libgdx/gdx/src/com/badlogic/gdx/graphics/Mesh.java
DEREFERENCE_NULLABLE	dereferenced expression lastTexture is @Nullable	com.badlogic.gdx.graphics.g2d.SpriteBatch	flush()	25237	/tmp/projects/libgdx/gdx/src/com/badlogic/gdx/graphics/g2d/SpriteBatch.java	null	null	null	null	null	null
DEREFERENCE_NULLABLE	dereferenced expression texture is @Nullable	com.badlogic.gdx.graphics.g2d.SpriteBatch	switchTexture(com.badlogic.gdx.graphics.Texture)	27938	/tmp/projects/libgdx/gdx/src/com/badlogic/gdx/graphics/g2d/SpriteBatch.java	null	null	null	null	null	null
DEREFERENCE_NULLABLE	dereferenced expression v is @Nullable	com.badlogic.gdx.math.Vector2	set(com.badlogic.gdx.math.Vector2)	2284	/tmp/projects/libgdx/gdx/src/com/badlogic/gdx/math/Vector2.java	null	null	null	null	null	null
DEREFERENCE_NULLABLE	dereferenced expression mat is @Nullable	com.badlogic.gdx.math.Matrix3	set(com.badlogic.gdx.math.Matrix4)	11186	/tmp/projects/libgdx/gdx/src/com/badlogic/gdx/math/Matrix3.java	null	null	null	null	null	null
DEREFERENCE_NULLABLE	dereferenced expression vector is @Nullable	com.badlogic.gdx.math.Vector3	set(com.badlogic.gdx.math.Vector3)	2898	/tmp/projects/libgdx/gdx/src/com/badlogic/gdx/math/Vector3.java	null	null	null	null	null	null
DEREFERENCE_NULLABLE	dereferenced expression matrix is @Nullable	com.badlogic.gdx.math.Matrix4	set(com.badlogic.gdx.math.Matrix4)	6565	/tmp/projects/libgdx/gdx/src/com/badlogic/gdx/math/Matrix4.java	null	null	null	null	null	null
METHOD_NO_INIT	initializer method does not guarantee @NonNull fields entries1 (line 66), entries2 (line 66), values1 (line 67), values2 (line 67), keys1 (line 68), keys2 (line 68) are initialized along all control-flow paths (remember to check for exceptions or early returns).	com.badlogic.gdx.utils.ObjectIntMap	ObjectIntMap(int,float)	4106	/tmp/projects/libgdx/gdx/src/com/badlogic/gdx/utils/ObjectIntMap.java	null	null	null	null	null	null
METHOD_NO_INIT	initializer method does not guarantee @NonNull fields textures (line 971), counts (line 972) are initialized along all control-flow paths (remember to check for exceptions or early returns).	com.badlogic.gdx.graphics.g2d.SpriteCache$Cache	Cache(int,int)	29486	/tmp/projects/libgdx/gdx/src/com/badlogic/gdx/graphics/g2d/SpriteCache.java	null	null	null	null	null	null
DEREFERENCE_NULLABLE	dereferenced expression tile is @Nullable	com.badlogic.gdx.maps.tiled.objects.TiledMapTileMapObject	TiledMapTileMapObject(com.badlogic.gdx.maps.tiled.TiledMapTile,boolean,boolean)	1910	/tmp/projects/libgdx/gdx/src/com/badlogic/gdx/maps/tiled/objects/TiledMapTileMapObject.java	null	null	null	null	null	null
DEREFERENCE_NULLABLE	dereferenced expression image is @Nullable	com.badlogic.gdx.maps.tiled.TmxMapLoader	addStaticTiles(com.badlogic.gdx.files.FileHandle,com.badlogic.gdx.maps.ImageResolver,com.badlogic.gdx.maps.tiled.TiledMapTileSet,com.badlogic.gdx.utils.XmlReader.Element,com.badlogic.gdx.utils.Array<com.badlogic.gdx.utils.XmlReader.Element>,java.lang.String,int,int,int,int,int,java.lang.String,int,int,java.lang.String,int,int,com.badlogic.gdx.files.FileHandle)	8020	/tmp/projects/libgdx/gdx/src/com/badlogic/gdx/maps/tiled/TmxMapLoader.java	null	null	null	null	null	null
DEREFERENCE_NULLABLE	dereferenced expression root is @Nullable	com.badlogic.gdx.maps.tiled.TideMapLoader	loadMap(com.badlogic.gdx.utils.XmlReader.Element,com.badlogic.gdx.files.FileHandle,com.badlogic.gdx.maps.ImageResolver)	4380	/tmp/projects/libgdx/gdx/src/com/badlogic/gdx/maps/tiled/TideMapLoader.java	null	null	null	null	null	null
DEREFERENCE_NULLABLE	dereferenced expression currentTileSet is @Nullable	com.badlogic.gdx.maps.tiled.TideMapLoader	loadLayer(com.badlogic.gdx.maps.tiled.TiledMap,com.badlogic.gdx.utils.XmlReader.Element)	9654	/tmp/projects/libgdx/gdx/src/com/badlogic/gdx/maps/tiled/TideMapLoader.java	null	null	null	null	null	null
DEREFERENCE_NULLABLE	dereferenced expression currentTileSet is @Nullable	com.badlogic.gdx.maps.tiled.TideMapLoader	loadLayer(com.badlogic.gdx.maps.tiled.TiledMap,com.badlogic.gdx.utils.XmlReader.Element)	10537	/tmp/projects/libgdx/gdx/src/com/badlogic/gdx/maps/tiled/TideMapLoader.java	null	null	null	null	null	null
DEREFERENCE_NULLABLE	dereferenced expression type is @Nullable	com.badlogic.gdx.maps.tiled.TideMapLoader	loadProperties(com.badlogic.gdx.maps.MapProperties,com.badlogic.gdx.utils.XmlReader.Element)	11359	/tmp/projects/libgdx/gdx/src/com/badlogic/gdx/maps/tiled/TideMapLoader.java	null	null	null	null	null	null
METHOD_NO_INIT	initializer method does not guarantee @NonNull field worldVertices (line 23) is initialized along all control-flow paths (remember to check for exceptions or early returns).	com.badlogic.gdx.math.Polygon	Polygon()	1274	/tmp/projects/libgdx/gdx/src/com/badlogic/gdx/math/Polygon.java	null	null	null	null	null	null
METHOD_NO_INIT	initializer method does not guarantee @NonNull field worldVertices (line 23) is initialized along all control-flow paths (remember to check for exceptions or early returns).	com.badlogic.gdx.math.Polygon	Polygon(float[])	1691	/tmp/projects/libgdx/gdx/src/com/badlogic/gdx/math/Polygon.java	null	null	null	null	null	null
METHOD_NO_INIT	initializer method does not guarantee @NonNull field worldVertices (line 22) is initialized along all control-flow paths (remember to check for exceptions or early returns).	com.badlogic.gdx.math.Polyline	Polyline()	1256	/tmp/projects/libgdx/gdx/src/com/badlogic/gdx/math/Polyline.java	null	null	null	null	null	null
METHOD_NO_INIT	initializer method does not guarantee @NonNull field worldVertices (line 22) is initialized along all control-flow paths (remember to check for exceptions or early returns).	com.badlogic.gdx.math.Polyline	Polyline(float[])	1319	/tmp/projects/libgdx/gdx/src/com/badlogic/gdx/math/Polyline.java	null	null	null	null	null	null
FIELD_NO_INIT	@NonNull static field app not initialized	com.badlogic.gdx.Gdx	app	1348	/tmp/projects/libgdx/gdx/src/com/badlogic/gdx/Gdx.java	FIELD	com.badlogic.gdx.Gdx	null	app	null	/tmp/projects/libgdx/gdx/src/com/badlogic/gdx/Gdx.java
FIELD_NO_INIT	@NonNull static field graphics not initialized	com.badlogic.gdx.Gdx	graphics	1380	/tmp/projects/libgdx/gdx/src/com/badlogic/gdx/Gdx.java	FIELD	com.badlogic.gdx.Gdx	null	graphics	null	/tmp/projects/libgdx/gdx/src/com/badlogic/gdx/Gdx.java
FIELD_NO_INIT	@NonNull static field audio not initialized	com.badlogic.gdx.Gdx	audio	1414	/tmp/projects/libgdx/gdx/src/com/badlogic/gdx/Gdx.java	FIELD	com.badlogic.gdx.Gdx	null	audio	null	/tmp/projects/libgdx/gdx/src/com/badlogic/gdx/Gdx.java
FIELD_NO_INIT	@NonNull static field input not initialized	com.badlogic.gdx.Gdx	input	1442	/tmp/projects/libgdx/gdx/src/com/badlogic/gdx/Gdx.java	FIELD	com.badlogic.gdx.Gdx	null	input	null	/tmp/projects/libgdx/gdx/src/com/badlogic/gdx/Gdx.java
FIELD_NO_INIT	@NonNull static field files not initialized	com.badlogic.gdx.Gdx	files	1470	/tmp/projects/libgdx/gdx/src/com/badlogic/gdx/Gdx.java	FIELD	com.badlogic.gdx.Gdx	null	files	null	/tmp/projects/libgdx/gdx/src/com/badlogic/gdx/Gdx.java
FIELD_NO_INIT	@NonNull static field gl not initialized	com.badlogic.gdx.Gdx	gl	1533	/tmp/projects/libgdx/gdx/src/com/badlogic/gdx/Gdx.java	FIELD	com.badlogic.gdx.Gdx	null	gl	null	/tmp/projects/libgdx/gdx/src/com/badlogic/gdx/Gdx.java
FIELD_NO_INIT	@NonNull static field gl20 not initialized	com.badlogic.gdx.Gdx	gl20	1557	/tmp/projects/libgdx/gdx/src/com/badlogic/gdx/Gdx.java	FIELD	com.badlogic.gdx.Gdx	null	gl20	null	/tmp/projects/libgdx/gdx/src/com/badlogic/gdx/Gdx.java
FIELD_NO_INIT	@NonNull static field gl30 not initialized	com.badlogic.gdx.Gdx	gl30	1583	/tmp/projects/libgdx/gdx/src/com/badlogic/gdx/Gdx.java	FIELD	com.badlogic.gdx.Gdx	null	gl30	null	/tmp/projects/libgdx/gdx/src/com/badlogic/gdx/Gdx.java
METHOD_NO_INIT	initializer method does not guarantee @NonNull fields stringValue (line 47), name (line 51) are initialized along all control-flow paths (remember to check for exceptions or early returns).	com.badlogic.gdx.utils.JsonValue	JsonValue(com.badlogic.gdx.utils.JsonValue.ValueType)	2123	/tmp/projects/libgdx/gdx/src/com/badlogic/gdx/utils/JsonValue.java	null	null	null	null	null	null
METHOD_NO_INIT	initializer method does not guarantee @NonNull fields stringValue (line 47), name (line 51), type (line 44) are initialized along all control-flow paths (remember to check for exceptions or early returns).	com.badlogic.gdx.utils.JsonValue	JsonValue(java.lang.String)	2218	/tmp/projects/libgdx/gdx/src/com/badlogic/gdx/utils/JsonValue.java	null	null	null	null	null	null
METHOD_NO_INIT	initializer method does not guarantee @NonNull fields stringValue (line 47), name (line 51), type (line 44) are initialized along all control-flow paths (remember to check for exceptions or early returns).	com.badlogic.gdx.utils.JsonValue	JsonValue(double)	2287	/tmp/projects/libgdx/gdx/src/com/badlogic/gdx/utils/JsonValue.java	null	null	null	null	null	null
METHOD_NO_INIT	initializer method does not guarantee @NonNull fields stringValue (line 47), name (line 51), type (line 44) are initialized along all control-flow paths (remember to check for exceptions or early returns).	com.badlogic.gdx.utils.JsonValue	JsonValue(long)	2346	/tmp/projects/libgdx/gdx/src/com/badlogic/gdx/utils/JsonValue.java	null	null	null	null	null	null
METHOD_NO_INIT	initializer method does not guarantee @NonNull fields stringValue (line 47), name (line 51), type (line 44) are initialized along all control-flow paths (remember to check for exceptions or early returns).	com.badlogic.gdx.utils.JsonValue	JsonValue(double,java.lang.String)	2403	/tmp/projects/libgdx/gdx/src/com/badlogic/gdx/utils/JsonValue.java	null	null	null	null	null	null
METHOD_NO_INIT	initializer method does not guarantee @NonNull fields stringValue (line 47), name (line 51), type (line 44) are initialized along all control-flow paths (remember to check for exceptions or early returns).	com.badlogic.gdx.utils.JsonValue	JsonValue(long,java.lang.String)	2489	/tmp/projects/libgdx/gdx/src/com/badlogic/gdx/utils/JsonValue.java	null	null	null	null	null	null
METHOD_NO_INIT	initializer method does not guarantee @NonNull fields stringValue (line 47), name (line 51), type (line 44) are initialized along all control-flow paths (remember to check for exceptions or early returns).	com.badlogic.gdx.utils.JsonValue	JsonValue(boolean)	2573	/tmp/projects/libgdx/gdx/src/com/badlogic/gdx/utils/JsonValue.java	null	null	null	null	null	null
RETURN_NULLABLE	returning @Nullable expression from method with @NonNull return type	com.badlogic.gdx.utils.JsonValue	asString()	6766	/tmp/projects/libgdx/gdx/src/com/badlogic/gdx/utils/JsonValue.java	METHOD	com.badlogic.gdx.utils.JsonValue	asString()	null	null	/tmp/projects/libgdx/gdx/src/com/badlogic/gdx/utils/JsonValue.java
ASSIGN_FIELD_NULLABLE	assigning @Nullable expression to @NonNull field	com.badlogic.gdx.utils.JsonValue	setName(java.lang.String)	28667	/tmp/projects/libgdx/gdx/src/com/badlogic/gdx/utils/JsonValue.java	FIELD	com.badlogic.gdx.utils.JsonValue	null	name	null	/tmp/projects/libgdx/gdx/src/com/badlogic/gdx/utils/JsonValue.java
ASSIGN_FIELD_NULLABLE	assigning @Nullable expression to @NonNull field	com.badlogic.gdx.utils.JsonValue	set(java.lang.String)	30571	/tmp/projects/libgdx/gdx/src/com/badlogic/gdx/utils/JsonValue.java	FIELD	com.badlogic.gdx.utils.JsonValue	null	stringValue	null	/tmp/projects/libgdx/gdx/src/com/badlogic/gdx/utils/JsonValue.java
ASSIGN_FIELD_NULLABLE	assigning @Nullable expression to @NonNull field	com.badlogic.gdx.utils.JsonValue	set(double,java.lang.String)	30914	/tmp/projects/libgdx/gdx/src/com/badlogic/gdx/utils/JsonValue.java	FIELD	com.badlogic.gdx.utils.JsonValue	null	stringValue	null	/tmp/projects/libgdx/gdx/src/com/badlogic/gdx/utils/JsonValue.java
ASSIGN_FIELD_NULLABLE	assigning @Nullable expression to @NonNull field	com.badlogic.gdx.utils.JsonValue	set(long,java.lang.String)	31220	/tmp/projects/libgdx/gdx/src/com/badlogic/gdx/utils/JsonValue.java	FIELD	com.badlogic.gdx.utils.JsonValue	null	stringValue	null	/tmp/projects/libgdx/gdx/src/com/badlogic/gdx/utils/JsonValue.java
DEREFERENCE_NULLABLE	dereferenced expression current is @Nullable	com.badlogic.gdx.utils.JsonValue$JsonIterator	remove()	40647	/tmp/projects/libgdx/gdx/src/com/badlogic/gdx/utils/JsonValue.java	null	null	null	null	null	null
FIELD_NO_INIT	@NonNull field JsonValue$PrettyPrintSettings.outputType not initialized	com.badlogic.gdx.utils.JsonValue$PrettyPrintSettings	outputType	41093	/tmp/projects/libgdx/gdx/src/com/badlogic/gdx/utils/JsonValue.java	FIELD	com.badlogic.gdx.utils.JsonValue$PrettyPrintSettings	null	outputType	null	/tmp/projects/libgdx/gdx/src/com/badlogic/gdx/utils/JsonValue.java
DEREFERENCE_NULLABLE	dereferenced expression thread is @Nullable	com.badlogic.gdx.utils.Timer	scheduleTask(com.badlogic.gdx.utils.Timer.Task,float,float,int)	3274	/tmp/projects/libgdx/gdx/src/com/badlogic/gdx/utils/Timer.java	null	null	null	null	null	null
PASS_NULLABLE	passing @Nullable parameter 'c2' where @NonNull is required	com.badlogic.gdx.utils.reflect.ClassReflection	isAssignableFrom(java.lang.Class,java.lang.Class)	1965	/tmp/projects/libgdx/gdx/src/com/badlogic/gdx/utils/reflect/ClassReflection.java	PARAMETER	java.lang.Class	isAssignableFrom(java.lang.Class<?>)	arg0	0	null
METHOD_NO_INIT	initializer method does not guarantee @NonNull field a (line 38) is initialized along all control-flow paths (remember to check for exceptions or early returns).	com.badlogic.gdx.utils.ComparableTimSort	ComparableTimSort()	3733	/tmp/projects/libgdx/gdx/src/com/badlogic/gdx/utils/ComparableTimSort.java	null	null	null	null	null	null
ASSIGN_FIELD_NULLABLE	assigning @Nullable expression to @NonNull field	com.badlogic.gdx.utils.ComparableTimSort	doSort(java.lang.Object[],int,int)	5157	/tmp/projects/libgdx/gdx/src/com/badlogic/gdx/utils/ComparableTimSort.java	FIELD	com.badlogic.gdx.utils.ComparableTimSort	null	a	null	/tmp/projects/libgdx/gdx/src/com/badlogic/gdx/utils/ComparableTimSort.java
METHOD_NO_INIT	initializer method does not guarantee @NonNull fields entries1 (line 69), entries2 (line 69), values1 (line 70), values2 (line 70), keys1 (line 71), keys2 (line 71) are initialized along all control-flow paths (remember to check for exceptions or early returns).	com.badlogic.gdx.utils.IntFloatMap	IntFloatMap(int,float)	4159	/tmp/projects/libgdx/gdx/src/com/badlogic/gdx/utils/IntFloatMap.java	null	null	null	null	null	null
METHOD_NO_INIT	initializer method does not guarantee @NonNull field properties (line 83) is initialized along all control-flow paths (remember to check for exceptions or early returns).	com.badlogic.gdx.utils.I18NBundle	setLocale(java.util.Locale)	18845	/tmp/projects/libgdx/gdx/src/com/badlogic/gdx/utils/I18NBundle.java	null	null	null	null	null	null
RETURN_NULLABLE	returning @Nullable expression from method with @NonNull return type	com.badlogic.gdx.utils.JsonReader	parse(char[],int,int)	16010	/tmp/projects/libgdx/gdx/src/com/badlogic/gdx/utils/JsonReader.java	METHOD	com.badlogic.gdx.utils.JsonReader	parse(char[],int,int)	null	null	/tmp/projects/libgdx/gdx/src/com/badlogic/gdx/utils/JsonReader.java
DEREFERENCE_NULLABLE	dereferenced expression current is @Nullable	com.badlogic.gdx.utils.JsonReader	pop()	21958	/tmp/projects/libgdx/gdx/src/com/badlogic/gdx/utils/JsonReader.java	null	null	null	null	null	null
METHOD_NO_INIT	initializer method does not guarantee @NonNull fields entries1 (line 40), entries2 (line 40), values1 (line 41), values2 (line 41), keys1 (line 42), keys2 (line 42) are initialized along all control-flow paths (remember to check for exceptions or early returns).	com.badlogic.gdx.utils.ArrayMap	ArrayMap(boolean,int)	2403	/tmp/projects/libgdx/gdx/src/com/badlogic/gdx/utils/ArrayMap.java	null	null	null	null	null	null
METHOD_NO_INIT	initializer method does not guarantee @NonNull fields entries1 (line 40), entries2 (line 40), values1 (line 41), values2 (line 41), keys1 (line 42), keys2 (line 42) are initialized along all control-flow paths (remember to check for exceptions or early returns).	com.badlogic.gdx.utils.ArrayMap	ArrayMap(boolean,int,java.lang.Class,java.lang.Class)	2894	/tmp/projects/libgdx/gdx/src/com/badlogic/gdx/utils/ArrayMap.java	null	null	null	null	null	null
ASSIGN_FIELD_NULLABLE	assigning @Nullable expression to @NonNull field	com.badlogic.gdx.utils.ReflectionPool	ReflectionPool(java.lang.Class<T>,int,int)	1629	/tmp/projects/libgdx/gdx/src/com/badlogic/gdx/utils/ReflectionPool.java	FIELD	com.badlogic.gdx.utils.ReflectionPool	null	constructor	null	/tmp/projects/libgdx/gdx/src/com/badlogic/gdx/utils/ReflectionPool.java
METHOD_NO_INIT	initializer method does not guarantee @NonNull fields iterator1 (line 64), iterator2 (line 64) are initialized along all control-flow paths (remember to check for exceptions or early returns).	com.badlogic.gdx.utils.IntSet	IntSet(int,float)	3929	/tmp/projects/libgdx/gdx/src/com/badlogic/gdx/utils/IntSet.java	null	null	null	null	null	null
METHOD_NO_INIT	initializer method does not guarantee @NonNull field writer (line 50) is initialized along all control-flow paths (remember to check for exceptions or early returns).	com.badlogic.gdx.utils.Json	Json()	2780	/tmp/projects/libgdx/gdx/src/com/badlogic/gdx/utils/Json.java	null	null	null	null	null	null
METHOD_NO_INIT	initializer method does not guarantee @NonNull field writer (line 50) is initialized along all control-flow paths (remember to check for exceptions or early returns).	com.badlogic.gdx.utils.Json	Json(com.badlogic.gdx.utils.JsonWriter.OutputType)	2837	/tmp/projects/libgdx/gdx/src/com/badlogic/gdx/utils/Json.java	null	null	null	null	null	null
ASSIGN_FIELD_NULLABLE	assigning @Nullable expression to @NonNull field	com.badlogic.gdx.utils.Json	toJson(java.lang.Object,java.lang.Class,java.lang.Class,java.io.Writer)	10934	/tmp/projects/libgdx/gdx/src/com/badlogic/gdx/utils/Json.java	FIELD	com.badlogic.gdx.utils.Json	null	writer	null	/tmp/projects/libgdx/gdx/src/com/badlogic/gdx/utils/Json.java
RETURN_NULLABLE	returning @Nullable expression from method with @NonNull return type	com.badlogic.gdx.utils.Json	<T>readValue(java.lang.String,java.lang.Class<T>,T,com.badlogic.gdx.utils.JsonValue)	35027	/tmp/projects/libgdx/gdx/src/com/badlogic/gdx/utils/Json.java	METHOD	com.badlogic.gdx.utils.Json	<T>readValue(java.lang.String,java.lang.Class<T>,T,com.badlogic.gdx.utils.JsonValue)	null	null	/tmp/projects/libgdx/gdx/src/com/badlogic/gdx/utils/Json.java
RETURN_NULLABLE	returning @Nullable expression from method with @NonNull return type	com.badlogic.gdx.utils.Json	<T>readValue(java.lang.Class<T>,java.lang.Class,com.badlogic.gdx.utils.JsonValue)	36643	/tmp/projects/libgdx/gdx/src/com/badlogic/gdx/utils/Json.java	METHOD	com.badlogic.gdx.utils.Json	<T>readValue(java.lang.Class<T>,java.lang.Class,com.badlogic.gdx.utils.JsonValue)	null	null	/tmp/projects/libgdx/gdx/src/com/badlogic/gdx/utils/Json.java
RETURN_NULLABLE	returning @Nullable expression from method with @NonNull return type	com.badlogic.gdx.utils.Json	<T>readValue(java.lang.Class<T>,java.lang.Class,com.badlogic.gdx.utils.JsonValue)	44992	/tmp/projects/libgdx/gdx/src/com/badlogic/gdx/utils/Json.java	METHOD	com.badlogic.gdx.utils.Json	<T>readValue(java.lang.Class<T>,java.lang.Class,com.badlogic.gdx.utils.JsonValue)	null	null	/tmp/projects/libgdx/gdx/src/com/badlogic/gdx/utils/Json.java
WRONG_OVERRIDE_PARAM	parameter key is @NonNull, but parameter in superclass method com.badlogic.gdx.utils.ObjectMap.remove(K) is @Nullable	com.badlogic.gdx.utils.OrderedMap	remove(K)	4357	/tmp/projects/libgdx/gdx/src/com/badlogic/gdx/utils/OrderedMap.java	PARAMETER	com.badlogic.gdx.utils.OrderedMap	remove(K)	key	0	/tmp/projects/libgdx/gdx/src/com/badlogic/gdx/utils/OrderedMap.java
METHOD_NO_INIT	initializer method does not guarantee @NonNull fields a (line 55), c (line 58) are initialized along all control-flow paths (remember to check for exceptions or early returns).	com.badlogic.gdx.utils.TimSort	TimSort()	4741	/tmp/projects/libgdx/gdx/src/com/badlogic/gdx/utils/TimSort.java	null	null	null	null	null	null
ASSIGN_FIELD_NULLABLE	assigning @Nullable expression to @NonNull field	com.badlogic.gdx.utils.TimSort	doSort(T[],java.util.Comparator<T>,int,int)	6198	/tmp/projects/libgdx/gdx/src/com/badlogic/gdx/utils/TimSort.java	FIELD	com.badlogic.gdx.utils.TimSort	null	a	null	/tmp/projects/libgdx/gdx/src/com/badlogic/gdx/utils/TimSort.java
ASSIGN_FIELD_NULLABLE	assigning @Nullable expression to @NonNull field	com.badlogic.gdx.utils.TimSort	doSort(T[],java.util.Comparator<T>,int,int)	6215	/tmp/projects/libgdx/gdx/src/com/badlogic/gdx/utils/TimSort.java	FIELD	com.badlogic.gdx.utils.TimSort	null	c	null	/tmp/projects/libgdx/gdx/src/com/badlogic/gdx/utils/TimSort.java
METHOD_NO_INIT	initializer method does not guarantee @NonNull fields entries1 (line 69), entries2 (line 69), values1 (line 70), values2 (line 70), keys1 (line 71), keys2 (line 71) are initialized along all control-flow paths (remember to check for exceptions or early returns).	com.badlogic.gdx.utils.LongMap	LongMap(int,float)	4145	/tmp/projects/libgdx/gdx/src/com/badlogic/gdx/utils/LongMap.java	null	null	null	null	null	null
DEREFERENCE_NULLABLE	dereferenced expression tail is @Nullable	com.badlogic.gdx.utils.PooledLinkedList	add(T)	1756	/tmp/projects/libgdx/gdx/src/com/badlogic/gdx/utils/PooledLinkedList.java	null	null	null	null	null	null
DEREFERENCE_NULLABLE	dereferenced expression n is @Nullable	com.badlogic.gdx.utils.PooledLinkedList	remove()	3341	/tmp/projects/libgdx/gdx/src/com/badlogic/gdx/utils/PooledLinkedList.java	null	null	null	null	null	null
DEREFERENCE_NULLABLE	dereferenced expression p is @Nullable	com.badlogic.gdx.utils.PooledLinkedList	remove()	3407	/tmp/projects/libgdx/gdx/src/com/badlogic/gdx/utils/PooledLinkedList.java	null	null	null	null	null	null
DEREFERENCE_NULLABLE	dereferenced expression p is @Nullable	com.badlogic.gdx.utils.PooledLinkedList	remove()	3453	/tmp/projects/libgdx/gdx/src/com/badlogic/gdx/utils/PooledLinkedList.java	null	null	null	null	null	null
DEREFERENCE_NULLABLE	dereferenced expression n is @Nullable	com.badlogic.gdx.utils.PooledLinkedList	remove()	3467	/tmp/projects/libgdx/gdx/src/com/badlogic/gdx/utils/PooledLinkedList.java	null	null	null	null	null	null
DEREFERENCE_NULLABLE	dereferenced expression tail is @Nullable	com.badlogic.gdx.utils.PooledLinkedList	removeLast()	3799	/tmp/projects/libgdx/gdx/src/com/badlogic/gdx/utils/PooledLinkedList.java	null	null	null	null	null	null
DEREFERENCE_NULLABLE	dereferenced expression iterator2 is @Nullable	com.badlogic.gdx.utils.OrderedSet	iterator()	6536	/tmp/projects/libgdx/gdx/src/com/badlogic/gdx/utils/OrderedSet.java	null	null	null	null	null	null
DEREFERENCE_NULLABLE	dereferenced expression iterator2 is @Nullable	com.badlogic.gdx.utils.OrderedSet	iterator()	6588	/tmp/projects/libgdx/gdx/src/com/badlogic/gdx/utils/OrderedSet.java	null	null	null	null	null	null
DEREFERENCE_NULLABLE	dereferenced expression position is @Nullable	com.badlogic.gdx.utils.SortedIntList$Iterator	next()	3934	/tmp/projects/libgdx/gdx/src/com/badlogic/gdx/utils/SortedIntList.java	null	null	null	null	null	null
DEREFERENCE_NULLABLE	dereferenced expression previousPosition.p is @Nullable	com.badlogic.gdx.utils.SortedIntList$Iterator	remove()	4379	/tmp/projects/libgdx/gdx/src/com/badlogic/gdx/utils/SortedIntList.java	null	null	null	null	null	null
FIELD_NO_INIT	@NonNull field SortedIntList$Node.value not initialized	com.badlogic.gdx.utils.SortedIntList$Node	value	4794	/tmp/projects/libgdx/gdx/src/com/badlogic/gdx/utils/SortedIntList.java	FIELD	com.badlogic.gdx.utils.SortedIntList$Node	null	value	null	/tmp/projects/libgdx/gdx/src/com/badlogic/gdx/utils/SortedIntList.java
METHOD_NO_INIT	initializer method does not guarantee @NonNull fields entries1 (line 66), entries2 (line 66), values1 (line 67), values2 (line 67), keys1 (line 68), keys2 (line 68) are initialized along all control-flow paths (remember to check for exceptions or early returns).	com.badlogic.gdx.utils.ObjectLongMap	ObjectLongMap(int,float)	4112	/tmp/projects/libgdx/gdx/src/com/badlogic/gdx/utils/ObjectLongMap.java	null	null	null	null	null	null
METHOD_NO_INIT	initializer method does not guarantee @NonNull fields entries1 (line 68), entries2 (line 68), values1 (line 69), values2 (line 69), keys1 (line 70), keys2 (line 70) are initialized along all control-flow paths (remember to check for exceptions or early returns).	com.badlogic.gdx.utils.IntIntMap	IntIntMap(int,float)	4121	/tmp/projects/libgdx/gdx/src/com/badlogic/gdx/utils/IntIntMap.java	null	null	null	null	null	null
FIELD_NO_INIT	@NonNull field camera not initialized	com.badlogic.gdx.utils.viewport.Viewport	camera	1482	/tmp/projects/libgdx/gdx/src/com/badlogic/gdx/utils/viewport/Viewport.java	FIELD	com.badlogic.gdx.utils.viewport.Viewport	null	camera	null	/tmp/projects/libgdx/gdx/src/com/badlogic/gdx/utils/viewport/Viewport.java
METHOD_NO_INIT	initializer method does not guarantee @NonNull fields iterator1 (line 500), iterator2 (line 500) are initialized along all control-flow paths (remember to check for exceptions or early returns).	com.badlogic.gdx.utils.Queue$QueueIterable	QueueIterable(com.badlogic.gdx.utils.Queue<T>,boolean)	15117	/tmp/projects/libgdx/gdx/src/com/badlogic/gdx/utils/Queue.java	null	null	null	null	null	null
METHOD_NO_INIT	initializer method does not guarantee @NonNull fields entries1 (line 66), entries2 (line 66), values1 (line 67), values2 (line 67), keys1 (line 68), keys2 (line 68) are initialized along all control-flow paths (remember to check for exceptions or early returns).	com.badlogic.gdx.utils.ObjectFloatMap	ObjectFloatMap(int,float)	4118	/tmp/projects/libgdx/gdx/src/com/badlogic/gdx/utils/ObjectFloatMap.java	null	null	null	null	null	null
FIELD_NO_INIT	@NonNull field Encoder$LiteralEncoder.m_Coders not initialized	com.badlogic.gdx.utils.compression.lzma.Encoder$LiteralEncoder	m_Coders	4012	/tmp/projects/libgdx/gdx/src/com/badlogic/gdx/utils/compression/lzma/Encoder.java	FIELD	com.badlogic.gdx.utils.compression.lzma.Encoder$LiteralEncoder	null	m_Coders	null	/tmp/projects/libgdx/gdx/src/com/badlogic/gdx/utils/compression/lzma/Encoder.java
ASSIGN_FIELD_NULLABLE	assigning @Nullable expression to @NonNull field	com.badlogic.gdx.utils.compression.lzma.Encoder	_matchFinder	8906	/tmp/projects/libgdx/gdx/src/com/badlogic/gdx/utils/compression/lzma/Encoder.java	FIELD	com.badlogic.gdx.utils.compression.lzma.Encoder	null	_matchFinder	null	/tmp/projects/libgdx/gdx/src/com/badlogic/gdx/utils/compression/lzma/Encoder.java
ASSIGN_FIELD_NULLABLE	assigning @Nullable expression to @NonNull field	com.badlogic.gdx.utils.compression.lzma.Encoder	SetMatchFinder(int)	41312	/tmp/projects/libgdx/gdx/src/com/badlogic/gdx/utils/compression/lzma/Encoder.java	FIELD	com.badlogic.gdx.utils.compression.lzma.Encoder	null	_matchFinder	null	/tmp/projects/libgdx/gdx/src/com/badlogic/gdx/utils/compression/lzma/Encoder.java
FIELD_NO_INIT	@NonNull field _son not initialized	com.badlogic.gdx.utils.compression.lz.BinTree	_son	238	/tmp/projects/libgdx/gdx/src/com/badlogic/gdx/utils/compression/lz/BinTree.java	FIELD	com.badlogic.gdx.utils.compression.lz.BinTree	null	_son	null	/tmp/projects/libgdx/gdx/src/com/badlogic/gdx/utils/compression/lz/BinTree.java
FIELD_NO_INIT	@NonNull field _hash not initialized	com.badlogic.gdx.utils.compression.lz.BinTree	_hash	251	/tmp/projects/libgdx/gdx/src/com/badlogic/gdx/utils/compression/lz/BinTree.java	FIELD	com.badlogic.gdx.utils.compression.lz.BinTree	null	_hash	null	/tmp/projects/libgdx/gdx/src/com/badlogic/gdx/utils/compression/lz/BinTree.java
FIELD_NO_INIT	@NonNull field _bufferBase not initialized	com.badlogic.gdx.utils.compression.lz.InWindow	_bufferBase	152	/tmp/projects/libgdx/gdx/src/com/badlogic/gdx/utils/compression/lz/InWindow.java	FIELD	com.badlogic.gdx.utils.compression.lz.InWindow	null	_bufferBase	null	/tmp/projects/libgdx/gdx/src/com/badlogic/gdx/utils/compression/lz/InWindow.java
DEREFERENCE_NULLABLE	dereferenced expression _stream is @Nullable	com.badlogic.gdx.utils.compression.lz.InWindow	ReadBlock()	1421	/tmp/projects/libgdx/gdx/src/com/badlogic/gdx/utils/compression/lz/InWindow.java	null	null	null	null	null	null
ASSIGN_FIELD_NULLABLE	assigning @Nullable expression to @NonNull field	com.badlogic.gdx.utils.compression.lz.InWindow	Free()	1897	/tmp/projects/libgdx/gdx/src/com/badlogic/gdx/utils/compression/lz/InWindow.java	FIELD	com.badlogic.gdx.utils.compression.lz.InWindow	null	_bufferBase	null	/tmp/projects/libgdx/gdx/src/com/badlogic/gdx/utils/compression/lz/InWindow.java
DEREFERENCE_NULLABLE	dereferenced expression Stream is @Nullable	com.badlogic.gdx.utils.compression.rangecoder.Encoder	FlushStream()	1588	/tmp/projects/libgdx/gdx/src/com/badlogic/gdx/utils/compression/rangecoder/Encoder.java	null	null	null	null	null	null
DEREFERENCE_NULLABLE	dereferenced expression Stream is @Nullable	com.badlogic.gdx.utils.compression.rangecoder.Encoder	ShiftLow()	1790	/tmp/projects/libgdx/gdx/src/com/badlogic/gdx/utils/compression/rangecoder/Encoder.java	null	null	null	null	null	null
FIELD_NO_INIT	@NonNull field Decoder$LiteralDecoder.m_Coders not initialized	com.badlogic.gdx.utils.compression.lzma.Decoder$LiteralDecoder	m_Coders	3390	/tmp/projects/libgdx/gdx/src/com/badlogic/gdx/utils/compression/lzma/Decoder.java	FIELD	com.badlogic.gdx.utils.compression.lzma.Decoder$LiteralDecoder	null	m_Coders	null	/tmp/projects/libgdx/gdx/src/com/badlogic/gdx/utils/compression/lzma/Decoder.java
FIELD_NO_INIT	@NonNull field _buffer not initialized	com.badlogic.gdx.utils.compression.lz.OutWindow	_buffer	154	/tmp/projects/libgdx/gdx/src/com/badlogic/gdx/utils/compression/lz/OutWindow.java	FIELD	com.badlogic.gdx.utils.compression.lz.OutWindow	null	_buffer	null	/tmp/projects/libgdx/gdx/src/com/badlogic/gdx/utils/compression/lz/OutWindow.java
DEREFERENCE_NULLABLE	dereferenced expression _stream is @Nullable	com.badlogic.gdx.utils.compression.lz.OutWindow	Flush()	842	/tmp/projects/libgdx/gdx/src/com/badlogic/gdx/utils/compression/lz/OutWindow.java	null	null	null	null	null	null
FIELD_NO_INIT	@NonNull field Stream not initialized	com.badlogic.gdx.utils.compression.rangecoder.Decoder	Stream	1121	/tmp/projects/libgdx/gdx/src/com/badlogic/gdx/utils/compression/rangecoder/Decoder.java	FIELD	com.badlogic.gdx.utils.compression.rangecoder.Decoder	null	Stream	null	/tmp/projects/libgdx/gdx/src/com/badlogic/gdx/utils/compression/rangecoder/Decoder.java
ASSIGN_FIELD_NULLABLE	assigning @Nullable expression to @NonNull field	com.badlogic.gdx.utils.compression.rangecoder.Decoder	ReleaseStream()	1273	/tmp/projects/libgdx/gdx/src/com/badlogic/gdx/utils/compression/rangecoder/Decoder.java	FIELD	com.badlogic.gdx.utils.compression.rangecoder.Decoder	null	Stream	null	/tmp/projects/libgdx/gdx/src/com/badlogic/gdx/utils/compression/rangecoder/Decoder.java
FIELD_NO_INIT	@NonNull field CubemapLoader$CubemapLoaderInfo.data not initialized	com.badlogic.gdx.assets.loaders.CubemapLoader$CubemapLoaderInfo	data	2013	/tmp/projects/libgdx/gdx/src/com/badlogic/gdx/assets/loaders/CubemapLoader.java	FIELD	com.badlogic.gdx.assets.loaders.CubemapLoader$CubemapLoaderInfo	null	data	null	/tmp/projects/libgdx/gdx/src/com/badlogic/gdx/assets/loaders/CubemapLoader.java
DEREFERENCE_NULLABLE	dereferenced expression fileName is @Nullable	com.badlogic.gdx.assets.loaders.CubemapLoader	loadAsync(com.badlogic.gdx.assets.AssetManager,java.lang.String,com.badlogic.gdx.files.FileHandle,com.badlogic.gdx.assets.loaders.CubemapLoader.CubemapParameter)	2614	/tmp/projects/libgdx/gdx/src/com/badlogic/gdx/assets/loaders/CubemapLoader.java	null	null	null	null	null	null
PASS_NULLABLE	passing @Nullable parameter 'fileName' where @NonNull is required	com.badlogic.gdx.graphics.Cubemap$1	finishedLoading(com.badlogic.gdx.assets.AssetManager,java.lang.String,java.lang.Class)	11041	/tmp/projects/libgdx/gdx/src/com/badlogic/gdx/graphics/Cubemap.java	PARAMETER	com.badlogic.gdx.assets.AssetManager	setReferenceCount(java.lang.String,int)	fileName	0	/tmp/projects/libgdx/gdx/src/com/badlogic/gdx/assets/AssetManager.java
DEREFERENCE_NULLABLE	dereferenced expression managedCubemaps.get(Gdx.app) is @Nullable	com.badlogic.gdx.graphics.Cubemap	getNumManagedCubemaps()	12320	/tmp/projects/libgdx/gdx/src/com/badlogic/gdx/graphics/Cubemap.java	null	null	null	null	null	null
METHOD_NO_INIT	initializer method does not guarantee @NonNull field imagePaths (line 439) is initialized along all control-flow paths (remember to check for exceptions or early returns).	com.badlogic.gdx.graphics.g2d.BitmapFont$BitmapFontData	BitmapFontData()	21217	/tmp/projects/libgdx/gdx/src/com/badlogic/gdx/graphics/g2d/BitmapFont.java	null	null	null	null	null	null
METHOD_NO_INIT	initializer method does not guarantee @NonNull field imagePaths (line 439) is initialized along all control-flow paths (remember to check for exceptions or early returns).	com.badlogic.gdx.graphics.g2d.BitmapFont$BitmapFontData	BitmapFontData(com.badlogic.gdx.files.FileHandle,boolean)	21251	/tmp/projects/libgdx/gdx/src/com/badlogic/gdx/graphics/g2d/BitmapFont.java	null	null	null	null	null	null
DEREFERENCE_NULLABLE	dereferenced expression jsonMap.child is @Nullable	com.badlogic.gdx.scenes.scene2d.ui.Skin$1	readFields(java.lang.Object,com.badlogic.gdx.utils.JsonValue)	21062	/tmp/projects/libgdx/gdx/src/com/badlogic/gdx/scenes/scene2d/ui/Skin.java	null	null	null	null	null	null
METHOD_NO_INIT	initializer method does not guarantee @NonNull field region (line 31) is initialized along all control-flow paths (remember to check for exceptions or early returns).	com.badlogic.gdx.scenes.scene2d.utils.TextureRegionDrawable	TextureRegionDrawable()	1478	/tmp/projects/libgdx/gdx/src/com/badlogic/gdx/scenes/scene2d/utils/TextureRegionDrawable.java	null	null	null	null	null	null
METHOD_NO_INIT	initializer method does not guarantee @NonNull field region (line 31) is initialized along all control-flow paths (remember to check for exceptions or early returns).	com.badlogic.gdx.scenes.scene2d.utils.TextureRegionDrawable	TextureRegionDrawable(com.badlogic.gdx.graphics.Texture)	1517	/tmp/projects/libgdx/gdx/src/com/badlogic/gdx/scenes/scene2d/utils/TextureRegionDrawable.java	null	null	null	null	null	null
METHOD_NO_INIT	initializer method does not guarantee @NonNull field region (line 31) is initialized along all control-flow paths (remember to check for exceptions or early returns).	com.badlogic.gdx.scenes.scene2d.utils.TextureRegionDrawable	TextureRegionDrawable(com.badlogic.gdx.graphics.g2d.TextureRegion)	1612	/tmp/projects/libgdx/gdx/src/com/badlogic/gdx/scenes/scene2d/utils/TextureRegionDrawable.java	null	null	null	null	null	null
METHOD_NO_INIT	initializer method does not guarantee @NonNull field region (line 31) is initialized along all control-flow paths (remember to check for exceptions or early returns).	com.badlogic.gdx.scenes.scene2d.utils.TextureRegionDrawable	TextureRegionDrawable(com.badlogic.gdx.scenes.scene2d.utils.TextureRegionDrawable)	1692	/tmp/projects/libgdx/gdx/src/com/badlogic/gdx/scenes/scene2d/utils/TextureRegionDrawable.java	null	null	null	null	null	null
DEREFERENCE_NULLABLE	dereferenced expression action is @Nullable	com.badlogic.gdx.scenes.scene2d.Actor	addAction(com.badlogic.gdx.scenes.scene2d.Action)	11741	/tmp/projects/libgdx/gdx/src/com/badlogic/gdx/scenes/scene2d/Actor.java	null	null	null	null	null	null
RETURN_NULLABLE	returning @Nullable expression from method with @NonNull return type	com.badlogic.gdx.scenes.scene2d.Actor	getParent()	14506	/tmp/projects/libgdx/gdx/src/com/badlogic/gdx/scenes/scene2d/Actor.java	METHOD	com.badlogic.gdx.scenes.scene2d.Actor	getParent()	null	null	/tmp/projects/libgdx/gdx/src/com/badlogic/gdx/scenes/scene2d/Actor.java
FIELD_NO_INIT	@NonNull field type not initialized	com.badlogic.gdx.scenes.scene2d.InputEvent	type	1120	/tmp/projects/libgdx/gdx/src/com/badlogic/gdx/scenes/scene2d/InputEvent.java	FIELD	com.badlogic.gdx.scenes.scene2d.InputEvent	null	type	null	/tmp/projects/libgdx/gdx/src/com/badlogic/gdx/scenes/scene2d/InputEvent.java
METHOD_NO_INIT	initializer method does not guarantee @NonNull fields style (line 38), cache (line 43) are initialized along all control-flow paths (remember to check for exceptions or early returns).	com.badlogic.gdx.scenes.scene2d.ui.Label	Label(java.lang.CharSequence,com.badlogic.gdx.scenes.scene2d.ui.Label.LabelStyle)	3005	/tmp/projects/libgdx/gdx/src/com/badlogic/gdx/scenes/scene2d/ui/Label.java	null	null	null	null	null	null
METHOD_NO_INIT	initializer method does not guarantee @NonNull field font (line 374) is initialized along all control-flow paths (remember to check for exceptions or early returns).	com.badlogic.gdx.scenes.scene2d.ui.Label$LabelStyle	LabelStyle()	12583	/tmp/projects/libgdx/gdx/src/com/badlogic/gdx/scenes/scene2d/ui/Label.java	null	null	null	null	null	null
PASS_NULLABLE	passing @Nullable parameter 'null' where @NonNull is required	com.badlogic.gdx.scenes.scene2d.ui.Value	get()	1339	/tmp/projects/libgdx/gdx/src/com/badlogic/gdx/scenes/scene2d/ui/Value.java	PARAMETER	com.badlogic.gdx.scenes.scene2d.ui.Value	get(com.badlogic.gdx.scenes.scene2d.Actor)	context	0	/tmp/projects/libgdx/gdx/src/com/badlogic/gdx/scenes/scene2d/ui/Value.java
METHOD_NO_INIT	initializer method does not guarantee @NonNull fields columnMinWidth (line 70), rowMinHeight (line 70), columnPrefWidth (line 71), rowPrefHeight (line 71), columnWidth (line 74), rowHeight (line 74), expandWidth (line 75), expandHeight (line 75), debugRects (line 81) are initialized along all control-flow paths (remember to check for exceptions or early returns).	com.badlogic.gdx.scenes.scene2d.ui.Table	Table(com.badlogic.gdx.scenes.scene2d.ui.Skin)	3653	/tmp/projects/libgdx/gdx/src/com/badlogic/gdx/scenes/scene2d/ui/Table.java	null	null	null	null	null	null
ASSIGN_FIELD_NULLABLE	assigning @Nullable expression to @NonNull field	com.badlogic.gdx.scenes.scene2d.ui.Table	<T>add(T)	7630	/tmp/projects/libgdx/gdx/src/com/badlogic/gdx/scenes/scene2d/ui/Table.java	FIELD	com.badlogic.gdx.scenes.scene2d.ui.Cell	null	actor	null	/tmp/projects/libgdx/gdx/src/com/badlogic/gdx/scenes/scene2d/ui/Cell.java
ASSIGN_FIELD_NULLABLE	assigning @Nullable expression to @NonNull field	com.badlogic.gdx.scenes.scene2d.ui.Table	removeActor(com.badlogic.gdx.scenes.scene2d.Actor,boolean)	11224	/tmp/projects/libgdx/gdx/src/com/badlogic/gdx/scenes/scene2d/ui/Table.java	FIELD	com.badlogic.gdx.scenes.scene2d.ui.Cell	null	actor	null	/tmp/projects/libgdx/gdx/src/com/badlogic/gdx/scenes/scene2d/ui/Cell.java
ASSIGN_FIELD_NULLABLE	assigning @Nullable expression to @NonNull field	com.badlogic.gdx.scenes.scene2d.ui.Table	removeActorAt(int,boolean)	11424	/tmp/projects/libgdx/gdx/src/com/badlogic/gdx/scenes/scene2d/ui/Table.java	FIELD	com.badlogic.gdx.scenes.scene2d.ui.Cell	null	actor	null	/tmp/projects/libgdx/gdx/src/com/badlogic/gdx/scenes/scene2d/ui/Cell.java
RETURN_NULLABLE	returning @Nullable expression from method with @NonNull return type	com.badlogic.gdx.scenes.scene2d.ui.Table	<T>getCell(T)	14334	/tmp/projects/libgdx/gdx/src/com/badlogic/gdx/scenes/scene2d/ui/Table.java	METHOD	com.badlogic.gdx.scenes.scene2d.ui.Table	<T>getCell(T)	null	null	/tmp/projects/libgdx/gdx/src/com/badlogic/gdx/scenes/scene2d/ui/Table.java
UNBOX_NULLABLE	unboxing of a @Nullable value	com.badlogic.gdx.scenes.scene2d.ui.Table	layout()	37149	/tmp/projects/libgdx/gdx/src/com/badlogic/gdx/scenes/scene2d/ui/Table.java	null	null	null	null	null	null
UNBOX_NULLABLE	unboxing of a @Nullable value	com.badlogic.gdx.scenes.scene2d.ui.Table	layout()	37149	/tmp/projects/libgdx/gdx/src/com/badlogic/gdx/scenes/scene2d/ui/Table.java	null	null	null	null	null	null
UNBOX_NULLABLE	unboxing of a @Nullable value	com.badlogic.gdx.scenes.scene2d.ui.Table	layout()	37686	/tmp/projects/libgdx/gdx/src/com/badlogic/gdx/scenes/scene2d/ui/Table.java	null	null	null	null	null	null
SWITCH_EXPRESSION_NULLABLE	switch expression focusEvent.getType() is @Nullable	com.badlogic.gdx.scenes.scene2d.utils.FocusListener	handle(com.badlogic.gdx.scenes.scene2d.Event)	1288	/tmp/projects/libgdx/gdx/src/com/badlogic/gdx/scenes/scene2d/utils/FocusListener.java	null	null	null	null	null	null
FIELD_NO_INIT	@NonNull field Stage$TouchFocus.listener not initialized	com.badlogic.gdx.scenes.scene2d.Stage$TouchFocus	listener	33129	/tmp/projects/libgdx/gdx/src/com/badlogic/gdx/scenes/scene2d/Stage.java	FIELD	com.badlogic.gdx.scenes.scene2d.Stage$TouchFocus	null	listener	null	/tmp/projects/libgdx/gdx/src/com/badlogic/gdx/scenes/scene2d/Stage.java
ASSIGN_FIELD_NULLABLE	assigning @Nullable expression to @NonNull field	com.badlogic.gdx.scenes.scene2d.Stage$TouchFocus	reset()	33271	/tmp/projects/libgdx/gdx/src/com/badlogic/gdx/scenes/scene2d/Stage.java	FIELD	com.badlogic.gdx.scenes.scene2d.Stage$TouchFocus	null	listener	null	/tmp/projects/libgdx/gdx/src/com/badlogic/gdx/scenes/scene2d/Stage.java
RETURN_NULLABLE	returning @Nullable expression from method with @NonNull return type	com.badlogic.gdx.scenes.scene2d.Event	getTarget()	3471	/tmp/projects/libgdx/gdx/src/com/badlogic/gdx/scenes/scene2d/Event.java	METHOD	com.badlogic.gdx.scenes.scene2d.Event	getTarget()	null	null	/tmp/projects/libgdx/gdx/src/com/badlogic/gdx/scenes/scene2d/Event.java
RETURN_NULLABLE	returning @Nullable expression from method with @NonNull return type	com.badlogic.gdx.scenes.scene2d.Event	getListenerActor()	3687	/tmp/projects/libgdx/gdx/src/com/badlogic/gdx/scenes/scene2d/Event.java	METHOD	com.badlogic.gdx.scenes.scene2d.Event	getListenerActor()	null	null	/tmp/projects/libgdx/gdx/src/com/badlogic/gdx/scenes/scene2d/Event.java
RETURN_NULLABLE	returning @Nullable expression from method with @NonNull return type	com.badlogic.gdx.scenes.scene2d.Event	getStage()	4701	/tmp/projects/libgdx/gdx/src/com/badlogic/gdx/scenes/scene2d/Event.java	METHOD	com.badlogic.gdx.scenes.scene2d.Event	getStage()	null	null	/tmp/projects/libgdx/gdx/src/com/badlogic/gdx/scenes/scene2d/Event.java
FIELD_NO_INIT	@NonNull field target not initialized	com.badlogic.gdx.scenes.scene2d.Action	target	1422	/tmp/projects/libgdx/gdx/src/com/badlogic/gdx/scenes/scene2d/Action.java	FIELD	com.badlogic.gdx.scenes.scene2d.Action	null	target	null	/tmp/projects/libgdx/gdx/src/com/badlogic/gdx/scenes/scene2d/Action.java
ASSIGN_FIELD_NULLABLE	assigning @Nullable expression to @NonNull field	com.badlogic.gdx.scenes.scene2d.Action	setTarget(com.badlogic.gdx.scenes.scene2d.Actor)	3344	/tmp/projects/libgdx/gdx/src/com/badlogic/gdx/scenes/scene2d/Action.java	FIELD	com.badlogic.gdx.scenes.scene2d.Action	null	target	null	/tmp/projects/libgdx/gdx/src/com/badlogic/gdx/scenes/scene2d/Action.java
ASSIGN_FIELD_NULLABLE	assigning @Nullable expression to @NonNull field	com.badlogic.gdx.scenes.scene2d.Action	reset()	3938	/tmp/projects/libgdx/gdx/src/com/badlogic/gdx/scenes/scene2d/Action.java	FIELD	com.badlogic.gdx.scenes.scene2d.Action	null	target	null	/tmp/projects/libgdx/gdx/src/com/badlogic/gdx/scenes/scene2d/Action.java
METHOD_NO_INIT	initializer method does not guarantee @NonNull fields minWidth (line 24), minHeight (line 24), prefWidth (line 25), prefHeight (line 25), maxWidth (line 26), maxHeight (line 26), spaceTop (line 27), spaceLeft (line 27), spaceBottom (line 27), spaceRight (line 27), padTop (line 28), padLeft (line 28), padBottom (line 28), padRight (line 28), expandX (line 31), expandY (line 31), colspan (line 32), actor (line 35), table (line 39) are initialized along all control-flow paths (remember to check for exceptions or early returns).	com.badlogic.gdx.scenes.scene2d.ui.Cell	Cell()	1351	/tmp/projects/libgdx/gdx/src/com/badlogic/gdx/scenes/scene2d/ui/Cell.java	null	null	null	null	null	null
ASSIGN_FIELD_NULLABLE	assigning @Nullable expression to @NonNull field	com.badlogic.gdx.scenes.scene2d.ui.Cell	<A>setActor(A)	1812	/tmp/projects/libgdx/gdx/src/com/badlogic/gdx/scenes/scene2d/ui/Cell.java	FIELD	com.badlogic.gdx.scenes.scene2d.ui.Cell	null	actor	null	/tmp/projects/libgdx/gdx/src/com/badlogic/gdx/scenes/scene2d/ui/Cell.java
ASSIGN_FIELD_NULLABLE	assigning @Nullable expression to @NonNull field	com.badlogic.gdx.scenes.scene2d.ui.Cell	clear()	23954	/tmp/projects/libgdx/gdx/src/com/badlogic/gdx/scenes/scene2d/ui/Cell.java	FIELD	com.badlogic.gdx.scenes.scene2d.ui.Cell	null	minWidth	null	/tmp/projects/libgdx/gdx/src/com/badlogic/gdx/scenes/scene2d/ui/Cell.java
ASSIGN_FIELD_NULLABLE	assigning @Nullable expression to @NonNull field	com.badlogic.gdx.scenes.scene2d.ui.Cell	clear()	23973	/tmp/projects/libgdx/gdx/src/com/badlogic/gdx/scenes/scene2d/ui/Cell.java	FIELD	com.badlogic.gdx.scenes.scene2d.ui.Cell	null	minHeight	null	/tmp/projects/libgdx/gdx/src/com/badlogic/gdx/scenes/scene2d/ui/Cell.java
ASSIGN_FIELD_NULLABLE	assigning @Nullable expression to @NonNull field	com.badlogic.gdx.scenes.scene2d.ui.Cell	clear()	23993	/tmp/projects/libgdx/gdx/src/com/badlogic/gdx/scenes/scene2d/ui/Cell.java	FIELD	com.badlogic.gdx.scenes.scene2d.ui.Cell	null	prefWidth	null	/tmp/projects/libgdx/gdx/src/com/badlogic/gdx/scenes/scene2d/ui/Cell.java
ASSIGN_FIELD_NULLABLE	assigning @Nullable expression to @NonNull field	com.badlogic.gdx.scenes.scene2d.ui.Cell	clear()	24013	/tmp/projects/libgdx/gdx/src/com/badlogic/gdx/scenes/scene2d/ui/Cell.java	FIELD	com.badlogic.gdx.scenes.scene2d.ui.Cell	null	prefHeight	null	/tmp/projects/libgdx/gdx/src/com/badlogic/gdx/scenes/scene2d/ui/Cell.java
ASSIGN_FIELD_NULLABLE	assigning @Nullable expression to @NonNull field	com.badlogic.gdx.scenes.scene2d.ui.Cell	clear()	24034	/tmp/projects/libgdx/gdx/src/com/badlogic/gdx/scenes/scene2d/ui/Cell.java	FIELD	com.badlogic.gdx.scenes.scene2d.ui.Cell	null	maxWidth	null	/tmp/projects/libgdx/gdx/src/com/badlogic/gdx/scenes/scene2d/ui/Cell.java
ASSIGN_FIELD_NULLABLE	assigning @Nullable expression to @NonNull field	com.badlogic.gdx.scenes.scene2d.ui.Cell	clear()	24053	/tmp/projects/libgdx/gdx/src/com/badlogic/gdx/scenes/scene2d/ui/Cell.java	FIELD	com.badlogic.gdx.scenes.scene2d.ui.Cell	null	maxHeight	null	/tmp/projects/libgdx/gdx/src/com/badlogic/gdx/scenes/scene2d/ui/Cell.java
ASSIGN_FIELD_NULLABLE	assigning @Nullable expression to @NonNull field	com.badlogic.gdx.scenes.scene2d.ui.Cell	clear()	24073	/tmp/projects/libgdx/gdx/src/com/badlogic/gdx/scenes/scene2d/ui/Cell.java	FIELD	com.badlogic.gdx.scenes.scene2d.ui.Cell	null	spaceTop	null	/tmp/projects/libgdx/gdx/src/com/badlogic/gdx/scenes/scene2d/ui/Cell.java
ASSIGN_FIELD_NULLABLE	assigning @Nullable expression to @NonNull field	com.badlogic.gdx.scenes.scene2d.ui.Cell	clear()	24092	/tmp/projects/libgdx/gdx/src/com/badlogic/gdx/scenes/scene2d/ui/Cell.java	FIELD	com.badlogic.gdx.scenes.scene2d.ui.Cell	null	spaceLeft	null	/tmp/projects/libgdx/gdx/src/com/badlogic/gdx/scenes/scene2d/ui/Cell.java
ASSIGN_FIELD_NULLABLE	assigning @Nullable expression to @NonNull field	com.badlogic.gdx.scenes.scene2d.ui.Cell	clear()	24112	/tmp/projects/libgdx/gdx/src/com/badlogic/gdx/scenes/scene2d/ui/Cell.java	FIELD	com.badlogic.gdx.scenes.scene2d.ui.Cell	null	spaceBottom	null	/tmp/projects/libgdx/gdx/src/com/badlogic/gdx/scenes/scene2d/ui/Cell.java
ASSIGN_FIELD_NULLABLE	assigning @Nullable expression to @NonNull field	com.badlogic.gdx.scenes.scene2d.ui.Cell	clear()	24134	/tmp/projects/libgdx/gdx/src/com/badlogic/gdx/scenes/scene2d/ui/Cell.java	FIELD	com.badlogic.gdx.scenes.scene2d.ui.Cell	null	spaceRight	null	/tmp/projects/libgdx/gdx/src/com/badlogic/gdx/scenes/scene2d/ui/Cell.java
ASSIGN_FIELD_NULLABLE	assigning @Nullable expression to @NonNull field	com.badlogic.gdx.scenes.scene2d.ui.Cell	clear()	24155	/tmp/projects/libgdx/gdx/src/com/badlogic/gdx/scenes/scene2d/ui/Cell.java	FIELD	com.badlogic.gdx.scenes.scene2d.ui.Cell	null	padTop	null	/tmp/projects/libgdx/gdx/src/com/badlogic/gdx/scenes/scene2d/ui/Cell.java
ASSIGN_FIELD_NULLABLE	assigning @Nullable expression to @NonNull field	com.badlogic.gdx.scenes.scene2d.ui.Cell	clear()	24172	/tmp/projects/libgdx/gdx/src/com/badlogic/gdx/scenes/scene2d/ui/Cell.java	FIELD	com.badlogic.gdx.scenes.scene2d.ui.Cell	null	padLeft	null	/tmp/projects/libgdx/gdx/src/com/badlogic/gdx/scenes/scene2d/ui/Cell.java
ASSIGN_FIELD_NULLABLE	assigning @Nullable expression to @NonNull field	com.badlogic.gdx.scenes.scene2d.ui.Cell	clear()	24190	/tmp/projects/libgdx/gdx/src/com/badlogic/gdx/scenes/scene2d/ui/Cell.java	FIELD	com.badlogic.gdx.scenes.scene2d.ui.Cell	null	padBottom	null	/tmp/projects/libgdx/gdx/src/com/badlogic/gdx/scenes/scene2d/ui/Cell.java
ASSIGN_FIELD_NULLABLE	assigning @Nullable expression to @NonNull field	com.badlogic.gdx.scenes.scene2d.ui.Cell	clear()	24210	/tmp/projects/libgdx/gdx/src/com/badlogic/gdx/scenes/scene2d/ui/Cell.java	FIELD	com.badlogic.gdx.scenes.scene2d.ui.Cell	null	padRight	null	/tmp/projects/libgdx/gdx/src/com/badlogic/gdx/scenes/scene2d/ui/Cell.java
ASSIGN_FIELD_NULLABLE	assigning @Nullable expression to @NonNull field	com.badlogic.gdx.scenes.scene2d.ui.Cell	clear()	24277	/tmp/projects/libgdx/gdx/src/com/badlogic/gdx/scenes/scene2d/ui/Cell.java	FIELD	com.badlogic.gdx.scenes.scene2d.ui.Cell	null	expandX	null	/tmp/projects/libgdx/gdx/src/com/badlogic/gdx/scenes/scene2d/ui/Cell.java
ASSIGN_FIELD_NULLABLE	assigning @Nullable expression to @NonNull field	com.badlogic.gdx.scenes.scene2d.ui.Cell	clear()	24295	/tmp/projects/libgdx/gdx/src/com/badlogic/gdx/scenes/scene2d/ui/Cell.java	FIELD	com.badlogic.gdx.scenes.scene2d.ui.Cell	null	expandY	null	/tmp/projects/libgdx/gdx/src/com/badlogic/gdx/scenes/scene2d/ui/Cell.java
ASSIGN_FIELD_NULLABLE	assigning @Nullable expression to @NonNull field	com.badlogic.gdx.scenes.scene2d.ui.Cell	clear()	24313	/tmp/projects/libgdx/gdx/src/com/badlogic/gdx/scenes/scene2d/ui/Cell.java	FIELD	com.badlogic.gdx.scenes.scene2d.ui.Cell	null	colspan	null	/tmp/projects/libgdx/gdx/src/com/badlogic/gdx/scenes/scene2d/ui/Cell.java
ASSIGN_FIELD_NULLABLE	assigning @Nullable expression to @NonNull field	com.badlogic.gdx.scenes.scene2d.ui.Cell	reset()	24513	/tmp/projects/libgdx/gdx/src/com/badlogic/gdx/scenes/scene2d/ui/Cell.java	FIELD	com.badlogic.gdx.scenes.scene2d.ui.Cell	null	actor	null	/tmp/projects/libgdx/gdx/src/com/badlogic/gdx/scenes/scene2d/ui/Cell.java
ASSIGN_FIELD_NULLABLE	assigning @Nullable expression to @NonNull field	com.badlogic.gdx.scenes.scene2d.ui.Cell	reset()	24529	/tmp/projects/libgdx/gdx/src/com/badlogic/gdx/scenes/scene2d/ui/Cell.java	FIELD	com.badlogic.gdx.scenes.scene2d.ui.Cell	null	table	null	/tmp/projects/libgdx/gdx/src/com/badlogic/gdx/scenes/scene2d/ui/Cell.java
DEREFERENCE_NULLABLE	dereferenced expression cell is @Nullable	com.badlogic.gdx.scenes.scene2d.ui.Cell	set(com.badlogic.gdx.scenes.scene2d.ui.Cell)	24654	/tmp/projects/libgdx/gdx/src/com/badlogic/gdx/scenes/scene2d/ui/Cell.java	null	null	null	null	null	null
METHOD_NO_INIT	initializer method does not guarantee @NonNull field pageGlyphIndices (line 55) is initialized along all control-flow paths (remember to check for exceptions or early returns).	com.badlogic.gdx.graphics.g2d.BitmapFontCache	BitmapFontCache(com.badlogic.gdx.graphics.g2d.BitmapFont,boolean)	2544	/tmp/projects/libgdx/gdx/src/com/badlogic/gdx/graphics/g2d/BitmapFontCache.java	null	null	null	null	null	null
DEREFERENCE_NULLABLE	dereferenced expression fileName is @Nullable	com.badlogic.gdx.assets.loaders.ShaderProgramLoader	loadSync(com.badlogic.gdx.assets.AssetManager,java.lang.String,com.badlogic.gdx.files.FileHandle,com.badlogic.gdx.assets.loaders.ShaderProgramLoader.ShaderProgramParameter)	3258	/tmp/projects/libgdx/gdx/src/com/badlogic/gdx/assets/loaders/ShaderProgramLoader.java	null	null	null	null	null	null
DEREFERENCE_NULLABLE	dereferenced expression fileName is @Nullable	com.badlogic.gdx.assets.loaders.ShaderProgramLoader	loadSync(com.badlogic.gdx.assets.AssetManager,java.lang.String,com.badlogic.gdx.files.FileHandle,com.badlogic.gdx.assets.loaders.ShaderProgramLoader.ShaderProgramParameter)	3442	/tmp/projects/libgdx/gdx/src/com/badlogic/gdx/assets/loaders/ShaderProgramLoader.java	null	null	null	null	null	null
METHOD_NO_INIT	initializer method does not guarantee @NonNull field data (line 44) is initialized along all control-flow paths (remember to check for exceptions or early returns).	com.badlogic.gdx.assets.loaders.BitmapFontLoader	BitmapFontLoader(com.badlogic.gdx.assets.loaders.FileHandleResolver)	1979	/tmp/projects/libgdx/gdx/src/com/badlogic/gdx/assets/loaders/BitmapFontLoader.java	null	null	null	null	null	null
DEREFERENCE_NULLABLE	dereferenced expression data is @Nullable	com.badlogic.gdx.assets.loaders.TextureAtlasLoader	load(com.badlogic.gdx.assets.AssetManager,java.lang.String,com.badlogic.gdx.files.FileHandle,com.badlogic.gdx.assets.loaders.TextureAtlasLoader.TextureAtlasParameter)	2061	/tmp/projects/libgdx/gdx/src/com/badlogic/gdx/assets/loaders/TextureAtlasLoader.java	null	null	null	null	null	null
METHOD_NO_INIT	initializer method does not guarantee @NonNull fields particles (line 69), name (line 72), active (line 75) are initialized along all control-flow paths (remember to check for exceptions or early returns).	com.badlogic.gdx.graphics.g2d.ParticleEmitter	ParticleEmitter()	4127	/tmp/projects/libgdx/gdx/src/com/badlogic/gdx/graphics/g2d/ParticleEmitter.java	null	null	null	null	null	null
METHOD_NO_INIT	initializer method does not guarantee @NonNull fields particles (line 69), name (line 72), active (line 75) are initialized along all control-flow paths (remember to check for exceptions or early returns).	com.badlogic.gdx.graphics.g2d.ParticleEmitter	ParticleEmitter(java.io.BufferedReader)	4176	/tmp/projects/libgdx/gdx/src/com/badlogic/gdx/graphics/g2d/ParticleEmitter.java	null	null	null	null	null	null
METHOD_NO_INIT	initializer method does not guarantee @NonNull fields particles (line 69), active (line 75) are initialized along all control-flow paths (remember to check for exceptions or early returns).	com.badlogic.gdx.graphics.g2d.ParticleEmitter	ParticleEmitter(com.badlogic.gdx.graphics.g2d.ParticleEmitter)	4281	/tmp/projects/libgdx/gdx/src/com/badlogic/gdx/graphics/g2d/ParticleEmitter.java	null	null	null	null	null	null
DEREFERENCE_NULLABLE	dereferenced expression sprite is @Nullable	com.badlogic.gdx.graphics.g2d.ParticleEmitter	activateParticle(int)	14561	/tmp/projects/libgdx/gdx/src/com/badlogic/gdx/graphics/g2d/ParticleEmitter.java	null	null	null	null	null	null
DEREFERENCE_NULLABLE	dereferenced expression sprite is @Nullable	com.badlogic.gdx.graphics.g2d.ParticleEmitter	setSprites(com.badlogic.gdx.utils.Array<com.badlogic.gdx.graphics.g2d.Sprite>)	23680	/tmp/projects/libgdx/gdx/src/com/badlogic/gdx/graphics/g2d/ParticleEmitter.java	null	null	null	null	null	null
METHOD_NO_INIT	initializer method does not guarantee @NonNull field tint (line 1232) is initialized along all control-flow paths (remember to check for exceptions or early returns).	com.badlogic.gdx.graphics.g2d.ParticleEmitter$Particle	Particle(com.badlogic.gdx.graphics.g2d.Sprite)	39164	/tmp/projects/libgdx/gdx/src/com/badlogic/gdx/graphics/g2d/ParticleEmitter.java	null	null	null	null	null	null
ASSIGN_FIELD_NULLABLE	assigning @Nullable expression to @NonNull field	com.badlogic.gdx.assets.loaders.ModelLoader	getDependencies(java.lang.String,com.badlogic.gdx.files.FileHandle,P)	3782	/tmp/projects/libgdx/gdx/src/com/badlogic/gdx/assets/loaders/ModelLoader.java	FIELD	com.badlogic.gdx.utils.ObjectMap$Entry	null	key	null	/tmp/projects/libgdx/gdx/src/com/badlogic/gdx/utils/ObjectMap.java
ASSIGN_FIELD_NULLABLE	assigning @Nullable expression to @NonNull field	com.badlogic.gdx.graphics.g3d.Model	loadAnimations(java.lang.Iterable<com.badlogic.gdx.graphics.g3d.model.data.ModelAnimation>)	6149	/tmp/projects/libgdx/gdx/src/com/badlogic/gdx/graphics/g3d/Model.java	FIELD	com.badlogic.gdx.graphics.g3d.model.Animation	null	id	null	/tmp/projects/libgdx/gdx/src/com/badlogic/gdx/graphics/g3d/model/Animation.java
ASSIGN_FIELD_NULLABLE	assigning @Nullable expression to @NonNull field	com.badlogic.gdx.graphics.g3d.Model	loadNode(com.badlogic.gdx.graphics.g3d.model.data.ModelNode)	8831	/tmp/projects/libgdx/gdx/src/com/badlogic/gdx/graphics/g3d/Model.java	FIELD	com.badlogic.gdx.graphics.g3d.model.Node	null	id	null	/tmp/projects/libgdx/gdx/src/com/badlogic/gdx/graphics/g3d/model/Node.java
DEREFERENCE_NULLABLE	dereferenced expression modelMesh.vertices is @Nullable	com.badlogic.gdx.graphics.g3d.Model	convertMesh(com.badlogic.gdx.graphics.g3d.model.data.ModelMesh)	10610	/tmp/projects/libgdx/gdx/src/com/badlogic/gdx/graphics/g3d/Model.java	null	null	null	null	null	null
DEREFERENCE_NULLABLE	dereferenced expression other.id is @Nullable	com.badlogic.gdx.graphics.g3d.model.data.ModelData	addMesh(com.badlogic.gdx.graphics.g3d.model.data.ModelMesh)	1704	/tmp/projects/libgdx/gdx/src/com/badlogic/gdx/graphics/g3d/model/data/ModelData.java	null	null	null	null	null	null
FIELD_NO_INIT	@NonNull field parts not initialized	com.badlogic.gdx.graphics.g3d.model.data.ModelMesh	parts	1033	/tmp/projects/libgdx/gdx/src/com/badlogic/gdx/graphics/g3d/model/data/ModelMesh.java	FIELD	com.badlogic.gdx.graphics.g3d.model.data.ModelMesh	null	parts	null	/tmp/projects/libgdx/gdx/src/com/badlogic/gdx/graphics/g3d/model/data/ModelMesh.java
FIELD_NO_INIT	@NonNull field id not initialized	com.badlogic.gdx.graphics.g3d.model.data.ModelMaterial	id	1000	/tmp/projects/libgdx/gdx/src/com/badlogic/gdx/graphics/g3d/model/data/ModelMaterial.java	FIELD	com.badlogic.gdx.graphics.g3d.model.data.ModelMaterial	null	id	null	/tmp/projects/libgdx/gdx/src/com/badlogic/gdx/graphics/g3d/model/data/ModelMaterial.java
FIELD_NO_INIT	@NonNull field fileName not initialized	com.badlogic.gdx.graphics.g3d.model.data.ModelTexture	fileName	1431	/tmp/projects/libgdx/gdx/src/com/badlogic/gdx/graphics/g3d/model/data/ModelTexture.java	FIELD	com.badlogic.gdx.graphics.g3d.model.data.ModelTexture	null	fileName	null	/tmp/projects/libgdx/gdx/src/com/badlogic/gdx/graphics/g3d/model/data/ModelTexture.java
FIELD_NO_INIT	@NonNull field indices not initialized	com.badlogic.gdx.graphics.g3d.model.data.ModelMeshPart	indices	902	/tmp/projects/libgdx/gdx/src/com/badlogic/gdx/graphics/g3d/model/data/ModelMeshPart.java	FIELD	com.badlogic.gdx.graphics.g3d.model.data.ModelMeshPart	null	indices	null	/tmp/projects/libgdx/gdx/src/com/badlogic/gdx/graphics/g3d/model/data/ModelMeshPart.java
RETURN_NULLABLE	returning @Nullable expression from method with @NonNull return type	com.badlogic.gdx.graphics.g3d.Attributes	get(long)	1768	/tmp/projects/libgdx/gdx/src/com/badlogic/gdx/graphics/g3d/Attributes.java	METHOD	com.badlogic.gdx.graphics.g3d.Attributes	get(long)	null	null	/tmp/projects/libgdx/gdx/src/com/badlogic/gdx/graphics/g3d/Attributes.java
DEREFERENCE_NULLABLE	enhanced-for expression attributes is @Nullable	com.badlogic.gdx.graphics.g3d.Attributes	set(com.badlogic.gdx.graphics.g3d.Attribute...)	4286	/tmp/projects/libgdx/gdx/src/com/badlogic/gdx/graphics/g3d/Attributes.java	null	null	null	null	null	null
FIELD_NO_INIT	@NonNull field id not initialized	com.badlogic.gdx.graphics.g3d.model.Node	id	1534	/tmp/projects/libgdx/gdx/src/com/badlogic/gdx/graphics/g3d/model/Node.java	FIELD	com.badlogic.gdx.graphics.g3d.model.Node	null	id	null	/tmp/projects/libgdx/gdx/src/com/badlogic/gdx/graphics/g3d/model/Node.java
RETURN_NULLABLE	returning @Nullable expression from method with @NonNull return type	com.badlogic.gdx.graphics.g3d.model.Node	getNode(com.badlogic.gdx.utils.Array<com.badlogic.gdx.graphics.g3d.model.Node>,java.lang.String,boolean,boolean)	13518	/tmp/projects/libgdx/gdx/src/com/badlogic/gdx/graphics/g3d/model/Node.java	METHOD	com.badlogic.gdx.graphics.g3d.model.Node	getNode(com.badlogic.gdx.utils.Array<com.badlogic.gdx.graphics.g3d.model.Node>,java.lang.String,boolean,boolean)	null	null	/tmp/projects/libgdx/gdx/src/com/badlogic/gdx/graphics/g3d/model/Node.java
FIELD_NO_INIT	@NonNull field id not initialized	com.badlogic.gdx.graphics.g3d.model.Animation	id	1325	/tmp/projects/libgdx/gdx/src/com/badlogic/gdx/graphics/g3d/model/Animation.java	FIELD	com.badlogic.gdx.graphics.g3d.model.Animation	null	id	null	/tmp/projects/libgdx/gdx/src/com/badlogic/gdx/graphics/g3d/model/Animation.java
METHOD_NO_INIT	initializer method does not guarantee @NonNull field mesh (line 60) is initialized along all control-flow paths (remember to check for exceptions or early returns).	com.badlogic.gdx.graphics.g3d.model.MeshPart	MeshPart()	4451	/tmp/projects/libgdx/gdx/src/com/badlogic/gdx/graphics/g3d/model/MeshPart.java	null	null	null	null	null	null
METHOD_NO_INIT	initializer method does not guarantee @NonNull field mesh (line 60) is initialized along all control-flow paths (remember to check for exceptions or early returns).	com.badlogic.gdx.graphics.g3d.model.MeshPart	MeshPart(java.lang.String,com.badlogic.gdx.graphics.Mesh,int,int,int)	4888	/tmp/projects/libgdx/gdx/src/com/badlogic/gdx/graphics/g3d/model/MeshPart.java	null	null	null	null	null	null
METHOD_NO_INIT	initializer method does not guarantee @NonNull field mesh (line 60) is initialized along all control-flow paths (remember to check for exceptions or early returns).	com.badlogic.gdx.graphics.g3d.model.MeshPart	MeshPart(com.badlogic.gdx.graphics.g3d.model.MeshPart)	5157	/tmp/projects/libgdx/gdx/src/com/badlogic/gdx/graphics/g3d/model/MeshPart.java	null	null	null	null	null	null
ASSIGN_FIELD_NULLABLE	assigning @Nullable expression to @NonNull field	com.badlogic.gdx.graphics.g3d.model.MeshPart	set(java.lang.String,com.badlogic.gdx.graphics.Mesh,int,int,int)	5974	/tmp/projects/libgdx/gdx/src/com/badlogic/gdx/graphics/g3d/model/MeshPart.java	FIELD	com.badlogic.gdx.graphics.g3d.model.MeshPart	null	mesh	null	/tmp/projects/libgdx/gdx/src/com/badlogic/gdx/graphics/g3d/model/MeshPart.java
METHOD_NO_INIT	initializer method does not guarantee @NonNull fields meshPart (line 32), material (line 34) are initialized along all control-flow paths (remember to check for exceptions or early returns).	com.badlogic.gdx.graphics.g3d.model.NodePart	NodePart()	2374	/tmp/projects/libgdx/gdx/src/com/badlogic/gdx/graphics/g3d/model/NodePart.java	null	null	null	null	null	null
ASSIGN_FIELD_NULLABLE	assigning @Nullable expression to @NonNull field	com.badlogic.gdx.graphics.g3d.utils.TextureDescriptor	texture	1024	/tmp/projects/libgdx/gdx/src/com/badlogic/gdx/graphics/g3d/utils/TextureDescriptor.java	FIELD	com.badlogic.gdx.graphics.g3d.utils.TextureDescriptor	null	texture	null	/tmp/projects/libgdx/gdx/src/com/badlogic/gdx/graphics/g3d/utils/TextureDescriptor.java
FIELD_NO_INIT	@NonNull field node not initialized	com.badlogic.gdx.graphics.g3d.model.NodeAnimation	node	1351	/tmp/projects/libgdx/gdx/src/com/badlogic/gdx/graphics/g3d/model/NodeAnimation.java	FIELD	com.badlogic.gdx.graphics.g3d.model.NodeAnimation	null	node	null	/tmp/projects/libgdx/gdx/src/com/badlogic/gdx/graphics/g3d/model/NodeAnimation.java
ASSIGN_FIELD_NULLABLE	assigning @Nullable expression to @NonNull field	com.badlogic.gdx.net.NetJavaSocketImpl	dispose()	3345	/tmp/projects/libgdx/gdx/src/com/badlogic/gdx/net/NetJavaSocketImpl.java	FIELD	com.badlogic.gdx.net.NetJavaSocketImpl	null	socket	null	/tmp/projects/libgdx/gdx/src/com/badlogic/gdx/net/NetJavaSocketImpl.java
FIELD_NO_INIT	@NonNull field httpRequest not initialized	com.badlogic.gdx.net.HttpRequestBuilder	httpRequest	1811	/tmp/projects/libgdx/gdx/src/com/badlogic/gdx/net/HttpRequestBuilder.java	FIELD	com.badlogic.gdx.net.HttpRequestBuilder	null	httpRequest	null	/tmp/projects/libgdx/gdx/src/com/badlogic/gdx/net/HttpRequestBuilder.java
ASSIGN_FIELD_NULLABLE	assigning @Nullable expression to @NonNull field	com.badlogic.gdx.net.HttpRequestBuilder	build()	5331	/tmp/projects/libgdx/gdx/src/com/badlogic/gdx/net/HttpRequestBuilder.java	FIELD	com.badlogic.gdx.net.HttpRequestBuilder	null	httpRequest	null	/tmp/projects/libgdx/gdx/src/com/badlogic/gdx/net/HttpRequestBuilder.java
DEREFERENCE_NULLABLE	dereferenced expression method is @Nullable	com.badlogic.gdx.net.NetJavaImpl	sendHttpRequest(com.badlogic.gdx.Net.HttpRequest,com.badlogic.gdx.Net.HttpResponseListener)	5148	/tmp/projects/libgdx/gdx/src/com/badlogic/gdx/net/NetJavaImpl.java	null	null	null	null	null	null
DEREFERENCE_NULLABLE	dereferenced expression server is @Nullable	com.badlogic.gdx.net.NetJavaServerSocketImpl	accept(com.badlogic.gdx.net.SocketHints)	2529	/tmp/projects/libgdx/gdx/src/com/badlogic/gdx/net/NetJavaServerSocketImpl.java	null	null	null	null	null	null
METHOD_NO_INIT	initializer method does not guarantee @NonNull fields tmp (line 119), tmp2 (line 120), tmp3 (line 121) are initialized along all control-flow paths (remember to check for exceptions or early returns).	com.badlogic.gdx.math.Bezier	Bezier()	5384	/tmp/projects/libgdx/gdx/src/com/badlogic/gdx/math/Bezier.java	null	null	null	null	null	null
METHOD_NO_INIT	initializer method does not guarantee @NonNull fields tmp (line 119), tmp2 (line 120), tmp3 (line 121) are initialized along all control-flow paths (remember to check for exceptions or early returns).	com.badlogic.gdx.math.Bezier	Bezier(T...)	5408	/tmp/projects/libgdx/gdx/src/com/badlogic/gdx/math/Bezier.java	null	null	null	null	null	null
METHOD_NO_INIT	initializer method does not guarantee @NonNull fields tmp (line 119), tmp2 (line 120), tmp3 (line 121) are initialized along all control-flow paths (remember to check for exceptions or early returns).	com.badlogic.gdx.math.Bezier	Bezier(T[],int,int)	5464	/tmp/projects/libgdx/gdx/src/com/badlogic/gdx/math/Bezier.java	null	null	null	null	null	null
METHOD_NO_INIT	initializer method does not guarantee @NonNull fields tmp (line 119), tmp2 (line 120), tmp3 (line 121) are initialized along all control-flow paths (remember to check for exceptions or early returns).	com.badlogic.gdx.math.Bezier	Bezier(com.badlogic.gdx.utils.Array<T>,int,int)	5571	/tmp/projects/libgdx/gdx/src/com/badlogic/gdx/math/Bezier.java	null	null	null	null	null	null
FIELD_NO_INIT	@NonNull field Octree$OctreeNode.children not initialized	com.badlogic.gdx.math.Octree$OctreeNode	children	4768	/tmp/projects/libgdx/gdx/src/com/badlogic/gdx/math/Octree.java	FIELD	com.badlogic.gdx.math.Octree$OctreeNode	null	children	null	/tmp/projects/libgdx/gdx/src/com/badlogic/gdx/math/Octree.java
METHOD_NO_INIT	initializer method does not guarantee @NonNull fields controlPoints (line 97), tmp (line 100), tmp2 (line 101), tmp3 (line 102) are initialized along all control-flow paths (remember to check for exceptions or early returns).	com.badlogic.gdx.math.CatmullRomSpline	CatmullRomSpline()	4795	/tmp/projects/libgdx/gdx/src/com/badlogic/gdx/math/CatmullRomSpline.java	null	null	null	null	null	null
METHOD_NO_INIT	initializer method does not guarantee @NonNull fields controlPoints (line 97), tmp (line 100), tmp2 (line 101), tmp3 (line 102) are initialized along all control-flow paths (remember to check for exceptions or early returns).	com.badlogic.gdx.math.CatmullRomSpline	CatmullRomSpline(T[],boolean)	4829	/tmp/projects/libgdx/gdx/src/com/badlogic/gdx/math/CatmullRomSpline.java	null	null	null	null	null	null
METHOD_NO_INIT	initializer method does not guarantee @NonNull fields controlPoints (line 170), knots (line 171), tmp (line 175), tmp2 (line 176), tmp3 (line 177) are initialized along all control-flow paths (remember to check for exceptions or early returns).	com.badlogic.gdx.math.BSpline	BSpline()	8113	/tmp/projects/libgdx/gdx/src/com/badlogic/gdx/math/BSpline.java	null	null	null	null	null	null
METHOD_NO_INIT	initializer method does not guarantee @NonNull fields controlPoints (line 170), knots (line 171), tmp (line 175), tmp2 (line 176), tmp3 (line 177) are initialized along all control-flow paths (remember to check for exceptions or early returns).	com.badlogic.gdx.math.BSpline	BSpline(T[],int,boolean)	8138	/tmp/projects/libgdx/gdx/src/com/badlogic/gdx/math/BSpline.java	null	null	null	null	null	null
METHOD_NO_INIT	initializer method does not guarantee @NonNull fields lineOutBytes (line 196), curLineBytes (line 196), prevLineBytes (line 196) are initialized along all control-flow paths (remember to check for exceptions or early returns).	com.badlogic.gdx.graphics.PixmapIO$PNG	PNG(int)	7957	/tmp/projects/libgdx/gdx/src/com/badlogic/gdx/graphics/PixmapIO.java	null	null	null	null	null	null
METHOD_NO_INIT	initializer method does not guarantee @NonNull field texture (line 471) is initialized along all control-flow paths (remember to check for exceptions or early returns).	com.badlogic.gdx.graphics.g2d.PixmapPacker$Page	Page(com.badlogic.gdx.graphics.g2d.PixmapPacker)	18577	/tmp/projects/libgdx/gdx/src/com/badlogic/gdx/graphics/g2d/PixmapPacker.java	null	null	null	null	null	null
DEREFERENCE_NULLABLE	dereferenced expression node is @Nullable	com.badlogic.gdx.graphics.g2d.PixmapPacker$GuillotineStrategy	pack(com.badlogic.gdx.graphics.g2d.PixmapPacker,java.lang.String,com.badlogic.gdx.math.Rectangle)	21546	/tmp/projects/libgdx/gdx/src/com/badlogic/gdx/graphics/g2d/PixmapPacker.java	null	null	null	null	null	null
METHOD_NO_INIT	initializer method does not guarantee @NonNull field keyFrames (line 43) is initialized along all control-flow paths (remember to check for exceptions or early returns).	com.badlogic.gdx.graphics.g2d.Animation	Animation(float,com.badlogic.gdx.utils.Array<? extends T>)	2373	/tmp/projects/libgdx/gdx/src/com/badlogic/gdx/graphics/g2d/Animation.java	null	null	null	null	null	null
METHOD_NO_INIT	initializer method does not guarantee @NonNull field keyFrames (line 43) is initialized along all control-flow paths (remember to check for exceptions or early returns).	com.badlogic.gdx.graphics.g2d.Animation	Animation(float,T...)	3413	/tmp/projects/libgdx/gdx/src/com/badlogic/gdx/graphics/g2d/Animation.java	null	null	null	null	null	null
METHOD_NO_INIT	initializer method does not guarantee @NonNull fields region (line 27), vertices (line 33) are initialized along all control-flow paths (remember to check for exceptions or early returns).	com.badlogic.gdx.graphics.g2d.PolygonSprite	PolygonSprite(com.badlogic.gdx.graphics.g2d.PolygonRegion)	1364	/tmp/projects/libgdx/gdx/src/com/badlogic/gdx/graphics/g2d/PolygonSprite.java	null	null	null	null	null	null
METHOD_NO_INIT	initializer method does not guarantee @NonNull fields region (line 27), vertices (line 33) are initialized along all control-flow paths (remember to check for exceptions or early returns).	com.badlogic.gdx.graphics.g2d.PolygonSprite	PolygonSprite(com.badlogic.gdx.graphics.g2d.PolygonSprite)	1616	/tmp/projects/libgdx/gdx/src/com/badlogic/gdx/graphics/g2d/PolygonSprite.java	null	null	null	null	null	null
DEREFERENCE_NULLABLE	dereferenced expression lastTexture is @Nullable	com.badlogic.gdx.graphics.g2d.PolygonSpriteBatch	flush()	37737	/tmp/projects/libgdx/gdx/src/com/badlogic/gdx/graphics/g2d/PolygonSpriteBatch.java	null	null	null	null	null	null
DEREFERENCE_NULLABLE	dereferenced expression texture is @Nullable	com.badlogic.gdx.graphics.g2d.PolygonSpriteBatch	switchTexture(com.badlogic.gdx.graphics.Texture)	40370	/tmp/projects/libgdx/gdx/src/com/badlogic/gdx/graphics/g2d/PolygonSpriteBatch.java	null	null	null	null	null	null
FIELD_NO_INIT	@NonNull field region not initialized	com.badlogic.gdx.graphics.g2d.RepeatablePolygonSprite	region	1191	/tmp/projects/libgdx/gdx/src/com/badlogic/gdx/graphics/g2d/RepeatablePolygonSprite.java	FIELD	com.badlogic.gdx.graphics.g2d.RepeatablePolygonSprite	null	region	null	/tmp/projects/libgdx/gdx/src/com/badlogic/gdx/graphics/g2d/RepeatablePolygonSprite.java
PASS_NULLABLE	passing @Nullable parameter 'fileName' where @NonNull is required	com.badlogic.gdx.graphics.g2d.PolygonRegionLoader	load(com.badlogic.gdx.assets.AssetManager,java.lang.String,com.badlogic.gdx.files.FileHandle,com.badlogic.gdx.graphics.g2d.PolygonRegionLoader.PolygonRegionParameters)	2977	/tmp/projects/libgdx/gdx/src/com/badlogic/gdx/graphics/g2d/PolygonRegionLoader.java	PARAMETER	com.badlogic.gdx.assets.AssetManager	getDependencies(java.lang.String)	fileName	0	/tmp/projects/libgdx/gdx/src/com/badlogic/gdx/assets/AssetManager.java
METHOD_NO_INIT	initializer method does not guarantee @NonNull field bufferBuilder (line 84) is initialized along all control-flow paths (remember to check for exceptions or early returns).	com.badlogic.gdx.graphics.glutils.GLFrameBuffer	GLFrameBuffer()	3389	/tmp/projects/libgdx/gdx/src/com/badlogic/gdx/graphics/glutils/GLFrameBuffer.java	null	null	null	null	null	null
METHOD_NO_INIT	initializer method does not guarantee @NonNull fields stencilRenderBufferSpec (line 449), depthRenderBufferSpec (line 450), packedStencilDepthRenderBufferSpec (line 451) are initialized along all control-flow paths (remember to check for exceptions or early returns).	com.badlogic.gdx.graphics.glutils.GLFrameBuffer$GLFrameBufferBuilder	GLFrameBufferBuilder(int,int)	17681	/tmp/projects/libgdx/gdx/src/com/badlogic/gdx/graphics/glutils/GLFrameBuffer.java	null	null	null	null	null	null
METHOD_NO_INIT	initializer method does not guarantee @NonNull field data (line 31) is initialized along all control-flow paths (remember to check for exceptions or early returns).	com.badlogic.gdx.graphics.glutils.ETC1TextureData	ETC1TextureData(com.badlogic.gdx.files.FileHandle,boolean)	1441	/tmp/projects/libgdx/gdx/src/com/badlogic/gdx/graphics/glutils/ETC1TextureData.java	null	null	null	null	null	null
ASSIGN_FIELD_NULLABLE	assigning @Nullable expression to @NonNull field	com.badlogic.gdx.graphics.glutils.ETC1TextureData	consumeCustomData(int)	3070	/tmp/projects/libgdx/gdx/src/com/badlogic/gdx/graphics/glutils/ETC1TextureData.java	FIELD	com.badlogic.gdx.graphics.glutils.ETC1TextureData	null	data	null	/tmp/projects/libgdx/gdx/src/com/badlogic/gdx/graphics/glutils/ETC1TextureData.java
DEREFERENCE_NULLABLE	dereferenced expression compressedData is @Nullable	com.badlogic.gdx.graphics.glutils.KTXTextureData	getData(int,int)	13142	/tmp/projects/libgdx/gdx/src/com/badlogic/gdx/graphics/glutils/KTXTextureData.java	null	null	null	null	null	null
DEREFERENCE_NULLABLE	dereferenced expression side is @Nullable	com.badlogic.gdx.graphics.glutils.FrameBufferCubemap	bindSide(com.badlogic.gdx.graphics.Cubemap.CubemapSide)	6477	/tmp/projects/libgdx/gdx/src/com/badlogic/gdx/graphics/glutils/FrameBufferCubemap.java	null	null	null	null	null	null
METHOD_NO_INIT	initializer method does not guarantee @NonNull fields attributes (line 37), buffer (line 38), byteBuffer (line 39) are initialized along all control-flow paths (remember to check for exceptions or early returns).	com.badlogic.gdx.graphics.glutils.InstanceBufferObject	InstanceBufferObject(boolean,int,com.badlogic.gdx.graphics.VertexAttributes)	1802	/tmp/projects/libgdx/gdx/src/com/badlogic/gdx/graphics/glutils/InstanceBufferObject.java	null	null	null	null	null	null
METHOD_NO_INIT	initializer method does not guarantee @NonNull fields attributes (line 44), buffer (line 45), byteBuffer (line 46) are initialized along all control-flow paths (remember to check for exceptions or early returns).	com.badlogic.gdx.graphics.glutils.VertexBufferObject	VertexBufferObject(boolean,int,com.badlogic.gdx.graphics.VertexAttributes)	2610	/tmp/projects/libgdx/gdx/src/com/badlogic/gdx/graphics/glutils/VertexBufferObject.java	null	null	null	null	null	null
METHOD_NO_INIT	initializer method does not guarantee @NonNull fields attributes (line 44), buffer (line 45), byteBuffer (line 46) are initialized along all control-flow paths (remember to check for exceptions or early returns).	com.badlogic.gdx.graphics.glutils.VertexBufferObject	VertexBufferObject(int,java.nio.ByteBuffer,boolean,com.badlogic.gdx.graphics.VertexAttributes)	2971	/tmp/projects/libgdx/gdx/src/com/badlogic/gdx/graphics/glutils/VertexBufferObject.java	null	null	null	null	null	null
WRONG_OVERRIDE_RETURN	method returns @Nullable, but superclass method com.badlogic.gdx.graphics.TextureData.consumePixmap() returns @NonNull	com.badlogic.gdx.graphics.glutils.FileTextureData	consumePixmap()	2153	/tmp/projects/libgdx/gdx/src/com/badlogic/gdx/graphics/glutils/FileTextureData.java	METHOD	com.badlogic.gdx.graphics.TextureData	consumePixmap()	null	null	/tmp/projects/libgdx/gdx/src/com/badlogic/gdx/graphics/TextureData.java
DEREFERENCE_NULLABLE	dereferenced expression node.getParent() is @Nullable	com.badlogic.gdx.graphics.g3d.ModelInstance	ModelInstance(com.badlogic.gdx.graphics.g3d.Model,com.badlogic.gdx.math.Matrix4,java.lang.String,boolean,boolean,boolean,boolean)	8391	/tmp/projects/libgdx/gdx/src/com/badlogic/gdx/graphics/g3d/ModelInstance.java	null	null	null	null	null	null
DEREFERENCE_NULLABLE	dereferenced expression unitsLRU is @Nullable	com.badlogic.gdx.graphics.g3d.utils.DefaultTextureBinder	bindTextureLRU(com.badlogic.gdx.graphics.GLTexture)	5152	/tmp/projects/libgdx/gdx/src/com/badlogic/gdx/graphics/g3d/utils/DefaultTextureBinder.java	null	null	null	null	null	null
DEREFERENCE_NULLABLE	dereferenced expression unitsLRU is @Nullable	com.badlogic.gdx.graphics.g3d.utils.DefaultTextureBinder	bindTextureLRU(com.badlogic.gdx.graphics.GLTexture)	5338	/tmp/projects/libgdx/gdx/src/com/badlogic/gdx/graphics/g3d/utils/DefaultTextureBinder.java	null	null	null	null	null	null
DEREFERENCE_NULLABLE	dereferenced expression model is @Nullable	com.badlogic.gdx.graphics.g3d.utils.ModelBuilder	node()	3993	/tmp/projects/libgdx/gdx/src/com/badlogic/gdx/graphics/g3d/utils/ModelBuilder.java	null	null	null	null	null	null
DEREFERENCE_NULLABLE	dereferenced expression node is @Nullable	com.badlogic.gdx.graphics.g3d.utils.ModelBuilder	part(com.badlogic.gdx.graphics.g3d.model.MeshPart,com.badlogic.gdx.graphics.g3d.Material)	5217	/tmp/projects/libgdx/gdx/src/com/badlogic/gdx/graphics/g3d/utils/ModelBuilder.java	null	null	null	null	null	null
ASSIGN_FIELD_NULLABLE	assigning @Nullable expression to @NonNull field	com.badlogic.gdx.graphics.g3d.utils.MeshBuilder	end(com.badlogic.gdx.graphics.Mesh)	11538	/tmp/projects/libgdx/gdx/src/com/badlogic/gdx/graphics/g3d/utils/MeshBuilder.java	FIELD	com.badlogic.gdx.graphics.g3d.utils.MeshBuilder	null	attributes	null	/tmp/projects/libgdx/gdx/src/com/badlogic/gdx/graphics/g3d/utils/MeshBuilder.java
DEREFERENCE_NULLABLE	dereferenced expression pos is @Nullable	com.badlogic.gdx.graphics.g3d.utils.MeshBuilder	vertex(com.badlogic.gdx.math.Vector3,com.badlogic.gdx.math.Vector3,com.badlogic.gdx.graphics.Color,com.badlogic.gdx.math.Vector2)	21703	/tmp/projects/libgdx/gdx/src/com/badlogic/gdx/graphics/g3d/utils/MeshBuilder.java	null	null	null	null	null	null
PASS_NULLABLE	passing @Nullable parameter 'pool' where @NonNull is required	com.badlogic.gdx.graphics.g3d.utils.BaseAnimationController	applyAnimation(com.badlogic.gdx.utils.ObjectMap<com.badlogic.gdx.graphics.g3d.model.Node,com.badlogic.gdx.graphics.g3d.utils.BaseAnimationController.Transform>,com.badlogic.gdx.utils.Pool<com.badlogic.gdx.graphics.g3d.utils.BaseAnimationController.Transform>,float,com.badlogic.gdx.graphics.g3d.model.Animation,float)	10943	/tmp/projects/libgdx/gdx/src/com/badlogic/gdx/graphics/g3d/utils/BaseAnimationController.java	PARAMETER	com.badlogic.gdx.graphics.g3d.utils.BaseAnimationController	applyNodeAnimationBlending(com.badlogic.gdx.graphics.g3d.model.NodeAnimation,com.badlogic.gdx.utils.ObjectMap<com.badlogic.gdx.graphics.g3d.model.Node,com.badlogic.gdx.graphics.g3d.utils.BaseAnimationController.Transform>,com.badlogic.gdx.utils.Pool<com.badlogic.gdx.graphics.g3d.utils.BaseAnimationController.Transform>,float,float)	pool	2	/tmp/projects/libgdx/gdx/src/com/badlogic/gdx/graphics/g3d/utils/BaseAnimationController.java
FIELD_NO_INIT	@NonNull static field indices not initialized	com.badlogic.gdx.graphics.g3d.utils.shapebuilders.RenderableShapeBuilder	indices	1886	/tmp/projects/libgdx/gdx/src/com/badlogic/gdx/graphics/g3d/utils/shapebuilders/RenderableShapeBuilder.java	FIELD	com.badlogic.gdx.graphics.g3d.utils.shapebuilders.RenderableShapeBuilder	null	indices	null	/tmp/projects/libgdx/gdx/src/com/badlogic/gdx/graphics/g3d/utils/shapebuilders/RenderableShapeBuilder.java
FIELD_NO_INIT	@NonNull static field vertices not initialized	com.badlogic.gdx.graphics.g3d.utils.shapebuilders.RenderableShapeBuilder	vertices	1919	/tmp/projects/libgdx/gdx/src/com/badlogic/gdx/graphics/g3d/utils/shapebuilders/RenderableShapeBuilder.java	FIELD	com.badlogic.gdx.graphics.g3d.utils.shapebuilders.RenderableShapeBuilder	null	vertices	null	/tmp/projects/libgdx/gdx/src/com/badlogic/gdx/graphics/g3d/utils/shapebuilders/RenderableShapeBuilder.java
ASSIGN_FIELD_NULLABLE	assigning @Nullable expression to @NonNull field	com.badlogic.gdx.graphics.g3d.utils.shapebuilders.RenderableShapeBuilder$RenderablePool	obtain()	1720	/tmp/projects/libgdx/gdx/src/com/badlogic/gdx/graphics/g3d/utils/shapebuilders/RenderableShapeBuilder.java	FIELD	com.badlogic.gdx.graphics.g3d.Renderable	null	material	null	/tmp/projects/libgdx/gdx/src/com/badlogic/gdx/graphics/g3d/Renderable.java
DEREFERENCE_NULLABLE	dereferenced expression controller is @Nullable	com.badlogic.gdx.graphics.g3d.utils.CameraInputController$CameraGestureListener	zoom(float,float)	4300	/tmp/projects/libgdx/gdx/src/com/badlogic/gdx/graphics/g3d/utils/CameraInputController.java	null	null	null	null	null	null
DEREFERENCE_NULLABLE	dereferenced expression renderable.environment is @Nullable	com.badlogic.gdx.graphics.g3d.shaders.DefaultShader	DefaultShader(com.badlogic.gdx.graphics.g3d.Renderable,com.badlogic.gdx.graphics.g3d.shaders.DefaultShader.Config,com.badlogic.gdx.graphics.glutils.ShaderProgram)	25960	/tmp/projects/libgdx/gdx/src/com/badlogic/gdx/graphics/g3d/shaders/DefaultShader.java	null	null	null	null	null	null
ASSIGN_FIELD_NULLABLE	assigning @Nullable expression to @NonNull field	com.badlogic.gdx.graphics.g3d.shaders.DefaultShader	init()	30038	/tmp/projects/libgdx/gdx/src/com/badlogic/gdx/graphics/g3d/shaders/DefaultShader.java	FIELD	com.badlogic.gdx.graphics.g3d.shaders.BaseShader	null	program	null	/tmp/projects/libgdx/gdx/src/com/badlogic/gdx/graphics/g3d/shaders/BaseShader.java
METHOD_NO_INIT	initializer method does not guarantee @NonNull fields context (line 114), camera (line 115) are initialized along all control-flow paths (remember to check for exceptions or early returns).	com.badlogic.gdx.graphics.g3d.shaders.BaseShader	init(com.badlogic.gdx.graphics.glutils.ShaderProgram,com.badlogic.gdx.graphics.g3d.Renderable)	6438	/tmp/projects/libgdx/gdx/src/com/badlogic/gdx/graphics/g3d/shaders/BaseShader.java	null	null	null	null	null	null
PASS_NULLABLE	passing @Nullable parameter 'null' where @NonNull is required	com.badlogic.gdx.graphics.g3d.shaders.BaseShader	begin(com.badlogic.gdx.graphics.Camera,com.badlogic.gdx.graphics.g3d.utils.RenderContext)	7993	/tmp/projects/libgdx/gdx/src/com/badlogic/gdx/graphics/g3d/shaders/BaseShader.java	PARAMETER	com.badlogic.gdx.graphics.g3d.shaders.BaseShader$Setter	set(com.badlogic.gdx.graphics.g3d.shaders.BaseShader,int,com.badlogic.gdx.graphics.g3d.Renderable,com.badlogic.gdx.graphics.g3d.Attributes)	renderable	2	/tmp/projects/libgdx/gdx/src/com/badlogic/gdx/graphics/g3d/shaders/BaseShader.java
PASS_NULLABLE	passing @Nullable parameter 'null' where @NonNull is required	com.badlogic.gdx.graphics.g3d.shaders.BaseShader	begin(com.badlogic.gdx.graphics.Camera,com.badlogic.gdx.graphics.g3d.utils.RenderContext)	7993	/tmp/projects/libgdx/gdx/src/com/badlogic/gdx/graphics/g3d/shaders/BaseShader.java	PARAMETER	com.badlogic.gdx.graphics.g3d.shaders.BaseShader$Setter	set(com.badlogic.gdx.graphics.g3d.shaders.BaseShader,int,com.badlogic.gdx.graphics.g3d.Renderable,com.badlogic.gdx.graphics.g3d.Attributes)	combinedAttributes	3	/tmp/projects/libgdx/gdx/src/com/badlogic/gdx/graphics/g3d/shaders/BaseShader.java
ASSIGN_FIELD_NULLABLE	assigning @Nullable expression to @NonNull field	com.badlogic.gdx.graphics.g3d.shaders.BaseShader	dispose()	9531	/tmp/projects/libgdx/gdx/src/com/badlogic/gdx/graphics/g3d/shaders/BaseShader.java	FIELD	com.badlogic.gdx.graphics.g3d.shaders.BaseShader	null	program	null	/tmp/projects/libgdx/gdx/src/com/badlogic/gdx/graphics/g3d/shaders/BaseShader.java
ASSIGN_FIELD_NULLABLE	assigning @Nullable expression to @NonNull field	com.badlogic.gdx.graphics.g3d.shaders.BaseShader	dispose()	9661	/tmp/projects/libgdx/gdx/src/com/badlogic/gdx/graphics/g3d/shaders/BaseShader.java	FIELD	com.badlogic.gdx.graphics.g3d.shaders.BaseShader	null	locations	null	/tmp/projects/libgdx/gdx/src/com/badlogic/gdx/graphics/g3d/shaders/BaseShader.java
METHOD_NO_INIT	initializer method does not guarantee @NonNull field animation (line 60) is initialized along all control-flow paths (remember to check for exceptions or early returns).	com.badlogic.gdx.graphics.g3d.utils.AnimationController$AnimationDesc	AnimationDesc()	3526	/tmp/projects/libgdx/gdx/src/com/badlogic/gdx/graphics/g3d/utils/AnimationController.java	null	null	null	null	null	null
RETURN_NULLABLE	returning @Nullable expression from method with @NonNull return type	com.badlogic.gdx.graphics.g3d.utils.AnimationController	obtain(com.badlogic.gdx.graphics.g3d.model.Animation,float,float,int,float,com.badlogic.gdx.graphics.g3d.utils.AnimationController.AnimationListener)	6278	/tmp/projects/libgdx/gdx/src/com/badlogic/gdx/graphics/g3d/utils/AnimationController.java	METHOD	com.badlogic.gdx.graphics.g3d.utils.AnimationController	obtain(com.badlogic.gdx.graphics.g3d.model.Animation,float,float,int,float,com.badlogic.gdx.graphics.g3d.utils.AnimationController.AnimationListener)	null	null	/tmp/projects/libgdx/gdx/src/com/badlogic/gdx/graphics/g3d/utils/AnimationController.java
RETURN_NULLABLE	returning @Nullable expression from method with @NonNull return type	com.badlogic.gdx.graphics.g3d.utils.AnimationController	obtain(java.lang.String,float,float,int,float,com.badlogic.gdx.graphics.g3d.utils.AnimationController.AnimationListener)	6801	/tmp/projects/libgdx/gdx/src/com/badlogic/gdx/graphics/g3d/utils/AnimationController.java	METHOD	com.badlogic.gdx.graphics.g3d.utils.AnimationController	obtain(java.lang.String,float,float,int,float,com.badlogic.gdx.graphics.g3d.utils.AnimationController.AnimationListener)	null	null	/tmp/projects/libgdx/gdx/src/com/badlogic/gdx/graphics/g3d/utils/AnimationController.java
DEREFERENCE_NULLABLE	dereferenced expression camera is @Nullable	com.badlogic.gdx.graphics.g3d.utils.DefaultRenderableSorter	compare(com.badlogic.gdx.graphics.g3d.Renderable,com.badlogic.gdx.graphics.g3d.Renderable)	2595	/tmp/projects/libgdx/gdx/src/com/badlogic/gdx/graphics/g3d/utils/DefaultRenderableSorter.java	null	null	null	null	null	null
ASSIGN_FIELD_NULLABLE	assigning @Nullable expression to @NonNull field	com.badlogic.gdx.graphics.g3d.environment.DirectionalShadowLight	dispose()	3636	/tmp/projects/libgdx/gdx/src/com/badlogic/gdx/graphics/g3d/environment/DirectionalShadowLight.java	FIELD	com.badlogic.gdx.graphics.g3d.environment.DirectionalShadowLight	null	fbo	null	/tmp/projects/libgdx/gdx/src/com/badlogic/gdx/graphics/g3d/environment/DirectionalShadowLight.java
METHOD_NO_INIT	initializer method does not guarantee @NonNull field camera (line 63) is initialized along all control-flow paths (remember to check for exceptions or early returns).	com.badlogic.gdx.graphics.g3d.ModelBatch	ModelBatch(com.badlogic.gdx.graphics.g3d.utils.RenderContext,com.badlogic.gdx.graphics.g3d.utils.ShaderProvider,com.badlogic.gdx.graphics.g3d.utils.RenderableSorter)	3612	/tmp/projects/libgdx/gdx/src/com/badlogic/gdx/graphics/g3d/ModelBatch.java	null	null	null	null	null	null
ASSIGN_FIELD_NULLABLE	assigning @Nullable expression to @NonNull field	com.badlogic.gdx.graphics.g3d.ModelBatch$RenderablePool	obtain()	2526	/tmp/projects/libgdx/gdx/src/com/badlogic/gdx/graphics/g3d/ModelBatch.java	FIELD	com.badlogic.gdx.graphics.g3d.Renderable	null	material	null	/tmp/projects/libgdx/gdx/src/com/badlogic/gdx/graphics/g3d/Renderable.java
DEREFERENCE_NULLABLE	dereferenced expression currentShader is @Nullable	com.badlogic.gdx.graphics.g3d.ModelBatch	flush()	9746	/tmp/projects/libgdx/gdx/src/com/badlogic/gdx/graphics/g3d/ModelBatch.java	null	null	null	null	null	null
DEREFERENCE_NULLABLE	dereferenced expression currentShader is @Nullable	com.badlogic.gdx.graphics.g3d.ModelBatch	flush()	9792	/tmp/projects/libgdx/gdx/src/com/badlogic/gdx/graphics/g3d/ModelBatch.java	null	null	null	null	null	null
ASSIGN_FIELD_NULLABLE	assigning @Nullable expression to @NonNull field	com.badlogic.gdx.graphics.g3d.ModelBatch	end()	10299	/tmp/projects/libgdx/gdx/src/com/badlogic/gdx/graphics/g3d/ModelBatch.java	FIELD	com.badlogic.gdx.graphics.g3d.ModelBatch	null	camera	null	/tmp/projects/libgdx/gdx/src/com/badlogic/gdx/graphics/g3d/ModelBatch.java
ASSIGN_FIELD_NULLABLE	assigning @Nullable expression to @NonNull field	com.badlogic.gdx.graphics.g3d.attributes.TextureAttribute	TextureAttribute(long,com.badlogic.gdx.graphics.Texture)	5678	/tmp/projects/libgdx/gdx/src/com/badlogic/gdx/graphics/g3d/attributes/TextureAttribute.java	FIELD	com.badlogic.gdx.graphics.g3d.utils.TextureDescriptor	null	texture	null	/tmp/projects/libgdx/gdx/src/com/badlogic/gdx/graphics/g3d/utils/TextureDescriptor.java
DEREFERENCE_NULLABLE	dereferenced expression other.id is @Nullable	com.badlogic.gdx.graphics.g3d.loader.G3dModelLoader	parseMeshes(com.badlogic.gdx.graphics.g3d.model.data.ModelData,com.badlogic.gdx.utils.JsonValue)	4287	/tmp/projects/libgdx/gdx/src/com/badlogic/gdx/graphics/g3d/loader/G3dModelLoader.java	null	null	null	null	null	null
METHOD_NO_INIT	initializer method does not guarantee @NonNull fields diffuseColor (line 432), specularColor (line 433) are initialized along all control-flow paths (remember to check for exceptions or early returns).	com.badlogic.gdx.graphics.g3d.loader.MtlLoader$ObjMaterial	ObjMaterial()	15957	/tmp/projects/libgdx/gdx/src/com/badlogic/gdx/graphics/g3d/loader/ObjLoader.java	null	null	null	null	null	null
FIELD_NO_INIT	@NonNull field textureRegion not initialized	com.badlogic.gdx.graphics.g3d.decals.DecalMaterial	textureRegion	1039	/tmp/projects/libgdx/gdx/src/com/badlogic/gdx/graphics/g3d/decals/DecalMaterial.java	FIELD	com.badlogic.gdx.graphics.g3d.decals.DecalMaterial	null	textureRegion	null	/tmp/projects/libgdx/gdx/src/com/badlogic/gdx/graphics/g3d/decals/DecalMaterial.java
DEREFERENCE_NULLABLE	dereferenced expression plugs.get(group) is @Nullable	com.badlogic.gdx.graphics.g3d.decals.PluggableGroupStrategy	beforeGroup(int,com.badlogic.gdx.utils.Array<com.badlogic.gdx.graphics.g3d.decals.Decal>)	1290	/tmp/projects/libgdx/gdx/src/com/badlogic/gdx/graphics/g3d/decals/PluggableGroupStrategy.java	null	null	null	null	null	null
DEREFERENCE_NULLABLE	dereferenced expression plugs.get(group) is @Nullable	com.badlogic.gdx.graphics.g3d.decals.PluggableGroupStrategy	afterGroup(int)	1385	/tmp/projects/libgdx/gdx/src/com/badlogic/gdx/graphics/g3d/decals/PluggableGroupStrategy.java	null	null	null	null	null	null
METHOD_NO_INIT	initializer method does not guarantee @NonNull fields vertices (line 55), mesh (line 56), groupStrategy (line 59) are initialized along all control-flow paths (remember to check for exceptions or early returns).	com.badlogic.gdx.graphics.g3d.decals.DecalBatch	DecalBatch(int,com.badlogic.gdx.graphics.g3d.decals.GroupStrategy)	3268	/tmp/projects/libgdx/gdx/src/com/badlogic/gdx/graphics/g3d/decals/DecalBatch.java	null	null	null	null	null	null
ASSIGN_FIELD_NULLABLE	assigning @Nullable expression to @NonNull field	com.badlogic.gdx.graphics.g3d.decals.DecalBatch	dispose()	7556	/tmp/projects/libgdx/gdx/src/com/badlogic/gdx/graphics/g3d/decals/DecalBatch.java	FIELD	com.badlogic.gdx.graphics.g3d.decals.DecalBatch	null	vertices	null	/tmp/projects/libgdx/gdx/src/com/badlogic/gdx/graphics/g3d/decals/DecalBatch.java
RETURN_NULLABLE	returning @Nullable expression from method with @NonNull return type	com.badlogic.gdx.graphics.g3d.particles.ParallelArray	<T>getChannel(com.badlogic.gdx.graphics.g3d.particles.ParallelArray.ChannelDescriptor)	8495	/tmp/projects/libgdx/gdx/src/com/badlogic/gdx/graphics/g3d/particles/ParallelArray.java	METHOD	com.badlogic.gdx.graphics.g3d.particles.ParallelArray	<T>getChannel(com.badlogic.gdx.graphics.g3d.particles.ParallelArray.ChannelDescriptor)	null	null	/tmp/projects/libgdx/gdx/src/com/badlogic/gdx/graphics/g3d/particles/ParallelArray.java
METHOD_NO_INIT	initializer method does not guarantee @NonNull field renderData (line 30) is initialized along all control-flow paths (remember to check for exceptions or early returns).	com.badlogic.gdx.graphics.g3d.particles.renderers.ParticleControllerRenderer	ParticleControllerRenderer()	1448	/tmp/projects/libgdx/gdx/src/com/badlogic/gdx/graphics/g3d/particles/renderers/ParticleControllerRenderer.java	null	null	null	null	null	null
DEREFERENCE_NULLABLE	dereferenced expression batch is @Nullable	com.badlogic.gdx.graphics.g3d.particles.renderers.ParticleControllerRenderer	update()	1623	/tmp/projects/libgdx/gdx/src/com/badlogic/gdx/graphics/g3d/particles/renderers/ParticleControllerRenderer.java	null	null	null	null	null	null
FIELD_NO_INIT	@NonNull field controller not initialized	com.badlogic.gdx.graphics.g3d.particles.ParticleControllerComponent	controller	1917	/tmp/projects/libgdx/gdx/src/com/badlogic/gdx/graphics/g3d/particles/ParticleControllerComponent.java	FIELD	com.badlogic.gdx.graphics.g3d.particles.ParticleControllerComponent	null	controller	null	/tmp/projects/libgdx/gdx/src/com/badlogic/gdx/graphics/g3d/particles/ParticleControllerComponent.java
METHOD_NO_INIT	initializer method does not guarantee @NonNull field resources (line 58) is initialized along all control-flow paths (remember to check for exceptions or early returns).	com.badlogic.gdx.graphics.g3d.particles.ResourceData$SaveData	SaveData()	3225	/tmp/projects/libgdx/gdx/src/com/badlogic/gdx/graphics/g3d/particles/ResourceData.java	null	null	null	null	null	null
METHOD_NO_INIT	initializer method does not guarantee @NonNull field type (line 112) is initialized along all control-flow paths (remember to check for exceptions or early returns).	com.badlogic.gdx.graphics.g3d.particles.ResourceData$AssetData	AssetData()	4729	/tmp/projects/libgdx/gdx/src/com/badlogic/gdx/graphics/g3d/particles/ResourceData.java	null	null	null	null	null	null
DEREFERENCE_NULLABLE	dereferenced expression data.filename is @Nullable	com.badlogic.gdx.graphics.g3d.particles.ResourceData	<K>getAssetData(java.lang.String,java.lang.Class<K>)	6299	/tmp/projects/libgdx/gdx/src/com/badlogic/gdx/graphics/g3d/particles/ResourceData.java	null	null	null	null	null	null
FIELD_NO_INIT	@NonNull field controller not initialized	com.badlogic.gdx.graphics.g3d.particles.renderers.ParticleControllerRenderData	controller	1124	/tmp/projects/libgdx/gdx/src/com/badlogic/gdx/graphics/g3d/particles/renderers/ParticleControllerRenderData.java	FIELD	com.badlogic.gdx.graphics.g3d.particles.renderers.ParticleControllerRenderData	null	controller	null	/tmp/projects/libgdx/gdx/src/com/badlogic/gdx/graphics/g3d/particles/renderers/ParticleControllerRenderData.java
FIELD_NO_INIT	@NonNull field positionChannel not initialized	com.badlogic.gdx.graphics.g3d.particles.renderers.ParticleControllerRenderData	positionChannel	1163	/tmp/projects/libgdx/gdx/src/com/badlogic/gdx/graphics/g3d/particles/renderers/ParticleControllerRenderData.java	FIELD	com.badlogic.gdx.graphics.g3d.particles.renderers.ParticleControllerRenderData	null	positionChannel	null	/tmp/projects/libgdx/gdx/src/com/badlogic/gdx/graphics/g3d/particles/renderers/ParticleControllerRenderData.java
ASSIGN_FIELD_NULLABLE	assigning @Nullable expression to @NonNull field	com.badlogic.gdx.graphics.g3d.particles.ParticleShader	init()	9179	/tmp/projects/libgdx/gdx/src/com/badlogic/gdx/graphics/g3d/particles/ParticleShader.java	FIELD	com.badlogic.gdx.graphics.g3d.shaders.BaseShader	null	program	null	/tmp/projects/libgdx/gdx/src/com/badlogic/gdx/graphics/g3d/shaders/BaseShader.java
METHOD_NO_INIT	initializer method does not guarantee @NonNull field vertices (line 71) is initialized along all control-flow paths (remember to check for exceptions or early returns).	com.badlogic.gdx.graphics.g3d.particles.batches.PointSpriteParticleBatch	PointSpriteParticleBatch(int,com.badlogic.gdx.graphics.g3d.particles.ParticleShader.Config,com.badlogic.gdx.graphics.g3d.attributes.BlendingAttribute,com.badlogic.gdx.graphics.g3d.attributes.DepthTestAttribute)	4119	/tmp/projects/libgdx/gdx/src/com/badlogic/gdx/graphics/g3d/particles/batches/PointSpriteParticleBatch.java	null	null	null	null	null	null
NONNULL_FIELD_READ_BEFORE_INIT	read of @NonNull field renderable before initialization	com.badlogic.gdx.graphics.g3d.particles.batches.PointSpriteParticleBatch	PointSpriteParticleBatch(int,com.badlogic.gdx.graphics.g3d.particles.ParticleShader.Config,com.badlogic.gdx.graphics.g3d.attributes.BlendingAttribute,com.badlogic.gdx.graphics.g3d.attributes.DepthTestAttribute)	4796	/tmp/projects/libgdx/gdx/src/com/badlogic/gdx/graphics/g3d/particles/batches/PointSpriteParticleBatch.java	null	null	null	null	null	null
NONNULL_FIELD_READ_BEFORE_INIT	read of @NonNull field renderable before initialization	com.badlogic.gdx.graphics.g3d.particles.batches.PointSpriteParticleBatch	PointSpriteParticleBatch(int,com.badlogic.gdx.graphics.g3d.particles.ParticleShader.Config,com.badlogic.gdx.graphics.g3d.attributes.BlendingAttribute,com.badlogic.gdx.graphics.g3d.attributes.DepthTestAttribute)	4835	/tmp/projects/libgdx/gdx/src/com/badlogic/gdx/graphics/g3d/particles/batches/PointSpriteParticleBatch.java	null	null	null	null	null	null
DEREFERENCE_NULLABLE	dereferenced expression regionChannel is @Nullable	com.badlogic.gdx.graphics.g3d.particles.batches.PointSpriteParticleBatch	flush(int[])	6458	/tmp/projects/libgdx/gdx/src/com/badlogic/gdx/graphics/g3d/particles/batches/PointSpriteParticleBatch.java	null	null	null	null	null	null
DEREFERENCE_NULLABLE	dereferenced expression colorChannel is @Nullable	com.badlogic.gdx.graphics.g3d.particles.batches.PointSpriteParticleBatch	flush(int[])	6567	/tmp/projects/libgdx/gdx/src/com/badlogic/gdx/graphics/g3d/particles/batches/PointSpriteParticleBatch.java	null	null	null	null	null	null
DEREFERENCE_NULLABLE	dereferenced expression rotationChannel is @Nullable	com.badlogic.gdx.graphics.g3d.particles.batches.PointSpriteParticleBatch	flush(int[])	6621	/tmp/projects/libgdx/gdx/src/com/badlogic/gdx/graphics/g3d/particles/batches/PointSpriteParticleBatch.java	null	null	null	null	null	null
DEREFERENCE_NULLABLE	dereferenced expression scaleChannel is @Nullable	com.badlogic.gdx.graphics.g3d.particles.batches.PointSpriteParticleBatch	flush(int[])	7471	/tmp/projects/libgdx/gdx/src/com/badlogic/gdx/graphics/g3d/particles/batches/PointSpriteParticleBatch.java	null	null	null	null	null	null
METHOD_NO_INIT	initializer method does not guarantee @NonNull field camera (line 31) is initialized along all control-flow paths (remember to check for exceptions or early returns).	com.badlogic.gdx.graphics.g3d.particles.batches.BufferedParticleBatch	BufferedParticleBatch(java.lang.Class<T>)	1460	/tmp/projects/libgdx/gdx/src/com/badlogic/gdx/graphics/g3d/particles/batches/BufferedParticleBatch.java	null	null	null	null	null	null
PASS_NULLABLE	passing @Nullable parameter 'sorter.sort(renderData)' where @NonNull is required	com.badlogic.gdx.graphics.g3d.particles.batches.BufferedParticleBatch	end()	2000	/tmp/projects/libgdx/gdx/src/com/badlogic/gdx/graphics/g3d/particles/batches/BufferedParticleBatch.java	PARAMETER	com.badlogic.gdx.graphics.g3d.particles.batches.BufferedParticleBatch	flush(int[])	offsets	0	/tmp/projects/libgdx/gdx/src/com/badlogic/gdx/graphics/g3d/particles/batches/BufferedParticleBatch.java
METHOD_NO_INIT	initializer method does not guarantee @NonNull fields name (line 44), emitter (line 47), renderer (line 53), particles (line 56), particleChannels (line 57), boundingBox (line 66) are initialized along all control-flow paths (remember to check for exceptions or early returns).	com.badlogic.gdx.graphics.g3d.particles.ParticleController	ParticleController()	2732	/tmp/projects/libgdx/gdx/src/com/badlogic/gdx/graphics/g3d/particles/ParticleController.java	null	null	null	null	null	null
FIELD_NO_INIT	@NonNull field ParticleSorter$Distance.distances not initialized	com.badlogic.gdx.graphics.g3d.particles.ParticleSorter$Distance	distances	1929	/tmp/projects/libgdx/gdx/src/com/badlogic/gdx/graphics/g3d/particles/ParticleSorter.java	FIELD	com.badlogic.gdx.graphics.g3d.particles.ParticleSorter$Distance	null	distances	null	/tmp/projects/libgdx/gdx/src/com/badlogic/gdx/graphics/g3d/particles/ParticleSorter.java
FIELD_NO_INIT	@NonNull field ParticleSorter$Distance.particleIndices not initialized	com.badlogic.gdx.graphics.g3d.particles.ParticleSorter$Distance	particleIndices	1958	/tmp/projects/libgdx/gdx/src/com/badlogic/gdx/graphics/g3d/particles/ParticleSorter.java	FIELD	com.badlogic.gdx.graphics.g3d.particles.ParticleSorter$Distance	null	particleIndices	null	/tmp/projects/libgdx/gdx/src/com/badlogic/gdx/graphics/g3d/particles/ParticleSorter.java
FIELD_NO_INIT	@NonNull field ParticleSorter$Distance.particleOffsets not initialized	com.badlogic.gdx.graphics.g3d.particles.ParticleSorter$Distance	particleOffsets	1958	/tmp/projects/libgdx/gdx/src/com/badlogic/gdx/graphics/g3d/particles/ParticleSorter.java	FIELD	com.badlogic.gdx.graphics.g3d.particles.ParticleSorter$Distance	null	particleOffsets	null	/tmp/projects/libgdx/gdx/src/com/badlogic/gdx/graphics/g3d/particles/ParticleSorter.java
DEREFERENCE_NULLABLE	dereferenced expression camera is @Nullable	com.badlogic.gdx.graphics.g3d.particles.ParticleSorter$Distance	<T>sort(com.badlogic.gdx.utils.Array<T>)	2400	/tmp/projects/libgdx/gdx/src/com/badlogic/gdx/graphics/g3d/particles/ParticleSorter.java	null	null	null	null	null	null
FIELD_NO_INIT	@NonNull field regionChannel not initialized	com.badlogic.gdx.graphics.g3d.particles.renderers.BillboardControllerRenderData	regionChannel	1084	/tmp/projects/libgdx/gdx/src/com/badlogic/gdx/graphics/g3d/particles/renderers/BillboardControllerRenderData.java	FIELD	com.badlogic.gdx.graphics.g3d.particles.renderers.BillboardControllerRenderData	null	regionChannel	null	/tmp/projects/libgdx/gdx/src/com/badlogic/gdx/graphics/g3d/particles/renderers/BillboardControllerRenderData.java
FIELD_NO_INIT	@NonNull field colorChannel not initialized	com.badlogic.gdx.graphics.g3d.particles.renderers.BillboardControllerRenderData	colorChannel	1084	/tmp/projects/libgdx/gdx/src/com/badlogic/gdx/graphics/g3d/particles/renderers/BillboardControllerRenderData.java	FIELD	com.badlogic.gdx.graphics.g3d.particles.renderers.BillboardControllerRenderData	null	colorChannel	null	/tmp/projects/libgdx/gdx/src/com/badlogic/gdx/graphics/g3d/particles/renderers/BillboardControllerRenderData.java
FIELD_NO_INIT	@NonNull field scaleChannel not initialized	com.badlogic.gdx.graphics.g3d.particles.renderers.BillboardControllerRenderData	scaleChannel	1084	/tmp/projects/libgdx/gdx/src/com/badlogic/gdx/graphics/g3d/particles/renderers/BillboardControllerRenderData.java	FIELD	com.badlogic.gdx.graphics.g3d.particles.renderers.BillboardControllerRenderData	null	scaleChannel	null	/tmp/projects/libgdx/gdx/src/com/badlogic/gdx/graphics/g3d/particles/renderers/BillboardControllerRenderData.java
FIELD_NO_INIT	@NonNull field rotationChannel not initialized	com.badlogic.gdx.graphics.g3d.particles.renderers.BillboardControllerRenderData	rotationChannel	1084	/tmp/projects/libgdx/gdx/src/com/badlogic/gdx/graphics/g3d/particles/renderers/BillboardControllerRenderData.java	FIELD	com.badlogic.gdx.graphics.g3d.particles.renderers.BillboardControllerRenderData	null	rotationChannel	null	/tmp/projects/libgdx/gdx/src/com/badlogic/gdx/graphics/g3d/particles/renderers/BillboardControllerRenderData.java
METHOD_NO_INIT	initializer method does not guarantee @NonNull fields vertices (line 119), currentAttributes (line 122), texture (line 125) are initialized along all control-flow paths (remember to check for exceptions or early returns).	com.badlogic.gdx.graphics.g3d.particles.batches.BillboardParticleBatch	BillboardParticleBatch(com.badlogic.gdx.graphics.g3d.particles.ParticleShader.AlignMode,boolean,int,com.badlogic.gdx.graphics.g3d.attributes.BlendingAttribute,com.badlogic.gdx.graphics.g3d.attributes.DepthTestAttribute)	6575	/tmp/projects/libgdx/gdx/src/com/badlogic/gdx/graphics/g3d/particles/batches/BillboardParticleBatch.java	null	null	null	null	null	null
DEREFERENCE_NULLABLE	dereferenced expression controllerChannel is @Nullable	com.badlogic.gdx.graphics.g3d.particles.renderers.ParticleControllerControllerRenderer	update()	1964	/tmp/projects/libgdx/gdx/src/com/badlogic/gdx/graphics/g3d/particles/renderers/ParticleControllerControllerRenderer.java	null	null	null	null	null	null
DEREFERENCE_NULLABLE	dereferenced expression renderData.scaleChannel is @Nullable	com.badlogic.gdx.graphics.g3d.particles.renderers.ModelInstanceRenderer	update()	2839	/tmp/projects/libgdx/gdx/src/com/badlogic/gdx/graphics/g3d/particles/renderers/ModelInstanceRenderer.java	null	null	null	null	null	null
DEREFERENCE_NULLABLE	dereferenced expression renderData.rotationChannel is @Nullable	com.badlogic.gdx.graphics.g3d.particles.renderers.ModelInstanceRenderer	update()	2968	/tmp/projects/libgdx/gdx/src/com/badlogic/gdx/graphics/g3d/particles/renderers/ModelInstanceRenderer.java	null	null	null	null	null	null
DEREFERENCE_NULLABLE	dereferenced expression renderData.colorChannel is @Nullable	com.badlogic.gdx.graphics.g3d.particles.renderers.ModelInstanceRenderer	update()	3698	/tmp/projects/libgdx/gdx/src/com/badlogic/gdx/graphics/g3d/particles/renderers/ModelInstanceRenderer.java	null	null	null	null	null	null
FIELD_NO_INIT	@NonNull field modelInstanceChannel not initialized	com.badlogic.gdx.graphics.g3d.particles.renderers.ModelInstanceControllerRenderData	modelInstanceChannel	1221	/tmp/projects/libgdx/gdx/src/com/badlogic/gdx/graphics/g3d/particles/renderers/ModelInstanceControllerRenderData.java	FIELD	com.badlogic.gdx.graphics.g3d.particles.renderers.ModelInstanceControllerRenderData	null	modelInstanceChannel	null	/tmp/projects/libgdx/gdx/src/com/badlogic/gdx/graphics/g3d/particles/renderers/ModelInstanceControllerRenderData.java
METHOD_NO_INIT	initializer method does not guarantee @NonNull field lifeChannel (line 52) is initialized along all control-flow paths (remember to check for exceptions or early returns).	com.badlogic.gdx.graphics.g3d.particles.emitters.RegularEmitter	RegularEmitter()	2314	/tmp/projects/libgdx/gdx/src/com/badlogic/gdx/graphics/g3d/particles/emitters/RegularEmitter.java	null	null	null	null	null	null
METHOD_NO_INIT	initializer method does not guarantee @NonNull field particleControllerChannel (line 164) is initialized along all control-flow paths (remember to check for exceptions or early returns).	com.badlogic.gdx.graphics.g3d.particles.influencers.ParticleControllerInfluencer	ParticleControllerInfluencer()	4923	/tmp/projects/libgdx/gdx/src/com/badlogic/gdx/graphics/g3d/particles/influencers/ParticleControllerInfluencer.java	null	null	null	null	null	null
METHOD_NO_INIT	initializer method does not guarantee @NonNull field particleControllerChannel (line 164) is initialized along all control-flow paths (remember to check for exceptions or early returns).	com.badlogic.gdx.graphics.g3d.particles.influencers.ParticleControllerInfluencer	ParticleControllerInfluencer(com.badlogic.gdx.graphics.g3d.particles.ParticleController...)	5054	/tmp/projects/libgdx/gdx/src/com/badlogic/gdx/graphics/g3d/particles/influencers/ParticleControllerInfluencer.java	null	null	null	null	null	null
METHOD_NO_INIT	initializer method does not guarantee @NonNull field lifeChannel (line 491) is initialized along all control-flow paths (remember to check for exceptions or early returns).	com.badlogic.gdx.graphics.g3d.particles.influencers.DynamicsModifier	DynamicsModifier()	19255	/tmp/projects/libgdx/gdx/src/com/badlogic/gdx/graphics/g3d/particles/influencers/DynamicsModifier.java	null	null	null	null	null	null
METHOD_NO_INIT	initializer method does not guarantee @NonNull field lifeChannel (line 491) is initialized along all control-flow paths (remember to check for exceptions or early returns).	com.badlogic.gdx.graphics.g3d.particles.influencers.DynamicsModifier	DynamicsModifier(com.badlogic.gdx.graphics.g3d.particles.influencers.DynamicsModifier)	19289	/tmp/projects/libgdx/gdx/src/com/badlogic/gdx/graphics/g3d/particles/influencers/DynamicsModifier.java	null	null	null	null	null	null
DEREFERENCE_NULLABLE	dereferenced expression rotationChannel is @Nullable	com.badlogic.gdx.graphics.g3d.particles.influencers.DynamicsModifier$FaceDirection	update()	2472	/tmp/projects/libgdx/gdx/src/com/badlogic/gdx/graphics/g3d/particles/influencers/DynamicsModifier.java	null	null	null	null	null	null
DEREFERENCE_NULLABLE	dereferenced expression accellerationChannel is @Nullable	com.badlogic.gdx.graphics.g3d.particles.influencers.DynamicsModifier$FaceDirection	update()	2622	/tmp/projects/libgdx/gdx/src/com/badlogic/gdx/graphics/g3d/particles/influencers/DynamicsModifier.java	null	null	null	null	null	null
METHOD_NO_INIT	initializer method does not guarantee @NonNull field strengthChannel (line 79) is initialized along all control-flow paths (remember to check for exceptions or early returns).	com.badlogic.gdx.graphics.g3d.particles.influencers.DynamicsModifier$Strength	Strength()	3597	/tmp/projects/libgdx/gdx/src/com/badlogic/gdx/graphics/g3d/particles/influencers/DynamicsModifier.java	null	null	null	null	null	null
METHOD_NO_INIT	initializer method does not guarantee @NonNull field strengthChannel (line 79) is initialized along all control-flow paths (remember to check for exceptions or early returns).	com.badlogic.gdx.graphics.g3d.particles.influencers.DynamicsModifier$Strength	Strength(com.badlogic.gdx.graphics.g3d.particles.influencers.DynamicsModifier.Strength)	3670	/tmp/projects/libgdx/gdx/src/com/badlogic/gdx/graphics/g3d/particles/influencers/DynamicsModifier.java	null	null	null	null	null	null
METHOD_NO_INIT	initializer method does not guarantee @NonNull field angularChannel (line 126) is initialized along all control-flow paths (remember to check for exceptions or early returns).	com.badlogic.gdx.graphics.g3d.particles.influencers.DynamicsModifier$Angular	Angular()	5169	/tmp/projects/libgdx/gdx/src/com/badlogic/gdx/graphics/g3d/particles/influencers/DynamicsModifier.java	null	null	null	null	null	null
METHOD_NO_INIT	initializer method does not guarantee @NonNull field angularChannel (line 126) is initialized along all control-flow paths (remember to check for exceptions or early returns).	com.badlogic.gdx.graphics.g3d.particles.influencers.DynamicsModifier$Angular	Angular(com.badlogic.gdx.graphics.g3d.particles.influencers.DynamicsModifier.Angular)	5278	/tmp/projects/libgdx/gdx/src/com/badlogic/gdx/graphics/g3d/particles/influencers/DynamicsModifier.java	null	null	null	null	null	null
DEREFERENCE_NULLABLE	dereferenced expression rotationalVelocity2dChannel is @Nullable	com.badlogic.gdx.graphics.g3d.particles.influencers.DynamicsModifier$Rotational2D	update()	7577	/tmp/projects/libgdx/gdx/src/com/badlogic/gdx/graphics/g3d/particles/influencers/DynamicsModifier.java	null	null	null	null	null	null
DEREFERENCE_NULLABLE	dereferenced expression rotationalForceChannel is @Nullable	com.badlogic.gdx.graphics.g3d.particles.influencers.DynamicsModifier$Rotational3D	update()	9724	/tmp/projects/libgdx/gdx/src/com/badlogic/gdx/graphics/g3d/particles/influencers/DynamicsModifier.java	null	null	null	null	null	null
METHOD_NO_INIT	initializer method does not guarantee @NonNull fields accelerationChannel (line 297), positionChannel (line 298) are initialized along all control-flow paths (remember to check for exceptions or early returns).	com.badlogic.gdx.graphics.g3d.particles.influencers.DynamicsModifier$CentripetalAcceleration	CentripetalAcceleration()	11251	/tmp/projects/libgdx/gdx/src/com/badlogic/gdx/graphics/g3d/particles/influencers/DynamicsModifier.java	null	null	null	null	null	null
METHOD_NO_INIT	initializer method does not guarantee @NonNull fields accelerationChannel (line 297), positionChannel (line 298) are initialized along all control-flow paths (remember to check for exceptions or early returns).	com.badlogic.gdx.graphics.g3d.particles.influencers.DynamicsModifier$CentripetalAcceleration	CentripetalAcceleration(com.badlogic.gdx.graphics.g3d.particles.influencers.DynamicsModifier.CentripetalAcceleration)	11294	/tmp/projects/libgdx/gdx/src/com/badlogic/gdx/graphics/g3d/particles/influencers/DynamicsModifier.java	null	null	null	null	null	null
DEREFERENCE_NULLABLE	dereferenced expression directionalVelocityChannel is @Nullable	com.badlogic.gdx.graphics.g3d.particles.influencers.DynamicsModifier$PolarAcceleration	update()	13657	/tmp/projects/libgdx/gdx/src/com/badlogic/gdx/graphics/g3d/particles/influencers/DynamicsModifier.java	null	null	null	null	null	null
DEREFERENCE_NULLABLE	dereferenced expression directionalVelocityChannel is @Nullable	com.badlogic.gdx.graphics.g3d.particles.influencers.DynamicsModifier$TangentialAcceleration	update()	15850	/tmp/projects/libgdx/gdx/src/com/badlogic/gdx/graphics/g3d/particles/influencers/DynamicsModifier.java	null	null	null	null	null	null
DEREFERENCE_NULLABLE	dereferenced expression positionChannel is @Nullable	com.badlogic.gdx.graphics.g3d.particles.influencers.DynamicsModifier$TangentialAcceleration	update()	16933	/tmp/projects/libgdx/gdx/src/com/badlogic/gdx/graphics/g3d/particles/influencers/DynamicsModifier.java	null	null	null	null	null	null
DEREFERENCE_NULLABLE	dereferenced expression accelerationChannel is @Nullable	com.badlogic.gdx.graphics.g3d.particles.influencers.DynamicsModifier$BrownianAcceleration	update()	18828	/tmp/projects/libgdx/gdx/src/com/badlogic/gdx/graphics/g3d/particles/influencers/DynamicsModifier.java	null	null	null	null	null	null
METHOD_NO_INIT	initializer method does not guarantee @NonNull fields valueChannel (line 33), interpolationChannel (line 33), lifeChannel (line 33), valueChannelDescriptor (line 34) are initialized along all control-flow paths (remember to check for exceptions or early returns).	com.badlogic.gdx.graphics.g3d.particles.influencers.SimpleInfluencer	SimpleInfluencer()	1612	/tmp/projects/libgdx/gdx/src/com/badlogic/gdx/graphics/g3d/particles/influencers/SimpleInfluencer.java	null	null	null	null	null	null
METHOD_NO_INIT	initializer method does not guarantee @NonNull field regionChannel (line 208) is initialized along all control-flow paths (remember to check for exceptions or early returns).	com.badlogic.gdx.graphics.g3d.particles.influencers.RegionInfluencer	RegionInfluencer(int)	7078	/tmp/projects/libgdx/gdx/src/com/badlogic/gdx/graphics/g3d/particles/influencers/RegionInfluencer.java	null	null	null	null	null	null
METHOD_NO_INIT	initializer method does not guarantee @NonNull field regionChannel (line 208) is initialized along all control-flow paths (remember to check for exceptions or early returns).	com.badlogic.gdx.graphics.g3d.particles.influencers.RegionInfluencer	RegionInfluencer(com.badlogic.gdx.graphics.g2d.TextureRegion...)	7545	/tmp/projects/libgdx/gdx/src/com/badlogic/gdx/graphics/g3d/particles/influencers/RegionInfluencer.java	null	null	null	null	null	null
DEREFERENCE_NULLABLE	dereferenced expression lifeChannel is @Nullable	com.badlogic.gdx.graphics.g3d.particles.influencers.RegionInfluencer$Animated	update()	4807	/tmp/projects/libgdx/gdx/src/com/badlogic/gdx/graphics/g3d/particles/influencers/RegionInfluencer.java	null	null	null	null	null	null
METHOD_NO_INIT	initializer method does not guarantee @NonNull fields positionChannel (line 30), scaleChannel (line 30), rotationChannel (line 30), controllerChannel (line 31) are initialized along all control-flow paths (remember to check for exceptions or early returns).	com.badlogic.gdx.graphics.g3d.particles.influencers.ParticleControllerFinalizerInfluencer	ParticleControllerFinalizerInfluencer()	1695	/tmp/projects/libgdx/gdx/src/com/badlogic/gdx/graphics/g3d/particles/influencers/ParticleControllerFinalizerInfluencer.java	null	null	null	null	null	null
METHOD_NO_INIT	initializer method does not guarantee @NonNull field modelChannel (line 120) is initialized along all control-flow paths (remember to check for exceptions or early returns).	com.badlogic.gdx.graphics.g3d.particles.influencers.ModelInfluencer	ModelInfluencer()	3436	/tmp/projects/libgdx/gdx/src/com/badlogic/gdx/graphics/g3d/particles/influencers/ModelInfluencer.java	null	null	null	null	null	null
METHOD_NO_INIT	initializer method does not guarantee @NonNull field modelChannel (line 120) is initialized along all control-flow paths (remember to check for exceptions or early returns).	com.badlogic.gdx.graphics.g3d.particles.influencers.ModelInfluencer	ModelInfluencer(com.badlogic.gdx.graphics.g3d.Model...)	3525	/tmp/projects/libgdx/gdx/src/com/badlogic/gdx/graphics/g3d/particles/influencers/ModelInfluencer.java	null	null	null	null	null	null
METHOD_NO_INIT	initializer method does not guarantee @NonNull fields positionChannel (line 34), rotationChannel (line 35) are initialized along all control-flow paths (remember to check for exceptions or early returns).	com.badlogic.gdx.graphics.g3d.particles.influencers.SpawnInfluencer	SpawnInfluencer()	1586	/tmp/projects/libgdx/gdx/src/com/badlogic/gdx/graphics/g3d/particles/influencers/SpawnInfluencer.java	null	null	null	null	null	null
METHOD_NO_INIT	initializer method does not guarantee @NonNull fields positionChannel (line 34), rotationChannel (line 35) are initialized along all control-flow paths (remember to check for exceptions or early returns).	com.badlogic.gdx.graphics.g3d.particles.influencers.SpawnInfluencer	SpawnInfluencer(com.badlogic.gdx.graphics.g3d.particles.values.SpawnShapeValue)	1667	/tmp/projects/libgdx/gdx/src/com/badlogic/gdx/graphics/g3d/particles/influencers/SpawnInfluencer.java	null	null	null	null	null	null
METHOD_NO_INIT	initializer method does not guarantee @NonNull fields positionChannel (line 34), rotationChannel (line 35) are initialized along all control-flow paths (remember to check for exceptions or early returns).	com.badlogic.gdx.graphics.g3d.particles.influencers.SpawnInfluencer	SpawnInfluencer(com.badlogic.gdx.graphics.g3d.particles.influencers.SpawnInfluencer)	1773	/tmp/projects/libgdx/gdx/src/com/badlogic/gdx/graphics/g3d/particles/influencers/SpawnInfluencer.java	null	null	null	null	null	null
FIELD_NO_INIT	@NonNull field colorChannel not initialized	com.badlogic.gdx.graphics.g3d.particles.influencers.ColorInfluencer	colorChannel	5465	/tmp/projects/libgdx/gdx/src/com/badlogic/gdx/graphics/g3d/particles/influencers/ColorInfluencer.java	FIELD	com.badlogic.gdx.graphics.g3d.particles.influencers.ColorInfluencer	null	colorChannel	null	/tmp/projects/libgdx/gdx/src/com/badlogic/gdx/graphics/g3d/particles/influencers/ColorInfluencer.java
DEREFERENCE_NULLABLE	dereferenced expression colorChannel is @Nullable	com.badlogic.gdx.graphics.g3d.particles.influencers.ColorInfluencer$Random	activateParticles(int,int)	1841	/tmp/projects/libgdx/gdx/src/com/badlogic/gdx/graphics/g3d/particles/influencers/ColorInfluencer.java	null	null	null	null	null	null
METHOD_NO_INIT	initializer method does not guarantee @NonNull fields alphaInterpolationChannel (line 60), lifeChannel (line 61) are initialized along all control-flow paths (remember to check for exceptions or early returns).	com.badlogic.gdx.graphics.g3d.particles.influencers.ColorInfluencer$Single	Single()	2636	/tmp/projects/libgdx/gdx/src/com/badlogic/gdx/graphics/g3d/particles/influencers/ColorInfluencer.java	null	null	null	null	null	null
METHOD_NO_INIT	initializer method does not guarantee @NonNull fields accellerationChannel (line 34), positionChannel (line 34), previousPositionChannel (line 34), rotationChannel (line 34), angularVelocityChannel (line 34) are initialized along all control-flow paths (remember to check for exceptions or early returns).	com.badlogic.gdx.graphics.g3d.particles.influencers.DynamicsInfluencer	DynamicsInfluencer()	1652	/tmp/projects/libgdx/gdx/src/com/badlogic/gdx/graphics/g3d/particles/influencers/DynamicsInfluencer.java	null	null	null	null	null	null
METHOD_NO_INIT	initializer method does not guarantee @NonNull fields accellerationChannel (line 34), positionChannel (line 34), previousPositionChannel (line 34), rotationChannel (line 34), angularVelocityChannel (line 34) are initialized along all control-flow paths (remember to check for exceptions or early returns).	com.badlogic.gdx.graphics.g3d.particles.influencers.DynamicsInfluencer	DynamicsInfluencer(com.badlogic.gdx.graphics.g3d.particles.influencers.DynamicsModifier...)	1770	/tmp/projects/libgdx/gdx/src/com/badlogic/gdx/graphics/g3d/particles/influencers/DynamicsInfluencer.java	null	null	null	null	null	null
METHOD_NO_INIT	initializer method does not guarantee @NonNull field vertices (line 29) is initialized along all control-flow paths (remember to check for exceptions or early returns).	com.badlogic.gdx.graphics.g3d.particles.values.UnweightedMeshSpawnShapeValue	UnweightedMeshSpawnShapeValue(com.badlogic.gdx.graphics.g3d.particles.values.UnweightedMeshSpawnShapeValue)	1369	/tmp/projects/libgdx/gdx/src/com/badlogic/gdx/graphics/g3d/particles/values/UnweightedMeshSpawnShapeValue.java	null	null	null	null	null	null
METHOD_NO_INIT	initializer method does not guarantee @NonNull field vertices (line 29) is initialized along all control-flow paths (remember to check for exceptions or early returns).	com.badlogic.gdx.graphics.g3d.particles.values.UnweightedMeshSpawnShapeValue	UnweightedMeshSpawnShapeValue()	1482	/tmp/projects/libgdx/gdx/src/com/badlogic/gdx/graphics/g3d/particles/values/UnweightedMeshSpawnShapeValue.java	null	null	null	null	null	null
METHOD_NO_INIT	initializer method does not guarantee @NonNull field mesh (line 63) is initialized along all control-flow paths (remember to check for exceptions or early returns).	com.badlogic.gdx.graphics.g3d.particles.values.MeshSpawnShapeValue	MeshSpawnShapeValue(com.badlogic.gdx.graphics.g3d.particles.values.MeshSpawnShapeValue)	2638	/tmp/projects/libgdx/gdx/src/com/badlogic/gdx/graphics/g3d/particles/values/MeshSpawnShapeValue.java	null	null	null	null	null	null
METHOD_NO_INIT	initializer method does not guarantee @NonNull field mesh (line 63) is initialized along all control-flow paths (remember to check for exceptions or early returns).	com.badlogic.gdx.graphics.g3d.particles.values.MeshSpawnShapeValue	MeshSpawnShapeValue()	2716	/tmp/projects/libgdx/gdx/src/com/badlogic/gdx/graphics/g3d/particles/values/MeshSpawnShapeValue.java	null	null	null	null	null	null
ASSIGN_FIELD_NULLABLE	assigning @Nullable expression to @NonNull field	com.badlogic.gdx.graphics.g3d.particles.ParticleEffectLoader	getDependencies(java.lang.String,com.badlogic.gdx.files.FileHandle,com.badlogic.gdx.graphics.g3d.particles.ParticleEffectLoader.ParticleEffectLoadParameter)	3190	/tmp/projects/libgdx/gdx/src/com/badlogic/gdx/graphics/g3d/particles/ParticleEffectLoader.java	FIELD	com.badlogic.gdx.utils.ObjectMap$Entry	null	key	null	/tmp/projects/libgdx/gdx/src/com/badlogic/gdx/utils/ObjectMap.java
DEREFERENCE_NULLABLE	dereferenced expression effectData.resource is @Nullable	com.badlogic.gdx.graphics.g3d.particles.ParticleEffectLoader	loadSync(com.badlogic.gdx.assets.AssetManager,java.lang.String,com.badlogic.gdx.files.FileHandle,com.badlogic.gdx.graphics.g3d.particles.ParticleEffectLoader.ParticleEffectLoadParameter)	5150	/tmp/projects/libgdx/gdx/src/com/badlogic/gdx/graphics/g3d/particles/ParticleEffectLoader.java	null	null	null	null	null	null
DEREFERENCE_NULLABLE	dereferenced expression effectData is @Nullable	com.badlogic.gdx.graphics.g3d.particles.ParticleEffectLoader	loadSync(com.badlogic.gdx.assets.AssetManager,java.lang.String,com.badlogic.gdx.files.FileHandle,com.badlogic.gdx.graphics.g3d.particles.ParticleEffectLoader.ParticleEffectLoadParameter)	5150	/tmp/projects/libgdx/gdx/src/com/badlogic/gdx/graphics/g3d/particles/ParticleEffectLoader.java	null	null	null	null	null	null
ASSIGN_FIELD_NULLABLE	assigning @Nullable expression to @NonNull field	com.badlogic.gdx.graphics.g3d.ModelCache	obtainRenderable(com.badlogic.gdx.graphics.g3d.Material,int)	9730	/tmp/projects/libgdx/gdx/src/com/badlogic/gdx/graphics/g3d/ModelCache.java	FIELD	com.badlogic.gdx.graphics.g3d.model.MeshPart	null	mesh	null	/tmp/projects/libgdx/gdx/src/com/badlogic/gdx/graphics/g3d/model/MeshPart.java
DEREFERENCE_NULLABLE	dereferenced expression managedTextureArrays.get(Gdx.app) is @Nullable	com.badlogic.gdx.graphics.TextureArray	getNumManagedTextureArrays()	4863	/tmp/projects/libgdx/gdx/src/com/badlogic/gdx/graphics/TextureArray.java	null	null	null	null	null	null
METHOD_NO_INIT	initializer method does not guarantee @NonNull field out (line 32) is initialized along all control-flow paths (remember to check for exceptions or early returns).	com.badlogic.gdx.input.RemoteSender	RemoteSender(java.lang.String,int)	1699	/tmp/projects/libgdx/gdx/src/com/badlogic/gdx/input/RemoteSender.java	null	null	null	null	null	null
ASSIGN_FIELD_NULLABLE	assigning @Nullable expression to @NonNull field	com.badlogic.gdx.input.RemoteSender	sendUpdate()	2878	/tmp/projects/libgdx/gdx/src/com/badlogic/gdx/input/RemoteSender.java	FIELD	com.badlogic.gdx.input.RemoteSender	null	out	null	/tmp/projects/libgdx/gdx/src/com/badlogic/gdx/input/RemoteSender.java
METHOD_NO_INIT	initializer method does not guarantee @NonNull field patch (line 34) is initialized along all control-flow paths (remember to check for exceptions or early returns).	com.badlogic.gdx.scenes.scene2d.utils.NinePatchDrawable	NinePatchDrawable()	1756	/tmp/projects/libgdx/gdx/src/com/badlogic/gdx/scenes/scene2d/utils/NinePatchDrawable.java	null	null	null	null	null	null
METHOD_NO_INIT	initializer method does not guarantee @NonNull field patch (line 34) is initialized along all control-flow paths (remember to check for exceptions or early returns).	com.badlogic.gdx.scenes.scene2d.utils.NinePatchDrawable	NinePatchDrawable(com.badlogic.gdx.graphics.g2d.NinePatch)	1791	/tmp/projects/libgdx/gdx/src/com/badlogic/gdx/scenes/scene2d/utils/NinePatchDrawable.java	null	null	null	null	null	null
DEREFERENCE_NULLABLE	dereferenced expression actor is @Nullable	com.badlogic.gdx.scenes.scene2d.ui.ScrollPane	updateActorPosition()	19069	/tmp/projects/libgdx/gdx/src/com/badlogic/gdx/scenes/scene2d/ui/ScrollPane.java	null	null	null	null	null	null
METHOD_NO_INIT	initializer method does not guarantee @NonNull fields actor (line 38), touchDownTarget (line 38) are initialized along all control-flow paths (remember to check for exceptions or early returns).	com.badlogic.gdx.scenes.scene2d.utils.ActorGestureListener	ActorGestureListener(float,float,float,float)	1973	/tmp/projects/libgdx/gdx/src/com/badlogic/gdx/scenes/scene2d/utils/ActorGestureListener.java	null	null	null	null	null	null
DEREFERENCE_NULLABLE	dereferenced expression actor is @Nullable	com.badlogic.gdx.scenes.scene2d.utils.DragAndDrop$1	drag(com.badlogic.gdx.scenes.scene2d.InputEvent,float,float,int)	4706	/tmp/projects/libgdx/gdx/src/com/badlogic/gdx/scenes/scene2d/utils/DragAndDrop.java	null	null	null	null	null	null
DEREFERENCE_NULLABLE	dereferenced expression target is @Nullable	com.badlogic.gdx.scenes.scene2d.utils.DragAndDrop$1	dragStop(com.badlogic.gdx.scenes.scene2d.InputEvent,float,float,int)	6137	/tmp/projects/libgdx/gdx/src/com/badlogic/gdx/scenes/scene2d/utils/DragAndDrop.java	null	null	null	null	null	null
DEREFERENCE_NULLABLE	dereferenced expression sprite is @Nullable	com.badlogic.gdx.scenes.scene2d.utils.SpriteDrawable	draw(com.badlogic.gdx.graphics.g2d.Batch,float,float,float,float)	1597	/tmp/projects/libgdx/gdx/src/com/badlogic/gdx/scenes/scene2d/utils/SpriteDrawable.java	null	null	null	null	null	null
DEREFERENCE_NULLABLE	dereferenced expression sprite is @Nullable	com.badlogic.gdx.scenes.scene2d.utils.SpriteDrawable	draw(com.badlogic.gdx.graphics.g2d.Batch,float,float,float,float,float,float,float,float,float)	2048	/tmp/projects/libgdx/gdx/src/com/badlogic/gdx/scenes/scene2d/utils/SpriteDrawable.java	null	null	null	null	null	null
DEREFERENCE_NULLABLE	dereferenced expression sprite is @Nullable	com.badlogic.gdx.scenes.scene2d.utils.SpriteDrawable	setSprite(com.badlogic.gdx.graphics.g2d.Sprite)	2465	/tmp/projects/libgdx/gdx/src/com/badlogic/gdx/scenes/scene2d/utils/SpriteDrawable.java	null	null	null	null	null	null
METHOD_NO_INIT	initializer method does not guarantee @NonNull fields text (line 81), style (line 88), messageText (line 89), displayText (line 90), inputListener (line 92) are initialized along all control-flow paths (remember to check for exceptions or early returns).	com.badlogic.gdx.scenes.scene2d.ui.TextField	TextField(java.lang.String,com.badlogic.gdx.scenes.scene2d.ui.TextField.TextFieldStyle)	5451	/tmp/projects/libgdx/gdx/src/com/badlogic/gdx/scenes/scene2d/ui/TextField.java	null	null	null	null	null	null
METHOD_NO_INIT	initializer method does not guarantee @NonNull fields font (line 1091), fontColor (line 1092), background (line 1094), focusedBackground (line 1094), disabledBackground (line 1094), cursor (line 1094), selection (line 1094) are initialized along all control-flow paths (remember to check for exceptions or early returns).	com.badlogic.gdx.scenes.scene2d.ui.TextField$TextFieldStyle	TextFieldStyle()	36103	/tmp/projects/libgdx/gdx/src/com/badlogic/gdx/scenes/scene2d/ui/TextField.java	null	null	null	null	null	null
METHOD_NO_INIT	initializer method does not guarantee @NonNull field fontColor (line 1092) is initialized along all control-flow paths (remember to check for exceptions or early returns).	com.badlogic.gdx.scenes.scene2d.ui.TextField$TextFieldStyle	TextFieldStyle(com.badlogic.gdx.scenes.scene2d.ui.TextField.TextFieldStyle)	36423	/tmp/projects/libgdx/gdx/src/com/badlogic/gdx/scenes/scene2d/ui/TextField.java	null	null	null	null	null	null
METHOD_NO_INIT	initializer method does not guarantee @NonNull fields focusedBackground (line 1094), disabledBackground (line 1094) are initialized along all control-flow paths (remember to check for exceptions or early returns).	com.badlogic.gdx.scenes.scene2d.ui.TextField$TextFieldStyle	TextFieldStyle(com.badlogic.gdx.graphics.g2d.BitmapFont,com.badlogic.gdx.graphics.Color,com.badlogic.gdx.scenes.scene2d.utils.Drawable,com.badlogic.gdx.scenes.scene2d.utils.Drawable,com.badlogic.gdx.scenes.scene2d.utils.Drawable)	36137	/tmp/projects/libgdx/gdx/src/com/badlogic/gdx/scenes/scene2d/ui/TextField.java	null	null	null	null	null	null
METHOD_NO_INIT	initializer method does not guarantee @NonNull field style (line 49) is initialized along all control-flow paths (remember to check for exceptions or early returns).	com.badlogic.gdx.scenes.scene2d.ui.List	List(com.badlogic.gdx.scenes.scene2d.ui.List.ListStyle)	2687	/tmp/projects/libgdx/gdx/src/com/badlogic/gdx/scenes/scene2d/ui/List.java	null	null	null	null	null	null
METHOD_NO_INIT	initializer method does not guarantee @NonNull fields font (line 440), selection (line 443) are initialized along all control-flow paths (remember to check for exceptions or early returns).	com.badlogic.gdx.scenes.scene2d.ui.List$ListStyle	ListStyle()	14554	/tmp/projects/libgdx/gdx/src/com/badlogic/gdx/scenes/scene2d/ui/List.java	null	null	null	null	null	null
METHOD_NO_INIT	initializer method does not guarantee @NonNull field label (line 75) is initialized along all control-flow paths (remember to check for exceptions or early returns).	com.badlogic.gdx.scenes.scene2d.ui.TextTooltip$TextTooltipStyle	TextTooltipStyle()	2758	/tmp/projects/libgdx/gdx/src/com/badlogic/gdx/scenes/scene2d/ui/TextTooltip.java	null	null	null	null	null	null
ASSIGN_FIELD_NULLABLE	assigning @Nullable expression to @NonNull field	com.badlogic.gdx.scenes.scene2d.ui.Tooltip	Tooltip(T,com.badlogic.gdx.scenes.scene2d.ui.TooltipManager)	1786	/tmp/projects/libgdx/gdx/src/com/badlogic/gdx/scenes/scene2d/ui/Tooltip.java	FIELD	com.badlogic.gdx.scenes.scene2d.ui.Tooltip	null	manager	null	/tmp/projects/libgdx/gdx/src/com/badlogic/gdx/scenes/scene2d/ui/Tooltip.java
FIELD_NO_INIT	@NonNull field color not initialized	com.badlogic.gdx.scenes.scene2d.actions.ColorAction	color	1277	/tmp/projects/libgdx/gdx/src/com/badlogic/gdx/scenes/scene2d/actions/ColorAction.java	FIELD	com.badlogic.gdx.scenes.scene2d.actions.ColorAction	null	color	null	/tmp/projects/libgdx/gdx/src/com/badlogic/gdx/scenes/scene2d/actions/ColorAction.java
ASSIGN_FIELD_NULLABLE	assigning @Nullable expression to @NonNull field	com.badlogic.gdx.scenes.scene2d.actions.ColorAction	reset()	1941	/tmp/projects/libgdx/gdx/src/com/badlogic/gdx/scenes/scene2d/actions/ColorAction.java	FIELD	com.badlogic.gdx.scenes.scene2d.actions.ColorAction	null	color	null	/tmp/projects/libgdx/gdx/src/com/badlogic/gdx/scenes/scene2d/actions/ColorAction.java
FIELD_NO_INIT	@NonNull field color not initialized	com.badlogic.gdx.scenes.scene2d.actions.AlphaAction	color	1276	/tmp/projects/libgdx/gdx/src/com/badlogic/gdx/scenes/scene2d/actions/AlphaAction.java	FIELD	com.badlogic.gdx.scenes.scene2d.actions.AlphaAction	null	color	null	/tmp/projects/libgdx/gdx/src/com/badlogic/gdx/scenes/scene2d/actions/AlphaAction.java
ASSIGN_FIELD_NULLABLE	assigning @Nullable expression to @NonNull field	com.badlogic.gdx.scenes.scene2d.actions.AlphaAction	reset()	1626	/tmp/projects/libgdx/gdx/src/com/badlogic/gdx/scenes/scene2d/actions/AlphaAction.java	FIELD	com.badlogic.gdx.scenes.scene2d.actions.AlphaAction	null	color	null	/tmp/projects/libgdx/gdx/src/com/badlogic/gdx/scenes/scene2d/actions/AlphaAction.java
DEREFERENCE_NULLABLE	dereferenced expression action is @Nullable	com.badlogic.gdx.scenes.scene2d.actions.RepeatAction	delegate(float)	1146	/tmp/projects/libgdx/gdx/src/com/badlogic/gdx/scenes/scene2d/actions/RepeatAction.java	null	null	null	null	null	null
DEREFERENCE_NULLABLE	dereferenced expression runnable is @Nullable	com.badlogic.gdx.scenes.scene2d.actions.RunnableAction	run()	1478	/tmp/projects/libgdx/gdx/src/com/badlogic/gdx/scenes/scene2d/actions/RunnableAction.java	null	null	null	null	null	null
DEREFERENCE_NULLABLE	dereferenced expression action is @Nullable	com.badlogic.gdx.scenes.scene2d.actions.AfterAction	delegate(float)	1868	/tmp/projects/libgdx/gdx/src/com/badlogic/gdx/scenes/scene2d/actions/AfterAction.java	null	null	null	null	null	null
METHOD_NO_INIT	initializer method does not guarantee @NonNull field actor (line 22) is initialized along all control-flow paths (remember to check for exceptions or early returns).	com.badlogic.gdx.scenes.scene2d.ui.Container	Container()	1449	/tmp/projects/libgdx/gdx/src/com/badlogic/gdx/scenes/scene2d/ui/Container.java	null	null	null	null	null	null
ASSIGN_FIELD_NULLABLE	assigning @Nullable expression to @NonNull field	com.badlogic.gdx.scenes.scene2d.ui.Container	setActor(T)	5966	/tmp/projects/libgdx/gdx/src/com/badlogic/gdx/scenes/scene2d/ui/Container.java	FIELD	com.badlogic.gdx.scenes.scene2d.ui.Container	null	actor	null	/tmp/projects/libgdx/gdx/src/com/badlogic/gdx/scenes/scene2d/ui/Container.java
ASSIGN_FIELD_NULLABLE	assigning @Nullable expression to @NonNull field	com.badlogic.gdx.scenes.scene2d.ui.Container	removeActor(com.badlogic.gdx.scenes.scene2d.Actor,boolean)	7408	/tmp/projects/libgdx/gdx/src/com/badlogic/gdx/scenes/scene2d/ui/Container.java	FIELD	com.badlogic.gdx.scenes.scene2d.ui.Container	null	actor	null	/tmp/projects/libgdx/gdx/src/com/badlogic/gdx/scenes/scene2d/ui/Container.java
ASSIGN_FIELD_NULLABLE	assigning @Nullable expression to @NonNull field	com.badlogic.gdx.scenes.scene2d.ui.Container	removeActorAt(int,boolean)	7614	/tmp/projects/libgdx/gdx/src/com/badlogic/gdx/scenes/scene2d/ui/Container.java	FIELD	com.badlogic.gdx.scenes.scene2d.ui.Container	null	actor	null	/tmp/projects/libgdx/gdx/src/com/badlogic/gdx/scenes/scene2d/ui/Container.java
METHOD_NO_INIT	initializer method does not guarantee @NonNull field style (line 46) is initialized along all control-flow paths (remember to check for exceptions or early returns).	com.badlogic.gdx.scenes.scene2d.ui.Window	Window(java.lang.String,com.badlogic.gdx.scenes.scene2d.ui.Window.WindowStyle)	2621	/tmp/projects/libgdx/gdx/src/com/badlogic/gdx/scenes/scene2d/ui/Window.java	null	null	null	null	null	null
DEREFERENCE_NULLABLE	dereferenced expression stage is @Nullable	com.badlogic.gdx.scenes.scene2d.ui.Window$3	touchDragged(com.badlogic.gdx.scenes.scene2d.InputEvent,float,float,int)	6097	/tmp/projects/libgdx/gdx/src/com/badlogic/gdx/scenes/scene2d/ui/Window.java	null	null	null	null	null	null
DEREFERENCE_NULLABLE	dereferenced expression stage is @Nullable	com.badlogic.gdx.scenes.scene2d.ui.Window$3	touchDragged(com.badlogic.gdx.scenes.scene2d.InputEvent,float,float,int)	6390	/tmp/projects/libgdx/gdx/src/com/badlogic/gdx/scenes/scene2d/ui/Window.java	null	null	null	null	null	null
DEREFERENCE_NULLABLE	dereferenced expression style.stageBackground is @Nullable	com.badlogic.gdx.scenes.scene2d.ui.Window	drawStageBackground(com.badlogic.gdx.graphics.g2d.Batch,float,float,float,float,float)	9940	/tmp/projects/libgdx/gdx/src/com/badlogic/gdx/scenes/scene2d/ui/Window.java	null	null	null	null	null	null
METHOD_NO_INIT	initializer method does not guarantee @NonNull field titleFont (line 348) is initialized along all control-flow paths (remember to check for exceptions or early returns).	com.badlogic.gdx.scenes.scene2d.ui.Window$WindowStyle	WindowStyle()	12426	/tmp/projects/libgdx/gdx/src/com/badlogic/gdx/scenes/scene2d/ui/Window.java	null	null	null	null	null	null
METHOD_NO_INIT	initializer method does not guarantee @NonNull field style (line 32) is initialized along all control-flow paths (remember to check for exceptions or early returns).	com.badlogic.gdx.scenes.scene2d.ui.TextButton	TextButton(java.lang.String,com.badlogic.gdx.scenes.scene2d.ui.TextButton.TextButtonStyle)	1609	/tmp/projects/libgdx/gdx/src/com/badlogic/gdx/scenes/scene2d/ui/TextButton.java	null	null	null	null	null	null
METHOD_NO_INIT	initializer method does not guarantee @NonNull field font (line 139) is initialized along all control-flow paths (remember to check for exceptions or early returns).	com.badlogic.gdx.scenes.scene2d.ui.TextButton$TextButtonStyle	TextButtonStyle()	4964	/tmp/projects/libgdx/gdx/src/com/badlogic/gdx/scenes/scene2d/ui/TextButton.java	null	null	null	null	null	null
METHOD_NO_INIT	initializer method does not guarantee @NonNull field style (line 46) is initialized along all control-flow paths (remember to check for exceptions or early returns).	com.badlogic.gdx.scenes.scene2d.ui.Button	Button(com.badlogic.gdx.scenes.scene2d.ui.Skin)	2448	/tmp/projects/libgdx/gdx/src/com/badlogic/gdx/scenes/scene2d/ui/Button.java	null	null	null	null	null	null
METHOD_NO_INIT	initializer method does not guarantee @NonNull field style (line 46) is initialized along all control-flow paths (remember to check for exceptions or early returns).	com.badlogic.gdx.scenes.scene2d.ui.Button	Button(com.badlogic.gdx.scenes.scene2d.ui.Skin,java.lang.String)	2597	/tmp/projects/libgdx/gdx/src/com/badlogic/gdx/scenes/scene2d/ui/Button.java	null	null	null	null	null	null
METHOD_NO_INIT	initializer method does not guarantee @NonNull field style (line 46) is initialized along all control-flow paths (remember to check for exceptions or early returns).	com.badlogic.gdx.scenes.scene2d.ui.Button	Button(com.badlogic.gdx.scenes.scene2d.Actor,com.badlogic.gdx.scenes.scene2d.ui.Button.ButtonStyle)	2911	/tmp/projects/libgdx/gdx/src/com/badlogic/gdx/scenes/scene2d/ui/Button.java	null	null	null	null	null	null
METHOD_NO_INIT	initializer method does not guarantee @NonNull field style (line 46) is initialized along all control-flow paths (remember to check for exceptions or early returns).	com.badlogic.gdx.scenes.scene2d.ui.Button	Button(com.badlogic.gdx.scenes.scene2d.ui.Button.ButtonStyle)	3058	/tmp/projects/libgdx/gdx/src/com/badlogic/gdx/scenes/scene2d/ui/Button.java	null	null	null	null	null	null
METHOD_NO_INIT	initializer method does not guarantee @NonNull field style (line 46) is initialized along all control-flow paths (remember to check for exceptions or early returns).	com.badlogic.gdx.scenes.scene2d.ui.Button	Button()	3293	/tmp/projects/libgdx/gdx/src/com/badlogic/gdx/scenes/scene2d/ui/Button.java	null	null	null	null	null	null
DEREFERENCE_NULLABLE	dereferenced expression lastChecked is @Nullable	com.badlogic.gdx.scenes.scene2d.ui.ButtonGroup	canCheck(T,boolean)	3938	/tmp/projects/libgdx/gdx/src/com/badlogic/gdx/scenes/scene2d/ui/ButtonGroup.java	null	null	null	null	null	null
METHOD_NO_INIT	initializer method does not guarantee @NonNull field style (line 46) is initialized along all control-flow paths (remember to check for exceptions or early returns).	com.badlogic.gdx.scenes.scene2d.ui.ProgressBar	ProgressBar(float,float,float,boolean,com.badlogic.gdx.scenes.scene2d.ui.ProgressBar.ProgressBarStyle)	3818	/tmp/projects/libgdx/gdx/src/com/badlogic/gdx/scenes/scene2d/ui/ProgressBar.java	null	null	null	null	null	null
METHOD_NO_INIT	initializer method does not guarantee @NonNull fields background (line 387), disabledBackground (line 387) are initialized along all control-flow paths (remember to check for exceptions or early returns).	com.badlogic.gdx.scenes.scene2d.ui.ProgressBar$ProgressBarStyle	ProgressBarStyle()	14434	/tmp/projects/libgdx/gdx/src/com/badlogic/gdx/scenes/scene2d/ui/ProgressBar.java	null	null	null	null	null	null
METHOD_NO_INIT	initializer method does not guarantee @NonNull field disabledBackground (line 387) is initialized along all control-flow paths (remember to check for exceptions or early returns).	com.badlogic.gdx.scenes.scene2d.ui.ProgressBar$ProgressBarStyle	ProgressBarStyle(com.badlogic.gdx.scenes.scene2d.utils.Drawable,com.badlogic.gdx.scenes.scene2d.utils.Drawable)	14470	/tmp/projects/libgdx/gdx/src/com/badlogic/gdx/scenes/scene2d/ui/ProgressBar.java	null	null	null	null	null	null
METHOD_NO_INIT	initializer method does not guarantee @NonNull field style (line 48) is initialized along all control-flow paths (remember to check for exceptions or early returns).	com.badlogic.gdx.scenes.scene2d.ui.SplitPane	SplitPane(com.badlogic.gdx.scenes.scene2d.Actor,com.badlogic.gdx.scenes.scene2d.Actor,boolean,com.badlogic.gdx.scenes.scene2d.ui.SplitPane.SplitPaneStyle)	3687	/tmp/projects/libgdx/gdx/src/com/badlogic/gdx/scenes/scene2d/ui/SplitPane.java	null	null	null	null	null	null
METHOD_NO_INIT	initializer method does not guarantee @NonNull field handle (line 411) is initialized along all control-flow paths (remember to check for exceptions or early returns).	com.badlogic.gdx.scenes.scene2d.ui.SplitPane$SplitPaneStyle	SplitPaneStyle()	15111	/tmp/projects/libgdx/gdx/src/com/badlogic/gdx/scenes/scene2d/ui/SplitPane.java	null	null	null	null	null	null
METHOD_NO_INIT	initializer method does not guarantee @NonNull field style (line 42) is initialized along all control-flow paths (remember to check for exceptions or early returns).	com.badlogic.gdx.scenes.scene2d.ui.Touchpad	Touchpad(float,com.badlogic.gdx.scenes.scene2d.ui.Touchpad.TouchpadStyle)	2851	/tmp/projects/libgdx/gdx/src/com/badlogic/gdx/scenes/scene2d/ui/Touchpad.java	null	null	null	null	null	null
METHOD_NO_INIT	initializer method does not guarantee @NonNull field style (line 33) is initialized along all control-flow paths (remember to check for exceptions or early returns).	com.badlogic.gdx.scenes.scene2d.ui.CheckBox	CheckBox(java.lang.String,com.badlogic.gdx.scenes.scene2d.ui.CheckBox.CheckBoxStyle)	1619	/tmp/projects/libgdx/gdx/src/com/badlogic/gdx/scenes/scene2d/ui/CheckBox.java	null	null	null	null	null	null
METHOD_NO_INIT	initializer method does not guarantee @NonNull field style (line 32) is initialized along all control-flow paths (remember to check for exceptions or early returns).	com.badlogic.gdx.scenes.scene2d.ui.ImageButton	ImageButton(com.badlogic.gdx.scenes.scene2d.ui.ImageButton.ImageButtonStyle)	1771	/tmp/projects/libgdx/gdx/src/com/badlogic/gdx/scenes/scene2d/ui/ImageButton.java	null	null	null	null	null	null
METHOD_NO_INIT	initializer method does not guarantee @NonNull field linesBreak (line 38) is initialized along all control-flow paths (remember to check for exceptions or early returns).	com.badlogic.gdx.scenes.scene2d.ui.TextArea	TextArea(java.lang.String,com.badlogic.gdx.scenes.scene2d.ui.Skin)	2113	/tmp/projects/libgdx/gdx/src/com/badlogic/gdx/scenes/scene2d/ui/TextArea.java	null	null	null	null	null	null
METHOD_NO_INIT	initializer method does not guarantee @NonNull field linesBreak (line 38) is initialized along all control-flow paths (remember to check for exceptions or early returns).	com.badlogic.gdx.scenes.scene2d.ui.TextArea	TextArea(java.lang.String,com.badlogic.gdx.scenes.scene2d.ui.Skin,java.lang.String)	2182	/tmp/projects/libgdx/gdx/src/com/badlogic/gdx/scenes/scene2d/ui/TextArea.java	null	null	null	null	null	null
METHOD_NO_INIT	initializer method does not guarantee @NonNull field linesBreak (line 38) is initialized along all control-flow paths (remember to check for exceptions or early returns).	com.badlogic.gdx.scenes.scene2d.ui.TextArea	TextArea(java.lang.String,com.badlogic.gdx.scenes.scene2d.ui.TextField.TextFieldStyle)	2280	/tmp/projects/libgdx/gdx/src/com/badlogic/gdx/scenes/scene2d/ui/TextArea.java	null	null	null	null	null	null
METHOD_NO_INIT	initializer method does not guarantee @NonNull field style (line 50) is initialized along all control-flow paths (remember to check for exceptions or early returns).	com.badlogic.gdx.scenes.scene2d.ui.Tree	Tree(com.badlogic.gdx.scenes.scene2d.ui.Tree.TreeStyle)	2729	/tmp/projects/libgdx/gdx/src/com/badlogic/gdx/scenes/scene2d/ui/Tree.java	null	null	null	null	null	null
DEREFERENCE_NULLABLE	dereferenced expression rangeStart is @Nullable	com.badlogic.gdx.scenes.scene2d.ui.Tree$2	clicked(com.badlogic.gdx.scenes.scene2d.InputEvent,float,float)	3577	/tmp/projects/libgdx/gdx/src/com/badlogic/gdx/scenes/scene2d/ui/Tree.java	null	null	null	null	null	null
METHOD_NO_INIT	initializer method does not guarantee @NonNull field actor (line 590) is initialized along all control-flow paths (remember to check for exceptions or early returns).	com.badlogic.gdx.scenes.scene2d.ui.Tree$Node	Node()	19753	/tmp/projects/libgdx/gdx/src/com/badlogic/gdx/scenes/scene2d/ui/Tree.java	null	null	null	null	null	null
METHOD_NO_INIT	initializer method does not guarantee @NonNull fields plus (line 885), minus (line 885) are initialized along all control-flow paths (remember to check for exceptions or early returns).	com.badlogic.gdx.scenes.scene2d.ui.Tree$TreeStyle	TreeStyle()	28231	/tmp/projects/libgdx/gdx/src/com/badlogic/gdx/scenes/scene2d/ui/Tree.java	null	null	null	null	null	null
METHOD_NO_INIT	initializer method does not guarantee @NonNull field columnSizes (line 44) is initialized along all control-flow paths (remember to check for exceptions or early returns).	com.badlogic.gdx.scenes.scene2d.ui.VerticalGroup	VerticalGroup()	2517	/tmp/projects/libgdx/gdx/src/com/badlogic/gdx/scenes/scene2d/ui/VerticalGroup.java	null	null	null	null	null	null
METHOD_NO_INIT	initializer method does not guarantee @NonNull field rowSizes (line 44) is initialized along all control-flow paths (remember to check for exceptions or early returns).	com.badlogic.gdx.scenes.scene2d.ui.HorizontalGroup	HorizontalGroup()	2588	/tmp/projects/libgdx/gdx/src/com/badlogic/gdx/scenes/scene2d/ui/HorizontalGroup.java	null	null	null	null	null	null
METHOD_NO_INIT	initializer method does not guarantee @NonNull field style (line 60) is initialized along all control-flow paths (remember to check for exceptions or early returns).	com.badlogic.gdx.scenes.scene2d.ui.SelectBox	SelectBox(com.badlogic.gdx.scenes.scene2d.ui.SelectBox.SelectBoxStyle)	3357	/tmp/projects/libgdx/gdx/src/com/badlogic/gdx/scenes/scene2d/ui/SelectBox.java	null	null	null	null	null	null
DEREFERENCE_NULLABLE	dereferenced expression event is @Nullable	com.badlogic.gdx.scenes.scene2d.ui.SelectBox$SelectBoxScrollPane$3	keyDown(com.badlogic.gdx.scenes.scene2d.InputEvent,int)	16296	/tmp/projects/libgdx/gdx/src/com/badlogic/gdx/scenes/scene2d/ui/SelectBox.java	null	null	null	null	null	null
METHOD_NO_INIT	initializer method does not guarantee @NonNull fields font (line 607), scrollStyle (line 611), listStyle (line 612) are initialized along all control-flow paths (remember to check for exceptions or early returns).	com.badlogic.gdx.scenes.scene2d.ui.SelectBox$SelectBoxStyle	SelectBoxStyle()	20374	/tmp/projects/libgdx/gdx/src/com/badlogic/gdx/scenes/scene2d/ui/SelectBox.java	null	null	null	null	null	null
