kind	class	method	param	index	uri	field
METHOD	com.badlogic.gdx.Net$HttpRequest	setUrl(java.lang.String)	null	null	/tmp/projects/libgdx/gdx/src/com/badlogic/gdx/Net.java	url
METHOD	com.badlogic.gdx.Net$HttpRequest	setContent(java.lang.String)	null	null	/tmp/projects/libgdx/gdx/src/com/badlogic/gdx/Net.java	content
METHOD	com.badlogic.gdx.Net$HttpRequest	setContent(java.io.InputStream,long)	null	null	/tmp/projects/libgdx/gdx/src/com/badlogic/gdx/Net.java	contentStream
METHOD	com.badlogic.gdx.Net$HttpRequest	setMethod(java.lang.String)	null	null	/tmp/projects/libgdx/gdx/src/com/badlogic/gdx/Net.java	httpMethod
METHOD	com.badlogic.gdx.utils.Array	insertRange(int,int)	null	null	/tmp/projects/libgdx/gdx/src/com/badlogic/gdx/utils/Array.java	items
METHOD	com.badlogic.gdx.utils.Array	resize(int)	null	null	/tmp/projects/libgdx/gdx/src/com/badlogic/gdx/utils/Array.java	items
METHOD	com.badlogic.gdx.utils.Predicate$PredicateIterator	set(java.util.Iterator<T>,com.badlogic.gdx.utils.Predicate<T>)	null	null	/tmp/projects/libgdx/gdx/src/com/badlogic/gdx/utils/Predicate.java	iterator
METHOD	com.badlogic.gdx.utils.Predicate$PredicateIterator	set(java.util.Iterator<T>,com.badlogic.gdx.utils.Predicate<T>)	null	null	/tmp/projects/libgdx/gdx/src/com/badlogic/gdx/utils/Predicate.java	predicate
METHOD	com.badlogic.gdx.utils.Predicate$PredicateIterable	set(java.lang.Iterable<T>,com.badlogic.gdx.utils.Predicate<T>)	null	null	/tmp/projects/libgdx/gdx/src/com/badlogic/gdx/utils/Predicate.java	iterable
METHOD	com.badlogic.gdx.utils.Predicate$PredicateIterable	set(java.lang.Iterable<T>,com.badlogic.gdx.utils.Predicate<T>)	null	null	/tmp/projects/libgdx/gdx/src/com/badlogic/gdx/utils/Predicate.java	predicate
METHOD	com.badlogic.gdx.graphics.Pixmap	setBlending(com.badlogic.gdx.graphics.Pixmap.Blending)	null	null	/tmp/projects/libgdx/gdx/src/com/badlogic/gdx/graphics/Pixmap.java	blending
METHOD	com.badlogic.gdx.graphics.Pixmap	setFilter(com.badlogic.gdx.graphics.Pixmap.Filter)	null	null	/tmp/projects/libgdx/gdx/src/com/badlogic/gdx/graphics/Pixmap.java	filter
METHOD	com.badlogic.gdx.graphics.g2d.Gdx2DPixmap	convert(int)	null	null	/tmp/projects/libgdx/gdx/src/com/badlogic/gdx/graphics/g2d/Gdx2DPixmap.java	nativeData
METHOD	com.badlogic.gdx.graphics.g2d.Gdx2DPixmap	convert(int)	null	null	/tmp/projects/libgdx/gdx/src/com/badlogic/gdx/graphics/g2d/Gdx2DPixmap.java	pixelPtr
METHOD	com.badlogic.gdx.utils.IntArray	insertRange(int,int)	null	null	/tmp/projects/libgdx/gdx/src/com/badlogic/gdx/utils/IntArray.java	items
METHOD	com.badlogic.gdx.utils.IntArray	resize(int)	null	null	/tmp/projects/libgdx/gdx/src/com/badlogic/gdx/utils/IntArray.java	items
METHOD	com.badlogic.gdx.utils.JsonWriter	setOutputType(com.badlogic.gdx.utils.JsonWriter.OutputType)	null	null	/tmp/projects/libgdx/gdx/src/com/badlogic/gdx/utils/JsonWriter.java	outputType
METHOD	com.badlogic.gdx.utils.JsonWriter	object()	null	null	/tmp/projects/libgdx/gdx/src/com/badlogic/gdx/utils/JsonWriter.java	current
METHOD	com.badlogic.gdx.utils.JsonWriter	array()	null	null	/tmp/projects/libgdx/gdx/src/com/badlogic/gdx/utils/JsonWriter.java	current
METHOD	com.badlogic.gdx.utils.JsonValue	remove()	null	null	/tmp/projects/libgdx/gdx/src/com/badlogic/gdx/utils/JsonValue.java	prev
METHOD	com.badlogic.gdx.utils.JsonValue	setType(com.badlogic.gdx.utils.JsonValue.ValueType)	null	null	/tmp/projects/libgdx/gdx/src/com/badlogic/gdx/utils/JsonValue.java	type
METHOD	com.badlogic.gdx.utils.JsonValue	setName(java.lang.String)	null	null	/tmp/projects/libgdx/gdx/src/com/badlogic/gdx/utils/JsonValue.java	name
METHOD	com.badlogic.gdx.utils.JsonValue	setNext(com.badlogic.gdx.utils.JsonValue)	null	null	/tmp/projects/libgdx/gdx/src/com/badlogic/gdx/utils/JsonValue.java	next
METHOD	com.badlogic.gdx.utils.JsonValue	setPrev(com.badlogic.gdx.utils.JsonValue)	null	null	/tmp/projects/libgdx/gdx/src/com/badlogic/gdx/utils/JsonValue.java	prev
METHOD	com.badlogic.gdx.utils.JsonValue	set(java.lang.String)	null	null	/tmp/projects/libgdx/gdx/src/com/badlogic/gdx/utils/JsonValue.java	stringValue
METHOD	com.badlogic.gdx.utils.JsonValue	set(java.lang.String)	null	null	/tmp/projects/libgdx/gdx/src/com/badlogic/gdx/utils/JsonValue.java	type
METHOD	com.badlogic.gdx.utils.JsonValue	set(double,java.lang.String)	null	null	/tmp/projects/libgdx/gdx/src/com/badlogic/gdx/utils/JsonValue.java	stringValue
METHOD	com.badlogic.gdx.utils.JsonValue	set(double,java.lang.String)	null	null	/tmp/projects/libgdx/gdx/src/com/badlogic/gdx/utils/JsonValue.java	type
METHOD	com.badlogic.gdx.utils.JsonValue	set(long,java.lang.String)	null	null	/tmp/projects/libgdx/gdx/src/com/badlogic/gdx/utils/JsonValue.java	stringValue
METHOD	com.badlogic.gdx.utils.JsonValue	set(long,java.lang.String)	null	null	/tmp/projects/libgdx/gdx/src/com/badlogic/gdx/utils/JsonValue.java	type
METHOD	com.badlogic.gdx.utils.JsonValue	set(boolean)	null	null	/tmp/projects/libgdx/gdx/src/com/badlogic/gdx/utils/JsonValue.java	type
METHOD	com.badlogic.gdx.utils.JsonValue$JsonIterator	next()	null	null	/tmp/projects/libgdx/gdx/src/com/badlogic/gdx/utils/JsonValue.java	current
METHOD	com.badlogic.gdx.utils.JsonValue$JsonIterator	next()	null	null	/tmp/projects/libgdx/gdx/src/com/badlogic/gdx/utils/JsonValue.java	entry
METHOD	com.badlogic.gdx.utils.StringBuilder	enlargeBuffer(int)	null	null	/tmp/projects/libgdx/gdx/src/com/badlogic/gdx/utils/StringBuilder.java	chars
METHOD	com.badlogic.gdx.utils.StringBuilder	move(int,int)	null	null	/tmp/projects/libgdx/gdx/src/com/badlogic/gdx/utils/StringBuilder.java	chars
METHOD	com.badlogic.gdx.utils.StringBuilder	trimToSize()	null	null	/tmp/projects/libgdx/gdx/src/com/badlogic/gdx/utils/StringBuilder.java	chars
METHOD	com.badlogic.gdx.utils.ObjectSet	clear()	null	null	/tmp/projects/libgdx/gdx/src/com/badlogic/gdx/utils/ObjectSet.java	size
METHOD	com.badlogic.gdx.utils.ObjectSet	resize(int)	null	null	/tmp/projects/libgdx/gdx/src/com/badlogic/gdx/utils/ObjectSet.java	keyTable
METHOD	com.badlogic.gdx.utils.ObjectSet$ObjectSetIterator	remove()	null	null	/tmp/projects/libgdx/gdx/src/com/badlogic/gdx/utils/ObjectSet.java	currentIndex
METHOD	com.badlogic.gdx.utils.ObjectMap	clear()	null	null	/tmp/projects/libgdx/gdx/src/com/badlogic/gdx/utils/ObjectMap.java	size
METHOD	com.badlogic.gdx.utils.ObjectMap	resize(int)	null	null	/tmp/projects/libgdx/gdx/src/com/badlogic/gdx/utils/ObjectMap.java	keyTable
METHOD	com.badlogic.gdx.utils.ObjectMap	resize(int)	null	null	/tmp/projects/libgdx/gdx/src/com/badlogic/gdx/utils/ObjectMap.java	valueTable
METHOD	com.badlogic.gdx.utils.ObjectMap$MapIterator	remove()	null	null	/tmp/projects/libgdx/gdx/src/com/badlogic/gdx/utils/ObjectMap.java	currentIndex
METHOD	com.badlogic.gdx.utils.QuickSelect	select(T[],java.util.Comparator<T>,int,int)	null	null	/tmp/projects/libgdx/gdx/src/com/badlogic/gdx/utils/QuickSelect.java	array
METHOD	com.badlogic.gdx.utils.QuickSelect	select(T[],java.util.Comparator<T>,int,int)	null	null	/tmp/projects/libgdx/gdx/src/com/badlogic/gdx/utils/QuickSelect.java	comp
METHOD	com.badlogic.gdx.utils.Queue	addLast(T)	null	null	/tmp/projects/libgdx/gdx/src/com/badlogic/gdx/utils/Queue.java	tail
METHOD	com.badlogic.gdx.utils.Queue	resize(int)	null	null	/tmp/projects/libgdx/gdx/src/com/badlogic/gdx/utils/Queue.java	values
METHOD	com.badlogic.gdx.utils.Queue	removeFirst()	null	null	/tmp/projects/libgdx/gdx/src/com/badlogic/gdx/utils/Queue.java	head
METHOD	com.badlogic.gdx.utils.Queue	clear()	null	null	/tmp/projects/libgdx/gdx/src/com/badlogic/gdx/utils/Queue.java	size
METHOD	com.badlogic.gdx.utils.ComparableTimSort	ensureCapacity(int)	null	null	/tmp/projects/libgdx/gdx/src/com/badlogic/gdx/utils/ComparableTimSort.java	tmp
METHOD	com.badlogic.gdx.utils.ObjectIntMap	clear()	null	null	/tmp/projects/libgdx/gdx/src/com/badlogic/gdx/utils/ObjectIntMap.java	size
METHOD	com.badlogic.gdx.utils.ObjectIntMap	resize(int)	null	null	/tmp/projects/libgdx/gdx/src/com/badlogic/gdx/utils/ObjectIntMap.java	keyTable
METHOD	com.badlogic.gdx.utils.ObjectIntMap	resize(int)	null	null	/tmp/projects/libgdx/gdx/src/com/badlogic/gdx/utils/ObjectIntMap.java	valueTable
METHOD	com.badlogic.gdx.utils.ObjectIntMap$MapIterator	remove()	null	null	/tmp/projects/libgdx/gdx/src/com/badlogic/gdx/utils/ObjectIntMap.java	currentIndex
METHOD	com.badlogic.gdx.utils.IntSet	clear()	null	null	/tmp/projects/libgdx/gdx/src/com/badlogic/gdx/utils/IntSet.java	size
METHOD	com.badlogic.gdx.utils.IntSet	resize(int)	null	null	/tmp/projects/libgdx/gdx/src/com/badlogic/gdx/utils/IntSet.java	keyTable
METHOD	com.badlogic.gdx.utils.Json	setOutputType(com.badlogic.gdx.utils.JsonWriter.OutputType)	null	null	/tmp/projects/libgdx/gdx/src/com/badlogic/gdx/utils/Json.java	outputType
METHOD	com.badlogic.gdx.utils.Json	setTypeName(java.lang.String)	null	null	/tmp/projects/libgdx/gdx/src/com/badlogic/gdx/utils/Json.java	typeName
METHOD	com.badlogic.gdx.utils.Json	setDefaultSerializer(com.badlogic.gdx.utils.Json.Serializer)	null	null	/tmp/projects/libgdx/gdx/src/com/badlogic/gdx/utils/Json.java	defaultSerializer
METHOD	com.badlogic.gdx.utils.Json	setWriter(java.io.Writer)	null	null	/tmp/projects/libgdx/gdx/src/com/badlogic/gdx/utils/Json.java	writer
METHOD	com.badlogic.gdx.utils.SnapshotArray	begin()	null	null	/tmp/projects/libgdx/gdx/src/com/badlogic/gdx/utils/SnapshotArray.java	snapshot
METHOD	com.badlogic.gdx.utils.XmlWriter	element(java.lang.String)	null	null	/tmp/projects/libgdx/gdx/src/com/badlogic/gdx/utils/XmlWriter.java	currentElement
METHOD	com.badlogic.gdx.utils.IntFloatMap	clear()	null	null	/tmp/projects/libgdx/gdx/src/com/badlogic/gdx/utils/IntFloatMap.java	size
METHOD	com.badlogic.gdx.utils.IntFloatMap	resize(int)	null	null	/tmp/projects/libgdx/gdx/src/com/badlogic/gdx/utils/IntFloatMap.java	keyTable
METHOD	com.badlogic.gdx.utils.IntFloatMap	resize(int)	null	null	/tmp/projects/libgdx/gdx/src/com/badlogic/gdx/utils/IntFloatMap.java	valueTable
METHOD	com.badlogic.gdx.utils.FloatArray	insertRange(int,int)	null	null	/tmp/projects/libgdx/gdx/src/com/badlogic/gdx/utils/FloatArray.java	items
METHOD	com.badlogic.gdx.utils.FloatArray	resize(int)	null	null	/tmp/projects/libgdx/gdx/src/com/badlogic/gdx/utils/FloatArray.java	items
METHOD	com.badlogic.gdx.utils.ShortArray	insertRange(int,int)	null	null	/tmp/projects/libgdx/gdx/src/com/badlogic/gdx/utils/ShortArray.java	items
METHOD	com.badlogic.gdx.utils.ShortArray	resize(int)	null	null	/tmp/projects/libgdx/gdx/src/com/badlogic/gdx/utils/ShortArray.java	items
METHOD	com.badlogic.gdx.utils.SortedIntList	insert(int,E)	null	null	/tmp/projects/libgdx/gdx/src/com/badlogic/gdx/utils/SortedIntList.java	first
METHOD	com.badlogic.gdx.utils.SortedIntList	insert(int,E)	null	null	/tmp/projects/libgdx/gdx/src/com/badlogic/gdx/utils/SortedIntList.java	first
METHOD	com.badlogic.gdx.utils.SortedIntList$Iterator	next()	null	null	/tmp/projects/libgdx/gdx/src/com/badlogic/gdx/utils/SortedIntList.java	previousPosition
METHOD	com.badlogic.gdx.utils.SortedIntList$Iterator	next()	null	null	/tmp/projects/libgdx/gdx/src/com/badlogic/gdx/utils/SortedIntList.java	position
METHOD	com.badlogic.gdx.utils.SortedIntList$Iterator	reset()	null	null	/tmp/projects/libgdx/gdx/src/com/badlogic/gdx/utils/SortedIntList.java	position
METHOD	com.badlogic.gdx.utils.LongArray	insertRange(int,int)	null	null	/tmp/projects/libgdx/gdx/src/com/badlogic/gdx/utils/LongArray.java	items
METHOD	com.badlogic.gdx.utils.LongArray	resize(int)	null	null	/tmp/projects/libgdx/gdx/src/com/badlogic/gdx/utils/LongArray.java	items
METHOD	com.badlogic.gdx.utils.JsonReader	addChild(java.lang.String,com.badlogic.gdx.utils.JsonValue)	null	null	/tmp/projects/libgdx/gdx/src/com/badlogic/gdx/utils/JsonReader.java	current
METHOD	com.badlogic.gdx.utils.JsonReader	startObject(java.lang.String)	null	null	/tmp/projects/libgdx/gdx/src/com/badlogic/gdx/utils/JsonReader.java	current
METHOD	com.badlogic.gdx.utils.JsonReader	startArray(java.lang.String)	null	null	/tmp/projects/libgdx/gdx/src/com/badlogic/gdx/utils/JsonReader.java	current
METHOD	com.badlogic.gdx.utils.JsonReader	pop()	null	null	/tmp/projects/libgdx/gdx/src/com/badlogic/gdx/utils/JsonReader.java	root
METHOD	com.badlogic.gdx.graphics.g2d.TextureRegion	setRegion(com.badlogic.gdx.graphics.Texture)	null	null	/tmp/projects/libgdx/gdx/src/com/badlogic/gdx/graphics/g2d/TextureRegion.java	texture
METHOD	com.badlogic.gdx.graphics.g2d.TextureRegion	setRegion(float,float,float,float)	null	null	/tmp/projects/libgdx/gdx/src/com/badlogic/gdx/graphics/g2d/TextureRegion.java	regionWidth
METHOD	com.badlogic.gdx.graphics.g2d.TextureRegion	setRegion(com.badlogic.gdx.graphics.g2d.TextureRegion)	null	null	/tmp/projects/libgdx/gdx/src/com/badlogic/gdx/graphics/g2d/TextureRegion.java	texture
METHOD	com.badlogic.gdx.graphics.g2d.TextureRegion	setRegion(com.badlogic.gdx.graphics.g2d.TextureRegion,int,int,int,int)	null	null	/tmp/projects/libgdx/gdx/src/com/badlogic/gdx/graphics/g2d/TextureRegion.java	texture
METHOD	com.badlogic.gdx.graphics.g2d.TextureRegion	setTexture(com.badlogic.gdx.graphics.Texture)	null	null	/tmp/projects/libgdx/gdx/src/com/badlogic/gdx/graphics/g2d/TextureRegion.java	texture
METHOD	com.badlogic.gdx.graphics.Texture	load(com.badlogic.gdx.graphics.TextureData)	null	null	/tmp/projects/libgdx/gdx/src/com/badlogic/gdx/graphics/Texture.java	data
METHOD	com.badlogic.gdx.graphics.GLTexture	setWrap(com.badlogic.gdx.graphics.Texture.TextureWrap,com.badlogic.gdx.graphics.Texture.TextureWrap)	null	null	/tmp/projects/libgdx/gdx/src/com/badlogic/gdx/graphics/GLTexture.java	uWrap
METHOD	com.badlogic.gdx.graphics.GLTexture	setWrap(com.badlogic.gdx.graphics.Texture.TextureWrap,com.badlogic.gdx.graphics.Texture.TextureWrap)	null	null	/tmp/projects/libgdx/gdx/src/com/badlogic/gdx/graphics/GLTexture.java	vWrap
METHOD	com.badlogic.gdx.graphics.GLTexture	setFilter(com.badlogic.gdx.graphics.Texture.TextureFilter,com.badlogic.gdx.graphics.Texture.TextureFilter)	null	null	/tmp/projects/libgdx/gdx/src/com/badlogic/gdx/graphics/GLTexture.java	minFilter
METHOD	com.badlogic.gdx.graphics.GLTexture	setFilter(com.badlogic.gdx.graphics.Texture.TextureFilter,com.badlogic.gdx.graphics.Texture.TextureFilter)	null	null	/tmp/projects/libgdx/gdx/src/com/badlogic/gdx/graphics/GLTexture.java	magFilter
METHOD	com.badlogic.gdx.graphics.GLTexture	delete()	null	null	/tmp/projects/libgdx/gdx/src/com/badlogic/gdx/graphics/GLTexture.java	glHandle
METHOD	com.badlogic.gdx.assets.AssetManager	setErrorListener(com.badlogic.gdx.assets.AssetErrorListener)	null	null	/tmp/projects/libgdx/gdx/src/com/badlogic/gdx/assets/AssetManager.java	listener
METHOD	com.badlogic.gdx.assets.AssetManager	setLogger(com.badlogic.gdx.utils.Logger)	null	null	/tmp/projects/libgdx/gdx/src/com/badlogic/gdx/assets/AssetManager.java	log
METHOD	com.badlogic.gdx.utils.UBJsonWriter	object()	null	null	/tmp/projects/libgdx/gdx/src/com/badlogic/gdx/utils/UBJsonWriter.java	current
METHOD	com.badlogic.gdx.utils.UBJsonWriter	array()	null	null	/tmp/projects/libgdx/gdx/src/com/badlogic/gdx/utils/UBJsonWriter.java	current
METHOD	com.badlogic.gdx.utils.BooleanArray	insertRange(int,int)	null	null	/tmp/projects/libgdx/gdx/src/com/badlogic/gdx/utils/BooleanArray.java	items
METHOD	com.badlogic.gdx.utils.BooleanArray	resize(int)	null	null	/tmp/projects/libgdx/gdx/src/com/badlogic/gdx/utils/BooleanArray.java	items
METHOD	com.badlogic.gdx.utils.XmlReader	open(java.lang.String)	null	null	/tmp/projects/libgdx/gdx/src/com/badlogic/gdx/utils/XmlReader.java	current
METHOD	com.badlogic.gdx.utils.XmlReader	close()	null	null	/tmp/projects/libgdx/gdx/src/com/badlogic/gdx/utils/XmlReader.java	root
METHOD	com.badlogic.gdx.utils.XmlReader$Element	setAttribute(java.lang.String,java.lang.String)	null	null	/tmp/projects/libgdx/gdx/src/com/badlogic/gdx/utils/XmlReader.java	attributes
METHOD	com.badlogic.gdx.utils.XmlReader$Element	addChild(com.badlogic.gdx.utils.XmlReader.Element)	null	null	/tmp/projects/libgdx/gdx/src/com/badlogic/gdx/utils/XmlReader.java	children
METHOD	com.badlogic.gdx.utils.XmlReader$Element	setText(java.lang.String)	null	null	/tmp/projects/libgdx/gdx/src/com/badlogic/gdx/utils/XmlReader.java	text
METHOD	com.badlogic.gdx.utils.CharArray	insertRange(int,int)	null	null	/tmp/projects/libgdx/gdx/src/com/badlogic/gdx/utils/CharArray.java	items
METHOD	com.badlogic.gdx.utils.CharArray	resize(int)	null	null	/tmp/projects/libgdx/gdx/src/com/badlogic/gdx/utils/CharArray.java	items
METHOD	com.badlogic.gdx.utils.SerializationException	addTrace(java.lang.String)	null	null	/tmp/projects/libgdx/gdx/src/com/badlogic/gdx/utils/SerializationException.java	trace
METHOD	com.badlogic.gdx.utils.ArrayMap	resize(int)	null	null	/tmp/projects/libgdx/gdx/src/com/badlogic/gdx/utils/ArrayMap.java	keys
METHOD	com.badlogic.gdx.utils.ArrayMap	resize(int)	null	null	/tmp/projects/libgdx/gdx/src/com/badlogic/gdx/utils/ArrayMap.java	values
METHOD	com.badlogic.gdx.utils.IntIntMap	clear()	null	null	/tmp/projects/libgdx/gdx/src/com/badlogic/gdx/utils/IntIntMap.java	size
METHOD	com.badlogic.gdx.utils.IntIntMap	resize(int)	null	null	/tmp/projects/libgdx/gdx/src/com/badlogic/gdx/utils/IntIntMap.java	keyTable
METHOD	com.badlogic.gdx.utils.IntIntMap	resize(int)	null	null	/tmp/projects/libgdx/gdx/src/com/badlogic/gdx/utils/IntIntMap.java	valueTable
METHOD	com.badlogic.gdx.utils.ByteArray	insertRange(int,int)	null	null	/tmp/projects/libgdx/gdx/src/com/badlogic/gdx/utils/ByteArray.java	items
METHOD	com.badlogic.gdx.utils.ByteArray	resize(int)	null	null	/tmp/projects/libgdx/gdx/src/com/badlogic/gdx/utils/ByteArray.java	items
METHOD	com.badlogic.gdx.utils.TimSort	ensureCapacity(int)	null	null	/tmp/projects/libgdx/gdx/src/com/badlogic/gdx/utils/TimSort.java	tmp
METHOD	com.badlogic.gdx.utils.viewport.ScalingViewport	setScaling(com.badlogic.gdx.utils.Scaling)	null	null	/tmp/projects/libgdx/gdx/src/com/badlogic/gdx/utils/viewport/ScalingViewport.java	scaling
METHOD	com.badlogic.gdx.utils.viewport.Viewport	setCamera(com.badlogic.gdx.graphics.Camera)	null	null	/tmp/projects/libgdx/gdx/src/com/badlogic/gdx/utils/viewport/Viewport.java	camera
METHOD	com.badlogic.gdx.utils.viewport.ExtendViewport	setScaling(com.badlogic.gdx.utils.Scaling)	null	null	/tmp/projects/libgdx/gdx/src/com/badlogic/gdx/utils/viewport/ExtendViewport.java	scaling
METHOD	com.badlogic.gdx.utils.QuadTreeFloat	reset()	null	null	/tmp/projects/libgdx/gdx/src/com/badlogic/gdx/utils/QuadTreeFloat.java	count
METHOD	com.badlogic.gdx.utils.QuadTreeFloat	reset()	null	null	/tmp/projects/libgdx/gdx/src/com/badlogic/gdx/utils/QuadTreeFloat.java	values
METHOD	com.badlogic.gdx.utils.PooledLinkedList	add(T)	null	null	/tmp/projects/libgdx/gdx/src/com/badlogic/gdx/utils/PooledLinkedList.java	head
METHOD	com.badlogic.gdx.utils.PooledLinkedList	add(T)	null	null	/tmp/projects/libgdx/gdx/src/com/badlogic/gdx/utils/PooledLinkedList.java	tail
METHOD	com.badlogic.gdx.utils.PooledLinkedList	add(T)	null	null	/tmp/projects/libgdx/gdx/src/com/badlogic/gdx/utils/PooledLinkedList.java	tail
METHOD	com.badlogic.gdx.utils.PooledLinkedList	addFirst(T)	null	null	/tmp/projects/libgdx/gdx/src/com/badlogic/gdx/utils/PooledLinkedList.java	head
METHOD	com.badlogic.gdx.utils.PooledLinkedList	iter()	null	null	/tmp/projects/libgdx/gdx/src/com/badlogic/gdx/utils/PooledLinkedList.java	iter
METHOD	com.badlogic.gdx.utils.PooledLinkedList	iterReverse()	null	null	/tmp/projects/libgdx/gdx/src/com/badlogic/gdx/utils/PooledLinkedList.java	iter
METHOD	com.badlogic.gdx.utils.PooledLinkedList	next()	null	null	/tmp/projects/libgdx/gdx/src/com/badlogic/gdx/utils/PooledLinkedList.java	iter
METHOD	com.badlogic.gdx.utils.PooledLinkedList	previous()	null	null	/tmp/projects/libgdx/gdx/src/com/badlogic/gdx/utils/PooledLinkedList.java	iter
METHOD	com.badlogic.gdx.utils.ObjectLongMap	clear()	null	null	/tmp/projects/libgdx/gdx/src/com/badlogic/gdx/utils/ObjectLongMap.java	size
METHOD	com.badlogic.gdx.utils.ObjectLongMap	resize(int)	null	null	/tmp/projects/libgdx/gdx/src/com/badlogic/gdx/utils/ObjectLongMap.java	keyTable
METHOD	com.badlogic.gdx.utils.ObjectLongMap	resize(int)	null	null	/tmp/projects/libgdx/gdx/src/com/badlogic/gdx/utils/ObjectLongMap.java	valueTable
METHOD	com.badlogic.gdx.utils.ObjectLongMap$MapIterator	remove()	null	null	/tmp/projects/libgdx/gdx/src/com/badlogic/gdx/utils/ObjectLongMap.java	currentIndex
METHOD	com.badlogic.gdx.utils.BinaryHeap	add(T)	null	null	/tmp/projects/libgdx/gdx/src/com/badlogic/gdx/utils/BinaryHeap.java	nodes
METHOD	com.badlogic.gdx.utils.LongMap	clear()	null	null	/tmp/projects/libgdx/gdx/src/com/badlogic/gdx/utils/LongMap.java	size
METHOD	com.badlogic.gdx.utils.LongMap	resize(int)	null	null	/tmp/projects/libgdx/gdx/src/com/badlogic/gdx/utils/LongMap.java	keyTable
METHOD	com.badlogic.gdx.utils.LongMap	resize(int)	null	null	/tmp/projects/libgdx/gdx/src/com/badlogic/gdx/utils/LongMap.java	valueTable
METHOD	com.badlogic.gdx.utils.I18NBundle	load(java.io.Reader)	null	null	/tmp/projects/libgdx/gdx/src/com/badlogic/gdx/utils/I18NBundle.java	properties
METHOD	com.badlogic.gdx.utils.I18NBundle	setLocale(java.util.Locale)	null	null	/tmp/projects/libgdx/gdx/src/com/badlogic/gdx/utils/I18NBundle.java	locale
METHOD	com.badlogic.gdx.utils.I18NBundle	setLocale(java.util.Locale)	null	null	/tmp/projects/libgdx/gdx/src/com/badlogic/gdx/utils/I18NBundle.java	formatter
METHOD	com.badlogic.gdx.utils.Sort	<T>sort(com.badlogic.gdx.utils.Array<T>)	null	null	/tmp/projects/libgdx/gdx/src/com/badlogic/gdx/utils/Sort.java	comparableTimSort
METHOD	com.badlogic.gdx.utils.Sort	sort(java.lang.Object[])	null	null	/tmp/projects/libgdx/gdx/src/com/badlogic/gdx/utils/Sort.java	comparableTimSort
METHOD	com.badlogic.gdx.utils.Sort	sort(java.lang.Object[],int,int)	null	null	/tmp/projects/libgdx/gdx/src/com/badlogic/gdx/utils/Sort.java	comparableTimSort
METHOD	com.badlogic.gdx.utils.Sort	<T>sort(com.badlogic.gdx.utils.Array<T>,java.util.Comparator<? super T>)	null	null	/tmp/projects/libgdx/gdx/src/com/badlogic/gdx/utils/Sort.java	timSort
METHOD	com.badlogic.gdx.utils.Sort	<T>sort(T[],java.util.Comparator<? super T>)	null	null	/tmp/projects/libgdx/gdx/src/com/badlogic/gdx/utils/Sort.java	timSort
METHOD	com.badlogic.gdx.utils.Sort	<T>sort(T[],java.util.Comparator<? super T>,int,int)	null	null	/tmp/projects/libgdx/gdx/src/com/badlogic/gdx/utils/Sort.java	timSort
METHOD	com.badlogic.gdx.utils.IntMap	clear()	null	null	/tmp/projects/libgdx/gdx/src/com/badlogic/gdx/utils/IntMap.java	size
METHOD	com.badlogic.gdx.utils.IntMap	resize(int)	null	null	/tmp/projects/libgdx/gdx/src/com/badlogic/gdx/utils/IntMap.java	keyTable
METHOD	com.badlogic.gdx.utils.IntMap	resize(int)	null	null	/tmp/projects/libgdx/gdx/src/com/badlogic/gdx/utils/IntMap.java	valueTable
METHOD	com.badlogic.gdx.utils.compression.rangecoder.Encoder	SetStream(java.io.OutputStream)	null	null	/tmp/projects/libgdx/gdx/src/com/badlogic/gdx/utils/compression/rangecoder/Encoder.java	Stream
METHOD	com.badlogic.gdx.utils.compression.rangecoder.Decoder	SetStream(java.io.InputStream)	null	null	/tmp/projects/libgdx/gdx/src/com/badlogic/gdx/utils/compression/rangecoder/Decoder.java	Stream
METHOD	com.badlogic.gdx.utils.compression.lzma.Encoder$LiteralEncoder	Create(int,int)	null	null	/tmp/projects/libgdx/gdx/src/com/badlogic/gdx/utils/compression/lzma/Encoder.java	m_Coders
METHOD	com.badlogic.gdx.utils.compression.lzma.Encoder	Create()	null	null	/tmp/projects/libgdx/gdx/src/com/badlogic/gdx/utils/compression/lzma/Encoder.java	_matchFinder
METHOD	com.badlogic.gdx.utils.compression.lzma.Encoder	Create()	null	null	/tmp/projects/libgdx/gdx/src/com/badlogic/gdx/utils/compression/lzma/Encoder.java	_dictionarySizePrev
METHOD	com.badlogic.gdx.utils.compression.lzma.Encoder	GetOptimum(int)	null	null	/tmp/projects/libgdx/gdx/src/com/badlogic/gdx/utils/compression/lzma/Encoder.java	_optimumCurrentIndex
METHOD	com.badlogic.gdx.utils.compression.lzma.Encoder	GetOptimum(int)	null	null	/tmp/projects/libgdx/gdx/src/com/badlogic/gdx/utils/compression/lzma/Encoder.java	_optimumCurrentIndex
METHOD	com.badlogic.gdx.utils.compression.lzma.Encoder	GetOptimum(int)	null	null	/tmp/projects/libgdx/gdx/src/com/badlogic/gdx/utils/compression/lzma/Encoder.java	_optimumEndIndex
METHOD	com.badlogic.gdx.utils.compression.lzma.Encoder	SetStreams(java.io.InputStream,java.io.OutputStream,long,long)	null	null	/tmp/projects/libgdx/gdx/src/com/badlogic/gdx/utils/compression/lzma/Encoder.java	_inStream
METHOD	com.badlogic.gdx.utils.compression.lz.InWindow	Create(int,int,int)	null	null	/tmp/projects/libgdx/gdx/src/com/badlogic/gdx/utils/compression/lz/InWindow.java	_bufferBase
METHOD	com.badlogic.gdx.utils.compression.lz.InWindow	SetStream(java.io.InputStream)	null	null	/tmp/projects/libgdx/gdx/src/com/badlogic/gdx/utils/compression/lz/InWindow.java	_stream
METHOD	com.badlogic.gdx.utils.compression.lzma.Decoder$LiteralDecoder	Create(int,int)	null	null	/tmp/projects/libgdx/gdx/src/com/badlogic/gdx/utils/compression/lzma/Decoder.java	m_Coders
METHOD	com.badlogic.gdx.utils.compression.lz.OutWindow	Create(int)	null	null	/tmp/projects/libgdx/gdx/src/com/badlogic/gdx/utils/compression/lz/OutWindow.java	_buffer
METHOD	com.badlogic.gdx.utils.compression.lz.OutWindow	SetStream(java.io.OutputStream)	null	null	/tmp/projects/libgdx/gdx/src/com/badlogic/gdx/utils/compression/lz/OutWindow.java	_stream
METHOD	com.badlogic.gdx.utils.ObjectFloatMap	clear()	null	null	/tmp/projects/libgdx/gdx/src/com/badlogic/gdx/utils/ObjectFloatMap.java	size
METHOD	com.badlogic.gdx.utils.ObjectFloatMap	resize(int)	null	null	/tmp/projects/libgdx/gdx/src/com/badlogic/gdx/utils/ObjectFloatMap.java	keyTable
METHOD	com.badlogic.gdx.utils.ObjectFloatMap	resize(int)	null	null	/tmp/projects/libgdx/gdx/src/com/badlogic/gdx/utils/ObjectFloatMap.java	valueTable
METHOD	com.badlogic.gdx.utils.ObjectFloatMap$MapIterator	remove()	null	null	/tmp/projects/libgdx/gdx/src/com/badlogic/gdx/utils/ObjectFloatMap.java	currentIndex
METHOD	com.badlogic.gdx.utils.Bits	checkCapacity(int)	null	null	/tmp/projects/libgdx/gdx/src/com/badlogic/gdx/utils/Bits.java	bits
METHOD	com.badlogic.gdx.utils.LongQueue	addLast(long)	null	null	/tmp/projects/libgdx/gdx/src/com/badlogic/gdx/utils/LongQueue.java	tail
METHOD	com.badlogic.gdx.utils.LongQueue	resize(int)	null	null	/tmp/projects/libgdx/gdx/src/com/badlogic/gdx/utils/LongQueue.java	values
METHOD	com.badlogic.gdx.utils.LongQueue	removeFirst()	null	null	/tmp/projects/libgdx/gdx/src/com/badlogic/gdx/utils/LongQueue.java	head
METHOD	com.badlogic.gdx.utils.LongQueue	clear()	null	null	/tmp/projects/libgdx/gdx/src/com/badlogic/gdx/utils/LongQueue.java	size
METHOD	com.badlogic.gdx.assets.loaders.PixmapLoader	loadAsync(com.badlogic.gdx.assets.AssetManager,java.lang.String,com.badlogic.gdx.files.FileHandle,com.badlogic.gdx.assets.loaders.PixmapLoader.PixmapParameter)	null	null	/tmp/projects/libgdx/gdx/src/com/badlogic/gdx/assets/loaders/PixmapLoader.java	pixmap
METHOD	com.badlogic.gdx.assets.loaders.resolvers.PrefixFileHandleResolver	setBaseResolver(com.badlogic.gdx.assets.loaders.FileHandleResolver)	null	null	/tmp/projects/libgdx/gdx/src/com/badlogic/gdx/assets/loaders/resolvers/PrefixFileHandleResolver.java	baseResolver
METHOD	com.badlogic.gdx.assets.loaders.resolvers.PrefixFileHandleResolver	setPrefix(java.lang.String)	null	null	/tmp/projects/libgdx/gdx/src/com/badlogic/gdx/assets/loaders/resolvers/PrefixFileHandleResolver.java	prefix
METHOD	com.badlogic.gdx.graphics.g2d.BitmapFont$Glyph	setKerning(int,int)	null	null	/tmp/projects/libgdx/gdx/src/com/badlogic/gdx/graphics/g2d/BitmapFont.java	kerning
METHOD	com.badlogic.gdx.graphics.g2d.BitmapFont$BitmapFontData	load(com.badlogic.gdx.files.FileHandle,boolean)	null	null	/tmp/projects/libgdx/gdx/src/com/badlogic/gdx/graphics/g2d/BitmapFont.java	name
METHOD	com.badlogic.gdx.graphics.g2d.BitmapFont$BitmapFontData	load(com.badlogic.gdx.files.FileHandle,boolean)	null	null	/tmp/projects/libgdx/gdx/src/com/badlogic/gdx/graphics/g2d/BitmapFont.java	imagePaths
METHOD	com.badlogic.gdx.assets.loaders.BitmapFontLoader	getDependencies(java.lang.String,com.badlogic.gdx.files.FileHandle,com.badlogic.gdx.assets.loaders.BitmapFontLoader.BitmapFontParameter)	null	null	/tmp/projects/libgdx/gdx/src/com/badlogic/gdx/assets/loaders/BitmapFontLoader.java	data
METHOD	com.badlogic.gdx.assets.loaders.BitmapFontLoader	getDependencies(java.lang.String,com.badlogic.gdx.files.FileHandle,com.badlogic.gdx.assets.loaders.BitmapFontLoader.BitmapFontParameter)	null	null	/tmp/projects/libgdx/gdx/src/com/badlogic/gdx/assets/loaders/BitmapFontLoader.java	data
METHOD	com.badlogic.gdx.graphics.g2d.BitmapFontCache	tint(com.badlogic.gdx.graphics.Color)	null	null	/tmp/projects/libgdx/gdx/src/com/badlogic/gdx/graphics/g2d/BitmapFontCache.java	currentTint
METHOD	com.badlogic.gdx.graphics.g2d.BitmapFontCache	setPageCount(int)	null	null	/tmp/projects/libgdx/gdx/src/com/badlogic/gdx/graphics/g2d/BitmapFontCache.java	pageVertices
METHOD	com.badlogic.gdx.graphics.g2d.BitmapFontCache	setPageCount(int)	null	null	/tmp/projects/libgdx/gdx/src/com/badlogic/gdx/graphics/g2d/BitmapFontCache.java	idx
METHOD	com.badlogic.gdx.graphics.g2d.BitmapFontCache	setPageCount(int)	null	null	/tmp/projects/libgdx/gdx/src/com/badlogic/gdx/graphics/g2d/BitmapFontCache.java	pageGlyphIndices
METHOD	com.badlogic.gdx.graphics.g2d.BitmapFontCache	setPageCount(int)	null	null	/tmp/projects/libgdx/gdx/src/com/badlogic/gdx/graphics/g2d/BitmapFontCache.java	tempGlyphCount
METHOD	com.badlogic.gdx.graphics.glutils.ShaderProgram	compileShaders(java.lang.String,java.lang.String)	null	null	/tmp/projects/libgdx/gdx/src/com/badlogic/gdx/graphics/glutils/ShaderProgram.java	vertexShaderHandle
METHOD	com.badlogic.gdx.graphics.glutils.ShaderProgram	fetchUniforms()	null	null	/tmp/projects/libgdx/gdx/src/com/badlogic/gdx/graphics/glutils/ShaderProgram.java	uniformNames
METHOD	com.badlogic.gdx.graphics.glutils.ShaderProgram	fetchAttributes()	null	null	/tmp/projects/libgdx/gdx/src/com/badlogic/gdx/graphics/glutils/ShaderProgram.java	attributeNames
METHOD	com.badlogic.gdx.graphics.VertexAttributes	getMask()	null	null	/tmp/projects/libgdx/gdx/src/com/badlogic/gdx/graphics/VertexAttributes.java	mask
METHOD	com.badlogic.gdx.graphics.VertexAttributes	iterator()	null	null	/tmp/projects/libgdx/gdx/src/com/badlogic/gdx/graphics/VertexAttributes.java	iterable
METHOD	com.badlogic.gdx.graphics.Mesh	enableInstancedRendering(boolean,int,com.badlogic.gdx.graphics.VertexAttribute...)	null	null	/tmp/projects/libgdx/gdx/src/com/badlogic/gdx/graphics/Mesh.java	instances
METHOD	com.badlogic.gdx.graphics.g2d.SpriteBatch	flush()	null	null	/tmp/projects/libgdx/gdx/src/com/badlogic/gdx/graphics/g2d/SpriteBatch.java	idx
METHOD	com.badlogic.gdx.graphics.g2d.SpriteBatch	setBlendFunctionSeparate(int,int,int,int)	null	null	/tmp/projects/libgdx/gdx/src/com/badlogic/gdx/graphics/g2d/SpriteBatch.java	blendSrcFunc
METHOD	com.badlogic.gdx.graphics.g2d.SpriteBatch	switchTexture(com.badlogic.gdx.graphics.Texture)	null	null	/tmp/projects/libgdx/gdx/src/com/badlogic/gdx/graphics/g2d/SpriteBatch.java	lastTexture
METHOD	com.badlogic.gdx.graphics.g2d.SpriteBatch	setShader(com.badlogic.gdx.graphics.glutils.ShaderProgram)	null	null	/tmp/projects/libgdx/gdx/src/com/badlogic/gdx/graphics/g2d/SpriteBatch.java	customShader
METHOD	com.badlogic.gdx.graphics.g2d.Sprite	getBoundingRectangle()	null	null	/tmp/projects/libgdx/gdx/src/com/badlogic/gdx/graphics/g2d/Sprite.java	bounds
METHOD	com.badlogic.gdx.graphics.g2d.NinePatch	load(com.badlogic.gdx.graphics.g2d.TextureRegion[])	null	null	/tmp/projects/libgdx/gdx/src/com/badlogic/gdx/graphics/g2d/NinePatch.java	vertices
METHOD	com.badlogic.gdx.graphics.g2d.NinePatch	add(com.badlogic.gdx.graphics.g2d.TextureRegion,boolean,boolean)	null	null	/tmp/projects/libgdx/gdx/src/com/badlogic/gdx/graphics/g2d/NinePatch.java	texture
METHOD	com.badlogic.gdx.assets.loaders.SoundLoader	loadAsync(com.badlogic.gdx.assets.AssetManager,java.lang.String,com.badlogic.gdx.files.FileHandle,com.badlogic.gdx.assets.loaders.SoundLoader.SoundParameter)	null	null	/tmp/projects/libgdx/gdx/src/com/badlogic/gdx/assets/loaders/SoundLoader.java	sound
METHOD	com.badlogic.gdx.assets.loaders.MusicLoader	loadAsync(com.badlogic.gdx.assets.AssetManager,java.lang.String,com.badlogic.gdx.files.FileHandle,com.badlogic.gdx.assets.loaders.MusicLoader.MusicParameter)	null	null	/tmp/projects/libgdx/gdx/src/com/badlogic/gdx/assets/loaders/MusicLoader.java	music
METHOD	com.badlogic.gdx.assets.loaders.TextureAtlasLoader	getDependencies(java.lang.String,com.badlogic.gdx.files.FileHandle,com.badlogic.gdx.assets.loaders.TextureAtlasLoader.TextureAtlasParameter)	null	null	/tmp/projects/libgdx/gdx/src/com/badlogic/gdx/assets/loaders/TextureAtlasLoader.java	data
METHOD	com.badlogic.gdx.assets.loaders.TextureAtlasLoader	getDependencies(java.lang.String,com.badlogic.gdx.files.FileHandle,com.badlogic.gdx.assets.loaders.TextureAtlasLoader.TextureAtlasParameter)	null	null	/tmp/projects/libgdx/gdx/src/com/badlogic/gdx/assets/loaders/TextureAtlasLoader.java	data
METHOD	com.badlogic.gdx.graphics.g3d.model.Node	set(com.badlogic.gdx.graphics.g3d.model.Node)	null	null	/tmp/projects/libgdx/gdx/src/com/badlogic/gdx/graphics/g3d/model/Node.java	id
METHOD	com.badlogic.gdx.graphics.g3d.model.MeshPart	set(com.badlogic.gdx.graphics.g3d.model.MeshPart)	null	null	/tmp/projects/libgdx/gdx/src/com/badlogic/gdx/graphics/g3d/model/MeshPart.java	id
METHOD	com.badlogic.gdx.graphics.g3d.model.MeshPart	set(com.badlogic.gdx.graphics.g3d.model.MeshPart)	null	null	/tmp/projects/libgdx/gdx/src/com/badlogic/gdx/graphics/g3d/model/MeshPart.java	mesh
METHOD	com.badlogic.gdx.graphics.g3d.model.MeshPart	set(java.lang.String,com.badlogic.gdx.graphics.Mesh,int,int,int)	null	null	/tmp/projects/libgdx/gdx/src/com/badlogic/gdx/graphics/g3d/model/MeshPart.java	id
METHOD	com.badlogic.gdx.graphics.g3d.model.MeshPart	set(java.lang.String,com.badlogic.gdx.graphics.Mesh,int,int,int)	null	null	/tmp/projects/libgdx/gdx/src/com/badlogic/gdx/graphics/g3d/model/MeshPart.java	mesh
METHOD	com.badlogic.gdx.graphics.g3d.model.NodePart	set(com.badlogic.gdx.graphics.g3d.model.NodePart)	null	null	/tmp/projects/libgdx/gdx/src/com/badlogic/gdx/graphics/g3d/model/NodePart.java	meshPart
METHOD	com.badlogic.gdx.graphics.g3d.model.NodePart	set(com.badlogic.gdx.graphics.g3d.model.NodePart)	null	null	/tmp/projects/libgdx/gdx/src/com/badlogic/gdx/graphics/g3d/model/NodePart.java	material
METHOD	com.badlogic.gdx.graphics.g3d.Renderable	set(com.badlogic.gdx.graphics.g3d.Renderable)	null	null	/tmp/projects/libgdx/gdx/src/com/badlogic/gdx/graphics/g3d/Renderable.java	material
METHOD	com.badlogic.gdx.graphics.g3d.Renderable	set(com.badlogic.gdx.graphics.g3d.Renderable)	null	null	/tmp/projects/libgdx/gdx/src/com/badlogic/gdx/graphics/g3d/Renderable.java	bones
METHOD	com.badlogic.gdx.graphics.g3d.Renderable	set(com.badlogic.gdx.graphics.g3d.Renderable)	null	null	/tmp/projects/libgdx/gdx/src/com/badlogic/gdx/graphics/g3d/Renderable.java	environment
METHOD	com.badlogic.gdx.graphics.g3d.Renderable	set(com.badlogic.gdx.graphics.g3d.Renderable)	null	null	/tmp/projects/libgdx/gdx/src/com/badlogic/gdx/graphics/g3d/Renderable.java	shader
METHOD	com.badlogic.gdx.graphics.g3d.Renderable	set(com.badlogic.gdx.graphics.g3d.Renderable)	null	null	/tmp/projects/libgdx/gdx/src/com/badlogic/gdx/graphics/g3d/Renderable.java	userData
METHOD	com.badlogic.gdx.graphics.g3d.utils.RenderContext	setDepthMask(boolean)	null	null	/tmp/projects/libgdx/gdx/src/com/badlogic/gdx/graphics/g3d/utils/RenderContext.java	depthMask
METHOD	com.badlogic.gdx.graphics.g3d.utils.RenderContext	setDepthTest(int,float,float)	null	null	/tmp/projects/libgdx/gdx/src/com/badlogic/gdx/graphics/g3d/utils/RenderContext.java	depthFunc
METHOD	com.badlogic.gdx.graphics.g3d.utils.RenderContext	setDepthTest(int,float,float)	null	null	/tmp/projects/libgdx/gdx/src/com/badlogic/gdx/graphics/g3d/utils/RenderContext.java	depthFunc
METHOD	com.badlogic.gdx.graphics.g3d.utils.RenderContext	setBlending(boolean,int,int)	null	null	/tmp/projects/libgdx/gdx/src/com/badlogic/gdx/graphics/g3d/utils/RenderContext.java	blending
METHOD	com.badlogic.gdx.graphics.g3d.utils.RenderContext	setCullFace(int)	null	null	/tmp/projects/libgdx/gdx/src/com/badlogic/gdx/graphics/g3d/utils/RenderContext.java	cullFace
METHOD	com.badlogic.gdx.graphics.g3d.utils.TextureDescriptor	set(T,com.badlogic.gdx.graphics.Texture.TextureFilter,com.badlogic.gdx.graphics.Texture.TextureFilter,com.badlogic.gdx.graphics.Texture.TextureWrap,com.badlogic.gdx.graphics.Texture.TextureWrap)	null	null	/tmp/projects/libgdx/gdx/src/com/badlogic/gdx/graphics/g3d/utils/TextureDescriptor.java	texture
METHOD	com.badlogic.gdx.graphics.g3d.utils.TextureDescriptor	set(T,com.badlogic.gdx.graphics.Texture.TextureFilter,com.badlogic.gdx.graphics.Texture.TextureFilter,com.badlogic.gdx.graphics.Texture.TextureWrap,com.badlogic.gdx.graphics.Texture.TextureWrap)	null	null	/tmp/projects/libgdx/gdx/src/com/badlogic/gdx/graphics/g3d/utils/TextureDescriptor.java	minFilter
METHOD	com.badlogic.gdx.graphics.g3d.utils.TextureDescriptor	set(T,com.badlogic.gdx.graphics.Texture.TextureFilter,com.badlogic.gdx.graphics.Texture.TextureFilter,com.badlogic.gdx.graphics.Texture.TextureWrap,com.badlogic.gdx.graphics.Texture.TextureWrap)	null	null	/tmp/projects/libgdx/gdx/src/com/badlogic/gdx/graphics/g3d/utils/TextureDescriptor.java	magFilter
METHOD	com.badlogic.gdx.graphics.g3d.utils.TextureDescriptor	set(T,com.badlogic.gdx.graphics.Texture.TextureFilter,com.badlogic.gdx.graphics.Texture.TextureFilter,com.badlogic.gdx.graphics.Texture.TextureWrap,com.badlogic.gdx.graphics.Texture.TextureWrap)	null	null	/tmp/projects/libgdx/gdx/src/com/badlogic/gdx/graphics/g3d/utils/TextureDescriptor.java	uWrap
METHOD	com.badlogic.gdx.graphics.g3d.utils.TextureDescriptor	set(T,com.badlogic.gdx.graphics.Texture.TextureFilter,com.badlogic.gdx.graphics.Texture.TextureFilter,com.badlogic.gdx.graphics.Texture.TextureWrap,com.badlogic.gdx.graphics.Texture.TextureWrap)	null	null	/tmp/projects/libgdx/gdx/src/com/badlogic/gdx/graphics/g3d/utils/TextureDescriptor.java	vWrap
METHOD	com.badlogic.gdx.graphics.g3d.utils.TextureDescriptor	<V>set(com.badlogic.gdx.graphics.g3d.utils.TextureDescriptor<V>)	null	null	/tmp/projects/libgdx/gdx/src/com/badlogic/gdx/graphics/g3d/utils/TextureDescriptor.java	texture
METHOD	com.badlogic.gdx.graphics.g3d.utils.TextureDescriptor	<V>set(com.badlogic.gdx.graphics.g3d.utils.TextureDescriptor<V>)	null	null	/tmp/projects/libgdx/gdx/src/com/badlogic/gdx/graphics/g3d/utils/TextureDescriptor.java	minFilter
METHOD	com.badlogic.gdx.graphics.g3d.utils.TextureDescriptor	<V>set(com.badlogic.gdx.graphics.g3d.utils.TextureDescriptor<V>)	null	null	/tmp/projects/libgdx/gdx/src/com/badlogic/gdx/graphics/g3d/utils/TextureDescriptor.java	magFilter
METHOD	com.badlogic.gdx.graphics.g3d.utils.TextureDescriptor	<V>set(com.badlogic.gdx.graphics.g3d.utils.TextureDescriptor<V>)	null	null	/tmp/projects/libgdx/gdx/src/com/badlogic/gdx/graphics/g3d/utils/TextureDescriptor.java	uWrap
METHOD	com.badlogic.gdx.graphics.g3d.utils.TextureDescriptor	<V>set(com.badlogic.gdx.graphics.g3d.utils.TextureDescriptor<V>)	null	null	/tmp/projects/libgdx/gdx/src/com/badlogic/gdx/graphics/g3d/utils/TextureDescriptor.java	vWrap
METHOD	com.badlogic.gdx.graphics.g2d.ParticleEffect	getBoundingBox()	null	null	/tmp/projects/libgdx/gdx/src/com/badlogic/gdx/graphics/g2d/ParticleEffect.java	bounds
METHOD	com.badlogic.gdx.graphics.g2d.ParticleEmitter	initialize()	null	null	/tmp/projects/libgdx/gdx/src/com/badlogic/gdx/graphics/g2d/ParticleEmitter.java	sprites
METHOD	com.badlogic.gdx.graphics.g2d.ParticleEmitter	initialize()	null	null	/tmp/projects/libgdx/gdx/src/com/badlogic/gdx/graphics/g2d/ParticleEmitter.java	imagePaths
METHOD	com.badlogic.gdx.graphics.g2d.ParticleEmitter	setMaxParticleCount(int)	null	null	/tmp/projects/libgdx/gdx/src/com/badlogic/gdx/graphics/g2d/ParticleEmitter.java	active
METHOD	com.badlogic.gdx.graphics.g2d.ParticleEmitter	setMaxParticleCount(int)	null	null	/tmp/projects/libgdx/gdx/src/com/badlogic/gdx/graphics/g2d/ParticleEmitter.java	particles
METHOD	com.badlogic.gdx.graphics.g2d.ParticleEmitter	setSprites(com.badlogic.gdx.utils.Array<com.badlogic.gdx.graphics.g2d.Sprite>)	null	null	/tmp/projects/libgdx/gdx/src/com/badlogic/gdx/graphics/g2d/ParticleEmitter.java	sprites
METHOD	com.badlogic.gdx.graphics.g2d.ParticleEmitter	setSpriteMode(com.badlogic.gdx.graphics.g2d.ParticleEmitter.SpriteMode)	null	null	/tmp/projects/libgdx/gdx/src/com/badlogic/gdx/graphics/g2d/ParticleEmitter.java	spriteMode
METHOD	com.badlogic.gdx.graphics.g2d.ParticleEmitter	setName(java.lang.String)	null	null	/tmp/projects/libgdx/gdx/src/com/badlogic/gdx/graphics/g2d/ParticleEmitter.java	name
METHOD	com.badlogic.gdx.graphics.g2d.ParticleEmitter	setImagePaths(com.badlogic.gdx.utils.Array<java.lang.String>)	null	null	/tmp/projects/libgdx/gdx/src/com/badlogic/gdx/graphics/g2d/ParticleEmitter.java	imagePaths
METHOD	com.badlogic.gdx.graphics.g2d.ParticleEmitter	getBoundingBox()	null	null	/tmp/projects/libgdx/gdx/src/com/badlogic/gdx/graphics/g2d/ParticleEmitter.java	bounds
METHOD	com.badlogic.gdx.graphics.g2d.ParticleEmitter	getXSizeValues()	null	null	/tmp/projects/libgdx/gdx/src/com/badlogic/gdx/graphics/g2d/ParticleEmitter.java	xSizeValues
METHOD	com.badlogic.gdx.graphics.g2d.ParticleEmitter	getYSizeValues()	null	null	/tmp/projects/libgdx/gdx/src/com/badlogic/gdx/graphics/g2d/ParticleEmitter.java	ySizeValues
METHOD	com.badlogic.gdx.graphics.g2d.ParticleEmitter	getMotionValues()	null	null	/tmp/projects/libgdx/gdx/src/com/badlogic/gdx/graphics/g2d/ParticleEmitter.java	motionValues
METHOD	com.badlogic.gdx.graphics.g2d.ParticleEmitter	load(java.io.BufferedReader)	null	null	/tmp/projects/libgdx/gdx/src/com/badlogic/gdx/graphics/g2d/ParticleEmitter.java	name
METHOD	com.badlogic.gdx.graphics.g2d.ParticleEmitter$ScaledNumericValue	set(com.badlogic.gdx.graphics.g2d.ParticleEmitter.ScaledNumericValue)	null	null	/tmp/projects/libgdx/gdx/src/com/badlogic/gdx/graphics/g2d/ParticleEmitter.java	scaling
METHOD	com.badlogic.gdx.graphics.g2d.ParticleEmitter$ScaledNumericValue	set(com.badlogic.gdx.graphics.g2d.ParticleEmitter.ScaledNumericValue)	null	null	/tmp/projects/libgdx/gdx/src/com/badlogic/gdx/graphics/g2d/ParticleEmitter.java	timeline
METHOD	com.badlogic.gdx.graphics.g2d.ParticleEmitter$ScaledNumericValue	setScaling(float[])	null	null	/tmp/projects/libgdx/gdx/src/com/badlogic/gdx/graphics/g2d/ParticleEmitter.java	scaling
METHOD	com.badlogic.gdx.graphics.g2d.ParticleEmitter$ScaledNumericValue	setTimeline(float[])	null	null	/tmp/projects/libgdx/gdx/src/com/badlogic/gdx/graphics/g2d/ParticleEmitter.java	timeline
METHOD	com.badlogic.gdx.graphics.g2d.ParticleEmitter$ScaledNumericValue	load(com.badlogic.gdx.graphics.g2d.ParticleEmitter.ScaledNumericValue)	null	null	/tmp/projects/libgdx/gdx/src/com/badlogic/gdx/graphics/g2d/ParticleEmitter.java	scaling
METHOD	com.badlogic.gdx.graphics.g2d.ParticleEmitter$ScaledNumericValue	load(com.badlogic.gdx.graphics.g2d.ParticleEmitter.ScaledNumericValue)	null	null	/tmp/projects/libgdx/gdx/src/com/badlogic/gdx/graphics/g2d/ParticleEmitter.java	timeline
METHOD	com.badlogic.gdx.graphics.g2d.ParticleEmitter$GradientColorValue	setTimeline(float[])	null	null	/tmp/projects/libgdx/gdx/src/com/badlogic/gdx/graphics/g2d/ParticleEmitter.java	timeline
METHOD	com.badlogic.gdx.graphics.g2d.ParticleEmitter$GradientColorValue	setColors(float[])	null	null	/tmp/projects/libgdx/gdx/src/com/badlogic/gdx/graphics/g2d/ParticleEmitter.java	colors
METHOD	com.badlogic.gdx.graphics.g2d.ParticleEmitter$GradientColorValue	load(com.badlogic.gdx.graphics.g2d.ParticleEmitter.GradientColorValue)	null	null	/tmp/projects/libgdx/gdx/src/com/badlogic/gdx/graphics/g2d/ParticleEmitter.java	colors
METHOD	com.badlogic.gdx.graphics.g2d.ParticleEmitter$GradientColorValue	load(com.badlogic.gdx.graphics.g2d.ParticleEmitter.GradientColorValue)	null	null	/tmp/projects/libgdx/gdx/src/com/badlogic/gdx/graphics/g2d/ParticleEmitter.java	timeline
METHOD	com.badlogic.gdx.graphics.g2d.ParticleEmitter$SpawnShapeValue	setShape(com.badlogic.gdx.graphics.g2d.ParticleEmitter.SpawnShape)	null	null	/tmp/projects/libgdx/gdx/src/com/badlogic/gdx/graphics/g2d/ParticleEmitter.java	shape
METHOD	com.badlogic.gdx.graphics.g2d.ParticleEmitter$SpawnShapeValue	setSide(com.badlogic.gdx.graphics.g2d.ParticleEmitter.SpawnEllipseSide)	null	null	/tmp/projects/libgdx/gdx/src/com/badlogic/gdx/graphics/g2d/ParticleEmitter.java	side
METHOD	com.badlogic.gdx.graphics.g2d.ParticleEmitter$SpawnShapeValue	load(com.badlogic.gdx.graphics.g2d.ParticleEmitter.SpawnShapeValue)	null	null	/tmp/projects/libgdx/gdx/src/com/badlogic/gdx/graphics/g2d/ParticleEmitter.java	shape
METHOD	com.badlogic.gdx.graphics.g2d.ParticleEmitter$SpawnShapeValue	load(com.badlogic.gdx.graphics.g2d.ParticleEmitter.SpawnShapeValue)	null	null	/tmp/projects/libgdx/gdx/src/com/badlogic/gdx/graphics/g2d/ParticleEmitter.java	side
METHOD	com.badlogic.gdx.assets.loaders.I18NBundleLoader	loadAsync(com.badlogic.gdx.assets.AssetManager,java.lang.String,com.badlogic.gdx.files.FileHandle,com.badlogic.gdx.assets.loaders.I18NBundleLoader.I18NBundleParameter)	null	null	/tmp/projects/libgdx/gdx/src/com/badlogic/gdx/assets/loaders/I18NBundleLoader.java	bundle
METHOD	com.badlogic.gdx.assets.loaders.I18NBundleLoader	loadAsync(com.badlogic.gdx.assets.AssetManager,java.lang.String,com.badlogic.gdx.files.FileHandle,com.badlogic.gdx.assets.loaders.I18NBundleLoader.I18NBundleParameter)	null	null	/tmp/projects/libgdx/gdx/src/com/badlogic/gdx/assets/loaders/I18NBundleLoader.java	bundle
METHOD	com.badlogic.gdx.scenes.scene2d.utils.TextureRegionDrawable	setRegion(com.badlogic.gdx.graphics.g2d.TextureRegion)	null	null	/tmp/projects/libgdx/gdx/src/com/badlogic/gdx/scenes/scene2d/utils/TextureRegionDrawable.java	region
METHOD	com.badlogic.gdx.scenes.scene2d.utils.BaseDrawable	setName(java.lang.String)	null	null	/tmp/projects/libgdx/gdx/src/com/badlogic/gdx/scenes/scene2d/utils/BaseDrawable.java	name
METHOD	com.badlogic.gdx.graphics.glutils.ShapeRenderer	begin(com.badlogic.gdx.graphics.glutils.ShapeRenderer.ShapeType)	null	null	/tmp/projects/libgdx/gdx/src/com/badlogic/gdx/graphics/glutils/ShapeRenderer.java	shapeType
METHOD	com.badlogic.gdx.scenes.scene2d.Actor	setStage(com.badlogic.gdx.scenes.scene2d.Stage)	null	null	/tmp/projects/libgdx/gdx/src/com/badlogic/gdx/scenes/scene2d/Actor.java	stage
METHOD	com.badlogic.gdx.scenes.scene2d.Actor	setParent(com.badlogic.gdx.scenes.scene2d.Group)	null	null	/tmp/projects/libgdx/gdx/src/com/badlogic/gdx/scenes/scene2d/Actor.java	parent
METHOD	com.badlogic.gdx.scenes.scene2d.Actor	setTouchable(com.badlogic.gdx.scenes.scene2d.Touchable)	null	null	/tmp/projects/libgdx/gdx/src/com/badlogic/gdx/scenes/scene2d/Actor.java	touchable
METHOD	com.badlogic.gdx.scenes.scene2d.Actor	setUserObject(java.lang.Object)	null	null	/tmp/projects/libgdx/gdx/src/com/badlogic/gdx/scenes/scene2d/Actor.java	userObject
METHOD	com.badlogic.gdx.scenes.scene2d.Actor	setX(float)	null	null	/tmp/projects/libgdx/gdx/src/com/badlogic/gdx/scenes/scene2d/Actor.java	x
METHOD	com.badlogic.gdx.scenes.scene2d.Actor	setX(float,int)	null	null	/tmp/projects/libgdx/gdx/src/com/badlogic/gdx/scenes/scene2d/Actor.java	x
METHOD	com.badlogic.gdx.scenes.scene2d.Actor	setY(float)	null	null	/tmp/projects/libgdx/gdx/src/com/badlogic/gdx/scenes/scene2d/Actor.java	y
METHOD	com.badlogic.gdx.scenes.scene2d.Actor	setY(float,int)	null	null	/tmp/projects/libgdx/gdx/src/com/badlogic/gdx/scenes/scene2d/Actor.java	y
METHOD	com.badlogic.gdx.scenes.scene2d.Actor	setPosition(float,float)	null	null	/tmp/projects/libgdx/gdx/src/com/badlogic/gdx/scenes/scene2d/Actor.java	x
METHOD	com.badlogic.gdx.scenes.scene2d.Actor	setPosition(float,float,int)	null	null	/tmp/projects/libgdx/gdx/src/com/badlogic/gdx/scenes/scene2d/Actor.java	x
METHOD	com.badlogic.gdx.scenes.scene2d.Actor	setWidth(float)	null	null	/tmp/projects/libgdx/gdx/src/com/badlogic/gdx/scenes/scene2d/Actor.java	width
METHOD	com.badlogic.gdx.scenes.scene2d.Actor	setHeight(float)	null	null	/tmp/projects/libgdx/gdx/src/com/badlogic/gdx/scenes/scene2d/Actor.java	height
METHOD	com.badlogic.gdx.scenes.scene2d.Actor	setSize(float,float)	null	null	/tmp/projects/libgdx/gdx/src/com/badlogic/gdx/scenes/scene2d/Actor.java	width
METHOD	com.badlogic.gdx.scenes.scene2d.Actor	setBounds(float,float,float,float)	null	null	/tmp/projects/libgdx/gdx/src/com/badlogic/gdx/scenes/scene2d/Actor.java	x
METHOD	com.badlogic.gdx.scenes.scene2d.Actor	setBounds(float,float,float,float)	null	null	/tmp/projects/libgdx/gdx/src/com/badlogic/gdx/scenes/scene2d/Actor.java	width
METHOD	com.badlogic.gdx.scenes.scene2d.Actor	setScaleX(float)	null	null	/tmp/projects/libgdx/gdx/src/com/badlogic/gdx/scenes/scene2d/Actor.java	scaleX
METHOD	com.badlogic.gdx.scenes.scene2d.Actor	setScaleY(float)	null	null	/tmp/projects/libgdx/gdx/src/com/badlogic/gdx/scenes/scene2d/Actor.java	scaleY
METHOD	com.badlogic.gdx.scenes.scene2d.Actor	setScale(float)	null	null	/tmp/projects/libgdx/gdx/src/com/badlogic/gdx/scenes/scene2d/Actor.java	scaleX
METHOD	com.badlogic.gdx.scenes.scene2d.Actor	setScale(float,float)	null	null	/tmp/projects/libgdx/gdx/src/com/badlogic/gdx/scenes/scene2d/Actor.java	scaleX
METHOD	com.badlogic.gdx.scenes.scene2d.Actor	setRotation(float)	null	null	/tmp/projects/libgdx/gdx/src/com/badlogic/gdx/scenes/scene2d/Actor.java	rotation
METHOD	com.badlogic.gdx.scenes.scene2d.Actor	setName(java.lang.String)	null	null	/tmp/projects/libgdx/gdx/src/com/badlogic/gdx/scenes/scene2d/Actor.java	name
METHOD	com.badlogic.gdx.scenes.scene2d.InputEvent	setType(com.badlogic.gdx.scenes.scene2d.InputEvent.Type)	null	null	/tmp/projects/libgdx/gdx/src/com/badlogic/gdx/scenes/scene2d/InputEvent.java	type
METHOD	com.badlogic.gdx.scenes.scene2d.InputEvent	setRelatedActor(com.badlogic.gdx.scenes.scene2d.Actor)	null	null	/tmp/projects/libgdx/gdx/src/com/badlogic/gdx/scenes/scene2d/InputEvent.java	relatedActor
METHOD	com.badlogic.gdx.scenes.scene2d.ui.Label	setStyle(com.badlogic.gdx.scenes.scene2d.ui.Label.LabelStyle)	null	null	/tmp/projects/libgdx/gdx/src/com/badlogic/gdx/scenes/scene2d/ui/Label.java	style
METHOD	com.badlogic.gdx.scenes.scene2d.ui.Label	setStyle(com.badlogic.gdx.scenes.scene2d.ui.Label.LabelStyle)	null	null	/tmp/projects/libgdx/gdx/src/com/badlogic/gdx/scenes/scene2d/ui/Label.java	cache
METHOD	com.badlogic.gdx.scenes.scene2d.ui.Label	setText(int)	null	null	/tmp/projects/libgdx/gdx/src/com/badlogic/gdx/scenes/scene2d/ui/Label.java	intValue
METHOD	com.badlogic.gdx.scenes.scene2d.ui.Label	setEllipsis(java.lang.String)	null	null	/tmp/projects/libgdx/gdx/src/com/badlogic/gdx/scenes/scene2d/ui/Label.java	ellipsis
METHOD	com.badlogic.gdx.scenes.scene2d.ui.Table	setBackground(com.badlogic.gdx.scenes.scene2d.utils.Drawable)	null	null	/tmp/projects/libgdx/gdx/src/com/badlogic/gdx/scenes/scene2d/ui/Table.java	background
METHOD	com.badlogic.gdx.scenes.scene2d.ui.Table	reset()	null	null	/tmp/projects/libgdx/gdx/src/com/badlogic/gdx/scenes/scene2d/ui/Table.java	padTop
METHOD	com.badlogic.gdx.scenes.scene2d.ui.Table	reset()	null	null	/tmp/projects/libgdx/gdx/src/com/badlogic/gdx/scenes/scene2d/ui/Table.java	padLeft
METHOD	com.badlogic.gdx.scenes.scene2d.ui.Table	reset()	null	null	/tmp/projects/libgdx/gdx/src/com/badlogic/gdx/scenes/scene2d/ui/Table.java	padBottom
METHOD	com.badlogic.gdx.scenes.scene2d.ui.Table	reset()	null	null	/tmp/projects/libgdx/gdx/src/com/badlogic/gdx/scenes/scene2d/ui/Table.java	padRight
METHOD	com.badlogic.gdx.scenes.scene2d.ui.Table	pad(com.badlogic.gdx.scenes.scene2d.ui.Value)	null	null	/tmp/projects/libgdx/gdx/src/com/badlogic/gdx/scenes/scene2d/ui/Table.java	padTop
METHOD	com.badlogic.gdx.scenes.scene2d.ui.Table	pad(com.badlogic.gdx.scenes.scene2d.ui.Value)	null	null	/tmp/projects/libgdx/gdx/src/com/badlogic/gdx/scenes/scene2d/ui/Table.java	padLeft
METHOD	com.badlogic.gdx.scenes.scene2d.ui.Table	pad(com.badlogic.gdx.scenes.scene2d.ui.Value)	null	null	/tmp/projects/libgdx/gdx/src/com/badlogic/gdx/scenes/scene2d/ui/Table.java	padBottom
METHOD	com.badlogic.gdx.scenes.scene2d.ui.Table	pad(com.badlogic.gdx.scenes.scene2d.ui.Value)	null	null	/tmp/projects/libgdx/gdx/src/com/badlogic/gdx/scenes/scene2d/ui/Table.java	padRight
METHOD	com.badlogic.gdx.scenes.scene2d.ui.Table	pad(com.badlogic.gdx.scenes.scene2d.ui.Value,com.badlogic.gdx.scenes.scene2d.ui.Value,com.badlogic.gdx.scenes.scene2d.ui.Value,com.badlogic.gdx.scenes.scene2d.ui.Value)	null	null	/tmp/projects/libgdx/gdx/src/com/badlogic/gdx/scenes/scene2d/ui/Table.java	padTop
METHOD	com.badlogic.gdx.scenes.scene2d.ui.Table	pad(com.badlogic.gdx.scenes.scene2d.ui.Value,com.badlogic.gdx.scenes.scene2d.ui.Value,com.badlogic.gdx.scenes.scene2d.ui.Value,com.badlogic.gdx.scenes.scene2d.ui.Value)	null	null	/tmp/projects/libgdx/gdx/src/com/badlogic/gdx/scenes/scene2d/ui/Table.java	padLeft
METHOD	com.badlogic.gdx.scenes.scene2d.ui.Table	pad(com.badlogic.gdx.scenes.scene2d.ui.Value,com.badlogic.gdx.scenes.scene2d.ui.Value,com.badlogic.gdx.scenes.scene2d.ui.Value,com.badlogic.gdx.scenes.scene2d.ui.Value)	null	null	/tmp/projects/libgdx/gdx/src/com/badlogic/gdx/scenes/scene2d/ui/Table.java	padBottom
METHOD	com.badlogic.gdx.scenes.scene2d.ui.Table	pad(com.badlogic.gdx.scenes.scene2d.ui.Value,com.badlogic.gdx.scenes.scene2d.ui.Value,com.badlogic.gdx.scenes.scene2d.ui.Value,com.badlogic.gdx.scenes.scene2d.ui.Value)	null	null	/tmp/projects/libgdx/gdx/src/com/badlogic/gdx/scenes/scene2d/ui/Table.java	padRight
METHOD	com.badlogic.gdx.scenes.scene2d.ui.Table	padTop(com.badlogic.gdx.scenes.scene2d.ui.Value)	null	null	/tmp/projects/libgdx/gdx/src/com/badlogic/gdx/scenes/scene2d/ui/Table.java	padTop
METHOD	com.badlogic.gdx.scenes.scene2d.ui.Table	padLeft(com.badlogic.gdx.scenes.scene2d.ui.Value)	null	null	/tmp/projects/libgdx/gdx/src/com/badlogic/gdx/scenes/scene2d/ui/Table.java	padLeft
METHOD	com.badlogic.gdx.scenes.scene2d.ui.Table	padBottom(com.badlogic.gdx.scenes.scene2d.ui.Value)	null	null	/tmp/projects/libgdx/gdx/src/com/badlogic/gdx/scenes/scene2d/ui/Table.java	padBottom
METHOD	com.badlogic.gdx.scenes.scene2d.ui.Table	padRight(com.badlogic.gdx.scenes.scene2d.ui.Value)	null	null	/tmp/projects/libgdx/gdx/src/com/badlogic/gdx/scenes/scene2d/ui/Table.java	padRight
METHOD	com.badlogic.gdx.scenes.scene2d.ui.Table	pad(float,float,float,float)	null	null	/tmp/projects/libgdx/gdx/src/com/badlogic/gdx/scenes/scene2d/ui/Table.java	padTop
METHOD	com.badlogic.gdx.scenes.scene2d.ui.Table	pad(float,float,float,float)	null	null	/tmp/projects/libgdx/gdx/src/com/badlogic/gdx/scenes/scene2d/ui/Table.java	padLeft
METHOD	com.badlogic.gdx.scenes.scene2d.ui.Table	pad(float,float,float,float)	null	null	/tmp/projects/libgdx/gdx/src/com/badlogic/gdx/scenes/scene2d/ui/Table.java	padBottom
METHOD	com.badlogic.gdx.scenes.scene2d.ui.Table	pad(float,float,float,float)	null	null	/tmp/projects/libgdx/gdx/src/com/badlogic/gdx/scenes/scene2d/ui/Table.java	padRight
METHOD	com.badlogic.gdx.scenes.scene2d.ui.Table	padTop(float)	null	null	/tmp/projects/libgdx/gdx/src/com/badlogic/gdx/scenes/scene2d/ui/Table.java	padTop
METHOD	com.badlogic.gdx.scenes.scene2d.ui.Table	padLeft(float)	null	null	/tmp/projects/libgdx/gdx/src/com/badlogic/gdx/scenes/scene2d/ui/Table.java	padLeft
METHOD	com.badlogic.gdx.scenes.scene2d.ui.Table	padBottom(float)	null	null	/tmp/projects/libgdx/gdx/src/com/badlogic/gdx/scenes/scene2d/ui/Table.java	padBottom
METHOD	com.badlogic.gdx.scenes.scene2d.ui.Table	padRight(float)	null	null	/tmp/projects/libgdx/gdx/src/com/badlogic/gdx/scenes/scene2d/ui/Table.java	padRight
METHOD	com.badlogic.gdx.scenes.scene2d.ui.Table	debugTable()	null	null	/tmp/projects/libgdx/gdx/src/com/badlogic/gdx/scenes/scene2d/ui/Table.java	debug
METHOD	com.badlogic.gdx.scenes.scene2d.ui.Table	debugCell()	null	null	/tmp/projects/libgdx/gdx/src/com/badlogic/gdx/scenes/scene2d/ui/Table.java	debug
METHOD	com.badlogic.gdx.scenes.scene2d.ui.Table	debugActor()	null	null	/tmp/projects/libgdx/gdx/src/com/badlogic/gdx/scenes/scene2d/ui/Table.java	debug
METHOD	com.badlogic.gdx.scenes.scene2d.ui.Table	debug(com.badlogic.gdx.scenes.scene2d.ui.Table.Debug)	null	null	/tmp/projects/libgdx/gdx/src/com/badlogic/gdx/scenes/scene2d/ui/Table.java	debug
METHOD	com.badlogic.gdx.scenes.scene2d.ui.Table	setSkin(com.badlogic.gdx.scenes.scene2d.ui.Skin)	null	null	/tmp/projects/libgdx/gdx/src/com/badlogic/gdx/scenes/scene2d/ui/Table.java	skin
METHOD	com.badlogic.gdx.scenes.scene2d.ui.Table	computeSize()	null	null	/tmp/projects/libgdx/gdx/src/com/badlogic/gdx/scenes/scene2d/ui/Table.java	columnMinWidth
METHOD	com.badlogic.gdx.scenes.scene2d.ui.Table	computeSize()	null	null	/tmp/projects/libgdx/gdx/src/com/badlogic/gdx/scenes/scene2d/ui/Table.java	rowMinHeight
METHOD	com.badlogic.gdx.scenes.scene2d.ui.Table	computeSize()	null	null	/tmp/projects/libgdx/gdx/src/com/badlogic/gdx/scenes/scene2d/ui/Table.java	columnPrefWidth
METHOD	com.badlogic.gdx.scenes.scene2d.ui.Table	computeSize()	null	null	/tmp/projects/libgdx/gdx/src/com/badlogic/gdx/scenes/scene2d/ui/Table.java	rowPrefHeight
METHOD	com.badlogic.gdx.scenes.scene2d.ui.Table	computeSize()	null	null	/tmp/projects/libgdx/gdx/src/com/badlogic/gdx/scenes/scene2d/ui/Table.java	columnWidth
METHOD	com.badlogic.gdx.scenes.scene2d.ui.Table	computeSize()	null	null	/tmp/projects/libgdx/gdx/src/com/badlogic/gdx/scenes/scene2d/ui/Table.java	rowHeight
METHOD	com.badlogic.gdx.scenes.scene2d.ui.Table	computeSize()	null	null	/tmp/projects/libgdx/gdx/src/com/badlogic/gdx/scenes/scene2d/ui/Table.java	expandWidth
METHOD	com.badlogic.gdx.scenes.scene2d.ui.Table	computeSize()	null	null	/tmp/projects/libgdx/gdx/src/com/badlogic/gdx/scenes/scene2d/ui/Table.java	expandHeight
METHOD	com.badlogic.gdx.scenes.scene2d.ui.Table	clearDebugRects()	null	null	/tmp/projects/libgdx/gdx/src/com/badlogic/gdx/scenes/scene2d/ui/Table.java	debugRects
METHOD	com.badlogic.gdx.scenes.scene2d.utils.FocusListener$FocusEvent	setType(com.badlogic.gdx.scenes.scene2d.utils.FocusListener.FocusEvent.Type)	null	null	/tmp/projects/libgdx/gdx/src/com/badlogic/gdx/scenes/scene2d/utils/FocusListener.java	type
METHOD	com.badlogic.gdx.scenes.scene2d.utils.FocusListener$FocusEvent	setRelatedActor(com.badlogic.gdx.scenes.scene2d.Actor)	null	null	/tmp/projects/libgdx/gdx/src/com/badlogic/gdx/scenes/scene2d/utils/FocusListener.java	relatedActor
METHOD	com.badlogic.gdx.scenes.scene2d.Stage	drawDebug()	null	null	/tmp/projects/libgdx/gdx/src/com/badlogic/gdx/scenes/scene2d/Stage.java	debugShapes
METHOD	com.badlogic.gdx.scenes.scene2d.Stage	setKeyboardFocus(com.badlogic.gdx.scenes.scene2d.Actor)	null	null	/tmp/projects/libgdx/gdx/src/com/badlogic/gdx/scenes/scene2d/Stage.java	keyboardFocus
METHOD	com.badlogic.gdx.scenes.scene2d.Stage	setKeyboardFocus(com.badlogic.gdx.scenes.scene2d.Actor)	null	null	/tmp/projects/libgdx/gdx/src/com/badlogic/gdx/scenes/scene2d/Stage.java	keyboardFocus
METHOD	com.badlogic.gdx.scenes.scene2d.Stage	setScrollFocus(com.badlogic.gdx.scenes.scene2d.Actor)	null	null	/tmp/projects/libgdx/gdx/src/com/badlogic/gdx/scenes/scene2d/Stage.java	scrollFocus
METHOD	com.badlogic.gdx.scenes.scene2d.Stage	setScrollFocus(com.badlogic.gdx.scenes.scene2d.Actor)	null	null	/tmp/projects/libgdx/gdx/src/com/badlogic/gdx/scenes/scene2d/Stage.java	scrollFocus
METHOD	com.badlogic.gdx.scenes.scene2d.Stage	setViewport(com.badlogic.gdx.utils.viewport.Viewport)	null	null	/tmp/projects/libgdx/gdx/src/com/badlogic/gdx/scenes/scene2d/Stage.java	viewport
METHOD	com.badlogic.gdx.scenes.scene2d.Stage	setRoot(com.badlogic.gdx.scenes.scene2d.Group)	null	null	/tmp/projects/libgdx/gdx/src/com/badlogic/gdx/scenes/scene2d/Stage.java	root
METHOD	com.badlogic.gdx.scenes.scene2d.Stage	setDebugAll(boolean)	null	null	/tmp/projects/libgdx/gdx/src/com/badlogic/gdx/scenes/scene2d/Stage.java	debugAll
METHOD	com.badlogic.gdx.scenes.scene2d.Stage	setDebugUnderMouse(boolean)	null	null	/tmp/projects/libgdx/gdx/src/com/badlogic/gdx/scenes/scene2d/Stage.java	debugUnderMouse
METHOD	com.badlogic.gdx.scenes.scene2d.Stage	setDebugParentUnderMouse(boolean)	null	null	/tmp/projects/libgdx/gdx/src/com/badlogic/gdx/scenes/scene2d/Stage.java	debugParentUnderMouse
METHOD	com.badlogic.gdx.scenes.scene2d.Stage	setDebugTableUnderMouse(com.badlogic.gdx.scenes.scene2d.ui.Table.Debug)	null	null	/tmp/projects/libgdx/gdx/src/com/badlogic/gdx/scenes/scene2d/Stage.java	debugTableUnderMouse
METHOD	com.badlogic.gdx.scenes.scene2d.Event	setTarget(com.badlogic.gdx.scenes.scene2d.Actor)	null	null	/tmp/projects/libgdx/gdx/src/com/badlogic/gdx/scenes/scene2d/Event.java	targetActor
METHOD	com.badlogic.gdx.scenes.scene2d.Event	setListenerActor(com.badlogic.gdx.scenes.scene2d.Actor)	null	null	/tmp/projects/libgdx/gdx/src/com/badlogic/gdx/scenes/scene2d/Event.java	listenerActor
METHOD	com.badlogic.gdx.scenes.scene2d.Event	setStage(com.badlogic.gdx.scenes.scene2d.Stage)	null	null	/tmp/projects/libgdx/gdx/src/com/badlogic/gdx/scenes/scene2d/Event.java	stage
METHOD	com.badlogic.gdx.scenes.scene2d.Group	setCullingArea(com.badlogic.gdx.math.Rectangle)	null	null	/tmp/projects/libgdx/gdx/src/com/badlogic/gdx/scenes/scene2d/Group.java	cullingArea
METHOD	com.badlogic.gdx.scenes.scene2d.Action	setActor(com.badlogic.gdx.scenes.scene2d.Actor)	null	null	/tmp/projects/libgdx/gdx/src/com/badlogic/gdx/scenes/scene2d/Action.java	actor
METHOD	com.badlogic.gdx.scenes.scene2d.Action	setTarget(com.badlogic.gdx.scenes.scene2d.Actor)	null	null	/tmp/projects/libgdx/gdx/src/com/badlogic/gdx/scenes/scene2d/Action.java	target
METHOD	com.badlogic.gdx.scenes.scene2d.Action	setPool(com.badlogic.gdx.utils.Pool)	null	null	/tmp/projects/libgdx/gdx/src/com/badlogic/gdx/scenes/scene2d/Action.java	pool
METHOD	com.badlogic.gdx.scenes.scene2d.ui.Cell	setTable(com.badlogic.gdx.scenes.scene2d.ui.Table)	null	null	/tmp/projects/libgdx/gdx/src/com/badlogic/gdx/scenes/scene2d/ui/Cell.java	table
METHOD	com.badlogic.gdx.scenes.scene2d.ui.Cell	<A>setActor(A)	null	null	/tmp/projects/libgdx/gdx/src/com/badlogic/gdx/scenes/scene2d/ui/Cell.java	actor
METHOD	com.badlogic.gdx.scenes.scene2d.ui.Cell	size(com.badlogic.gdx.scenes.scene2d.ui.Value)	null	null	/tmp/projects/libgdx/gdx/src/com/badlogic/gdx/scenes/scene2d/ui/Cell.java	minWidth
METHOD	com.badlogic.gdx.scenes.scene2d.ui.Cell	size(com.badlogic.gdx.scenes.scene2d.ui.Value)	null	null	/tmp/projects/libgdx/gdx/src/com/badlogic/gdx/scenes/scene2d/ui/Cell.java	minHeight
METHOD	com.badlogic.gdx.scenes.scene2d.ui.Cell	size(com.badlogic.gdx.scenes.scene2d.ui.Value)	null	null	/tmp/projects/libgdx/gdx/src/com/badlogic/gdx/scenes/scene2d/ui/Cell.java	prefWidth
METHOD	com.badlogic.gdx.scenes.scene2d.ui.Cell	size(com.badlogic.gdx.scenes.scene2d.ui.Value)	null	null	/tmp/projects/libgdx/gdx/src/com/badlogic/gdx/scenes/scene2d/ui/Cell.java	prefHeight
METHOD	com.badlogic.gdx.scenes.scene2d.ui.Cell	size(com.badlogic.gdx.scenes.scene2d.ui.Value)	null	null	/tmp/projects/libgdx/gdx/src/com/badlogic/gdx/scenes/scene2d/ui/Cell.java	maxWidth
METHOD	com.badlogic.gdx.scenes.scene2d.ui.Cell	size(com.badlogic.gdx.scenes.scene2d.ui.Value)	null	null	/tmp/projects/libgdx/gdx/src/com/badlogic/gdx/scenes/scene2d/ui/Cell.java	maxHeight
METHOD	com.badlogic.gdx.scenes.scene2d.ui.Cell	size(com.badlogic.gdx.scenes.scene2d.ui.Value,com.badlogic.gdx.scenes.scene2d.ui.Value)	null	null	/tmp/projects/libgdx/gdx/src/com/badlogic/gdx/scenes/scene2d/ui/Cell.java	minWidth
METHOD	com.badlogic.gdx.scenes.scene2d.ui.Cell	size(com.badlogic.gdx.scenes.scene2d.ui.Value,com.badlogic.gdx.scenes.scene2d.ui.Value)	null	null	/tmp/projects/libgdx/gdx/src/com/badlogic/gdx/scenes/scene2d/ui/Cell.java	minHeight
METHOD	com.badlogic.gdx.scenes.scene2d.ui.Cell	size(com.badlogic.gdx.scenes.scene2d.ui.Value,com.badlogic.gdx.scenes.scene2d.ui.Value)	null	null	/tmp/projects/libgdx/gdx/src/com/badlogic/gdx/scenes/scene2d/ui/Cell.java	prefWidth
METHOD	com.badlogic.gdx.scenes.scene2d.ui.Cell	size(com.badlogic.gdx.scenes.scene2d.ui.Value,com.badlogic.gdx.scenes.scene2d.ui.Value)	null	null	/tmp/projects/libgdx/gdx/src/com/badlogic/gdx/scenes/scene2d/ui/Cell.java	prefHeight
METHOD	com.badlogic.gdx.scenes.scene2d.ui.Cell	size(com.badlogic.gdx.scenes.scene2d.ui.Value,com.badlogic.gdx.scenes.scene2d.ui.Value)	null	null	/tmp/projects/libgdx/gdx/src/com/badlogic/gdx/scenes/scene2d/ui/Cell.java	maxWidth
METHOD	com.badlogic.gdx.scenes.scene2d.ui.Cell	size(com.badlogic.gdx.scenes.scene2d.ui.Value,com.badlogic.gdx.scenes.scene2d.ui.Value)	null	null	/tmp/projects/libgdx/gdx/src/com/badlogic/gdx/scenes/scene2d/ui/Cell.java	maxHeight
METHOD	com.badlogic.gdx.scenes.scene2d.ui.Cell	width(com.badlogic.gdx.scenes.scene2d.ui.Value)	null	null	/tmp/projects/libgdx/gdx/src/com/badlogic/gdx/scenes/scene2d/ui/Cell.java	minWidth
METHOD	com.badlogic.gdx.scenes.scene2d.ui.Cell	width(com.badlogic.gdx.scenes.scene2d.ui.Value)	null	null	/tmp/projects/libgdx/gdx/src/com/badlogic/gdx/scenes/scene2d/ui/Cell.java	prefWidth
METHOD	com.badlogic.gdx.scenes.scene2d.ui.Cell	width(com.badlogic.gdx.scenes.scene2d.ui.Value)	null	null	/tmp/projects/libgdx/gdx/src/com/badlogic/gdx/scenes/scene2d/ui/Cell.java	maxWidth
METHOD	com.badlogic.gdx.scenes.scene2d.ui.Cell	height(com.badlogic.gdx.scenes.scene2d.ui.Value)	null	null	/tmp/projects/libgdx/gdx/src/com/badlogic/gdx/scenes/scene2d/ui/Cell.java	minHeight
METHOD	com.badlogic.gdx.scenes.scene2d.ui.Cell	height(com.badlogic.gdx.scenes.scene2d.ui.Value)	null	null	/tmp/projects/libgdx/gdx/src/com/badlogic/gdx/scenes/scene2d/ui/Cell.java	prefHeight
METHOD	com.badlogic.gdx.scenes.scene2d.ui.Cell	height(com.badlogic.gdx.scenes.scene2d.ui.Value)	null	null	/tmp/projects/libgdx/gdx/src/com/badlogic/gdx/scenes/scene2d/ui/Cell.java	maxHeight
METHOD	com.badlogic.gdx.scenes.scene2d.ui.Cell	minSize(com.badlogic.gdx.scenes.scene2d.ui.Value)	null	null	/tmp/projects/libgdx/gdx/src/com/badlogic/gdx/scenes/scene2d/ui/Cell.java	minWidth
METHOD	com.badlogic.gdx.scenes.scene2d.ui.Cell	minSize(com.badlogic.gdx.scenes.scene2d.ui.Value)	null	null	/tmp/projects/libgdx/gdx/src/com/badlogic/gdx/scenes/scene2d/ui/Cell.java	minHeight
METHOD	com.badlogic.gdx.scenes.scene2d.ui.Cell	minSize(com.badlogic.gdx.scenes.scene2d.ui.Value,com.badlogic.gdx.scenes.scene2d.ui.Value)	null	null	/tmp/projects/libgdx/gdx/src/com/badlogic/gdx/scenes/scene2d/ui/Cell.java	minWidth
METHOD	com.badlogic.gdx.scenes.scene2d.ui.Cell	minSize(com.badlogic.gdx.scenes.scene2d.ui.Value,com.badlogic.gdx.scenes.scene2d.ui.Value)	null	null	/tmp/projects/libgdx/gdx/src/com/badlogic/gdx/scenes/scene2d/ui/Cell.java	minHeight
METHOD	com.badlogic.gdx.scenes.scene2d.ui.Cell	minWidth(com.badlogic.gdx.scenes.scene2d.ui.Value)	null	null	/tmp/projects/libgdx/gdx/src/com/badlogic/gdx/scenes/scene2d/ui/Cell.java	minWidth
METHOD	com.badlogic.gdx.scenes.scene2d.ui.Cell	minHeight(com.badlogic.gdx.scenes.scene2d.ui.Value)	null	null	/tmp/projects/libgdx/gdx/src/com/badlogic/gdx/scenes/scene2d/ui/Cell.java	minHeight
METHOD	com.badlogic.gdx.scenes.scene2d.ui.Cell	minWidth(float)	null	null	/tmp/projects/libgdx/gdx/src/com/badlogic/gdx/scenes/scene2d/ui/Cell.java	minWidth
METHOD	com.badlogic.gdx.scenes.scene2d.ui.Cell	minHeight(float)	null	null	/tmp/projects/libgdx/gdx/src/com/badlogic/gdx/scenes/scene2d/ui/Cell.java	minHeight
METHOD	com.badlogic.gdx.scenes.scene2d.ui.Cell	prefSize(com.badlogic.gdx.scenes.scene2d.ui.Value)	null	null	/tmp/projects/libgdx/gdx/src/com/badlogic/gdx/scenes/scene2d/ui/Cell.java	prefWidth
METHOD	com.badlogic.gdx.scenes.scene2d.ui.Cell	prefSize(com.badlogic.gdx.scenes.scene2d.ui.Value)	null	null	/tmp/projects/libgdx/gdx/src/com/badlogic/gdx/scenes/scene2d/ui/Cell.java	prefHeight
METHOD	com.badlogic.gdx.scenes.scene2d.ui.Cell	prefSize(com.badlogic.gdx.scenes.scene2d.ui.Value,com.badlogic.gdx.scenes.scene2d.ui.Value)	null	null	/tmp/projects/libgdx/gdx/src/com/badlogic/gdx/scenes/scene2d/ui/Cell.java	prefWidth
METHOD	com.badlogic.gdx.scenes.scene2d.ui.Cell	prefSize(com.badlogic.gdx.scenes.scene2d.ui.Value,com.badlogic.gdx.scenes.scene2d.ui.Value)	null	null	/tmp/projects/libgdx/gdx/src/com/badlogic/gdx/scenes/scene2d/ui/Cell.java	prefHeight
METHOD	com.badlogic.gdx.scenes.scene2d.ui.Cell	prefWidth(com.badlogic.gdx.scenes.scene2d.ui.Value)	null	null	/tmp/projects/libgdx/gdx/src/com/badlogic/gdx/scenes/scene2d/ui/Cell.java	prefWidth
METHOD	com.badlogic.gdx.scenes.scene2d.ui.Cell	prefHeight(com.badlogic.gdx.scenes.scene2d.ui.Value)	null	null	/tmp/projects/libgdx/gdx/src/com/badlogic/gdx/scenes/scene2d/ui/Cell.java	prefHeight
METHOD	com.badlogic.gdx.scenes.scene2d.ui.Cell	prefWidth(float)	null	null	/tmp/projects/libgdx/gdx/src/com/badlogic/gdx/scenes/scene2d/ui/Cell.java	prefWidth
METHOD	com.badlogic.gdx.scenes.scene2d.ui.Cell	prefHeight(float)	null	null	/tmp/projects/libgdx/gdx/src/com/badlogic/gdx/scenes/scene2d/ui/Cell.java	prefHeight
METHOD	com.badlogic.gdx.scenes.scene2d.ui.Cell	maxSize(com.badlogic.gdx.scenes.scene2d.ui.Value)	null	null	/tmp/projects/libgdx/gdx/src/com/badlogic/gdx/scenes/scene2d/ui/Cell.java	maxWidth
METHOD	com.badlogic.gdx.scenes.scene2d.ui.Cell	maxSize(com.badlogic.gdx.scenes.scene2d.ui.Value)	null	null	/tmp/projects/libgdx/gdx/src/com/badlogic/gdx/scenes/scene2d/ui/Cell.java	maxHeight
METHOD	com.badlogic.gdx.scenes.scene2d.ui.Cell	maxSize(com.badlogic.gdx.scenes.scene2d.ui.Value,com.badlogic.gdx.scenes.scene2d.ui.Value)	null	null	/tmp/projects/libgdx/gdx/src/com/badlogic/gdx/scenes/scene2d/ui/Cell.java	maxWidth
METHOD	com.badlogic.gdx.scenes.scene2d.ui.Cell	maxSize(com.badlogic.gdx.scenes.scene2d.ui.Value,com.badlogic.gdx.scenes.scene2d.ui.Value)	null	null	/tmp/projects/libgdx/gdx/src/com/badlogic/gdx/scenes/scene2d/ui/Cell.java	maxHeight
METHOD	com.badlogic.gdx.scenes.scene2d.ui.Cell	maxWidth(com.badlogic.gdx.scenes.scene2d.ui.Value)	null	null	/tmp/projects/libgdx/gdx/src/com/badlogic/gdx/scenes/scene2d/ui/Cell.java	maxWidth
METHOD	com.badlogic.gdx.scenes.scene2d.ui.Cell	maxHeight(com.badlogic.gdx.scenes.scene2d.ui.Value)	null	null	/tmp/projects/libgdx/gdx/src/com/badlogic/gdx/scenes/scene2d/ui/Cell.java	maxHeight
METHOD	com.badlogic.gdx.scenes.scene2d.ui.Cell	maxWidth(float)	null	null	/tmp/projects/libgdx/gdx/src/com/badlogic/gdx/scenes/scene2d/ui/Cell.java	maxWidth
METHOD	com.badlogic.gdx.scenes.scene2d.ui.Cell	maxHeight(float)	null	null	/tmp/projects/libgdx/gdx/src/com/badlogic/gdx/scenes/scene2d/ui/Cell.java	maxHeight
METHOD	com.badlogic.gdx.scenes.scene2d.ui.Cell	space(com.badlogic.gdx.scenes.scene2d.ui.Value)	null	null	/tmp/projects/libgdx/gdx/src/com/badlogic/gdx/scenes/scene2d/ui/Cell.java	spaceTop
METHOD	com.badlogic.gdx.scenes.scene2d.ui.Cell	space(com.badlogic.gdx.scenes.scene2d.ui.Value)	null	null	/tmp/projects/libgdx/gdx/src/com/badlogic/gdx/scenes/scene2d/ui/Cell.java	spaceLeft
METHOD	com.badlogic.gdx.scenes.scene2d.ui.Cell	space(com.badlogic.gdx.scenes.scene2d.ui.Value)	null	null	/tmp/projects/libgdx/gdx/src/com/badlogic/gdx/scenes/scene2d/ui/Cell.java	spaceBottom
METHOD	com.badlogic.gdx.scenes.scene2d.ui.Cell	space(com.badlogic.gdx.scenes.scene2d.ui.Value)	null	null	/tmp/projects/libgdx/gdx/src/com/badlogic/gdx/scenes/scene2d/ui/Cell.java	spaceRight
METHOD	com.badlogic.gdx.scenes.scene2d.ui.Cell	space(com.badlogic.gdx.scenes.scene2d.ui.Value,com.badlogic.gdx.scenes.scene2d.ui.Value,com.badlogic.gdx.scenes.scene2d.ui.Value,com.badlogic.gdx.scenes.scene2d.ui.Value)	null	null	/tmp/projects/libgdx/gdx/src/com/badlogic/gdx/scenes/scene2d/ui/Cell.java	spaceTop
METHOD	com.badlogic.gdx.scenes.scene2d.ui.Cell	space(com.badlogic.gdx.scenes.scene2d.ui.Value,com.badlogic.gdx.scenes.scene2d.ui.Value,com.badlogic.gdx.scenes.scene2d.ui.Value,com.badlogic.gdx.scenes.scene2d.ui.Value)	null	null	/tmp/projects/libgdx/gdx/src/com/badlogic/gdx/scenes/scene2d/ui/Cell.java	spaceLeft
METHOD	com.badlogic.gdx.scenes.scene2d.ui.Cell	space(com.badlogic.gdx.scenes.scene2d.ui.Value,com.badlogic.gdx.scenes.scene2d.ui.Value,com.badlogic.gdx.scenes.scene2d.ui.Value,com.badlogic.gdx.scenes.scene2d.ui.Value)	null	null	/tmp/projects/libgdx/gdx/src/com/badlogic/gdx/scenes/scene2d/ui/Cell.java	spaceBottom
METHOD	com.badlogic.gdx.scenes.scene2d.ui.Cell	space(com.badlogic.gdx.scenes.scene2d.ui.Value,com.badlogic.gdx.scenes.scene2d.ui.Value,com.badlogic.gdx.scenes.scene2d.ui.Value,com.badlogic.gdx.scenes.scene2d.ui.Value)	null	null	/tmp/projects/libgdx/gdx/src/com/badlogic/gdx/scenes/scene2d/ui/Cell.java	spaceRight
METHOD	com.badlogic.gdx.scenes.scene2d.ui.Cell	spaceTop(com.badlogic.gdx.scenes.scene2d.ui.Value)	null	null	/tmp/projects/libgdx/gdx/src/com/badlogic/gdx/scenes/scene2d/ui/Cell.java	spaceTop
METHOD	com.badlogic.gdx.scenes.scene2d.ui.Cell	spaceLeft(com.badlogic.gdx.scenes.scene2d.ui.Value)	null	null	/tmp/projects/libgdx/gdx/src/com/badlogic/gdx/scenes/scene2d/ui/Cell.java	spaceLeft
METHOD	com.badlogic.gdx.scenes.scene2d.ui.Cell	spaceBottom(com.badlogic.gdx.scenes.scene2d.ui.Value)	null	null	/tmp/projects/libgdx/gdx/src/com/badlogic/gdx/scenes/scene2d/ui/Cell.java	spaceBottom
METHOD	com.badlogic.gdx.scenes.scene2d.ui.Cell	spaceRight(com.badlogic.gdx.scenes.scene2d.ui.Value)	null	null	/tmp/projects/libgdx/gdx/src/com/badlogic/gdx/scenes/scene2d/ui/Cell.java	spaceRight
METHOD	com.badlogic.gdx.scenes.scene2d.ui.Cell	spaceTop(float)	null	null	/tmp/projects/libgdx/gdx/src/com/badlogic/gdx/scenes/scene2d/ui/Cell.java	spaceTop
METHOD	com.badlogic.gdx.scenes.scene2d.ui.Cell	spaceLeft(float)	null	null	/tmp/projects/libgdx/gdx/src/com/badlogic/gdx/scenes/scene2d/ui/Cell.java	spaceLeft
METHOD	com.badlogic.gdx.scenes.scene2d.ui.Cell	spaceBottom(float)	null	null	/tmp/projects/libgdx/gdx/src/com/badlogic/gdx/scenes/scene2d/ui/Cell.java	spaceBottom
METHOD	com.badlogic.gdx.scenes.scene2d.ui.Cell	spaceRight(float)	null	null	/tmp/projects/libgdx/gdx/src/com/badlogic/gdx/scenes/scene2d/ui/Cell.java	spaceRight
METHOD	com.badlogic.gdx.scenes.scene2d.ui.Cell	pad(com.badlogic.gdx.scenes.scene2d.ui.Value)	null	null	/tmp/projects/libgdx/gdx/src/com/badlogic/gdx/scenes/scene2d/ui/Cell.java	padTop
METHOD	com.badlogic.gdx.scenes.scene2d.ui.Cell	pad(com.badlogic.gdx.scenes.scene2d.ui.Value)	null	null	/tmp/projects/libgdx/gdx/src/com/badlogic/gdx/scenes/scene2d/ui/Cell.java	padLeft
METHOD	com.badlogic.gdx.scenes.scene2d.ui.Cell	pad(com.badlogic.gdx.scenes.scene2d.ui.Value)	null	null	/tmp/projects/libgdx/gdx/src/com/badlogic/gdx/scenes/scene2d/ui/Cell.java	padBottom
METHOD	com.badlogic.gdx.scenes.scene2d.ui.Cell	pad(com.badlogic.gdx.scenes.scene2d.ui.Value)	null	null	/tmp/projects/libgdx/gdx/src/com/badlogic/gdx/scenes/scene2d/ui/Cell.java	padRight
METHOD	com.badlogic.gdx.scenes.scene2d.ui.Cell	pad(com.badlogic.gdx.scenes.scene2d.ui.Value,com.badlogic.gdx.scenes.scene2d.ui.Value,com.badlogic.gdx.scenes.scene2d.ui.Value,com.badlogic.gdx.scenes.scene2d.ui.Value)	null	null	/tmp/projects/libgdx/gdx/src/com/badlogic/gdx/scenes/scene2d/ui/Cell.java	padTop
METHOD	com.badlogic.gdx.scenes.scene2d.ui.Cell	pad(com.badlogic.gdx.scenes.scene2d.ui.Value,com.badlogic.gdx.scenes.scene2d.ui.Value,com.badlogic.gdx.scenes.scene2d.ui.Value,com.badlogic.gdx.scenes.scene2d.ui.Value)	null	null	/tmp/projects/libgdx/gdx/src/com/badlogic/gdx/scenes/scene2d/ui/Cell.java	padLeft
METHOD	com.badlogic.gdx.scenes.scene2d.ui.Cell	pad(com.badlogic.gdx.scenes.scene2d.ui.Value,com.badlogic.gdx.scenes.scene2d.ui.Value,com.badlogic.gdx.scenes.scene2d.ui.Value,com.badlogic.gdx.scenes.scene2d.ui.Value)	null	null	/tmp/projects/libgdx/gdx/src/com/badlogic/gdx/scenes/scene2d/ui/Cell.java	padBottom
METHOD	com.badlogic.gdx.scenes.scene2d.ui.Cell	pad(com.badlogic.gdx.scenes.scene2d.ui.Value,com.badlogic.gdx.scenes.scene2d.ui.Value,com.badlogic.gdx.scenes.scene2d.ui.Value,com.badlogic.gdx.scenes.scene2d.ui.Value)	null	null	/tmp/projects/libgdx/gdx/src/com/badlogic/gdx/scenes/scene2d/ui/Cell.java	padRight
METHOD	com.badlogic.gdx.scenes.scene2d.ui.Cell	padTop(com.badlogic.gdx.scenes.scene2d.ui.Value)	null	null	/tmp/projects/libgdx/gdx/src/com/badlogic/gdx/scenes/scene2d/ui/Cell.java	padTop
METHOD	com.badlogic.gdx.scenes.scene2d.ui.Cell	padLeft(com.badlogic.gdx.scenes.scene2d.ui.Value)	null	null	/tmp/projects/libgdx/gdx/src/com/badlogic/gdx/scenes/scene2d/ui/Cell.java	padLeft
METHOD	com.badlogic.gdx.scenes.scene2d.ui.Cell	padBottom(com.badlogic.gdx.scenes.scene2d.ui.Value)	null	null	/tmp/projects/libgdx/gdx/src/com/badlogic/gdx/scenes/scene2d/ui/Cell.java	padBottom
METHOD	com.badlogic.gdx.scenes.scene2d.ui.Cell	padRight(com.badlogic.gdx.scenes.scene2d.ui.Value)	null	null	/tmp/projects/libgdx/gdx/src/com/badlogic/gdx/scenes/scene2d/ui/Cell.java	padRight
METHOD	com.badlogic.gdx.scenes.scene2d.ui.Cell	padTop(float)	null	null	/tmp/projects/libgdx/gdx/src/com/badlogic/gdx/scenes/scene2d/ui/Cell.java	padTop
METHOD	com.badlogic.gdx.scenes.scene2d.ui.Cell	padLeft(float)	null	null	/tmp/projects/libgdx/gdx/src/com/badlogic/gdx/scenes/scene2d/ui/Cell.java	padLeft
METHOD	com.badlogic.gdx.scenes.scene2d.ui.Cell	padBottom(float)	null	null	/tmp/projects/libgdx/gdx/src/com/badlogic/gdx/scenes/scene2d/ui/Cell.java	padBottom
METHOD	com.badlogic.gdx.scenes.scene2d.ui.Cell	padRight(float)	null	null	/tmp/projects/libgdx/gdx/src/com/badlogic/gdx/scenes/scene2d/ui/Cell.java	padRight
METHOD	com.badlogic.gdx.scenes.scene2d.ui.Cell	fill()	null	null	/tmp/projects/libgdx/gdx/src/com/badlogic/gdx/scenes/scene2d/ui/Cell.java	fillX
METHOD	com.badlogic.gdx.scenes.scene2d.ui.Cell	fill()	null	null	/tmp/projects/libgdx/gdx/src/com/badlogic/gdx/scenes/scene2d/ui/Cell.java	fillY
METHOD	com.badlogic.gdx.scenes.scene2d.ui.Cell	fillX()	null	null	/tmp/projects/libgdx/gdx/src/com/badlogic/gdx/scenes/scene2d/ui/Cell.java	fillX
METHOD	com.badlogic.gdx.scenes.scene2d.ui.Cell	fillY()	null	null	/tmp/projects/libgdx/gdx/src/com/badlogic/gdx/scenes/scene2d/ui/Cell.java	fillY
METHOD	com.badlogic.gdx.scenes.scene2d.ui.Cell	fill(float,float)	null	null	/tmp/projects/libgdx/gdx/src/com/badlogic/gdx/scenes/scene2d/ui/Cell.java	fillX
METHOD	com.badlogic.gdx.scenes.scene2d.ui.Cell	fill(float,float)	null	null	/tmp/projects/libgdx/gdx/src/com/badlogic/gdx/scenes/scene2d/ui/Cell.java	fillY
METHOD	com.badlogic.gdx.scenes.scene2d.ui.Cell	fill(boolean,boolean)	null	null	/tmp/projects/libgdx/gdx/src/com/badlogic/gdx/scenes/scene2d/ui/Cell.java	fillX
METHOD	com.badlogic.gdx.scenes.scene2d.ui.Cell	fill(boolean,boolean)	null	null	/tmp/projects/libgdx/gdx/src/com/badlogic/gdx/scenes/scene2d/ui/Cell.java	fillY
METHOD	com.badlogic.gdx.scenes.scene2d.ui.Cell	fill(boolean)	null	null	/tmp/projects/libgdx/gdx/src/com/badlogic/gdx/scenes/scene2d/ui/Cell.java	fillX
METHOD	com.badlogic.gdx.scenes.scene2d.ui.Cell	fill(boolean)	null	null	/tmp/projects/libgdx/gdx/src/com/badlogic/gdx/scenes/scene2d/ui/Cell.java	fillY
METHOD	com.badlogic.gdx.scenes.scene2d.ui.Cell	align(int)	null	null	/tmp/projects/libgdx/gdx/src/com/badlogic/gdx/scenes/scene2d/ui/Cell.java	align
METHOD	com.badlogic.gdx.scenes.scene2d.ui.Cell	center()	null	null	/tmp/projects/libgdx/gdx/src/com/badlogic/gdx/scenes/scene2d/ui/Cell.java	align
METHOD	com.badlogic.gdx.scenes.scene2d.ui.Cell	top()	null	null	/tmp/projects/libgdx/gdx/src/com/badlogic/gdx/scenes/scene2d/ui/Cell.java	align
METHOD	com.badlogic.gdx.scenes.scene2d.ui.Cell	top()	null	null	/tmp/projects/libgdx/gdx/src/com/badlogic/gdx/scenes/scene2d/ui/Cell.java	align
METHOD	com.badlogic.gdx.scenes.scene2d.ui.Cell	left()	null	null	/tmp/projects/libgdx/gdx/src/com/badlogic/gdx/scenes/scene2d/ui/Cell.java	align
METHOD	com.badlogic.gdx.scenes.scene2d.ui.Cell	left()	null	null	/tmp/projects/libgdx/gdx/src/com/badlogic/gdx/scenes/scene2d/ui/Cell.java	align
METHOD	com.badlogic.gdx.scenes.scene2d.ui.Cell	bottom()	null	null	/tmp/projects/libgdx/gdx/src/com/badlogic/gdx/scenes/scene2d/ui/Cell.java	align
METHOD	com.badlogic.gdx.scenes.scene2d.ui.Cell	bottom()	null	null	/tmp/projects/libgdx/gdx/src/com/badlogic/gdx/scenes/scene2d/ui/Cell.java	align
METHOD	com.badlogic.gdx.scenes.scene2d.ui.Cell	right()	null	null	/tmp/projects/libgdx/gdx/src/com/badlogic/gdx/scenes/scene2d/ui/Cell.java	align
METHOD	com.badlogic.gdx.scenes.scene2d.ui.Cell	right()	null	null	/tmp/projects/libgdx/gdx/src/com/badlogic/gdx/scenes/scene2d/ui/Cell.java	align
METHOD	com.badlogic.gdx.scenes.scene2d.ui.Cell	grow()	null	null	/tmp/projects/libgdx/gdx/src/com/badlogic/gdx/scenes/scene2d/ui/Cell.java	expandX
METHOD	com.badlogic.gdx.scenes.scene2d.ui.Cell	grow()	null	null	/tmp/projects/libgdx/gdx/src/com/badlogic/gdx/scenes/scene2d/ui/Cell.java	expandY
METHOD	com.badlogic.gdx.scenes.scene2d.ui.Cell	grow()	null	null	/tmp/projects/libgdx/gdx/src/com/badlogic/gdx/scenes/scene2d/ui/Cell.java	fillX
METHOD	com.badlogic.gdx.scenes.scene2d.ui.Cell	grow()	null	null	/tmp/projects/libgdx/gdx/src/com/badlogic/gdx/scenes/scene2d/ui/Cell.java	fillY
METHOD	com.badlogic.gdx.scenes.scene2d.ui.Cell	growX()	null	null	/tmp/projects/libgdx/gdx/src/com/badlogic/gdx/scenes/scene2d/ui/Cell.java	expandX
METHOD	com.badlogic.gdx.scenes.scene2d.ui.Cell	growX()	null	null	/tmp/projects/libgdx/gdx/src/com/badlogic/gdx/scenes/scene2d/ui/Cell.java	fillX
METHOD	com.badlogic.gdx.scenes.scene2d.ui.Cell	growY()	null	null	/tmp/projects/libgdx/gdx/src/com/badlogic/gdx/scenes/scene2d/ui/Cell.java	expandY
METHOD	com.badlogic.gdx.scenes.scene2d.ui.Cell	growY()	null	null	/tmp/projects/libgdx/gdx/src/com/badlogic/gdx/scenes/scene2d/ui/Cell.java	fillY
METHOD	com.badlogic.gdx.scenes.scene2d.ui.Cell	expand()	null	null	/tmp/projects/libgdx/gdx/src/com/badlogic/gdx/scenes/scene2d/ui/Cell.java	expandX
METHOD	com.badlogic.gdx.scenes.scene2d.ui.Cell	expand()	null	null	/tmp/projects/libgdx/gdx/src/com/badlogic/gdx/scenes/scene2d/ui/Cell.java	expandY
METHOD	com.badlogic.gdx.scenes.scene2d.ui.Cell	expandX()	null	null	/tmp/projects/libgdx/gdx/src/com/badlogic/gdx/scenes/scene2d/ui/Cell.java	expandX
METHOD	com.badlogic.gdx.scenes.scene2d.ui.Cell	expandY()	null	null	/tmp/projects/libgdx/gdx/src/com/badlogic/gdx/scenes/scene2d/ui/Cell.java	expandY
METHOD	com.badlogic.gdx.scenes.scene2d.ui.Cell	expand(int,int)	null	null	/tmp/projects/libgdx/gdx/src/com/badlogic/gdx/scenes/scene2d/ui/Cell.java	expandX
METHOD	com.badlogic.gdx.scenes.scene2d.ui.Cell	expand(int,int)	null	null	/tmp/projects/libgdx/gdx/src/com/badlogic/gdx/scenes/scene2d/ui/Cell.java	expandY
METHOD	com.badlogic.gdx.scenes.scene2d.ui.Cell	expand(boolean,boolean)	null	null	/tmp/projects/libgdx/gdx/src/com/badlogic/gdx/scenes/scene2d/ui/Cell.java	expandX
METHOD	com.badlogic.gdx.scenes.scene2d.ui.Cell	expand(boolean,boolean)	null	null	/tmp/projects/libgdx/gdx/src/com/badlogic/gdx/scenes/scene2d/ui/Cell.java	expandY
METHOD	com.badlogic.gdx.scenes.scene2d.ui.Cell	colspan(int)	null	null	/tmp/projects/libgdx/gdx/src/com/badlogic/gdx/scenes/scene2d/ui/Cell.java	colspan
METHOD	com.badlogic.gdx.scenes.scene2d.ui.Cell	uniform()	null	null	/tmp/projects/libgdx/gdx/src/com/badlogic/gdx/scenes/scene2d/ui/Cell.java	uniformX
METHOD	com.badlogic.gdx.scenes.scene2d.ui.Cell	uniform()	null	null	/tmp/projects/libgdx/gdx/src/com/badlogic/gdx/scenes/scene2d/ui/Cell.java	uniformY
METHOD	com.badlogic.gdx.scenes.scene2d.ui.Cell	uniformX()	null	null	/tmp/projects/libgdx/gdx/src/com/badlogic/gdx/scenes/scene2d/ui/Cell.java	uniformX
METHOD	com.badlogic.gdx.scenes.scene2d.ui.Cell	uniformY()	null	null	/tmp/projects/libgdx/gdx/src/com/badlogic/gdx/scenes/scene2d/ui/Cell.java	uniformY
METHOD	com.badlogic.gdx.scenes.scene2d.ui.Cell	uniform(boolean)	null	null	/tmp/projects/libgdx/gdx/src/com/badlogic/gdx/scenes/scene2d/ui/Cell.java	uniformX
METHOD	com.badlogic.gdx.scenes.scene2d.ui.Cell	uniform(boolean)	null	null	/tmp/projects/libgdx/gdx/src/com/badlogic/gdx/scenes/scene2d/ui/Cell.java	uniformY
METHOD	com.badlogic.gdx.scenes.scene2d.ui.Cell	uniform(boolean,boolean)	null	null	/tmp/projects/libgdx/gdx/src/com/badlogic/gdx/scenes/scene2d/ui/Cell.java	uniformX
METHOD	com.badlogic.gdx.scenes.scene2d.ui.Cell	uniform(boolean,boolean)	null	null	/tmp/projects/libgdx/gdx/src/com/badlogic/gdx/scenes/scene2d/ui/Cell.java	uniformY
METHOD	com.badlogic.gdx.scenes.scene2d.ui.Cell	set(com.badlogic.gdx.scenes.scene2d.ui.Cell)	null	null	/tmp/projects/libgdx/gdx/src/com/badlogic/gdx/scenes/scene2d/ui/Cell.java	minWidth
METHOD	com.badlogic.gdx.scenes.scene2d.ui.Cell	set(com.badlogic.gdx.scenes.scene2d.ui.Cell)	null	null	/tmp/projects/libgdx/gdx/src/com/badlogic/gdx/scenes/scene2d/ui/Cell.java	minHeight
METHOD	com.badlogic.gdx.scenes.scene2d.ui.Cell	set(com.badlogic.gdx.scenes.scene2d.ui.Cell)	null	null	/tmp/projects/libgdx/gdx/src/com/badlogic/gdx/scenes/scene2d/ui/Cell.java	prefWidth
METHOD	com.badlogic.gdx.scenes.scene2d.ui.Cell	set(com.badlogic.gdx.scenes.scene2d.ui.Cell)	null	null	/tmp/projects/libgdx/gdx/src/com/badlogic/gdx/scenes/scene2d/ui/Cell.java	prefHeight
METHOD	com.badlogic.gdx.scenes.scene2d.ui.Cell	set(com.badlogic.gdx.scenes.scene2d.ui.Cell)	null	null	/tmp/projects/libgdx/gdx/src/com/badlogic/gdx/scenes/scene2d/ui/Cell.java	maxWidth
METHOD	com.badlogic.gdx.scenes.scene2d.ui.Cell	set(com.badlogic.gdx.scenes.scene2d.ui.Cell)	null	null	/tmp/projects/libgdx/gdx/src/com/badlogic/gdx/scenes/scene2d/ui/Cell.java	maxHeight
METHOD	com.badlogic.gdx.scenes.scene2d.ui.Cell	set(com.badlogic.gdx.scenes.scene2d.ui.Cell)	null	null	/tmp/projects/libgdx/gdx/src/com/badlogic/gdx/scenes/scene2d/ui/Cell.java	spaceTop
METHOD	com.badlogic.gdx.scenes.scene2d.ui.Cell	set(com.badlogic.gdx.scenes.scene2d.ui.Cell)	null	null	/tmp/projects/libgdx/gdx/src/com/badlogic/gdx/scenes/scene2d/ui/Cell.java	spaceLeft
METHOD	com.badlogic.gdx.scenes.scene2d.ui.Cell	set(com.badlogic.gdx.scenes.scene2d.ui.Cell)	null	null	/tmp/projects/libgdx/gdx/src/com/badlogic/gdx/scenes/scene2d/ui/Cell.java	spaceBottom
METHOD	com.badlogic.gdx.scenes.scene2d.ui.Cell	set(com.badlogic.gdx.scenes.scene2d.ui.Cell)	null	null	/tmp/projects/libgdx/gdx/src/com/badlogic/gdx/scenes/scene2d/ui/Cell.java	spaceRight
METHOD	com.badlogic.gdx.scenes.scene2d.ui.Cell	set(com.badlogic.gdx.scenes.scene2d.ui.Cell)	null	null	/tmp/projects/libgdx/gdx/src/com/badlogic/gdx/scenes/scene2d/ui/Cell.java	padTop
METHOD	com.badlogic.gdx.scenes.scene2d.ui.Cell	set(com.badlogic.gdx.scenes.scene2d.ui.Cell)	null	null	/tmp/projects/libgdx/gdx/src/com/badlogic/gdx/scenes/scene2d/ui/Cell.java	padLeft
METHOD	com.badlogic.gdx.scenes.scene2d.ui.Cell	set(com.badlogic.gdx.scenes.scene2d.ui.Cell)	null	null	/tmp/projects/libgdx/gdx/src/com/badlogic/gdx/scenes/scene2d/ui/Cell.java	padBottom
METHOD	com.badlogic.gdx.scenes.scene2d.ui.Cell	set(com.badlogic.gdx.scenes.scene2d.ui.Cell)	null	null	/tmp/projects/libgdx/gdx/src/com/badlogic/gdx/scenes/scene2d/ui/Cell.java	padRight
METHOD	com.badlogic.gdx.scenes.scene2d.ui.Cell	set(com.badlogic.gdx.scenes.scene2d.ui.Cell)	null	null	/tmp/projects/libgdx/gdx/src/com/badlogic/gdx/scenes/scene2d/ui/Cell.java	fillX
METHOD	com.badlogic.gdx.scenes.scene2d.ui.Cell	set(com.badlogic.gdx.scenes.scene2d.ui.Cell)	null	null	/tmp/projects/libgdx/gdx/src/com/badlogic/gdx/scenes/scene2d/ui/Cell.java	fillY
METHOD	com.badlogic.gdx.scenes.scene2d.ui.Cell	set(com.badlogic.gdx.scenes.scene2d.ui.Cell)	null	null	/tmp/projects/libgdx/gdx/src/com/badlogic/gdx/scenes/scene2d/ui/Cell.java	align
METHOD	com.badlogic.gdx.scenes.scene2d.ui.Cell	set(com.badlogic.gdx.scenes.scene2d.ui.Cell)	null	null	/tmp/projects/libgdx/gdx/src/com/badlogic/gdx/scenes/scene2d/ui/Cell.java	expandX
METHOD	com.badlogic.gdx.scenes.scene2d.ui.Cell	set(com.badlogic.gdx.scenes.scene2d.ui.Cell)	null	null	/tmp/projects/libgdx/gdx/src/com/badlogic/gdx/scenes/scene2d/ui/Cell.java	expandY
METHOD	com.badlogic.gdx.scenes.scene2d.ui.Cell	set(com.badlogic.gdx.scenes.scene2d.ui.Cell)	null	null	/tmp/projects/libgdx/gdx/src/com/badlogic/gdx/scenes/scene2d/ui/Cell.java	colspan
METHOD	com.badlogic.gdx.scenes.scene2d.ui.Cell	set(com.badlogic.gdx.scenes.scene2d.ui.Cell)	null	null	/tmp/projects/libgdx/gdx/src/com/badlogic/gdx/scenes/scene2d/ui/Cell.java	uniformX
METHOD	com.badlogic.gdx.scenes.scene2d.ui.Cell	set(com.badlogic.gdx.scenes.scene2d.ui.Cell)	null	null	/tmp/projects/libgdx/gdx/src/com/badlogic/gdx/scenes/scene2d/ui/Cell.java	uniformY
METHOD	com.badlogic.gdx.Game	setScreen(com.badlogic.gdx.Screen)	null	null	/tmp/projects/libgdx/gdx/src/com/badlogic/gdx/Game.java	screen
METHOD	com.badlogic.gdx.input.RemoteInput	setInputProcessor(com.badlogic.gdx.InputProcessor)	null	null	/tmp/projects/libgdx/gdx/src/com/badlogic/gdx/input/RemoteInput.java	processor
METHOD	com.badlogic.gdx.scenes.scene2d.utils.SpriteDrawable	setSprite(com.badlogic.gdx.graphics.g2d.Sprite)	null	null	/tmp/projects/libgdx/gdx/src/com/badlogic/gdx/scenes/scene2d/utils/SpriteDrawable.java	sprite
METHOD	com.badlogic.gdx.scenes.scene2d.utils.DragListener	touchDown(com.badlogic.gdx.scenes.scene2d.InputEvent,float,float,int,int)	null	null	/tmp/projects/libgdx/gdx/src/com/badlogic/gdx/scenes/scene2d/utils/DragListener.java	pressedPointer
METHOD	com.badlogic.gdx.scenes.scene2d.ui.ScrollPane	setStyle(com.badlogic.gdx.scenes.scene2d.ui.ScrollPane.ScrollPaneStyle)	null	null	/tmp/projects/libgdx/gdx/src/com/badlogic/gdx/scenes/scene2d/ui/ScrollPane.java	style
METHOD	com.badlogic.gdx.scenes.scene2d.ui.ScrollPane	setActor(com.badlogic.gdx.scenes.scene2d.Actor)	null	null	/tmp/projects/libgdx/gdx/src/com/badlogic/gdx/scenes/scene2d/ui/ScrollPane.java	actor
METHOD	com.badlogic.gdx.scenes.scene2d.ui.ScrollPane	setFlickScroll(boolean)	null	null	/tmp/projects/libgdx/gdx/src/com/badlogic/gdx/scenes/scene2d/ui/ScrollPane.java	flickScroll
METHOD	com.badlogic.gdx.scenes.scene2d.ui.ScrollPane	setScrollingDisabled(boolean,boolean)	null	null	/tmp/projects/libgdx/gdx/src/com/badlogic/gdx/scenes/scene2d/ui/ScrollPane.java	disableX
METHOD	com.badlogic.gdx.scenes.scene2d.ui.ScrollPane	setFadeScrollBars(boolean)	null	null	/tmp/projects/libgdx/gdx/src/com/badlogic/gdx/scenes/scene2d/ui/ScrollPane.java	fadeScrollBars
METHOD	com.badlogic.gdx.scenes.scene2d.utils.DragAndDrop$Payload	setDragActor(com.badlogic.gdx.scenes.scene2d.Actor)	null	null	/tmp/projects/libgdx/gdx/src/com/badlogic/gdx/scenes/scene2d/utils/DragAndDrop.java	dragActor
METHOD	com.badlogic.gdx.scenes.scene2d.utils.DragAndDrop$Payload	setValidDragActor(com.badlogic.gdx.scenes.scene2d.Actor)	null	null	/tmp/projects/libgdx/gdx/src/com/badlogic/gdx/scenes/scene2d/utils/DragAndDrop.java	validDragActor
METHOD	com.badlogic.gdx.scenes.scene2d.utils.DragAndDrop$Payload	setInvalidDragActor(com.badlogic.gdx.scenes.scene2d.Actor)	null	null	/tmp/projects/libgdx/gdx/src/com/badlogic/gdx/scenes/scene2d/utils/DragAndDrop.java	invalidDragActor
METHOD	com.badlogic.gdx.scenes.scene2d.utils.DragAndDrop$Payload	setObject(java.lang.Object)	null	null	/tmp/projects/libgdx/gdx/src/com/badlogic/gdx/scenes/scene2d/utils/DragAndDrop.java	object
METHOD	com.badlogic.gdx.scenes.scene2d.utils.Selection	setActor(com.badlogic.gdx.scenes.scene2d.Actor)	null	null	/tmp/projects/libgdx/gdx/src/com/badlogic/gdx/scenes/scene2d/utils/Selection.java	actor
METHOD	com.badlogic.gdx.scenes.scene2d.utils.ClickListener	touchUp(com.badlogic.gdx.scenes.scene2d.InputEvent,float,float,int,int)	null	null	/tmp/projects/libgdx/gdx/src/com/badlogic/gdx/scenes/scene2d/utils/ClickListener.java	pressedPointer
METHOD	com.badlogic.gdx.scenes.scene2d.utils.NinePatchDrawable	setPatch(com.badlogic.gdx.graphics.g2d.NinePatch)	null	null	/tmp/projects/libgdx/gdx/src/com/badlogic/gdx/scenes/scene2d/utils/NinePatchDrawable.java	patch
METHOD	com.badlogic.gdx.scenes.scene2d.actions.AddListenerAction	setListener(com.badlogic.gdx.scenes.scene2d.EventListener)	null	null	/tmp/projects/libgdx/gdx/src/com/badlogic/gdx/scenes/scene2d/actions/AddListenerAction.java	listener
METHOD	com.badlogic.gdx.scenes.scene2d.actions.TemporalAction	setInterpolation(com.badlogic.gdx.math.Interpolation)	null	null	/tmp/projects/libgdx/gdx/src/com/badlogic/gdx/scenes/scene2d/actions/TemporalAction.java	interpolation
METHOD	com.badlogic.gdx.scenes.scene2d.actions.DelegateAction	setAction(com.badlogic.gdx.scenes.scene2d.Action)	null	null	/tmp/projects/libgdx/gdx/src/com/badlogic/gdx/scenes/scene2d/actions/DelegateAction.java	action
METHOD	com.badlogic.gdx.scenes.scene2d.actions.TouchableAction	setTouchable(com.badlogic.gdx.scenes.scene2d.Touchable)	null	null	/tmp/projects/libgdx/gdx/src/com/badlogic/gdx/scenes/scene2d/actions/TouchableAction.java	touchable
METHOD	com.badlogic.gdx.scenes.scene2d.actions.AddAction	setAction(com.badlogic.gdx.scenes.scene2d.Action)	null	null	/tmp/projects/libgdx/gdx/src/com/badlogic/gdx/scenes/scene2d/actions/AddAction.java	action
METHOD	com.badlogic.gdx.scenes.scene2d.actions.RemoveAction	setAction(com.badlogic.gdx.scenes.scene2d.Action)	null	null	/tmp/projects/libgdx/gdx/src/com/badlogic/gdx/scenes/scene2d/actions/RemoveAction.java	action
METHOD	com.badlogic.gdx.scenes.scene2d.actions.ColorAction	begin()	null	null	/tmp/projects/libgdx/gdx/src/com/badlogic/gdx/scenes/scene2d/actions/ColorAction.java	color
METHOD	com.badlogic.gdx.scenes.scene2d.actions.ColorAction	setColor(com.badlogic.gdx.graphics.Color)	null	null	/tmp/projects/libgdx/gdx/src/com/badlogic/gdx/scenes/scene2d/actions/ColorAction.java	color
METHOD	com.badlogic.gdx.scenes.scene2d.actions.AlphaAction	begin()	null	null	/tmp/projects/libgdx/gdx/src/com/badlogic/gdx/scenes/scene2d/actions/AlphaAction.java	color
METHOD	com.badlogic.gdx.scenes.scene2d.actions.AlphaAction	setColor(com.badlogic.gdx.graphics.Color)	null	null	/tmp/projects/libgdx/gdx/src/com/badlogic/gdx/scenes/scene2d/actions/AlphaAction.java	color
METHOD	com.badlogic.gdx.scenes.scene2d.actions.RunnableAction	setRunnable(java.lang.Runnable)	null	null	/tmp/projects/libgdx/gdx/src/com/badlogic/gdx/scenes/scene2d/actions/RunnableAction.java	runnable
METHOD	com.badlogic.gdx.scenes.scene2d.actions.RemoveListenerAction	setListener(com.badlogic.gdx.scenes.scene2d.EventListener)	null	null	/tmp/projects/libgdx/gdx/src/com/badlogic/gdx/scenes/scene2d/actions/RemoveListenerAction.java	listener
METHOD	com.badlogic.gdx.scenes.scene2d.ui.Slider	setSnapToValues(float[],float)	null	null	/tmp/projects/libgdx/gdx/src/com/badlogic/gdx/scenes/scene2d/ui/Slider.java	snapValues
METHOD	com.badlogic.gdx.scenes.scene2d.ui.Slider	setVisualInterpolationInverse(com.badlogic.gdx.math.Interpolation)	null	null	/tmp/projects/libgdx/gdx/src/com/badlogic/gdx/scenes/scene2d/ui/Slider.java	visualInterpolationInverse
METHOD	com.badlogic.gdx.scenes.scene2d.ui.ProgressBar	setStyle(com.badlogic.gdx.scenes.scene2d.ui.ProgressBar.ProgressBarStyle)	null	null	/tmp/projects/libgdx/gdx/src/com/badlogic/gdx/scenes/scene2d/ui/ProgressBar.java	style
METHOD	com.badlogic.gdx.scenes.scene2d.ui.ProgressBar	setAnimateInterpolation(com.badlogic.gdx.math.Interpolation)	null	null	/tmp/projects/libgdx/gdx/src/com/badlogic/gdx/scenes/scene2d/ui/ProgressBar.java	animateInterpolation
METHOD	com.badlogic.gdx.scenes.scene2d.ui.ProgressBar	setVisualInterpolation(com.badlogic.gdx.math.Interpolation)	null	null	/tmp/projects/libgdx/gdx/src/com/badlogic/gdx/scenes/scene2d/ui/ProgressBar.java	visualInterpolation
METHOD	com.badlogic.gdx.scenes.scene2d.ui.TooltipManager	enter(com.badlogic.gdx.scenes.scene2d.ui.Tooltip)	null	null	/tmp/projects/libgdx/gdx/src/com/badlogic/gdx/scenes/scene2d/ui/TooltipManager.java	showTooltip
METHOD	com.badlogic.gdx.scenes.scene2d.ui.Tooltip	setContainerPosition(com.badlogic.gdx.scenes.scene2d.Actor,float,float)	null	null	/tmp/projects/libgdx/gdx/src/com/badlogic/gdx/scenes/scene2d/ui/Tooltip.java	targetActor
METHOD	com.badlogic.gdx.scenes.scene2d.ui.Container	setBackground(com.badlogic.gdx.scenes.scene2d.utils.Drawable,boolean)	null	null	/tmp/projects/libgdx/gdx/src/com/badlogic/gdx/scenes/scene2d/ui/Container.java	background
METHOD	com.badlogic.gdx.scenes.scene2d.ui.Container	setActor(T)	null	null	/tmp/projects/libgdx/gdx/src/com/badlogic/gdx/scenes/scene2d/ui/Container.java	actor
METHOD	com.badlogic.gdx.scenes.scene2d.ui.Container	size(com.badlogic.gdx.scenes.scene2d.ui.Value)	null	null	/tmp/projects/libgdx/gdx/src/com/badlogic/gdx/scenes/scene2d/ui/Container.java	minWidth
METHOD	com.badlogic.gdx.scenes.scene2d.ui.Container	size(com.badlogic.gdx.scenes.scene2d.ui.Value)	null	null	/tmp/projects/libgdx/gdx/src/com/badlogic/gdx/scenes/scene2d/ui/Container.java	minHeight
METHOD	com.badlogic.gdx.scenes.scene2d.ui.Container	size(com.badlogic.gdx.scenes.scene2d.ui.Value)	null	null	/tmp/projects/libgdx/gdx/src/com/badlogic/gdx/scenes/scene2d/ui/Container.java	prefWidth
METHOD	com.badlogic.gdx.scenes.scene2d.ui.Container	size(com.badlogic.gdx.scenes.scene2d.ui.Value)	null	null	/tmp/projects/libgdx/gdx/src/com/badlogic/gdx/scenes/scene2d/ui/Container.java	prefHeight
METHOD	com.badlogic.gdx.scenes.scene2d.ui.Container	size(com.badlogic.gdx.scenes.scene2d.ui.Value)	null	null	/tmp/projects/libgdx/gdx/src/com/badlogic/gdx/scenes/scene2d/ui/Container.java	maxWidth
METHOD	com.badlogic.gdx.scenes.scene2d.ui.Container	size(com.badlogic.gdx.scenes.scene2d.ui.Value)	null	null	/tmp/projects/libgdx/gdx/src/com/badlogic/gdx/scenes/scene2d/ui/Container.java	maxHeight
METHOD	com.badlogic.gdx.scenes.scene2d.ui.Container	size(com.badlogic.gdx.scenes.scene2d.ui.Value,com.badlogic.gdx.scenes.scene2d.ui.Value)	null	null	/tmp/projects/libgdx/gdx/src/com/badlogic/gdx/scenes/scene2d/ui/Container.java	minWidth
METHOD	com.badlogic.gdx.scenes.scene2d.ui.Container	size(com.badlogic.gdx.scenes.scene2d.ui.Value,com.badlogic.gdx.scenes.scene2d.ui.Value)	null	null	/tmp/projects/libgdx/gdx/src/com/badlogic/gdx/scenes/scene2d/ui/Container.java	minHeight
METHOD	com.badlogic.gdx.scenes.scene2d.ui.Container	size(com.badlogic.gdx.scenes.scene2d.ui.Value,com.badlogic.gdx.scenes.scene2d.ui.Value)	null	null	/tmp/projects/libgdx/gdx/src/com/badlogic/gdx/scenes/scene2d/ui/Container.java	prefWidth
METHOD	com.badlogic.gdx.scenes.scene2d.ui.Container	size(com.badlogic.gdx.scenes.scene2d.ui.Value,com.badlogic.gdx.scenes.scene2d.ui.Value)	null	null	/tmp/projects/libgdx/gdx/src/com/badlogic/gdx/scenes/scene2d/ui/Container.java	prefHeight
METHOD	com.badlogic.gdx.scenes.scene2d.ui.Container	size(com.badlogic.gdx.scenes.scene2d.ui.Value,com.badlogic.gdx.scenes.scene2d.ui.Value)	null	null	/tmp/projects/libgdx/gdx/src/com/badlogic/gdx/scenes/scene2d/ui/Container.java	maxWidth
METHOD	com.badlogic.gdx.scenes.scene2d.ui.Container	size(com.badlogic.gdx.scenes.scene2d.ui.Value,com.badlogic.gdx.scenes.scene2d.ui.Value)	null	null	/tmp/projects/libgdx/gdx/src/com/badlogic/gdx/scenes/scene2d/ui/Container.java	maxHeight
METHOD	com.badlogic.gdx.scenes.scene2d.ui.Container	width(com.badlogic.gdx.scenes.scene2d.ui.Value)	null	null	/tmp/projects/libgdx/gdx/src/com/badlogic/gdx/scenes/scene2d/ui/Container.java	minWidth
METHOD	com.badlogic.gdx.scenes.scene2d.ui.Container	width(com.badlogic.gdx.scenes.scene2d.ui.Value)	null	null	/tmp/projects/libgdx/gdx/src/com/badlogic/gdx/scenes/scene2d/ui/Container.java	prefWidth
METHOD	com.badlogic.gdx.scenes.scene2d.ui.Container	width(com.badlogic.gdx.scenes.scene2d.ui.Value)	null	null	/tmp/projects/libgdx/gdx/src/com/badlogic/gdx/scenes/scene2d/ui/Container.java	maxWidth
METHOD	com.badlogic.gdx.scenes.scene2d.ui.Container	height(com.badlogic.gdx.scenes.scene2d.ui.Value)	null	null	/tmp/projects/libgdx/gdx/src/com/badlogic/gdx/scenes/scene2d/ui/Container.java	minHeight
METHOD	com.badlogic.gdx.scenes.scene2d.ui.Container	height(com.badlogic.gdx.scenes.scene2d.ui.Value)	null	null	/tmp/projects/libgdx/gdx/src/com/badlogic/gdx/scenes/scene2d/ui/Container.java	prefHeight
METHOD	com.badlogic.gdx.scenes.scene2d.ui.Container	height(com.badlogic.gdx.scenes.scene2d.ui.Value)	null	null	/tmp/projects/libgdx/gdx/src/com/badlogic/gdx/scenes/scene2d/ui/Container.java	maxHeight
METHOD	com.badlogic.gdx.scenes.scene2d.ui.Container	minSize(com.badlogic.gdx.scenes.scene2d.ui.Value)	null	null	/tmp/projects/libgdx/gdx/src/com/badlogic/gdx/scenes/scene2d/ui/Container.java	minWidth
METHOD	com.badlogic.gdx.scenes.scene2d.ui.Container	minSize(com.badlogic.gdx.scenes.scene2d.ui.Value)	null	null	/tmp/projects/libgdx/gdx/src/com/badlogic/gdx/scenes/scene2d/ui/Container.java	minHeight
METHOD	com.badlogic.gdx.scenes.scene2d.ui.Container	minSize(com.badlogic.gdx.scenes.scene2d.ui.Value,com.badlogic.gdx.scenes.scene2d.ui.Value)	null	null	/tmp/projects/libgdx/gdx/src/com/badlogic/gdx/scenes/scene2d/ui/Container.java	minWidth
METHOD	com.badlogic.gdx.scenes.scene2d.ui.Container	minSize(com.badlogic.gdx.scenes.scene2d.ui.Value,com.badlogic.gdx.scenes.scene2d.ui.Value)	null	null	/tmp/projects/libgdx/gdx/src/com/badlogic/gdx/scenes/scene2d/ui/Container.java	minHeight
METHOD	com.badlogic.gdx.scenes.scene2d.ui.Container	minWidth(com.badlogic.gdx.scenes.scene2d.ui.Value)	null	null	/tmp/projects/libgdx/gdx/src/com/badlogic/gdx/scenes/scene2d/ui/Container.java	minWidth
METHOD	com.badlogic.gdx.scenes.scene2d.ui.Container	minHeight(com.badlogic.gdx.scenes.scene2d.ui.Value)	null	null	/tmp/projects/libgdx/gdx/src/com/badlogic/gdx/scenes/scene2d/ui/Container.java	minHeight
METHOD	com.badlogic.gdx.scenes.scene2d.ui.Container	minWidth(float)	null	null	/tmp/projects/libgdx/gdx/src/com/badlogic/gdx/scenes/scene2d/ui/Container.java	minWidth
METHOD	com.badlogic.gdx.scenes.scene2d.ui.Container	minHeight(float)	null	null	/tmp/projects/libgdx/gdx/src/com/badlogic/gdx/scenes/scene2d/ui/Container.java	minHeight
METHOD	com.badlogic.gdx.scenes.scene2d.ui.Container	prefSize(com.badlogic.gdx.scenes.scene2d.ui.Value)	null	null	/tmp/projects/libgdx/gdx/src/com/badlogic/gdx/scenes/scene2d/ui/Container.java	prefWidth
METHOD	com.badlogic.gdx.scenes.scene2d.ui.Container	prefSize(com.badlogic.gdx.scenes.scene2d.ui.Value)	null	null	/tmp/projects/libgdx/gdx/src/com/badlogic/gdx/scenes/scene2d/ui/Container.java	prefHeight
METHOD	com.badlogic.gdx.scenes.scene2d.ui.Container	prefSize(com.badlogic.gdx.scenes.scene2d.ui.Value,com.badlogic.gdx.scenes.scene2d.ui.Value)	null	null	/tmp/projects/libgdx/gdx/src/com/badlogic/gdx/scenes/scene2d/ui/Container.java	prefWidth
METHOD	com.badlogic.gdx.scenes.scene2d.ui.Container	prefSize(com.badlogic.gdx.scenes.scene2d.ui.Value,com.badlogic.gdx.scenes.scene2d.ui.Value)	null	null	/tmp/projects/libgdx/gdx/src/com/badlogic/gdx/scenes/scene2d/ui/Container.java	prefHeight
METHOD	com.badlogic.gdx.scenes.scene2d.ui.Container	prefWidth(com.badlogic.gdx.scenes.scene2d.ui.Value)	null	null	/tmp/projects/libgdx/gdx/src/com/badlogic/gdx/scenes/scene2d/ui/Container.java	prefWidth
METHOD	com.badlogic.gdx.scenes.scene2d.ui.Container	prefHeight(com.badlogic.gdx.scenes.scene2d.ui.Value)	null	null	/tmp/projects/libgdx/gdx/src/com/badlogic/gdx/scenes/scene2d/ui/Container.java	prefHeight
METHOD	com.badlogic.gdx.scenes.scene2d.ui.Container	prefWidth(float)	null	null	/tmp/projects/libgdx/gdx/src/com/badlogic/gdx/scenes/scene2d/ui/Container.java	prefWidth
METHOD	com.badlogic.gdx.scenes.scene2d.ui.Container	prefHeight(float)	null	null	/tmp/projects/libgdx/gdx/src/com/badlogic/gdx/scenes/scene2d/ui/Container.java	prefHeight
METHOD	com.badlogic.gdx.scenes.scene2d.ui.Container	maxSize(com.badlogic.gdx.scenes.scene2d.ui.Value)	null	null	/tmp/projects/libgdx/gdx/src/com/badlogic/gdx/scenes/scene2d/ui/Container.java	maxWidth
METHOD	com.badlogic.gdx.scenes.scene2d.ui.Container	maxSize(com.badlogic.gdx.scenes.scene2d.ui.Value)	null	null	/tmp/projects/libgdx/gdx/src/com/badlogic/gdx/scenes/scene2d/ui/Container.java	maxHeight
METHOD	com.badlogic.gdx.scenes.scene2d.ui.Container	maxSize(com.badlogic.gdx.scenes.scene2d.ui.Value,com.badlogic.gdx.scenes.scene2d.ui.Value)	null	null	/tmp/projects/libgdx/gdx/src/com/badlogic/gdx/scenes/scene2d/ui/Container.java	maxWidth
METHOD	com.badlogic.gdx.scenes.scene2d.ui.Container	maxSize(com.badlogic.gdx.scenes.scene2d.ui.Value,com.badlogic.gdx.scenes.scene2d.ui.Value)	null	null	/tmp/projects/libgdx/gdx/src/com/badlogic/gdx/scenes/scene2d/ui/Container.java	maxHeight
METHOD	com.badlogic.gdx.scenes.scene2d.ui.Container	maxWidth(com.badlogic.gdx.scenes.scene2d.ui.Value)	null	null	/tmp/projects/libgdx/gdx/src/com/badlogic/gdx/scenes/scene2d/ui/Container.java	maxWidth
METHOD	com.badlogic.gdx.scenes.scene2d.ui.Container	maxHeight(com.badlogic.gdx.scenes.scene2d.ui.Value)	null	null	/tmp/projects/libgdx/gdx/src/com/badlogic/gdx/scenes/scene2d/ui/Container.java	maxHeight
METHOD	com.badlogic.gdx.scenes.scene2d.ui.Container	maxWidth(float)	null	null	/tmp/projects/libgdx/gdx/src/com/badlogic/gdx/scenes/scene2d/ui/Container.java	maxWidth
METHOD	com.badlogic.gdx.scenes.scene2d.ui.Container	maxHeight(float)	null	null	/tmp/projects/libgdx/gdx/src/com/badlogic/gdx/scenes/scene2d/ui/Container.java	maxHeight
METHOD	com.badlogic.gdx.scenes.scene2d.ui.Container	pad(com.badlogic.gdx.scenes.scene2d.ui.Value)	null	null	/tmp/projects/libgdx/gdx/src/com/badlogic/gdx/scenes/scene2d/ui/Container.java	padTop
METHOD	com.badlogic.gdx.scenes.scene2d.ui.Container	pad(com.badlogic.gdx.scenes.scene2d.ui.Value)	null	null	/tmp/projects/libgdx/gdx/src/com/badlogic/gdx/scenes/scene2d/ui/Container.java	padLeft
METHOD	com.badlogic.gdx.scenes.scene2d.ui.Container	pad(com.badlogic.gdx.scenes.scene2d.ui.Value)	null	null	/tmp/projects/libgdx/gdx/src/com/badlogic/gdx/scenes/scene2d/ui/Container.java	padBottom
METHOD	com.badlogic.gdx.scenes.scene2d.ui.Container	pad(com.badlogic.gdx.scenes.scene2d.ui.Value)	null	null	/tmp/projects/libgdx/gdx/src/com/badlogic/gdx/scenes/scene2d/ui/Container.java	padRight
METHOD	com.badlogic.gdx.scenes.scene2d.ui.Container	pad(com.badlogic.gdx.scenes.scene2d.ui.Value,com.badlogic.gdx.scenes.scene2d.ui.Value,com.badlogic.gdx.scenes.scene2d.ui.Value,com.badlogic.gdx.scenes.scene2d.ui.Value)	null	null	/tmp/projects/libgdx/gdx/src/com/badlogic/gdx/scenes/scene2d/ui/Container.java	padTop
METHOD	com.badlogic.gdx.scenes.scene2d.ui.Container	pad(com.badlogic.gdx.scenes.scene2d.ui.Value,com.badlogic.gdx.scenes.scene2d.ui.Value,com.badlogic.gdx.scenes.scene2d.ui.Value,com.badlogic.gdx.scenes.scene2d.ui.Value)	null	null	/tmp/projects/libgdx/gdx/src/com/badlogic/gdx/scenes/scene2d/ui/Container.java	padLeft
METHOD	com.badlogic.gdx.scenes.scene2d.ui.Container	pad(com.badlogic.gdx.scenes.scene2d.ui.Value,com.badlogic.gdx.scenes.scene2d.ui.Value,com.badlogic.gdx.scenes.scene2d.ui.Value,com.badlogic.gdx.scenes.scene2d.ui.Value)	null	null	/tmp/projects/libgdx/gdx/src/com/badlogic/gdx/scenes/scene2d/ui/Container.java	padBottom
METHOD	com.badlogic.gdx.scenes.scene2d.ui.Container	pad(com.badlogic.gdx.scenes.scene2d.ui.Value,com.badlogic.gdx.scenes.scene2d.ui.Value,com.badlogic.gdx.scenes.scene2d.ui.Value,com.badlogic.gdx.scenes.scene2d.ui.Value)	null	null	/tmp/projects/libgdx/gdx/src/com/badlogic/gdx/scenes/scene2d/ui/Container.java	padRight
METHOD	com.badlogic.gdx.scenes.scene2d.ui.Container	padTop(com.badlogic.gdx.scenes.scene2d.ui.Value)	null	null	/tmp/projects/libgdx/gdx/src/com/badlogic/gdx/scenes/scene2d/ui/Container.java	padTop
METHOD	com.badlogic.gdx.scenes.scene2d.ui.Container	padLeft(com.badlogic.gdx.scenes.scene2d.ui.Value)	null	null	/tmp/projects/libgdx/gdx/src/com/badlogic/gdx/scenes/scene2d/ui/Container.java	padLeft
METHOD	com.badlogic.gdx.scenes.scene2d.ui.Container	padBottom(com.badlogic.gdx.scenes.scene2d.ui.Value)	null	null	/tmp/projects/libgdx/gdx/src/com/badlogic/gdx/scenes/scene2d/ui/Container.java	padBottom
METHOD	com.badlogic.gdx.scenes.scene2d.ui.Container	padRight(com.badlogic.gdx.scenes.scene2d.ui.Value)	null	null	/tmp/projects/libgdx/gdx/src/com/badlogic/gdx/scenes/scene2d/ui/Container.java	padRight
METHOD	com.badlogic.gdx.scenes.scene2d.ui.Container	pad(float)	null	null	/tmp/projects/libgdx/gdx/src/com/badlogic/gdx/scenes/scene2d/ui/Container.java	padTop
METHOD	com.badlogic.gdx.scenes.scene2d.ui.Container	pad(float)	null	null	/tmp/projects/libgdx/gdx/src/com/badlogic/gdx/scenes/scene2d/ui/Container.java	padLeft
METHOD	com.badlogic.gdx.scenes.scene2d.ui.Container	pad(float)	null	null	/tmp/projects/libgdx/gdx/src/com/badlogic/gdx/scenes/scene2d/ui/Container.java	padBottom
METHOD	com.badlogic.gdx.scenes.scene2d.ui.Container	pad(float)	null	null	/tmp/projects/libgdx/gdx/src/com/badlogic/gdx/scenes/scene2d/ui/Container.java	padRight
METHOD	com.badlogic.gdx.scenes.scene2d.ui.Container	pad(float,float,float,float)	null	null	/tmp/projects/libgdx/gdx/src/com/badlogic/gdx/scenes/scene2d/ui/Container.java	padTop
METHOD	com.badlogic.gdx.scenes.scene2d.ui.Container	pad(float,float,float,float)	null	null	/tmp/projects/libgdx/gdx/src/com/badlogic/gdx/scenes/scene2d/ui/Container.java	padLeft
METHOD	com.badlogic.gdx.scenes.scene2d.ui.Container	pad(float,float,float,float)	null	null	/tmp/projects/libgdx/gdx/src/com/badlogic/gdx/scenes/scene2d/ui/Container.java	padBottom
METHOD	com.badlogic.gdx.scenes.scene2d.ui.Container	pad(float,float,float,float)	null	null	/tmp/projects/libgdx/gdx/src/com/badlogic/gdx/scenes/scene2d/ui/Container.java	padRight
METHOD	com.badlogic.gdx.scenes.scene2d.ui.Container	padTop(float)	null	null	/tmp/projects/libgdx/gdx/src/com/badlogic/gdx/scenes/scene2d/ui/Container.java	padTop
METHOD	com.badlogic.gdx.scenes.scene2d.ui.Container	padLeft(float)	null	null	/tmp/projects/libgdx/gdx/src/com/badlogic/gdx/scenes/scene2d/ui/Container.java	padLeft
METHOD	com.badlogic.gdx.scenes.scene2d.ui.Container	padBottom(float)	null	null	/tmp/projects/libgdx/gdx/src/com/badlogic/gdx/scenes/scene2d/ui/Container.java	padBottom
METHOD	com.badlogic.gdx.scenes.scene2d.ui.Container	padRight(float)	null	null	/tmp/projects/libgdx/gdx/src/com/badlogic/gdx/scenes/scene2d/ui/Container.java	padRight
METHOD	com.badlogic.gdx.scenes.scene2d.ui.VerticalGroup	layoutWrapped()	null	null	/tmp/projects/libgdx/gdx/src/com/badlogic/gdx/scenes/scene2d/ui/VerticalGroup.java	lastPrefWidth
METHOD	com.badlogic.gdx.scenes.scene2d.ui.ImageButton	setStyle(com.badlogic.gdx.scenes.scene2d.ui.Button.ButtonStyle)	null	null	/tmp/projects/libgdx/gdx/src/com/badlogic/gdx/scenes/scene2d/ui/ImageButton.java	style
METHOD	com.badlogic.gdx.scenes.scene2d.ui.Button	initialize()	null	null	/tmp/projects/libgdx/gdx/src/com/badlogic/gdx/scenes/scene2d/ui/Button.java	clickListener
METHOD	com.badlogic.gdx.scenes.scene2d.ui.Button	setChecked(boolean,boolean)	null	null	/tmp/projects/libgdx/gdx/src/com/badlogic/gdx/scenes/scene2d/ui/Button.java	isChecked
METHOD	com.badlogic.gdx.scenes.scene2d.ui.Button	setChecked(boolean,boolean)	null	null	/tmp/projects/libgdx/gdx/src/com/badlogic/gdx/scenes/scene2d/ui/Button.java	isChecked
METHOD	com.badlogic.gdx.scenes.scene2d.ui.Button	setStyle(com.badlogic.gdx.scenes.scene2d.ui.Button.ButtonStyle)	null	null	/tmp/projects/libgdx/gdx/src/com/badlogic/gdx/scenes/scene2d/ui/Button.java	style
METHOD	com.badlogic.gdx.scenes.scene2d.ui.Image	setDrawable(com.badlogic.gdx.scenes.scene2d.utils.Drawable)	null	null	/tmp/projects/libgdx/gdx/src/com/badlogic/gdx/scenes/scene2d/ui/Image.java	drawable
METHOD	com.badlogic.gdx.scenes.scene2d.ui.Image	setScaling(com.badlogic.gdx.utils.Scaling)	null	null	/tmp/projects/libgdx/gdx/src/com/badlogic/gdx/scenes/scene2d/ui/Image.java	scaling
METHOD	com.badlogic.gdx.scenes.scene2d.ui.TextArea	initialize()	null	null	/tmp/projects/libgdx/gdx/src/com/badlogic/gdx/scenes/scene2d/ui/TextArea.java	linesBreak
METHOD	com.badlogic.gdx.scenes.scene2d.ui.TextField	initialize()	null	null	/tmp/projects/libgdx/gdx/src/com/badlogic/gdx/scenes/scene2d/ui/TextField.java	inputListener
METHOD	com.badlogic.gdx.scenes.scene2d.ui.TextField	setStyle(com.badlogic.gdx.scenes.scene2d.ui.TextField.TextFieldStyle)	null	null	/tmp/projects/libgdx/gdx/src/com/badlogic/gdx/scenes/scene2d/ui/TextField.java	style
METHOD	com.badlogic.gdx.scenes.scene2d.ui.TextField	draw(com.badlogic.gdx.graphics.g2d.Batch,float)	null	null	/tmp/projects/libgdx/gdx/src/com/badlogic/gdx/scenes/scene2d/ui/TextField.java	focused
METHOD	com.badlogic.gdx.scenes.scene2d.ui.TextField	updateDisplayText()	null	null	/tmp/projects/libgdx/gdx/src/com/badlogic/gdx/scenes/scene2d/ui/TextField.java	displayText
METHOD	com.badlogic.gdx.scenes.scene2d.ui.TextField	updateDisplayText()	null	null	/tmp/projects/libgdx/gdx/src/com/badlogic/gdx/scenes/scene2d/ui/TextField.java	displayText
METHOD	com.badlogic.gdx.scenes.scene2d.ui.TextField	delete(boolean)	null	null	/tmp/projects/libgdx/gdx/src/com/badlogic/gdx/scenes/scene2d/ui/TextField.java	text
METHOD	com.badlogic.gdx.scenes.scene2d.ui.TextField	setTextFieldListener(com.badlogic.gdx.scenes.scene2d.ui.TextField.TextFieldListener)	null	null	/tmp/projects/libgdx/gdx/src/com/badlogic/gdx/scenes/scene2d/ui/TextField.java	listener
METHOD	com.badlogic.gdx.scenes.scene2d.ui.TextField	setTextFieldFilter(com.badlogic.gdx.scenes.scene2d.ui.TextField.TextFieldFilter)	null	null	/tmp/projects/libgdx/gdx/src/com/badlogic/gdx/scenes/scene2d/ui/TextField.java	filter
METHOD	com.badlogic.gdx.scenes.scene2d.ui.TextField	setMessageText(java.lang.String)	null	null	/tmp/projects/libgdx/gdx/src/com/badlogic/gdx/scenes/scene2d/ui/TextField.java	messageText
METHOD	com.badlogic.gdx.scenes.scene2d.ui.TextField	setOnscreenKeyboard(com.badlogic.gdx.scenes.scene2d.ui.TextField.OnscreenKeyboard)	null	null	/tmp/projects/libgdx/gdx/src/com/badlogic/gdx/scenes/scene2d/ui/TextField.java	keyboard
METHOD	com.badlogic.gdx.scenes.scene2d.ui.TextField	setClipboard(com.badlogic.gdx.utils.Clipboard)	null	null	/tmp/projects/libgdx/gdx/src/com/badlogic/gdx/scenes/scene2d/ui/TextField.java	clipboard
METHOD	com.badlogic.gdx.scenes.scene2d.ui.TextButton	setStyle(com.badlogic.gdx.scenes.scene2d.ui.Button.ButtonStyle)	null	null	/tmp/projects/libgdx/gdx/src/com/badlogic/gdx/scenes/scene2d/ui/TextButton.java	style
METHOD	com.badlogic.gdx.scenes.scene2d.ui.TextButton	setLabel(com.badlogic.gdx.scenes.scene2d.ui.Label)	null	null	/tmp/projects/libgdx/gdx/src/com/badlogic/gdx/scenes/scene2d/ui/TextButton.java	label
METHOD	com.badlogic.gdx.scenes.scene2d.ui.Tree	initialize()	null	null	/tmp/projects/libgdx/gdx/src/com/badlogic/gdx/scenes/scene2d/ui/Tree.java	clickListener
METHOD	com.badlogic.gdx.scenes.scene2d.ui.Tree	setStyle(com.badlogic.gdx.scenes.scene2d.ui.Tree.TreeStyle)	null	null	/tmp/projects/libgdx/gdx/src/com/badlogic/gdx/scenes/scene2d/ui/Tree.java	style
METHOD	com.badlogic.gdx.scenes.scene2d.ui.Tree	setStyle(com.badlogic.gdx.scenes.scene2d.ui.Tree.TreeStyle)	null	null	/tmp/projects/libgdx/gdx/src/com/badlogic/gdx/scenes/scene2d/ui/Tree.java	indentSpacing
METHOD	com.badlogic.gdx.scenes.scene2d.ui.Tree	setOverNode(N)	null	null	/tmp/projects/libgdx/gdx/src/com/badlogic/gdx/scenes/scene2d/ui/Tree.java	overNode
METHOD	com.badlogic.gdx.scenes.scene2d.ui.Tree$Node	setExpanded(boolean)	null	null	/tmp/projects/libgdx/gdx/src/com/badlogic/gdx/scenes/scene2d/ui/Tree.java	expanded
METHOD	com.badlogic.gdx.scenes.scene2d.ui.Tree$Node	setActor(A)	null	null	/tmp/projects/libgdx/gdx/src/com/badlogic/gdx/scenes/scene2d/ui/Tree.java	actor
METHOD	com.badlogic.gdx.scenes.scene2d.ui.Tree$Node	setIcon(com.badlogic.gdx.scenes.scene2d.utils.Drawable)	null	null	/tmp/projects/libgdx/gdx/src/com/badlogic/gdx/scenes/scene2d/ui/Tree.java	icon
METHOD	com.badlogic.gdx.scenes.scene2d.ui.Tree$Node	setValue(V)	null	null	/tmp/projects/libgdx/gdx/src/com/badlogic/gdx/scenes/scene2d/ui/Tree.java	value
METHOD	com.badlogic.gdx.scenes.scene2d.ui.SplitPane$1	touchDown(com.badlogic.gdx.scenes.scene2d.InputEvent,float,float,int,int)	null	null	/tmp/projects/libgdx/gdx/src/com/badlogic/gdx/scenes/scene2d/ui/SplitPane.java	draggingPointer
METHOD	com.badlogic.gdx.scenes.scene2d.ui.SplitPane$1	touchUp(com.badlogic.gdx.scenes.scene2d.InputEvent,float,float,int,int)	null	null	/tmp/projects/libgdx/gdx/src/com/badlogic/gdx/scenes/scene2d/ui/SplitPane.java	draggingPointer
METHOD	com.badlogic.gdx.scenes.scene2d.ui.SplitPane	setStyle(com.badlogic.gdx.scenes.scene2d.ui.SplitPane.SplitPaneStyle)	null	null	/tmp/projects/libgdx/gdx/src/com/badlogic/gdx/scenes/scene2d/ui/SplitPane.java	style
METHOD	com.badlogic.gdx.scenes.scene2d.ui.SplitPane	setVertical(boolean)	null	null	/tmp/projects/libgdx/gdx/src/com/badlogic/gdx/scenes/scene2d/ui/SplitPane.java	vertical
METHOD	com.badlogic.gdx.scenes.scene2d.ui.SplitPane	setFirstWidget(com.badlogic.gdx.scenes.scene2d.Actor)	null	null	/tmp/projects/libgdx/gdx/src/com/badlogic/gdx/scenes/scene2d/ui/SplitPane.java	firstWidget
METHOD	com.badlogic.gdx.scenes.scene2d.ui.SplitPane	setSecondWidget(com.badlogic.gdx.scenes.scene2d.Actor)	null	null	/tmp/projects/libgdx/gdx/src/com/badlogic/gdx/scenes/scene2d/ui/SplitPane.java	secondWidget
METHOD	com.badlogic.gdx.scenes.scene2d.ui.Window	setStyle(com.badlogic.gdx.scenes.scene2d.ui.Window.WindowStyle)	null	null	/tmp/projects/libgdx/gdx/src/com/badlogic/gdx/scenes/scene2d/ui/Window.java	style
METHOD	com.badlogic.gdx.scenes.scene2d.ui.List	setStyle(com.badlogic.gdx.scenes.scene2d.ui.List.ListStyle)	null	null	/tmp/projects/libgdx/gdx/src/com/badlogic/gdx/scenes/scene2d/ui/List.java	style
METHOD	com.badlogic.gdx.scenes.scene2d.ui.List	setSelection(com.badlogic.gdx.scenes.scene2d.utils.ArraySelection<T>)	null	null	/tmp/projects/libgdx/gdx/src/com/badlogic/gdx/scenes/scene2d/ui/List.java	selection
METHOD	com.badlogic.gdx.scenes.scene2d.ui.List	setCullingArea(com.badlogic.gdx.math.Rectangle)	null	null	/tmp/projects/libgdx/gdx/src/com/badlogic/gdx/scenes/scene2d/ui/List.java	cullingArea
METHOD	com.badlogic.gdx.scenes.scene2d.ui.SelectBox	setStyle(com.badlogic.gdx.scenes.scene2d.ui.SelectBox.SelectBoxStyle)	null	null	/tmp/projects/libgdx/gdx/src/com/badlogic/gdx/scenes/scene2d/ui/SelectBox.java	style
METHOD	com.badlogic.gdx.scenes.scene2d.ui.ImageTextButton	setStyle(com.badlogic.gdx.scenes.scene2d.ui.Button.ButtonStyle)	null	null	/tmp/projects/libgdx/gdx/src/com/badlogic/gdx/scenes/scene2d/ui/ImageTextButton.java	style
METHOD	com.badlogic.gdx.scenes.scene2d.ui.ImageTextButton	setLabel(com.badlogic.gdx.scenes.scene2d.ui.Label)	null	null	/tmp/projects/libgdx/gdx/src/com/badlogic/gdx/scenes/scene2d/ui/ImageTextButton.java	label
METHOD	com.badlogic.gdx.scenes.scene2d.ui.Dialog	initialize()	null	null	/tmp/projects/libgdx/gdx/src/com/badlogic/gdx/scenes/scene2d/ui/Dialog.java	contentTable
METHOD	com.badlogic.gdx.scenes.scene2d.ui.Dialog	initialize()	null	null	/tmp/projects/libgdx/gdx/src/com/badlogic/gdx/scenes/scene2d/ui/Dialog.java	buttonTable
METHOD	com.badlogic.gdx.scenes.scene2d.ui.Dialog	initialize()	null	null	/tmp/projects/libgdx/gdx/src/com/badlogic/gdx/scenes/scene2d/ui/Dialog.java	focusListener
METHOD	com.badlogic.gdx.scenes.scene2d.ui.Touchpad	setStyle(com.badlogic.gdx.scenes.scene2d.ui.Touchpad.TouchpadStyle)	null	null	/tmp/projects/libgdx/gdx/src/com/badlogic/gdx/scenes/scene2d/ui/Touchpad.java	style
METHOD	com.badlogic.gdx.scenes.scene2d.ui.CheckBox	setStyle(com.badlogic.gdx.scenes.scene2d.ui.Button.ButtonStyle)	null	null	/tmp/projects/libgdx/gdx/src/com/badlogic/gdx/scenes/scene2d/ui/CheckBox.java	style
METHOD	com.badlogic.gdx.scenes.scene2d.ui.HorizontalGroup	layoutWrapped()	null	null	/tmp/projects/libgdx/gdx/src/com/badlogic/gdx/scenes/scene2d/ui/HorizontalGroup.java	lastPrefHeight
METHOD	com.badlogic.gdx.graphics.g2d.PixmapPacker	setPageFormat(com.badlogic.gdx.graphics.Pixmap.Format)	null	null	/tmp/projects/libgdx/gdx/src/com/badlogic/gdx/graphics/g2d/PixmapPacker.java	pageFormat
METHOD	com.badlogic.gdx.graphics.g2d.PixmapPacker$Page	updateTexture(com.badlogic.gdx.graphics.Texture.TextureFilter,com.badlogic.gdx.graphics.Texture.TextureFilter,boolean)	null	null	/tmp/projects/libgdx/gdx/src/com/badlogic/gdx/graphics/g2d/PixmapPacker.java	texture
METHOD	com.badlogic.gdx.graphics.g2d.PixmapPacker$GuillotineStrategy	sort(com.badlogic.gdx.utils.Array<com.badlogic.gdx.graphics.Pixmap>)	null	null	/tmp/projects/libgdx/gdx/src/com/badlogic/gdx/graphics/g2d/PixmapPacker.java	comparator
METHOD	com.badlogic.gdx.graphics.g2d.PixmapPacker$SkylineStrategy	sort(com.badlogic.gdx.utils.Array<com.badlogic.gdx.graphics.Pixmap>)	null	null	/tmp/projects/libgdx/gdx/src/com/badlogic/gdx/graphics/g2d/PixmapPacker.java	comparator
METHOD	com.badlogic.gdx.graphics.g2d.PolygonSprite	setRegion(com.badlogic.gdx.graphics.g2d.PolygonRegion)	null	null	/tmp/projects/libgdx/gdx/src/com/badlogic/gdx/graphics/g2d/PolygonSprite.java	region
METHOD	com.badlogic.gdx.graphics.g2d.PolygonSprite	setRegion(com.badlogic.gdx.graphics.g2d.PolygonRegion)	null	null	/tmp/projects/libgdx/gdx/src/com/badlogic/gdx/graphics/g2d/PolygonSprite.java	vertices
METHOD	com.badlogic.gdx.graphics.g2d.PolygonSpriteBatch	flush()	null	null	/tmp/projects/libgdx/gdx/src/com/badlogic/gdx/graphics/g2d/PolygonSpriteBatch.java	vertexIndex
METHOD	com.badlogic.gdx.graphics.g2d.PolygonSpriteBatch	setBlendFunctionSeparate(int,int,int,int)	null	null	/tmp/projects/libgdx/gdx/src/com/badlogic/gdx/graphics/g2d/PolygonSpriteBatch.java	blendSrcFunc
METHOD	com.badlogic.gdx.graphics.g2d.PolygonSpriteBatch	switchTexture(com.badlogic.gdx.graphics.Texture)	null	null	/tmp/projects/libgdx/gdx/src/com/badlogic/gdx/graphics/g2d/PolygonSpriteBatch.java	lastTexture
METHOD	com.badlogic.gdx.graphics.g2d.PolygonSpriteBatch	setShader(com.badlogic.gdx.graphics.glutils.ShaderProgram)	null	null	/tmp/projects/libgdx/gdx/src/com/badlogic/gdx/graphics/g2d/PolygonSpriteBatch.java	customShader
METHOD	com.badlogic.gdx.graphics.g2d.RepeatablePolygonSprite	setPolygon(com.badlogic.gdx.graphics.g2d.TextureRegion,float[],float)	null	null	/tmp/projects/libgdx/gdx/src/com/badlogic/gdx/graphics/g2d/RepeatablePolygonSprite.java	region
METHOD	com.badlogic.gdx.graphics.g2d.RepeatablePolygonSprite	setColor(com.badlogic.gdx.graphics.Color)	null	null	/tmp/projects/libgdx/gdx/src/com/badlogic/gdx/graphics/g2d/RepeatablePolygonSprite.java	color
METHOD	com.badlogic.gdx.graphics.g2d.SpriteCache	beginCache()	null	null	/tmp/projects/libgdx/gdx/src/com/badlogic/gdx/graphics/g2d/SpriteCache.java	currentCache
METHOD	com.badlogic.gdx.graphics.g2d.SpriteCache	beginCache(int)	null	null	/tmp/projects/libgdx/gdx/src/com/badlogic/gdx/graphics/g2d/SpriteCache.java	currentCache
METHOD	com.badlogic.gdx.graphics.g2d.SpriteCache	setShader(com.badlogic.gdx.graphics.glutils.ShaderProgram)	null	null	/tmp/projects/libgdx/gdx/src/com/badlogic/gdx/graphics/g2d/SpriteCache.java	customShader
METHOD	com.badlogic.gdx.math.EarClippingTriangulator	computeTriangles(float[],int,int)	null	null	/tmp/projects/libgdx/gdx/src/com/badlogic/gdx/math/EarClippingTriangulator.java	vertices
METHOD	com.badlogic.gdx.math.EarClippingTriangulator	computeTriangles(float[],int,int)	null	null	/tmp/projects/libgdx/gdx/src/com/badlogic/gdx/math/EarClippingTriangulator.java	indices
METHOD	com.badlogic.gdx.graphics.g2d.Animation	getKeyFrame(float,boolean)	null	null	/tmp/projects/libgdx/gdx/src/com/badlogic/gdx/graphics/g2d/Animation.java	playMode
METHOD	com.badlogic.gdx.graphics.g2d.Animation	getKeyFrame(float,boolean)	null	null	/tmp/projects/libgdx/gdx/src/com/badlogic/gdx/graphics/g2d/Animation.java	playMode
METHOD	com.badlogic.gdx.graphics.g2d.Animation	getKeyFrame(float,boolean)	null	null	/tmp/projects/libgdx/gdx/src/com/badlogic/gdx/graphics/g2d/Animation.java	playMode
METHOD	com.badlogic.gdx.graphics.g2d.Animation	getKeyFrame(float,boolean)	null	null	/tmp/projects/libgdx/gdx/src/com/badlogic/gdx/graphics/g2d/Animation.java	playMode
METHOD	com.badlogic.gdx.graphics.g2d.Animation	getKeyFrame(float,boolean)	null	null	/tmp/projects/libgdx/gdx/src/com/badlogic/gdx/graphics/g2d/Animation.java	playMode
METHOD	com.badlogic.gdx.graphics.g2d.Animation	setKeyFrames(T...)	null	null	/tmp/projects/libgdx/gdx/src/com/badlogic/gdx/graphics/g2d/Animation.java	keyFrames
METHOD	com.badlogic.gdx.graphics.g2d.Animation	setPlayMode(com.badlogic.gdx.graphics.g2d.Animation.PlayMode)	null	null	/tmp/projects/libgdx/gdx/src/com/badlogic/gdx/graphics/g2d/Animation.java	playMode
METHOD	com.badlogic.gdx.graphics.TextureArray	load(com.badlogic.gdx.graphics.TextureArrayData)	null	null	/tmp/projects/libgdx/gdx/src/com/badlogic/gdx/graphics/TextureArray.java	data
METHOD	com.badlogic.gdx.graphics.PixmapIO$PNG	write(java.io.OutputStream,com.badlogic.gdx.graphics.Pixmap)	null	null	/tmp/projects/libgdx/gdx/src/com/badlogic/gdx/graphics/PixmapIO.java	lineOutBytes
METHOD	com.badlogic.gdx.graphics.PixmapIO$PNG	write(java.io.OutputStream,com.badlogic.gdx.graphics.Pixmap)	null	null	/tmp/projects/libgdx/gdx/src/com/badlogic/gdx/graphics/PixmapIO.java	curLineBytes
METHOD	com.badlogic.gdx.graphics.PixmapIO$PNG	write(java.io.OutputStream,com.badlogic.gdx.graphics.Pixmap)	null	null	/tmp/projects/libgdx/gdx/src/com/badlogic/gdx/graphics/PixmapIO.java	prevLineBytes
METHOD	com.badlogic.gdx.graphics.glutils.GLFrameBuffer$GLFrameBufferBuilder	addDepthRenderBuffer(int)	null	null	/tmp/projects/libgdx/gdx/src/com/badlogic/gdx/graphics/glutils/GLFrameBuffer.java	depthRenderBufferSpec
METHOD	com.badlogic.gdx.graphics.glutils.GLFrameBuffer$GLFrameBufferBuilder	addStencilRenderBuffer(int)	null	null	/tmp/projects/libgdx/gdx/src/com/badlogic/gdx/graphics/glutils/GLFrameBuffer.java	stencilRenderBufferSpec
METHOD	com.badlogic.gdx.graphics.glutils.GLFrameBuffer$GLFrameBufferBuilder	addStencilDepthPackedRenderBuffer(int)	null	null	/tmp/projects/libgdx/gdx/src/com/badlogic/gdx/graphics/glutils/GLFrameBuffer.java	packedStencilDepthRenderBufferSpec
METHOD	com.badlogic.gdx.graphics.g3d.utils.ModelBuilder	begin()	null	null	/tmp/projects/libgdx/gdx/src/com/badlogic/gdx/graphics/g3d/utils/ModelBuilder.java	model
METHOD	com.badlogic.gdx.graphics.g3d.utils.ModelBuilder	node(com.badlogic.gdx.graphics.g3d.model.Node)	null	null	/tmp/projects/libgdx/gdx/src/com/badlogic/gdx/graphics/g3d/utils/ModelBuilder.java	node
METHOD	com.badlogic.gdx.graphics.g3d.utils.MeshBuilder	begin(com.badlogic.gdx.graphics.VertexAttributes,int)	null	null	/tmp/projects/libgdx/gdx/src/com/badlogic/gdx/graphics/g3d/utils/MeshBuilder.java	attributes
METHOD	com.badlogic.gdx.graphics.g3d.utils.MeshBuilder	begin(com.badlogic.gdx.graphics.VertexAttributes,int)	null	null	/tmp/projects/libgdx/gdx/src/com/badlogic/gdx/graphics/g3d/utils/MeshBuilder.java	vertex
METHOD	com.badlogic.gdx.graphics.g3d.utils.MeshBuilder	part(java.lang.String,int,com.badlogic.gdx.graphics.g3d.model.MeshPart)	null	null	/tmp/projects/libgdx/gdx/src/com/badlogic/gdx/graphics/g3d/utils/MeshBuilder.java	part
METHOD	com.badlogic.gdx.graphics.g3d.utils.DefaultRenderableSorter	sort(com.badlogic.gdx.graphics.Camera,com.badlogic.gdx.utils.Array<com.badlogic.gdx.graphics.g3d.Renderable>)	null	null	/tmp/projects/libgdx/gdx/src/com/badlogic/gdx/graphics/g3d/utils/DefaultRenderableSorter.java	camera
METHOD	com.badlogic.gdx.graphics.g3d.shaders.BaseShader	init(com.badlogic.gdx.graphics.glutils.ShaderProgram,com.badlogic.gdx.graphics.g3d.Renderable)	null	null	/tmp/projects/libgdx/gdx/src/com/badlogic/gdx/graphics/g3d/shaders/BaseShader.java	program
METHOD	com.badlogic.gdx.graphics.g3d.shaders.BaseShader	init(com.badlogic.gdx.graphics.glutils.ShaderProgram,com.badlogic.gdx.graphics.g3d.Renderable)	null	null	/tmp/projects/libgdx/gdx/src/com/badlogic/gdx/graphics/g3d/shaders/BaseShader.java	locations
METHOD	com.badlogic.gdx.graphics.g3d.shaders.BaseShader	begin(com.badlogic.gdx.graphics.Camera,com.badlogic.gdx.graphics.g3d.utils.RenderContext)	null	null	/tmp/projects/libgdx/gdx/src/com/badlogic/gdx/graphics/g3d/shaders/BaseShader.java	camera
METHOD	com.badlogic.gdx.graphics.g3d.shaders.BaseShader	begin(com.badlogic.gdx.graphics.Camera,com.badlogic.gdx.graphics.g3d.utils.RenderContext)	null	null	/tmp/projects/libgdx/gdx/src/com/badlogic/gdx/graphics/g3d/shaders/BaseShader.java	context
METHOD	com.badlogic.gdx.graphics.g3d.shaders.BaseShader	render(com.badlogic.gdx.graphics.g3d.Renderable,com.badlogic.gdx.graphics.g3d.Attributes)	null	null	/tmp/projects/libgdx/gdx/src/com/badlogic/gdx/graphics/g3d/shaders/BaseShader.java	currentMesh
METHOD	com.badlogic.gdx.graphics.g3d.utils.CameraInputController	touchUp(int,int,int,int)	null	null	/tmp/projects/libgdx/gdx/src/com/badlogic/gdx/graphics/g3d/utils/CameraInputController.java	button
METHOD	com.badlogic.gdx.graphics.g3d.utils.CameraInputController	setInvertedControls(boolean)	null	null	/tmp/projects/libgdx/gdx/src/com/badlogic/gdx/graphics/g3d/utils/CameraInputController.java	controlsInverted
METHOD	com.badlogic.gdx.graphics.g3d.utils.AnimationController	setAnimation(com.badlogic.gdx.graphics.g3d.utils.AnimationController.AnimationDesc)	null	null	/tmp/projects/libgdx/gdx/src/com/badlogic/gdx/graphics/g3d/utils/AnimationController.java	current
METHOD	com.badlogic.gdx.graphics.g3d.utils.AnimationController	setAnimation(com.badlogic.gdx.graphics.g3d.utils.AnimationController.AnimationDesc)	null	null	/tmp/projects/libgdx/gdx/src/com/badlogic/gdx/graphics/g3d/utils/AnimationController.java	current
METHOD	com.badlogic.gdx.graphics.g3d.utils.AnimationController	animate(com.badlogic.gdx.graphics.g3d.utils.AnimationController.AnimationDesc,float)	null	null	/tmp/projects/libgdx/gdx/src/com/badlogic/gdx/graphics/g3d/utils/AnimationController.java	current
METHOD	com.badlogic.gdx.graphics.g3d.utils.AnimationController	animate(com.badlogic.gdx.graphics.g3d.utils.AnimationController.AnimationDesc,float)	null	null	/tmp/projects/libgdx/gdx/src/com/badlogic/gdx/graphics/g3d/utils/AnimationController.java	current
METHOD	com.badlogic.gdx.graphics.g3d.utils.AnimationController	animate(com.badlogic.gdx.graphics.g3d.utils.AnimationController.AnimationDesc,float)	null	null	/tmp/projects/libgdx/gdx/src/com/badlogic/gdx/graphics/g3d/utils/AnimationController.java	current
METHOD	com.badlogic.gdx.graphics.g3d.ModelBatch	begin(com.badlogic.gdx.graphics.Camera)	null	null	/tmp/projects/libgdx/gdx/src/com/badlogic/gdx/graphics/g3d/ModelBatch.java	camera
METHOD	com.badlogic.gdx.graphics.g3d.ModelBatch	setCamera(com.badlogic.gdx.graphics.Camera)	null	null	/tmp/projects/libgdx/gdx/src/com/badlogic/gdx/graphics/g3d/ModelBatch.java	camera
METHOD	com.badlogic.gdx.graphics.g3d.particles.ParticleShader	bindMaterial(com.badlogic.gdx.graphics.g3d.Renderable)	null	null	/tmp/projects/libgdx/gdx/src/com/badlogic/gdx/graphics/g3d/particles/ParticleShader.java	currentMaterial
METHOD	com.badlogic.gdx.graphics.g3d.particles.ParallelArray$FloatChannel	setCapacity(int)	null	null	/tmp/projects/libgdx/gdx/src/com/badlogic/gdx/graphics/g3d/particles/ParallelArray.java	data
METHOD	com.badlogic.gdx.graphics.g3d.particles.ParallelArray$IntChannel	setCapacity(int)	null	null	/tmp/projects/libgdx/gdx/src/com/badlogic/gdx/graphics/g3d/particles/ParallelArray.java	data
METHOD	com.badlogic.gdx.graphics.g3d.particles.ParallelArray$ObjectChannel	setCapacity(int)	null	null	/tmp/projects/libgdx/gdx/src/com/badlogic/gdx/graphics/g3d/particles/ParallelArray.java	data
METHOD	com.badlogic.gdx.graphics.g3d.particles.ParallelArray	setCapacity(int)	null	null	/tmp/projects/libgdx/gdx/src/com/badlogic/gdx/graphics/g3d/particles/ParallelArray.java	capacity
METHOD	com.badlogic.gdx.graphics.g3d.particles.ResourceData$SaveData	read(com.badlogic.gdx.utils.Json,com.badlogic.gdx.utils.JsonValue)	null	null	/tmp/projects/libgdx/gdx/src/com/badlogic/gdx/graphics/g3d/particles/ResourceData.java	data
METHOD	com.badlogic.gdx.graphics.g3d.particles.ResourceData$AssetData	read(com.badlogic.gdx.utils.Json,com.badlogic.gdx.utils.JsonValue)	null	null	/tmp/projects/libgdx/gdx/src/com/badlogic/gdx/graphics/g3d/particles/ResourceData.java	filename
METHOD	com.badlogic.gdx.graphics.g3d.particles.ResourceData$AssetData	read(com.badlogic.gdx.utils.Json,com.badlogic.gdx.utils.JsonValue)	null	null	/tmp/projects/libgdx/gdx/src/com/badlogic/gdx/graphics/g3d/particles/ResourceData.java	type
METHOD	com.badlogic.gdx.graphics.g3d.particles.ResourceData	read(com.badlogic.gdx.utils.Json,com.badlogic.gdx.utils.JsonValue)	null	null	/tmp/projects/libgdx/gdx/src/com/badlogic/gdx/graphics/g3d/particles/ResourceData.java	uniqueData
METHOD	com.badlogic.gdx.graphics.g3d.particles.ResourceData	read(com.badlogic.gdx.utils.Json,com.badlogic.gdx.utils.JsonValue)	null	null	/tmp/projects/libgdx/gdx/src/com/badlogic/gdx/graphics/g3d/particles/ResourceData.java	data
METHOD	com.badlogic.gdx.graphics.g3d.particles.ResourceData	read(com.badlogic.gdx.utils.Json,com.badlogic.gdx.utils.JsonValue)	null	null	/tmp/projects/libgdx/gdx/src/com/badlogic/gdx/graphics/g3d/particles/ResourceData.java	resource
METHOD	com.badlogic.gdx.graphics.g3d.particles.ParticleEffect	getBoundingBox()	null	null	/tmp/projects/libgdx/gdx/src/com/badlogic/gdx/graphics/g3d/particles/ParticleEffect.java	bounds
METHOD	com.badlogic.gdx.graphics.g3d.particles.ParticleController	allocateChannels(int)	null	null	/tmp/projects/libgdx/gdx/src/com/badlogic/gdx/graphics/g3d/particles/ParticleController.java	particles
METHOD	com.badlogic.gdx.graphics.g3d.particles.ParticleController	getBoundingBox()	null	null	/tmp/projects/libgdx/gdx/src/com/badlogic/gdx/graphics/g3d/particles/ParticleController.java	boundingBox
METHOD	com.badlogic.gdx.graphics.g3d.particles.ParticleController	read(com.badlogic.gdx.utils.Json,com.badlogic.gdx.utils.JsonValue)	null	null	/tmp/projects/libgdx/gdx/src/com/badlogic/gdx/graphics/g3d/particles/ParticleController.java	name
METHOD	com.badlogic.gdx.graphics.g3d.particles.ParticleController	read(com.badlogic.gdx.utils.Json,com.badlogic.gdx.utils.JsonValue)	null	null	/tmp/projects/libgdx/gdx/src/com/badlogic/gdx/graphics/g3d/particles/ParticleController.java	emitter
METHOD	com.badlogic.gdx.graphics.g3d.particles.ParticleController	read(com.badlogic.gdx.utils.Json,com.badlogic.gdx.utils.JsonValue)	null	null	/tmp/projects/libgdx/gdx/src/com/badlogic/gdx/graphics/g3d/particles/ParticleController.java	renderer
METHOD	com.badlogic.gdx.graphics.g3d.particles.ParticleControllerComponent	set(com.badlogic.gdx.graphics.g3d.particles.ParticleController)	null	null	/tmp/projects/libgdx/gdx/src/com/badlogic/gdx/graphics/g3d/particles/ParticleControllerComponent.java	controller
METHOD	com.badlogic.gdx.graphics.g3d.particles.ParticleSorter	setCamera(com.badlogic.gdx.graphics.Camera)	null	null	/tmp/projects/libgdx/gdx/src/com/badlogic/gdx/graphics/g3d/particles/ParticleSorter.java	camera
METHOD	com.badlogic.gdx.graphics.g3d.particles.influencers.ParticleControllerInfluencer	allocateChannels()	null	null	/tmp/projects/libgdx/gdx/src/com/badlogic/gdx/graphics/g3d/particles/influencers/ParticleControllerInfluencer.java	particleControllerChannel
METHOD	com.badlogic.gdx.graphics.g3d.particles.influencers.DynamicsInfluencer	allocateChannels()	null	null	/tmp/projects/libgdx/gdx/src/com/badlogic/gdx/graphics/g3d/particles/influencers/DynamicsInfluencer.java	accellerationChannel
METHOD	com.badlogic.gdx.graphics.g3d.particles.influencers.DynamicsInfluencer	allocateChannels()	null	null	/tmp/projects/libgdx/gdx/src/com/badlogic/gdx/graphics/g3d/particles/influencers/DynamicsInfluencer.java	angularVelocityChannel
METHOD	com.badlogic.gdx.graphics.g3d.particles.influencers.DynamicsInfluencer	allocateChannels()	null	null	/tmp/projects/libgdx/gdx/src/com/badlogic/gdx/graphics/g3d/particles/influencers/DynamicsInfluencer.java	angularVelocityChannel
METHOD	com.badlogic.gdx.graphics.g3d.particles.influencers.DynamicsModifier$FaceDirection	allocateChannels()	null	null	/tmp/projects/libgdx/gdx/src/com/badlogic/gdx/graphics/g3d/particles/influencers/DynamicsModifier.java	rotationChannel
METHOD	com.badlogic.gdx.graphics.g3d.particles.influencers.DynamicsModifier$FaceDirection	allocateChannels()	null	null	/tmp/projects/libgdx/gdx/src/com/badlogic/gdx/graphics/g3d/particles/influencers/DynamicsModifier.java	accellerationChannel
METHOD	com.badlogic.gdx.graphics.g3d.particles.influencers.DynamicsModifier$Strength	allocateChannels()	null	null	/tmp/projects/libgdx/gdx/src/com/badlogic/gdx/graphics/g3d/particles/influencers/DynamicsModifier.java	strengthChannel
METHOD	com.badlogic.gdx.graphics.g3d.particles.influencers.DynamicsModifier$Strength	read(com.badlogic.gdx.utils.Json,com.badlogic.gdx.utils.JsonValue)	null	null	/tmp/projects/libgdx/gdx/src/com/badlogic/gdx/graphics/g3d/particles/influencers/DynamicsModifier.java	strengthValue
METHOD	com.badlogic.gdx.graphics.g3d.particles.influencers.DynamicsModifier$Angular	allocateChannels()	null	null	/tmp/projects/libgdx/gdx/src/com/badlogic/gdx/graphics/g3d/particles/influencers/DynamicsModifier.java	angularChannel
METHOD	com.badlogic.gdx.graphics.g3d.particles.influencers.DynamicsModifier$Angular	read(com.badlogic.gdx.utils.Json,com.badlogic.gdx.utils.JsonValue)	null	null	/tmp/projects/libgdx/gdx/src/com/badlogic/gdx/graphics/g3d/particles/influencers/DynamicsModifier.java	thetaValue
METHOD	com.badlogic.gdx.graphics.g3d.particles.influencers.DynamicsModifier$Angular	read(com.badlogic.gdx.utils.Json,com.badlogic.gdx.utils.JsonValue)	null	null	/tmp/projects/libgdx/gdx/src/com/badlogic/gdx/graphics/g3d/particles/influencers/DynamicsModifier.java	phiValue
METHOD	com.badlogic.gdx.graphics.g3d.particles.influencers.DynamicsModifier$Rotational2D	allocateChannels()	null	null	/tmp/projects/libgdx/gdx/src/com/badlogic/gdx/graphics/g3d/particles/influencers/DynamicsModifier.java	rotationalVelocity2dChannel
METHOD	com.badlogic.gdx.graphics.g3d.particles.influencers.DynamicsModifier$Rotational3D	allocateChannels()	null	null	/tmp/projects/libgdx/gdx/src/com/badlogic/gdx/graphics/g3d/particles/influencers/DynamicsModifier.java	rotationChannel
METHOD	com.badlogic.gdx.graphics.g3d.particles.influencers.DynamicsModifier$Rotational3D	allocateChannels()	null	null	/tmp/projects/libgdx/gdx/src/com/badlogic/gdx/graphics/g3d/particles/influencers/DynamicsModifier.java	rotationalForceChannel
METHOD	com.badlogic.gdx.graphics.g3d.particles.influencers.DynamicsModifier$CentripetalAcceleration	allocateChannels()	null	null	/tmp/projects/libgdx/gdx/src/com/badlogic/gdx/graphics/g3d/particles/influencers/DynamicsModifier.java	accelerationChannel
METHOD	com.badlogic.gdx.graphics.g3d.particles.influencers.DynamicsModifier$CentripetalAcceleration	allocateChannels()	null	null	/tmp/projects/libgdx/gdx/src/com/badlogic/gdx/graphics/g3d/particles/influencers/DynamicsModifier.java	positionChannel
METHOD	com.badlogic.gdx.graphics.g3d.particles.influencers.DynamicsModifier$PolarAcceleration	allocateChannels()	null	null	/tmp/projects/libgdx/gdx/src/com/badlogic/gdx/graphics/g3d/particles/influencers/DynamicsModifier.java	directionalVelocityChannel
METHOD	com.badlogic.gdx.graphics.g3d.particles.influencers.DynamicsModifier$TangentialAcceleration	allocateChannels()	null	null	/tmp/projects/libgdx/gdx/src/com/badlogic/gdx/graphics/g3d/particles/influencers/DynamicsModifier.java	directionalVelocityChannel
METHOD	com.badlogic.gdx.graphics.g3d.particles.influencers.DynamicsModifier$TangentialAcceleration	allocateChannels()	null	null	/tmp/projects/libgdx/gdx/src/com/badlogic/gdx/graphics/g3d/particles/influencers/DynamicsModifier.java	positionChannel
METHOD	com.badlogic.gdx.graphics.g3d.particles.influencers.DynamicsModifier$BrownianAcceleration	allocateChannels()	null	null	/tmp/projects/libgdx/gdx/src/com/badlogic/gdx/graphics/g3d/particles/influencers/DynamicsModifier.java	accelerationChannel
METHOD	com.badlogic.gdx.graphics.g3d.particles.influencers.DynamicsModifier	allocateChannels()	null	null	/tmp/projects/libgdx/gdx/src/com/badlogic/gdx/graphics/g3d/particles/influencers/DynamicsModifier.java	lifeChannel
METHOD	com.badlogic.gdx.graphics.g3d.particles.influencers.SpawnInfluencer	allocateChannels()	null	null	/tmp/projects/libgdx/gdx/src/com/badlogic/gdx/graphics/g3d/particles/influencers/SpawnInfluencer.java	positionChannel
METHOD	com.badlogic.gdx.graphics.g3d.particles.influencers.SpawnInfluencer	allocateChannels()	null	null	/tmp/projects/libgdx/gdx/src/com/badlogic/gdx/graphics/g3d/particles/influencers/SpawnInfluencer.java	rotationChannel
METHOD	com.badlogic.gdx.graphics.g3d.particles.influencers.SpawnInfluencer	read(com.badlogic.gdx.utils.Json,com.badlogic.gdx.utils.JsonValue)	null	null	/tmp/projects/libgdx/gdx/src/com/badlogic/gdx/graphics/g3d/particles/influencers/SpawnInfluencer.java	spawnShapeValue
METHOD	com.badlogic.gdx.graphics.g3d.particles.values.SpawnShapeValue	read(com.badlogic.gdx.utils.Json,com.badlogic.gdx.utils.JsonValue)	null	null	/tmp/projects/libgdx/gdx/src/com/badlogic/gdx/graphics/g3d/particles/values/SpawnShapeValue.java	xOffsetValue
METHOD	com.badlogic.gdx.graphics.g3d.particles.values.SpawnShapeValue	read(com.badlogic.gdx.utils.Json,com.badlogic.gdx.utils.JsonValue)	null	null	/tmp/projects/libgdx/gdx/src/com/badlogic/gdx/graphics/g3d/particles/values/SpawnShapeValue.java	yOffsetValue
METHOD	com.badlogic.gdx.graphics.g3d.particles.values.SpawnShapeValue	read(com.badlogic.gdx.utils.Json,com.badlogic.gdx.utils.JsonValue)	null	null	/tmp/projects/libgdx/gdx/src/com/badlogic/gdx/graphics/g3d/particles/values/SpawnShapeValue.java	zOffsetValue
METHOD	com.badlogic.gdx.graphics.g3d.particles.influencers.RegionInfluencer$Animated	allocateChannels()	null	null	/tmp/projects/libgdx/gdx/src/com/badlogic/gdx/graphics/g3d/particles/influencers/RegionInfluencer.java	lifeChannel
METHOD	com.badlogic.gdx.graphics.g3d.particles.influencers.RegionInfluencer$AspectTextureRegion	set(com.badlogic.gdx.graphics.g3d.particles.influencers.RegionInfluencer.AspectTextureRegion)	null	null	/tmp/projects/libgdx/gdx/src/com/badlogic/gdx/graphics/g3d/particles/influencers/RegionInfluencer.java	imageName
METHOD	com.badlogic.gdx.graphics.g3d.particles.influencers.RegionInfluencer	setAtlasName(java.lang.String)	null	null	/tmp/projects/libgdx/gdx/src/com/badlogic/gdx/graphics/g3d/particles/influencers/RegionInfluencer.java	atlasName
METHOD	com.badlogic.gdx.graphics.g3d.particles.influencers.RegionInfluencer	allocateChannels()	null	null	/tmp/projects/libgdx/gdx/src/com/badlogic/gdx/graphics/g3d/particles/influencers/RegionInfluencer.java	regionChannel
METHOD	com.badlogic.gdx.graphics.g3d.particles.influencers.ModelInfluencer	allocateChannels()	null	null	/tmp/projects/libgdx/gdx/src/com/badlogic/gdx/graphics/g3d/particles/influencers/ModelInfluencer.java	modelChannel
METHOD	com.badlogic.gdx.graphics.g3d.particles.influencers.SimpleInfluencer	set(com.badlogic.gdx.graphics.g3d.particles.influencers.SimpleInfluencer)	null	null	/tmp/projects/libgdx/gdx/src/com/badlogic/gdx/graphics/g3d/particles/influencers/SimpleInfluencer.java	valueChannelDescriptor
METHOD	com.badlogic.gdx.graphics.g3d.particles.influencers.SimpleInfluencer	allocateChannels()	null	null	/tmp/projects/libgdx/gdx/src/com/badlogic/gdx/graphics/g3d/particles/influencers/SimpleInfluencer.java	valueChannel
METHOD	com.badlogic.gdx.graphics.g3d.particles.influencers.SimpleInfluencer	allocateChannels()	null	null	/tmp/projects/libgdx/gdx/src/com/badlogic/gdx/graphics/g3d/particles/influencers/SimpleInfluencer.java	interpolationChannel
METHOD	com.badlogic.gdx.graphics.g3d.particles.influencers.SimpleInfluencer	allocateChannels()	null	null	/tmp/projects/libgdx/gdx/src/com/badlogic/gdx/graphics/g3d/particles/influencers/SimpleInfluencer.java	lifeChannel
METHOD	com.badlogic.gdx.graphics.g3d.particles.influencers.SimpleInfluencer	read(com.badlogic.gdx.utils.Json,com.badlogic.gdx.utils.JsonValue)	null	null	/tmp/projects/libgdx/gdx/src/com/badlogic/gdx/graphics/g3d/particles/influencers/SimpleInfluencer.java	value
METHOD	com.badlogic.gdx.graphics.g3d.particles.values.ScaledNumericValue	setScaling(float[])	null	null	/tmp/projects/libgdx/gdx/src/com/badlogic/gdx/graphics/g3d/particles/values/ScaledNumericValue.java	scaling
METHOD	com.badlogic.gdx.graphics.g3d.particles.values.ScaledNumericValue	setTimeline(float[])	null	null	/tmp/projects/libgdx/gdx/src/com/badlogic/gdx/graphics/g3d/particles/values/ScaledNumericValue.java	timeline
METHOD	com.badlogic.gdx.graphics.g3d.particles.values.ScaledNumericValue	load(com.badlogic.gdx.graphics.g3d.particles.values.ScaledNumericValue)	null	null	/tmp/projects/libgdx/gdx/src/com/badlogic/gdx/graphics/g3d/particles/values/ScaledNumericValue.java	scaling
METHOD	com.badlogic.gdx.graphics.g3d.particles.values.ScaledNumericValue	load(com.badlogic.gdx.graphics.g3d.particles.values.ScaledNumericValue)	null	null	/tmp/projects/libgdx/gdx/src/com/badlogic/gdx/graphics/g3d/particles/values/ScaledNumericValue.java	timeline
METHOD	com.badlogic.gdx.graphics.g3d.particles.values.ScaledNumericValue	read(com.badlogic.gdx.utils.Json,com.badlogic.gdx.utils.JsonValue)	null	null	/tmp/projects/libgdx/gdx/src/com/badlogic/gdx/graphics/g3d/particles/values/ScaledNumericValue.java	scaling
METHOD	com.badlogic.gdx.graphics.g3d.particles.values.ScaledNumericValue	read(com.badlogic.gdx.utils.Json,com.badlogic.gdx.utils.JsonValue)	null	null	/tmp/projects/libgdx/gdx/src/com/badlogic/gdx/graphics/g3d/particles/values/ScaledNumericValue.java	timeline
METHOD	com.badlogic.gdx.graphics.g3d.particles.influencers.ParticleControllerFinalizerInfluencer	init()	null	null	/tmp/projects/libgdx/gdx/src/com/badlogic/gdx/graphics/g3d/particles/influencers/ParticleControllerFinalizerInfluencer.java	controllerChannel
METHOD	com.badlogic.gdx.graphics.g3d.particles.influencers.ParticleControllerFinalizerInfluencer	init()	null	null	/tmp/projects/libgdx/gdx/src/com/badlogic/gdx/graphics/g3d/particles/influencers/ParticleControllerFinalizerInfluencer.java	scaleChannel
METHOD	com.badlogic.gdx.graphics.g3d.particles.influencers.ParticleControllerFinalizerInfluencer	init()	null	null	/tmp/projects/libgdx/gdx/src/com/badlogic/gdx/graphics/g3d/particles/influencers/ParticleControllerFinalizerInfluencer.java	rotationChannel
METHOD	com.badlogic.gdx.graphics.g3d.particles.influencers.ParticleControllerFinalizerInfluencer	allocateChannels()	null	null	/tmp/projects/libgdx/gdx/src/com/badlogic/gdx/graphics/g3d/particles/influencers/ParticleControllerFinalizerInfluencer.java	positionChannel
METHOD	com.badlogic.gdx.graphics.g3d.particles.influencers.ColorInfluencer$Random	allocateChannels()	null	null	/tmp/projects/libgdx/gdx/src/com/badlogic/gdx/graphics/g3d/particles/influencers/ColorInfluencer.java	colorChannel
METHOD	com.badlogic.gdx.graphics.g3d.particles.influencers.ColorInfluencer$Single	allocateChannels()	null	null	/tmp/projects/libgdx/gdx/src/com/badlogic/gdx/graphics/g3d/particles/influencers/ColorInfluencer.java	alphaInterpolationChannel
METHOD	com.badlogic.gdx.graphics.g3d.particles.influencers.ColorInfluencer$Single	allocateChannels()	null	null	/tmp/projects/libgdx/gdx/src/com/badlogic/gdx/graphics/g3d/particles/influencers/ColorInfluencer.java	lifeChannel
METHOD	com.badlogic.gdx.graphics.g3d.particles.influencers.ColorInfluencer$Single	read(com.badlogic.gdx.utils.Json,com.badlogic.gdx.utils.JsonValue)	null	null	/tmp/projects/libgdx/gdx/src/com/badlogic/gdx/graphics/g3d/particles/influencers/ColorInfluencer.java	alphaValue
METHOD	com.badlogic.gdx.graphics.g3d.particles.influencers.ColorInfluencer$Single	read(com.badlogic.gdx.utils.Json,com.badlogic.gdx.utils.JsonValue)	null	null	/tmp/projects/libgdx/gdx/src/com/badlogic/gdx/graphics/g3d/particles/influencers/ColorInfluencer.java	colorValue
METHOD	com.badlogic.gdx.graphics.g3d.particles.influencers.ColorInfluencer	allocateChannels()	null	null	/tmp/projects/libgdx/gdx/src/com/badlogic/gdx/graphics/g3d/particles/influencers/ColorInfluencer.java	colorChannel
METHOD	com.badlogic.gdx.graphics.g3d.particles.values.GradientColorValue	setTimeline(float[])	null	null	/tmp/projects/libgdx/gdx/src/com/badlogic/gdx/graphics/g3d/particles/values/GradientColorValue.java	timeline
METHOD	com.badlogic.gdx.graphics.g3d.particles.values.GradientColorValue	setColors(float[])	null	null	/tmp/projects/libgdx/gdx/src/com/badlogic/gdx/graphics/g3d/particles/values/GradientColorValue.java	colors
METHOD	com.badlogic.gdx.graphics.g3d.particles.values.GradientColorValue	read(com.badlogic.gdx.utils.Json,com.badlogic.gdx.utils.JsonValue)	null	null	/tmp/projects/libgdx/gdx/src/com/badlogic/gdx/graphics/g3d/particles/values/GradientColorValue.java	colors
METHOD	com.badlogic.gdx.graphics.g3d.particles.values.GradientColorValue	read(com.badlogic.gdx.utils.Json,com.badlogic.gdx.utils.JsonValue)	null	null	/tmp/projects/libgdx/gdx/src/com/badlogic/gdx/graphics/g3d/particles/values/GradientColorValue.java	timeline
METHOD	com.badlogic.gdx.graphics.g3d.particles.values.GradientColorValue	load(com.badlogic.gdx.graphics.g3d.particles.values.GradientColorValue)	null	null	/tmp/projects/libgdx/gdx/src/com/badlogic/gdx/graphics/g3d/particles/values/GradientColorValue.java	colors
METHOD	com.badlogic.gdx.graphics.g3d.particles.values.GradientColorValue	load(com.badlogic.gdx.graphics.g3d.particles.values.GradientColorValue)	null	null	/tmp/projects/libgdx/gdx/src/com/badlogic/gdx/graphics/g3d/particles/values/GradientColorValue.java	timeline
METHOD	com.badlogic.gdx.graphics.g3d.particles.batches.PointSpriteParticleBatch	allocParticlesData(int)	null	null	/tmp/projects/libgdx/gdx/src/com/badlogic/gdx/graphics/g3d/particles/batches/PointSpriteParticleBatch.java	vertices
METHOD	com.badlogic.gdx.graphics.g3d.particles.batches.PointSpriteParticleBatch	allocRenderable()	null	null	/tmp/projects/libgdx/gdx/src/com/badlogic/gdx/graphics/g3d/particles/batches/PointSpriteParticleBatch.java	renderable
METHOD	com.badlogic.gdx.graphics.g3d.particles.batches.BufferedParticleBatch	setCamera(com.badlogic.gdx.graphics.Camera)	null	null	/tmp/projects/libgdx/gdx/src/com/badlogic/gdx/graphics/g3d/particles/batches/BufferedParticleBatch.java	camera
METHOD	com.badlogic.gdx.graphics.g3d.particles.batches.BufferedParticleBatch	setSorter(com.badlogic.gdx.graphics.g3d.particles.ParticleSorter)	null	null	/tmp/projects/libgdx/gdx/src/com/badlogic/gdx/graphics/g3d/particles/batches/BufferedParticleBatch.java	sorter
METHOD	com.badlogic.gdx.graphics.g3d.particles.batches.BillboardParticleBatch	allocParticlesData(int)	null	null	/tmp/projects/libgdx/gdx/src/com/badlogic/gdx/graphics/g3d/particles/batches/BillboardParticleBatch.java	vertices
METHOD	com.badlogic.gdx.graphics.g3d.particles.batches.BillboardParticleBatch	allocIndices()	null	null	/tmp/projects/libgdx/gdx/src/com/badlogic/gdx/graphics/g3d/particles/batches/BillboardParticleBatch.java	indices
METHOD	com.badlogic.gdx.graphics.g3d.particles.batches.BillboardParticleBatch	allocShader()	null	null	/tmp/projects/libgdx/gdx/src/com/badlogic/gdx/graphics/g3d/particles/batches/BillboardParticleBatch.java	shader
METHOD	com.badlogic.gdx.graphics.g3d.particles.batches.BillboardParticleBatch	setVertexData()	null	null	/tmp/projects/libgdx/gdx/src/com/badlogic/gdx/graphics/g3d/particles/batches/BillboardParticleBatch.java	currentAttributes
METHOD	com.badlogic.gdx.graphics.g3d.particles.batches.BillboardParticleBatch	setVertexData()	null	null	/tmp/projects/libgdx/gdx/src/com/badlogic/gdx/graphics/g3d/particles/batches/BillboardParticleBatch.java	currentAttributes
METHOD	com.badlogic.gdx.graphics.g3d.particles.batches.BillboardParticleBatch	setAlignMode(com.badlogic.gdx.graphics.g3d.particles.ParticleShader.AlignMode)	null	null	/tmp/projects/libgdx/gdx/src/com/badlogic/gdx/graphics/g3d/particles/batches/BillboardParticleBatch.java	mode
METHOD	com.badlogic.gdx.graphics.g3d.particles.batches.BillboardParticleBatch	setUseGpu(boolean)	null	null	/tmp/projects/libgdx/gdx/src/com/badlogic/gdx/graphics/g3d/particles/batches/BillboardParticleBatch.java	useGPU
METHOD	com.badlogic.gdx.graphics.g3d.particles.batches.BillboardParticleBatch	setTexture(com.badlogic.gdx.graphics.Texture)	null	null	/tmp/projects/libgdx/gdx/src/com/badlogic/gdx/graphics/g3d/particles/batches/BillboardParticleBatch.java	texture
METHOD	com.badlogic.gdx.graphics.g3d.particles.renderers.ParticleControllerControllerRenderer	init()	null	null	/tmp/projects/libgdx/gdx/src/com/badlogic/gdx/graphics/g3d/particles/renderers/ParticleControllerControllerRenderer.java	controllerChannel
METHOD	com.badlogic.gdx.graphics.g3d.particles.emitters.RegularEmitter	allocateChannels()	null	null	/tmp/projects/libgdx/gdx/src/com/badlogic/gdx/graphics/g3d/particles/emitters/RegularEmitter.java	lifeChannel
METHOD	com.badlogic.gdx.graphics.g3d.particles.emitters.RegularEmitter	setEmissionMode(com.badlogic.gdx.graphics.g3d.particles.emitters.RegularEmitter.EmissionMode)	null	null	/tmp/projects/libgdx/gdx/src/com/badlogic/gdx/graphics/g3d/particles/emitters/RegularEmitter.java	emissionMode
METHOD	com.badlogic.gdx.graphics.g3d.particles.emitters.RegularEmitter	read(com.badlogic.gdx.utils.Json,com.badlogic.gdx.utils.JsonValue)	null	null	/tmp/projects/libgdx/gdx/src/com/badlogic/gdx/graphics/g3d/particles/emitters/RegularEmitter.java	emissionValue
METHOD	com.badlogic.gdx.graphics.g3d.particles.emitters.RegularEmitter	read(com.badlogic.gdx.utils.Json,com.badlogic.gdx.utils.JsonValue)	null	null	/tmp/projects/libgdx/gdx/src/com/badlogic/gdx/graphics/g3d/particles/emitters/RegularEmitter.java	delayValue
METHOD	com.badlogic.gdx.graphics.g3d.particles.emitters.RegularEmitter	read(com.badlogic.gdx.utils.Json,com.badlogic.gdx.utils.JsonValue)	null	null	/tmp/projects/libgdx/gdx/src/com/badlogic/gdx/graphics/g3d/particles/emitters/RegularEmitter.java	durationValue
METHOD	com.badlogic.gdx.graphics.g3d.particles.emitters.RegularEmitter	read(com.badlogic.gdx.utils.Json,com.badlogic.gdx.utils.JsonValue)	null	null	/tmp/projects/libgdx/gdx/src/com/badlogic/gdx/graphics/g3d/particles/emitters/RegularEmitter.java	lifeValue
METHOD	com.badlogic.gdx.graphics.g3d.particles.emitters.RegularEmitter	read(com.badlogic.gdx.utils.Json,com.badlogic.gdx.utils.JsonValue)	null	null	/tmp/projects/libgdx/gdx/src/com/badlogic/gdx/graphics/g3d/particles/emitters/RegularEmitter.java	lifeOffsetValue
METHOD	com.badlogic.gdx.graphics.g3d.particles.values.MeshSpawnShapeValue	setMesh(com.badlogic.gdx.graphics.Mesh,com.badlogic.gdx.graphics.g3d.Model)	null	null	/tmp/projects/libgdx/gdx/src/com/badlogic/gdx/graphics/g3d/particles/values/MeshSpawnShapeValue.java	model
METHOD	com.badlogic.gdx.graphics.g3d.particles.values.MeshSpawnShapeValue	setMesh(com.badlogic.gdx.graphics.Mesh,com.badlogic.gdx.graphics.g3d.Model)	null	null	/tmp/projects/libgdx/gdx/src/com/badlogic/gdx/graphics/g3d/particles/values/MeshSpawnShapeValue.java	mesh
METHOD	com.badlogic.gdx.graphics.g3d.particles.values.PrimitiveSpawnShapeValue	read(com.badlogic.gdx.utils.Json,com.badlogic.gdx.utils.JsonValue)	null	null	/tmp/projects/libgdx/gdx/src/com/badlogic/gdx/graphics/g3d/particles/values/PrimitiveSpawnShapeValue.java	spawnWidthValue
METHOD	com.badlogic.gdx.graphics.g3d.particles.values.PrimitiveSpawnShapeValue	read(com.badlogic.gdx.utils.Json,com.badlogic.gdx.utils.JsonValue)	null	null	/tmp/projects/libgdx/gdx/src/com/badlogic/gdx/graphics/g3d/particles/values/PrimitiveSpawnShapeValue.java	spawnHeightValue
METHOD	com.badlogic.gdx.graphics.g3d.particles.values.PrimitiveSpawnShapeValue	read(com.badlogic.gdx.utils.Json,com.badlogic.gdx.utils.JsonValue)	null	null	/tmp/projects/libgdx/gdx/src/com/badlogic/gdx/graphics/g3d/particles/values/PrimitiveSpawnShapeValue.java	spawnDepthValue
METHOD	com.badlogic.gdx.graphics.g3d.particles.values.UnweightedMeshSpawnShapeValue	setMesh(com.badlogic.gdx.graphics.Mesh,com.badlogic.gdx.graphics.g3d.Model)	null	null	/tmp/projects/libgdx/gdx/src/com/badlogic/gdx/graphics/g3d/particles/values/UnweightedMeshSpawnShapeValue.java	vertices
METHOD	com.badlogic.gdx.graphics.g3d.particles.values.EllipseSpawnShapeValue	setSide(com.badlogic.gdx.graphics.g3d.particles.values.PrimitiveSpawnShapeValue.SpawnSide)	null	null	/tmp/projects/libgdx/gdx/src/com/badlogic/gdx/graphics/g3d/particles/values/EllipseSpawnShapeValue.java	side
METHOD	com.badlogic.gdx.graphics.g3d.particles.values.EllipseSpawnShapeValue	load(com.badlogic.gdx.graphics.g3d.particles.values.ParticleValue)	null	null	/tmp/projects/libgdx/gdx/src/com/badlogic/gdx/graphics/g3d/particles/values/EllipseSpawnShapeValue.java	side
METHOD	com.badlogic.gdx.graphics.g3d.particles.values.EllipseSpawnShapeValue	read(com.badlogic.gdx.utils.Json,com.badlogic.gdx.utils.JsonValue)	null	null	/tmp/projects/libgdx/gdx/src/com/badlogic/gdx/graphics/g3d/particles/values/EllipseSpawnShapeValue.java	side
METHOD	com.badlogic.gdx.graphics.g3d.decals.CameraGroupStrategy	setCamera(com.badlogic.gdx.graphics.Camera)	null	null	/tmp/projects/libgdx/gdx/src/com/badlogic/gdx/graphics/g3d/decals/CameraGroupStrategy.java	camera
METHOD	com.badlogic.gdx.graphics.g3d.decals.CameraGroupStrategy	createDefaultShader()	null	null	/tmp/projects/libgdx/gdx/src/com/badlogic/gdx/graphics/g3d/decals/CameraGroupStrategy.java	shader
METHOD	com.badlogic.gdx.graphics.g3d.decals.Decal	setMaterial(com.badlogic.gdx.graphics.g3d.decals.DecalMaterial)	null	null	/tmp/projects/libgdx/gdx/src/com/badlogic/gdx/graphics/g3d/decals/Decal.java	material
METHOD	com.badlogic.gdx.graphics.g3d.decals.DecalBatch	setGroupStrategy(com.badlogic.gdx.graphics.g3d.decals.GroupStrategy)	null	null	/tmp/projects/libgdx/gdx/src/com/badlogic/gdx/graphics/g3d/decals/DecalBatch.java	groupStrategy
METHOD	com.badlogic.gdx.graphics.g3d.decals.DecalBatch	initialize(int)	null	null	/tmp/projects/libgdx/gdx/src/com/badlogic/gdx/graphics/g3d/decals/DecalBatch.java	vertices
METHOD	com.badlogic.gdx.graphics.g3d.decals.DecalBatch	initialize(int)	null	null	/tmp/projects/libgdx/gdx/src/com/badlogic/gdx/graphics/g3d/decals/DecalBatch.java	mesh
METHOD	com.badlogic.gdx.graphics.g3d.loader.MtlLoader$ObjMaterial	reset()	null	null	/tmp/projects/libgdx/gdx/src/com/badlogic/gdx/graphics/g3d/loader/ObjLoader.java	diffuseColor
METHOD	com.badlogic.gdx.graphics.g3d.loader.MtlLoader$ObjMaterial	reset()	null	null	/tmp/projects/libgdx/gdx/src/com/badlogic/gdx/graphics/g3d/loader/ObjLoader.java	specularColor
METHOD	com.badlogic.gdx.graphics.g3d.ModelCache	begin(com.badlogic.gdx.graphics.Camera)	null	null	/tmp/projects/libgdx/gdx/src/com/badlogic/gdx/graphics/g3d/ModelCache.java	camera
METHOD	com.badlogic.gdx.graphics.profiling.GLProfiler	setListener(com.badlogic.gdx.graphics.profiling.GLErrorListener)	null	null	/tmp/projects/libgdx/gdx/src/com/badlogic/gdx/graphics/profiling/GLProfiler.java	listener
METHOD	com.badlogic.gdx.graphics.glutils.InstanceBufferObject	setBuffer(java.nio.Buffer,boolean,com.badlogic.gdx.graphics.VertexAttributes)	null	null	/tmp/projects/libgdx/gdx/src/com/badlogic/gdx/graphics/glutils/InstanceBufferObject.java	attributes
METHOD	com.badlogic.gdx.graphics.glutils.InstanceBufferObject	setBuffer(java.nio.Buffer,boolean,com.badlogic.gdx.graphics.VertexAttributes)	null	null	/tmp/projects/libgdx/gdx/src/com/badlogic/gdx/graphics/glutils/InstanceBufferObject.java	byteBuffer
METHOD	com.badlogic.gdx.graphics.glutils.InstanceBufferObject	setBuffer(java.nio.Buffer,boolean,com.badlogic.gdx.graphics.VertexAttributes)	null	null	/tmp/projects/libgdx/gdx/src/com/badlogic/gdx/graphics/glutils/InstanceBufferObject.java	buffer
METHOD	com.badlogic.gdx.graphics.glutils.VertexBufferObject	setBuffer(java.nio.Buffer,boolean,com.badlogic.gdx.graphics.VertexAttributes)	null	null	/tmp/projects/libgdx/gdx/src/com/badlogic/gdx/graphics/glutils/VertexBufferObject.java	attributes
METHOD	com.badlogic.gdx.graphics.glutils.VertexBufferObject	setBuffer(java.nio.Buffer,boolean,com.badlogic.gdx.graphics.VertexAttributes)	null	null	/tmp/projects/libgdx/gdx/src/com/badlogic/gdx/graphics/glutils/VertexBufferObject.java	byteBuffer
METHOD	com.badlogic.gdx.graphics.glutils.VertexBufferObject	setBuffer(java.nio.Buffer,boolean,com.badlogic.gdx.graphics.VertexAttributes)	null	null	/tmp/projects/libgdx/gdx/src/com/badlogic/gdx/graphics/glutils/VertexBufferObject.java	buffer
METHOD	com.badlogic.gdx.graphics.glutils.ETC1TextureData	prepare()	null	null	/tmp/projects/libgdx/gdx/src/com/badlogic/gdx/graphics/glutils/ETC1TextureData.java	data
METHOD	com.badlogic.gdx.graphics.glutils.FileTextureData	prepare()	null	null	/tmp/projects/libgdx/gdx/src/com/badlogic/gdx/graphics/glutils/FileTextureData.java	pixmap
METHOD	com.badlogic.gdx.graphics.glutils.FileTextureData	prepare()	null	null	/tmp/projects/libgdx/gdx/src/com/badlogic/gdx/graphics/glutils/FileTextureData.java	pixmap
METHOD	com.badlogic.gdx.graphics.glutils.KTXTextureData	prepare()	null	null	/tmp/projects/libgdx/gdx/src/com/badlogic/gdx/graphics/glutils/KTXTextureData.java	compressedData
METHOD	com.badlogic.gdx.graphics.glutils.KTXTextureData	prepare()	null	null	/tmp/projects/libgdx/gdx/src/com/badlogic/gdx/graphics/glutils/KTXTextureData.java	compressedData
METHOD	com.badlogic.gdx.graphics.glutils.KTXTextureData	prepare()	null	null	/tmp/projects/libgdx/gdx/src/com/badlogic/gdx/graphics/glutils/KTXTextureData.java	numberOfMipmapLevels
METHOD	com.badlogic.gdx.graphics.glutils.KTXTextureData	prepare()	null	null	/tmp/projects/libgdx/gdx/src/com/badlogic/gdx/graphics/glutils/KTXTextureData.java	numberOfMipmapLevels
METHOD	com.badlogic.gdx.graphics.glutils.KTXTextureData	prepare()	null	null	/tmp/projects/libgdx/gdx/src/com/badlogic/gdx/graphics/glutils/KTXTextureData.java	compressedData
METHOD	com.badlogic.gdx.graphics.glutils.VertexBufferObjectWithVAO	deleteVAO()	null	null	/tmp/projects/libgdx/gdx/src/com/badlogic/gdx/graphics/glutils/VertexBufferObjectWithVAO.java	vaoHandle
METHOD	com.badlogic.gdx.graphics.glutils.ImmediateModeRenderer20	setShader(com.badlogic.gdx.graphics.glutils.ShaderProgram)	null	null	/tmp/projects/libgdx/gdx/src/com/badlogic/gdx/graphics/glutils/ImmediateModeRenderer20.java	shader
METHOD	com.badlogic.gdx.graphics.glutils.ImmediateModeRenderer20	flush()	null	null	/tmp/projects/libgdx/gdx/src/com/badlogic/gdx/graphics/glutils/ImmediateModeRenderer20.java	numVertices
METHOD	com.badlogic.gdx.net.HttpRequestBuilder	newRequest()	null	null	/tmp/projects/libgdx/gdx/src/com/badlogic/gdx/net/HttpRequestBuilder.java	httpRequest
METHOD	com.badlogic.gdx.maps.objects.PolygonMapObject	setPolygon(com.badlogic.gdx.math.Polygon)	null	null	/tmp/projects/libgdx/gdx/src/com/badlogic/gdx/maps/objects/PolygonMapObject.java	polygon
METHOD	com.badlogic.gdx.maps.MapObject	setName(java.lang.String)	null	null	/tmp/projects/libgdx/gdx/src/com/badlogic/gdx/maps/MapObject.java	name
METHOD	com.badlogic.gdx.maps.MapObject	setColor(com.badlogic.gdx.graphics.Color)	null	null	/tmp/projects/libgdx/gdx/src/com/badlogic/gdx/maps/MapObject.java	color
METHOD	com.badlogic.gdx.math.Polygon	setVertices(float[])	null	null	/tmp/projects/libgdx/gdx/src/com/badlogic/gdx/math/Polygon.java	localVertices
METHOD	com.badlogic.gdx.math.Polygon	getBoundingRectangle()	null	null	/tmp/projects/libgdx/gdx/src/com/badlogic/gdx/math/Polygon.java	bounds
METHOD	com.badlogic.gdx.maps.objects.TextureMapObject	setTextureRegion(com.badlogic.gdx.graphics.g2d.TextureRegion)	null	null	/tmp/projects/libgdx/gdx/src/com/badlogic/gdx/maps/objects/TextureMapObject.java	textureRegion
METHOD	com.badlogic.gdx.maps.objects.PolylineMapObject	setPolyline(com.badlogic.gdx.math.Polyline)	null	null	/tmp/projects/libgdx/gdx/src/com/badlogic/gdx/maps/objects/PolylineMapObject.java	polyline
METHOD	com.badlogic.gdx.math.Polyline	setVertices(float[])	null	null	/tmp/projects/libgdx/gdx/src/com/badlogic/gdx/math/Polyline.java	localVertices
METHOD	com.badlogic.gdx.math.Polyline	getBoundingRectangle()	null	null	/tmp/projects/libgdx/gdx/src/com/badlogic/gdx/math/Polyline.java	bounds
METHOD	com.badlogic.gdx.maps.MapLayer	setName(java.lang.String)	null	null	/tmp/projects/libgdx/gdx/src/com/badlogic/gdx/maps/MapLayer.java	name
METHOD	com.badlogic.gdx.maps.MapLayer	setParent(com.badlogic.gdx.maps.MapLayer)	null	null	/tmp/projects/libgdx/gdx/src/com/badlogic/gdx/maps/MapLayer.java	parent
METHOD	com.badlogic.gdx.maps.tiled.objects.TiledMapTileMapObject	setTile(com.badlogic.gdx.maps.tiled.TiledMapTile)	null	null	/tmp/projects/libgdx/gdx/src/com/badlogic/gdx/maps/tiled/objects/TiledMapTileMapObject.java	tile
METHOD	com.badlogic.gdx.maps.tiled.TiledMapTileLayer$Cell	setTile(com.badlogic.gdx.maps.tiled.TiledMapTile)	null	null	/tmp/projects/libgdx/gdx/src/com/badlogic/gdx/maps/tiled/TiledMapTileLayer.java	tile
METHOD	com.badlogic.gdx.maps.tiled.BaseTmxMapLoader	getDependencies(java.lang.String,com.badlogic.gdx.files.FileHandle,P)	null	null	/tmp/projects/libgdx/gdx/src/com/badlogic/gdx/maps/tiled/BaseTmxMapLoader.java	root
METHOD	com.badlogic.gdx.maps.tiled.BaseTmxMapLoader	loadTiledMap(com.badlogic.gdx.files.FileHandle,P,com.badlogic.gdx.maps.ImageResolver)	null	null	/tmp/projects/libgdx/gdx/src/com/badlogic/gdx/maps/tiled/BaseTmxMapLoader.java	map
METHOD	com.badlogic.gdx.maps.tiled.TiledMap	setOwnedResources(com.badlogic.gdx.utils.Array<? extends com.badlogic.gdx.utils.Disposable>)	null	null	/tmp/projects/libgdx/gdx/src/com/badlogic/gdx/maps/tiled/TiledMap.java	ownedResources
METHOD	com.badlogic.gdx.maps.tiled.TiledMapTileSet	setName(java.lang.String)	null	null	/tmp/projects/libgdx/gdx/src/com/badlogic/gdx/maps/tiled/TiledMapTileSet.java	name
METHOD	com.badlogic.gdx.maps.tiled.tiles.AnimatedTiledMapTile	setBlendMode(com.badlogic.gdx.maps.tiled.TiledMapTile.BlendMode)	null	null	/tmp/projects/libgdx/gdx/src/com/badlogic/gdx/maps/tiled/tiles/AnimatedTiledMapTile.java	blendMode
METHOD	com.badlogic.gdx.maps.tiled.tiles.AnimatedTiledMapTile	setAnimationIntervals(int[])	null	null	/tmp/projects/libgdx/gdx/src/com/badlogic/gdx/maps/tiled/tiles/AnimatedTiledMapTile.java	animationIntervals
METHOD	com.badlogic.gdx.maps.tiled.tiles.AnimatedTiledMapTile	getProperties()	null	null	/tmp/projects/libgdx/gdx/src/com/badlogic/gdx/maps/tiled/tiles/AnimatedTiledMapTile.java	properties
METHOD	com.badlogic.gdx.maps.tiled.tiles.AnimatedTiledMapTile	getObjects()	null	null	/tmp/projects/libgdx/gdx/src/com/badlogic/gdx/maps/tiled/tiles/AnimatedTiledMapTile.java	objects
METHOD	com.badlogic.gdx.maps.tiled.tiles.StaticTiledMapTile	setBlendMode(com.badlogic.gdx.maps.tiled.TiledMapTile.BlendMode)	null	null	/tmp/projects/libgdx/gdx/src/com/badlogic/gdx/maps/tiled/tiles/StaticTiledMapTile.java	blendMode
METHOD	com.badlogic.gdx.maps.tiled.tiles.StaticTiledMapTile	getProperties()	null	null	/tmp/projects/libgdx/gdx/src/com/badlogic/gdx/maps/tiled/tiles/StaticTiledMapTile.java	properties
METHOD	com.badlogic.gdx.maps.tiled.tiles.StaticTiledMapTile	getObjects()	null	null	/tmp/projects/libgdx/gdx/src/com/badlogic/gdx/maps/tiled/tiles/StaticTiledMapTile.java	objects
METHOD	com.badlogic.gdx.maps.tiled.tiles.StaticTiledMapTile	setTextureRegion(com.badlogic.gdx.graphics.g2d.TextureRegion)	null	null	/tmp/projects/libgdx/gdx/src/com/badlogic/gdx/maps/tiled/tiles/StaticTiledMapTile.java	textureRegion
METHOD	com.badlogic.gdx.maps.tiled.TiledMapImageLayer	setTextureRegion(com.badlogic.gdx.graphics.g2d.TextureRegion)	null	null	/tmp/projects/libgdx/gdx/src/com/badlogic/gdx/maps/tiled/TiledMapImageLayer.java	region
METHOD	com.badlogic.gdx.maps.tiled.renderers.BatchTiledMapRenderer	setMap(com.badlogic.gdx.maps.tiled.TiledMap)	null	null	/tmp/projects/libgdx/gdx/src/com/badlogic/gdx/maps/tiled/renderers/BatchTiledMapRenderer.java	map
METHOD	com.badlogic.gdx.maps.tiled.renderers.IsometricTiledMapRenderer	init()	null	null	/tmp/projects/libgdx/gdx/src/com/badlogic/gdx/maps/tiled/renderers/IsometricTiledMapRenderer.java	isoTransform
METHOD	com.badlogic.gdx.maps.tiled.renderers.IsometricTiledMapRenderer	init()	null	null	/tmp/projects/libgdx/gdx/src/com/badlogic/gdx/maps/tiled/renderers/IsometricTiledMapRenderer.java	invIsotransform
METHOD	com.badlogic.gdx.maps.tiled.AtlasTmxMapLoader	load(java.lang.String,com.badlogic.gdx.maps.tiled.AtlasTmxMapLoader.AtlasTiledMapLoaderParameters)	null	null	/tmp/projects/libgdx/gdx/src/com/badlogic/gdx/maps/tiled/AtlasTmxMapLoader.java	atlasResolver
METHOD	com.badlogic.gdx.maps.tiled.AtlasTmxMapLoader	loadAsync(com.badlogic.gdx.assets.AssetManager,java.lang.String,com.badlogic.gdx.files.FileHandle,com.badlogic.gdx.maps.tiled.AtlasTmxMapLoader.AtlasTiledMapLoaderParameters)	null	null	/tmp/projects/libgdx/gdx/src/com/badlogic/gdx/maps/tiled/AtlasTmxMapLoader.java	atlasResolver
METHOD	com.badlogic.gdx.maps.tiled.TideMapLoader	load(java.lang.String)	null	null	/tmp/projects/libgdx/gdx/src/com/badlogic/gdx/maps/tiled/TideMapLoader.java	root
METHOD	com.badlogic.gdx.maps.tiled.TideMapLoader	getDependencies(java.lang.String,com.badlogic.gdx.files.FileHandle,com.badlogic.gdx.maps.tiled.TideMapLoader.Parameters)	null	null	/tmp/projects/libgdx/gdx/src/com/badlogic/gdx/maps/tiled/TideMapLoader.java	root
METHOD	com.badlogic.gdx.math.Bezier	set(T[],int,int)	null	null	/tmp/projects/libgdx/gdx/src/com/badlogic/gdx/math/Bezier.java	tmp
METHOD	com.badlogic.gdx.math.Bezier	set(T[],int,int)	null	null	/tmp/projects/libgdx/gdx/src/com/badlogic/gdx/math/Bezier.java	tmp2
METHOD	com.badlogic.gdx.math.Bezier	set(T[],int,int)	null	null	/tmp/projects/libgdx/gdx/src/com/badlogic/gdx/math/Bezier.java	tmp3
METHOD	com.badlogic.gdx.math.Bezier	set(com.badlogic.gdx.utils.Array<T>,int,int)	null	null	/tmp/projects/libgdx/gdx/src/com/badlogic/gdx/math/Bezier.java	tmp
METHOD	com.badlogic.gdx.math.Bezier	set(com.badlogic.gdx.utils.Array<T>,int,int)	null	null	/tmp/projects/libgdx/gdx/src/com/badlogic/gdx/math/Bezier.java	tmp2
METHOD	com.badlogic.gdx.math.Bezier	set(com.badlogic.gdx.utils.Array<T>,int,int)	null	null	/tmp/projects/libgdx/gdx/src/com/badlogic/gdx/math/Bezier.java	tmp3
METHOD	com.badlogic.gdx.math.Octree$OctreeNode	split()	null	null	/tmp/projects/libgdx/gdx/src/com/badlogic/gdx/math/Octree.java	children
METHOD	com.badlogic.gdx.math.BSpline	set(T[],int,boolean)	null	null	/tmp/projects/libgdx/gdx/src/com/badlogic/gdx/math/BSpline.java	tmp
METHOD	com.badlogic.gdx.math.BSpline	set(T[],int,boolean)	null	null	/tmp/projects/libgdx/gdx/src/com/badlogic/gdx/math/BSpline.java	tmp2
METHOD	com.badlogic.gdx.math.BSpline	set(T[],int,boolean)	null	null	/tmp/projects/libgdx/gdx/src/com/badlogic/gdx/math/BSpline.java	tmp3
METHOD	com.badlogic.gdx.math.BSpline	set(T[],int,boolean)	null	null	/tmp/projects/libgdx/gdx/src/com/badlogic/gdx/math/BSpline.java	controlPoints
METHOD	com.badlogic.gdx.math.BSpline	set(T[],int,boolean)	null	null	/tmp/projects/libgdx/gdx/src/com/badlogic/gdx/math/BSpline.java	knots
METHOD	com.badlogic.gdx.math.CatmullRomSpline	set(T[],boolean)	null	null	/tmp/projects/libgdx/gdx/src/com/badlogic/gdx/math/CatmullRomSpline.java	tmp
METHOD	com.badlogic.gdx.math.CatmullRomSpline	set(T[],boolean)	null	null	/tmp/projects/libgdx/gdx/src/com/badlogic/gdx/math/CatmullRomSpline.java	tmp2
METHOD	com.badlogic.gdx.math.CatmullRomSpline	set(T[],boolean)	null	null	/tmp/projects/libgdx/gdx/src/com/badlogic/gdx/math/CatmullRomSpline.java	tmp3
METHOD	com.badlogic.gdx.math.CatmullRomSpline	set(T[],boolean)	null	null	/tmp/projects/libgdx/gdx/src/com/badlogic/gdx/math/CatmullRomSpline.java	controlPoints
