class	path
com.badlogic.gdx.Audio	/home/nima/Desktop/docker/benchmarks/libgdx/gdx/src/com/badlogic/gdx/Audio.java
com.badlogic.gdx.audio.AudioDevice	/home/nima/Desktop/docker/benchmarks/libgdx/gdx/src/com/badlogic/gdx/audio/AudioDevice.java
com.badlogic.gdx.utils.Disposable	/home/nima/Desktop/docker/benchmarks/libgdx/gdx/src/com/badlogic/gdx/utils/Disposable.java
com.badlogic.gdx.audio.AudioRecorder	/home/nima/Desktop/docker/benchmarks/libgdx/gdx/src/com/badlogic/gdx/audio/AudioRecorder.java
com.badlogic.gdx.Files	/home/nima/Desktop/docker/benchmarks/libgdx/gdx/src/com/badlogic/gdx/Files.java
com.badlogic.gdx.Files$FileType	/home/nima/Desktop/docker/benchmarks/libgdx/gdx/src/com/badlogic/gdx/Files.java
com.badlogic.gdx.files.FileHandle	/home/nima/Desktop/docker/benchmarks/libgdx/gdx/src/com/badlogic/gdx/files/FileHandle.java
com.badlogic.gdx.audio.Sound	/home/nima/Desktop/docker/benchmarks/libgdx/gdx/src/com/badlogic/gdx/audio/Sound.java
com.badlogic.gdx.audio.Music	/home/nima/Desktop/docker/benchmarks/libgdx/gdx/src/com/badlogic/gdx/audio/Music.java
com.badlogic.gdx.audio.Music$OnCompletionListener	/home/nima/Desktop/docker/benchmarks/libgdx/gdx/src/com/badlogic/gdx/audio/Music.java
com.badlogic.gdx.InputAdapter	/home/nima/Desktop/docker/benchmarks/libgdx/gdx/src/com/badlogic/gdx/InputAdapter.java
com.badlogic.gdx.Input	/home/nima/Desktop/docker/benchmarks/libgdx/gdx/src/com/badlogic/gdx/Input.java
com.badlogic.gdx.Input$TextInputListener	/home/nima/Desktop/docker/benchmarks/libgdx/gdx/src/com/badlogic/gdx/Input.java
com.badlogic.gdx.Input$Buttons	/home/nima/Desktop/docker/benchmarks/libgdx/gdx/src/com/badlogic/gdx/Input.java
com.badlogic.gdx.Input$Keys	/home/nima/Desktop/docker/benchmarks/libgdx/gdx/src/com/badlogic/gdx/Input.java
com.badlogic.gdx.Input$Peripheral	/home/nima/Desktop/docker/benchmarks/libgdx/gdx/src/com/badlogic/gdx/Input.java
com.badlogic.gdx.Input$OnscreenKeyboardType	/home/nima/Desktop/docker/benchmarks/libgdx/gdx/src/com/badlogic/gdx/Input.java
com.badlogic.gdx.Input$VibrationType	/home/nima/Desktop/docker/benchmarks/libgdx/gdx/src/com/badlogic/gdx/Input.java
com.badlogic.gdx.Input$Orientation	/home/nima/Desktop/docker/benchmarks/libgdx/gdx/src/com/badlogic/gdx/Input.java
com.badlogic.gdx.InputProcessor	/home/nima/Desktop/docker/benchmarks/libgdx/gdx/src/com/badlogic/gdx/InputProcessor.java
com.badlogic.gdx.Application	/home/nima/Desktop/docker/benchmarks/libgdx/gdx/src/com/badlogic/gdx/Application.java
com.badlogic.gdx.Application$ApplicationType	/home/nima/Desktop/docker/benchmarks/libgdx/gdx/src/com/badlogic/gdx/Application.java
com.badlogic.gdx.ApplicationListener	/home/nima/Desktop/docker/benchmarks/libgdx/gdx/src/com/badlogic/gdx/ApplicationListener.java
com.badlogic.gdx.graphics.Cursor	/home/nima/Desktop/docker/benchmarks/libgdx/gdx/src/com/badlogic/gdx/graphics/Cursor.java
com.badlogic.gdx.graphics.Cursor$SystemCursor	/home/nima/Desktop/docker/benchmarks/libgdx/gdx/src/com/badlogic/gdx/graphics/Cursor.java
com.badlogic.gdx.Graphics	/home/nima/Desktop/docker/benchmarks/libgdx/gdx/src/com/badlogic/gdx/Graphics.java
com.badlogic.gdx.Graphics$GraphicsType	/home/nima/Desktop/docker/benchmarks/libgdx/gdx/src/com/badlogic/gdx/Graphics.java
com.badlogic.gdx.Graphics$DisplayMode	/home/nima/Desktop/docker/benchmarks/libgdx/gdx/src/com/badlogic/gdx/Graphics.java
com.badlogic.gdx.Graphics$Monitor	/home/nima/Desktop/docker/benchmarks/libgdx/gdx/src/com/badlogic/gdx/Graphics.java
com.badlogic.gdx.Graphics$BufferFormat	/home/nima/Desktop/docker/benchmarks/libgdx/gdx/src/com/badlogic/gdx/Graphics.java
com.badlogic.gdx.utils.Pool	/home/nima/Desktop/docker/benchmarks/libgdx/gdx/src/com/badlogic/gdx/utils/Pool.java
com.badlogic.gdx.utils.Pool$Poolable	/home/nima/Desktop/docker/benchmarks/libgdx/gdx/src/com/badlogic/gdx/utils/Pool.java
com.badlogic.gdx.Net	/home/nima/Desktop/docker/benchmarks/libgdx/gdx/src/com/badlogic/gdx/Net.java
com.badlogic.gdx.Net$HttpResponse	/home/nima/Desktop/docker/benchmarks/libgdx/gdx/src/com/badlogic/gdx/Net.java
com.badlogic.gdx.Net$HttpMethods	/home/nima/Desktop/docker/benchmarks/libgdx/gdx/src/com/badlogic/gdx/Net.java
com.badlogic.gdx.Net$HttpRequest	/home/nima/Desktop/docker/benchmarks/libgdx/gdx/src/com/badlogic/gdx/Net.java
com.badlogic.gdx.Net$HttpResponseListener	/home/nima/Desktop/docker/benchmarks/libgdx/gdx/src/com/badlogic/gdx/Net.java
com.badlogic.gdx.Net$Protocol	/home/nima/Desktop/docker/benchmarks/libgdx/gdx/src/com/badlogic/gdx/Net.java
com.badlogic.gdx.ApplicationLogger	/home/nima/Desktop/docker/benchmarks/libgdx/gdx/src/com/badlogic/gdx/ApplicationLogger.java
com.badlogic.gdx.Preferences	/home/nima/Desktop/docker/benchmarks/libgdx/gdx/src/com/badlogic/gdx/Preferences.java
com.badlogic.gdx.utils.Clipboard	/home/nima/Desktop/docker/benchmarks/libgdx/gdx/src/com/badlogic/gdx/utils/Clipboard.java
com.badlogic.gdx.LifecycleListener	/home/nima/Desktop/docker/benchmarks/libgdx/gdx/src/com/badlogic/gdx/LifecycleListener.java
com.badlogic.gdx.net.ServerSocketHints	/home/nima/Desktop/docker/benchmarks/libgdx/gdx/src/com/badlogic/gdx/net/ServerSocketHints.java
com.badlogic.gdx.net.ServerSocket	/home/nima/Desktop/docker/benchmarks/libgdx/gdx/src/com/badlogic/gdx/net/ServerSocket.java
com.badlogic.gdx.net.SocketHints	/home/nima/Desktop/docker/benchmarks/libgdx/gdx/src/com/badlogic/gdx/net/SocketHints.java
com.badlogic.gdx.net.Socket	/home/nima/Desktop/docker/benchmarks/libgdx/gdx/src/com/badlogic/gdx/net/Socket.java
com.badlogic.gdx.net.HttpStatus	/home/nima/Desktop/docker/benchmarks/libgdx/gdx/src/com/badlogic/gdx/net/HttpStatus.java
com.badlogic.gdx.utils.Array	/home/nima/Desktop/docker/benchmarks/libgdx/gdx/src/com/badlogic/gdx/utils/Array.java
com.badlogic.gdx.utils.Array$ArrayIterator	/home/nima/Desktop/docker/benchmarks/libgdx/gdx/src/com/badlogic/gdx/utils/Array.java
com.badlogic.gdx.utils.Array$ArrayIterable	/home/nima/Desktop/docker/benchmarks/libgdx/gdx/src/com/badlogic/gdx/utils/Array.java
com.badlogic.gdx.utils.Predicate	/home/nima/Desktop/docker/benchmarks/libgdx/gdx/src/com/badlogic/gdx/utils/Predicate.java
com.badlogic.gdx.utils.Predicate$PredicateIterator	/home/nima/Desktop/docker/benchmarks/libgdx/gdx/src/com/badlogic/gdx/utils/Predicate.java
com.badlogic.gdx.utils.Predicate$PredicateIterable	/home/nima/Desktop/docker/benchmarks/libgdx/gdx/src/com/badlogic/gdx/utils/Predicate.java
com.badlogic.gdx.graphics.GL20	/home/nima/Desktop/docker/benchmarks/libgdx/gdx/src/com/badlogic/gdx/graphics/GL20.java
com.badlogic.gdx.graphics.GL30	/home/nima/Desktop/docker/benchmarks/libgdx/gdx/src/com/badlogic/gdx/graphics/GL30.java
com.badlogic.gdx.graphics.glutils.GLVersion	/home/nima/Desktop/docker/benchmarks/libgdx/gdx/src/com/badlogic/gdx/graphics/glutils/GLVersion.java
com.badlogic.gdx.graphics.glutils.GLVersion$Type	/home/nima/Desktop/docker/benchmarks/libgdx/gdx/src/com/badlogic/gdx/graphics/glutils/GLVersion.java
com.badlogic.gdx.graphics.Pixmap	/home/nima/Desktop/docker/benchmarks/libgdx/gdx/src/com/badlogic/gdx/graphics/Pixmap.java
com.badlogic.gdx.graphics.Pixmap$Format	/home/nima/Desktop/docker/benchmarks/libgdx/gdx/src/com/badlogic/gdx/graphics/Pixmap.java
com.badlogic.gdx.graphics.Pixmap$Blending	/home/nima/Desktop/docker/benchmarks/libgdx/gdx/src/com/badlogic/gdx/graphics/Pixmap.java
com.badlogic.gdx.graphics.Pixmap$Filter	/home/nima/Desktop/docker/benchmarks/libgdx/gdx/src/com/badlogic/gdx/graphics/Pixmap.java
com.badlogic.gdx.graphics.Pixmap$1	/home/nima/Desktop/docker/benchmarks/libgdx/gdx/src/com/badlogic/gdx/graphics/Pixmap.java
com.badlogic.gdx.graphics.Pixmap$1$1	/home/nima/Desktop/docker/benchmarks/libgdx/gdx/src/com/badlogic/gdx/graphics/Pixmap.java
com.badlogic.gdx.graphics.Pixmap$DownloadPixmapResponseListener	/home/nima/Desktop/docker/benchmarks/libgdx/gdx/src/com/badlogic/gdx/graphics/Pixmap.java
com.badlogic.gdx.graphics.g2d.Gdx2DPixmap	/home/nima/Desktop/docker/benchmarks/libgdx/gdx/src/com/badlogic/gdx/graphics/g2d/Gdx2DPixmap.java
com.badlogic.gdx.graphics.Color	/home/nima/Desktop/docker/benchmarks/libgdx/gdx/src/com/badlogic/gdx/graphics/Color.java
com.badlogic.gdx.utils.GdxRuntimeException	/home/nima/Desktop/docker/benchmarks/libgdx/gdx/src/com/badlogic/gdx/utils/GdxRuntimeException.java
com.badlogic.gdx.files.FileHandleStream	/home/nima/Desktop/docker/benchmarks/libgdx/gdx/src/com/badlogic/gdx/files/FileHandleStream.java
com.badlogic.gdx.AbstractInput	/home/nima/Desktop/docker/benchmarks/libgdx/gdx/src/com/badlogic/gdx/AbstractInput.java
com.badlogic.gdx.utils.ObjectSet	/home/nima/Desktop/docker/benchmarks/libgdx/gdx/src/com/badlogic/gdx/utils/ObjectSet.java
com.badlogic.gdx.utils.ObjectSet$ObjectSetIterator	/home/nima/Desktop/docker/benchmarks/libgdx/gdx/src/com/badlogic/gdx/utils/ObjectSet.java
com.badlogic.gdx.utils.IntSet	/home/nima/Desktop/docker/benchmarks/libgdx/gdx/src/com/badlogic/gdx/utils/IntSet.java
com.badlogic.gdx.utils.IntSet$IntSetIterator	/home/nima/Desktop/docker/benchmarks/libgdx/gdx/src/com/badlogic/gdx/utils/IntSet.java
com.badlogic.gdx.utils.IntArray	/home/nima/Desktop/docker/benchmarks/libgdx/gdx/src/com/badlogic/gdx/utils/IntArray.java
com.badlogic.gdx.utils.GdxNativesLoader	/home/nima/Desktop/docker/benchmarks/libgdx/gdx/src/com/badlogic/gdx/utils/GdxNativesLoader.java
com.badlogic.gdx.utils.Bits	/home/nima/Desktop/docker/benchmarks/libgdx/gdx/src/com/badlogic/gdx/utils/Bits.java
com.badlogic.gdx.utils.LongQueue	/home/nima/Desktop/docker/benchmarks/libgdx/gdx/src/com/badlogic/gdx/utils/LongQueue.java
com.badlogic.gdx.utils.LongMap	/home/nima/Desktop/docker/benchmarks/libgdx/gdx/src/com/badlogic/gdx/utils/LongMap.java
com.badlogic.gdx.utils.LongMap$Entry	/home/nima/Desktop/docker/benchmarks/libgdx/gdx/src/com/badlogic/gdx/utils/LongMap.java
com.badlogic.gdx.utils.LongMap$MapIterator	/home/nima/Desktop/docker/benchmarks/libgdx/gdx/src/com/badlogic/gdx/utils/LongMap.java
com.badlogic.gdx.utils.LongMap$Entries	/home/nima/Desktop/docker/benchmarks/libgdx/gdx/src/com/badlogic/gdx/utils/LongMap.java
com.badlogic.gdx.utils.LongMap$Values	/home/nima/Desktop/docker/benchmarks/libgdx/gdx/src/com/badlogic/gdx/utils/LongMap.java
com.badlogic.gdx.utils.LongMap$Keys	/home/nima/Desktop/docker/benchmarks/libgdx/gdx/src/com/badlogic/gdx/utils/LongMap.java
com.badlogic.gdx.utils.LongArray	/home/nima/Desktop/docker/benchmarks/libgdx/gdx/src/com/badlogic/gdx/utils/LongArray.java
com.badlogic.gdx.utils.ObjectMap	/home/nima/Desktop/docker/benchmarks/libgdx/gdx/src/com/badlogic/gdx/utils/ObjectMap.java
com.badlogic.gdx.utils.ObjectMap$Entry	/home/nima/Desktop/docker/benchmarks/libgdx/gdx/src/com/badlogic/gdx/utils/ObjectMap.java
com.badlogic.gdx.utils.ObjectMap$MapIterator	/home/nima/Desktop/docker/benchmarks/libgdx/gdx/src/com/badlogic/gdx/utils/ObjectMap.java
com.badlogic.gdx.utils.ObjectMap$Entries	/home/nima/Desktop/docker/benchmarks/libgdx/gdx/src/com/badlogic/gdx/utils/ObjectMap.java
com.badlogic.gdx.utils.ObjectMap$Values	/home/nima/Desktop/docker/benchmarks/libgdx/gdx/src/com/badlogic/gdx/utils/ObjectMap.java
com.badlogic.gdx.utils.ObjectMap$Keys	/home/nima/Desktop/docker/benchmarks/libgdx/gdx/src/com/badlogic/gdx/utils/ObjectMap.java
com.badlogic.gdx.utils.ArrayMap	/home/nima/Desktop/docker/benchmarks/libgdx/gdx/src/com/badlogic/gdx/utils/ArrayMap.java
com.badlogic.gdx.utils.ArrayMap$Entries	/home/nima/Desktop/docker/benchmarks/libgdx/gdx/src/com/badlogic/gdx/utils/ArrayMap.java
com.badlogic.gdx.utils.ArrayMap$Values	/home/nima/Desktop/docker/benchmarks/libgdx/gdx/src/com/badlogic/gdx/utils/ArrayMap.java
com.badlogic.gdx.utils.ArrayMap$Keys	/home/nima/Desktop/docker/benchmarks/libgdx/gdx/src/com/badlogic/gdx/utils/ArrayMap.java
com.badlogic.gdx.utils.Base64Coder	/home/nima/Desktop/docker/benchmarks/libgdx/gdx/src/com/badlogic/gdx/utils/Base64Coder.java
com.badlogic.gdx.utils.Base64Coder$CharMap	/home/nima/Desktop/docker/benchmarks/libgdx/gdx/src/com/badlogic/gdx/utils/Base64Coder.java
com.badlogic.gdx.utils.JsonWriter	/home/nima/Desktop/docker/benchmarks/libgdx/gdx/src/com/badlogic/gdx/utils/JsonWriter.java
com.badlogic.gdx.utils.JsonWriter$JsonObject	/home/nima/Desktop/docker/benchmarks/libgdx/gdx/src/com/badlogic/gdx/utils/JsonWriter.java
com.badlogic.gdx.utils.JsonWriter$OutputType	/home/nima/Desktop/docker/benchmarks/libgdx/gdx/src/com/badlogic/gdx/utils/JsonWriter.java
com.badlogic.gdx.utils.async.AsyncTask	/home/nima/Desktop/docker/benchmarks/libgdx/gdx/src/com/badlogic/gdx/utils/async/AsyncTask.java
com.badlogic.gdx.utils.async.AsyncExecutor	/home/nima/Desktop/docker/benchmarks/libgdx/gdx/src/com/badlogic/gdx/utils/async/AsyncExecutor.java
com.badlogic.gdx.utils.async.AsyncExecutor$1	/home/nima/Desktop/docker/benchmarks/libgdx/gdx/src/com/badlogic/gdx/utils/async/AsyncExecutor.java
com.badlogic.gdx.utils.async.AsyncExecutor$2	/home/nima/Desktop/docker/benchmarks/libgdx/gdx/src/com/badlogic/gdx/utils/async/AsyncExecutor.java
com.badlogic.gdx.utils.async.AsyncResult	/home/nima/Desktop/docker/benchmarks/libgdx/gdx/src/com/badlogic/gdx/utils/async/AsyncResult.java
com.badlogic.gdx.utils.async.ThreadUtils	/home/nima/Desktop/docker/benchmarks/libgdx/gdx/src/com/badlogic/gdx/utils/async/ThreadUtils.java
com.badlogic.gdx.utils.TimSort	/home/nima/Desktop/docker/benchmarks/libgdx/gdx/src/com/badlogic/gdx/utils/TimSort.java
com.badlogic.gdx.utils.CharArray	/home/nima/Desktop/docker/benchmarks/libgdx/gdx/src/com/badlogic/gdx/utils/CharArray.java
com.badlogic.gdx.utils.BufferUtils	/home/nima/Desktop/docker/benchmarks/libgdx/gdx/src/com/badlogic/gdx/utils/BufferUtils.java
com.badlogic.gdx.math.Matrix4	/home/nima/Desktop/docker/benchmarks/libgdx/gdx/src/com/badlogic/gdx/math/Matrix4.java
com.badlogic.gdx.math.Matrix3	/home/nima/Desktop/docker/benchmarks/libgdx/gdx/src/com/badlogic/gdx/math/Matrix3.java
com.badlogic.gdx.math.Vector3	/home/nima/Desktop/docker/benchmarks/libgdx/gdx/src/com/badlogic/gdx/math/Vector3.java
com.badlogic.gdx.math.Vector	/home/nima/Desktop/docker/benchmarks/libgdx/gdx/src/com/badlogic/gdx/math/Vector.java
com.badlogic.gdx.math.Vector2	/home/nima/Desktop/docker/benchmarks/libgdx/gdx/src/com/badlogic/gdx/math/Vector2.java
com.badlogic.gdx.math.Affine2	/home/nima/Desktop/docker/benchmarks/libgdx/gdx/src/com/badlogic/gdx/math/Affine2.java
com.badlogic.gdx.math.Interpolation	/home/nima/Desktop/docker/benchmarks/libgdx/gdx/src/com/badlogic/gdx/math/Interpolation.java
com.badlogic.gdx.math.Interpolation$1	/home/nima/Desktop/docker/benchmarks/libgdx/gdx/src/com/badlogic/gdx/math/Interpolation.java
com.badlogic.gdx.math.Interpolation$2	/home/nima/Desktop/docker/benchmarks/libgdx/gdx/src/com/badlogic/gdx/math/Interpolation.java
com.badlogic.gdx.math.Interpolation$3	/home/nima/Desktop/docker/benchmarks/libgdx/gdx/src/com/badlogic/gdx/math/Interpolation.java
com.badlogic.gdx.math.Interpolation$4	/home/nima/Desktop/docker/benchmarks/libgdx/gdx/src/com/badlogic/gdx/math/Interpolation.java
com.badlogic.gdx.math.Interpolation$5	/home/nima/Desktop/docker/benchmarks/libgdx/gdx/src/com/badlogic/gdx/math/Interpolation.java
com.badlogic.gdx.math.Interpolation$6	/home/nima/Desktop/docker/benchmarks/libgdx/gdx/src/com/badlogic/gdx/math/Interpolation.java
com.badlogic.gdx.math.Interpolation$7	/home/nima/Desktop/docker/benchmarks/libgdx/gdx/src/com/badlogic/gdx/math/Interpolation.java
com.badlogic.gdx.math.Interpolation$8	/home/nima/Desktop/docker/benchmarks/libgdx/gdx/src/com/badlogic/gdx/math/Interpolation.java
com.badlogic.gdx.math.Interpolation$9	/home/nima/Desktop/docker/benchmarks/libgdx/gdx/src/com/badlogic/gdx/math/Interpolation.java
com.badlogic.gdx.math.Interpolation$10	/home/nima/Desktop/docker/benchmarks/libgdx/gdx/src/com/badlogic/gdx/math/Interpolation.java
com.badlogic.gdx.math.Interpolation$11	/home/nima/Desktop/docker/benchmarks/libgdx/gdx/src/com/badlogic/gdx/math/Interpolation.java
com.badlogic.gdx.math.Interpolation$12	/home/nima/Desktop/docker/benchmarks/libgdx/gdx/src/com/badlogic/gdx/math/Interpolation.java
com.badlogic.gdx.math.Interpolation$13	/home/nima/Desktop/docker/benchmarks/libgdx/gdx/src/com/badlogic/gdx/math/Interpolation.java
com.badlogic.gdx.math.Interpolation$14	/home/nima/Desktop/docker/benchmarks/libgdx/gdx/src/com/badlogic/gdx/math/Interpolation.java
com.badlogic.gdx.math.Interpolation$Pow	/home/nima/Desktop/docker/benchmarks/libgdx/gdx/src/com/badlogic/gdx/math/Interpolation.java
com.badlogic.gdx.math.Interpolation$PowIn	/home/nima/Desktop/docker/benchmarks/libgdx/gdx/src/com/badlogic/gdx/math/Interpolation.java
com.badlogic.gdx.math.Interpolation$PowOut	/home/nima/Desktop/docker/benchmarks/libgdx/gdx/src/com/badlogic/gdx/math/Interpolation.java
com.badlogic.gdx.math.Interpolation$Exp	/home/nima/Desktop/docker/benchmarks/libgdx/gdx/src/com/badlogic/gdx/math/Interpolation.java
com.badlogic.gdx.math.Interpolation$ExpIn	/home/nima/Desktop/docker/benchmarks/libgdx/gdx/src/com/badlogic/gdx/math/Interpolation.java
com.badlogic.gdx.math.Interpolation$ExpOut	/home/nima/Desktop/docker/benchmarks/libgdx/gdx/src/com/badlogic/gdx/math/Interpolation.java
com.badlogic.gdx.math.Interpolation$Elastic	/home/nima/Desktop/docker/benchmarks/libgdx/gdx/src/com/badlogic/gdx/math/Interpolation.java
com.badlogic.gdx.math.Interpolation$ElasticIn	/home/nima/Desktop/docker/benchmarks/libgdx/gdx/src/com/badlogic/gdx/math/Interpolation.java
com.badlogic.gdx.math.Interpolation$ElasticOut	/home/nima/Desktop/docker/benchmarks/libgdx/gdx/src/com/badlogic/gdx/math/Interpolation.java
com.badlogic.gdx.math.Interpolation$Bounce	/home/nima/Desktop/docker/benchmarks/libgdx/gdx/src/com/badlogic/gdx/math/Interpolation.java
com.badlogic.gdx.math.Interpolation$BounceOut	/home/nima/Desktop/docker/benchmarks/libgdx/gdx/src/com/badlogic/gdx/math/Interpolation.java
com.badlogic.gdx.math.Interpolation$BounceIn	/home/nima/Desktop/docker/benchmarks/libgdx/gdx/src/com/badlogic/gdx/math/Interpolation.java
com.badlogic.gdx.math.Interpolation$Swing	/home/nima/Desktop/docker/benchmarks/libgdx/gdx/src/com/badlogic/gdx/math/Interpolation.java
com.badlogic.gdx.math.Interpolation$SwingOut	/home/nima/Desktop/docker/benchmarks/libgdx/gdx/src/com/badlogic/gdx/math/Interpolation.java
com.badlogic.gdx.math.Interpolation$SwingIn	/home/nima/Desktop/docker/benchmarks/libgdx/gdx/src/com/badlogic/gdx/math/Interpolation.java
com.badlogic.gdx.math.Quaternion	/home/nima/Desktop/docker/benchmarks/libgdx/gdx/src/com/badlogic/gdx/math/Quaternion.java
com.badlogic.gdx.utils.ObjectFloatMap	/home/nima/Desktop/docker/benchmarks/libgdx/gdx/src/com/badlogic/gdx/utils/ObjectFloatMap.java
com.badlogic.gdx.utils.ObjectFloatMap$Entry	/home/nima/Desktop/docker/benchmarks/libgdx/gdx/src/com/badlogic/gdx/utils/ObjectFloatMap.java
com.badlogic.gdx.utils.ObjectFloatMap$MapIterator	/home/nima/Desktop/docker/benchmarks/libgdx/gdx/src/com/badlogic/gdx/utils/ObjectFloatMap.java
com.badlogic.gdx.utils.ObjectFloatMap$Entries	/home/nima/Desktop/docker/benchmarks/libgdx/gdx/src/com/badlogic/gdx/utils/ObjectFloatMap.java
com.badlogic.gdx.utils.ObjectFloatMap$Values	/home/nima/Desktop/docker/benchmarks/libgdx/gdx/src/com/badlogic/gdx/utils/ObjectFloatMap.java
com.badlogic.gdx.utils.ObjectFloatMap$Keys	/home/nima/Desktop/docker/benchmarks/libgdx/gdx/src/com/badlogic/gdx/utils/ObjectFloatMap.java
com.badlogic.gdx.utils.FloatArray	/home/nima/Desktop/docker/benchmarks/libgdx/gdx/src/com/badlogic/gdx/utils/FloatArray.java
com.badlogic.gdx.utils.SortedIntList	/home/nima/Desktop/docker/benchmarks/libgdx/gdx/src/com/badlogic/gdx/utils/SortedIntList.java
com.badlogic.gdx.utils.SortedIntList$Iterator	/home/nima/Desktop/docker/benchmarks/libgdx/gdx/src/com/badlogic/gdx/utils/SortedIntList.java
com.badlogic.gdx.utils.SortedIntList$Node	/home/nima/Desktop/docker/benchmarks/libgdx/gdx/src/com/badlogic/gdx/utils/SortedIntList.java
com.badlogic.gdx.utils.SortedIntList$NodePool	/home/nima/Desktop/docker/benchmarks/libgdx/gdx/src/com/badlogic/gdx/utils/SortedIntList.java
com.badlogic.gdx.utils.AtomicQueue	/home/nima/Desktop/docker/benchmarks/libgdx/gdx/src/com/badlogic/gdx/utils/AtomicQueue.java
com.badlogic.gdx.utils.PerformanceCounter	/home/nima/Desktop/docker/benchmarks/libgdx/gdx/src/com/badlogic/gdx/utils/PerformanceCounter.java
com.badlogic.gdx.math.FloatCounter	/home/nima/Desktop/docker/benchmarks/libgdx/gdx/src/com/badlogic/gdx/math/FloatCounter.java
com.badlogic.gdx.utils.StringBuilder	/home/nima/Desktop/docker/benchmarks/libgdx/gdx/src/com/badlogic/gdx/utils/StringBuilder.java
com.badlogic.gdx.math.WindowedMean	/home/nima/Desktop/docker/benchmarks/libgdx/gdx/src/com/badlogic/gdx/math/WindowedMean.java
com.badlogic.gdx.utils.viewport.ScreenViewport	/home/nima/Desktop/docker/benchmarks/libgdx/gdx/src/com/badlogic/gdx/utils/viewport/ScreenViewport.java
com.badlogic.gdx.utils.viewport.Viewport	/home/nima/Desktop/docker/benchmarks/libgdx/gdx/src/com/badlogic/gdx/utils/viewport/Viewport.java
com.badlogic.gdx.graphics.Camera	/home/nima/Desktop/docker/benchmarks/libgdx/gdx/src/com/badlogic/gdx/graphics/Camera.java
com.badlogic.gdx.math.Plane	/home/nima/Desktop/docker/benchmarks/libgdx/gdx/src/com/badlogic/gdx/math/Plane.java
com.badlogic.gdx.math.Plane$PlaneSide	/home/nima/Desktop/docker/benchmarks/libgdx/gdx/src/com/badlogic/gdx/math/Plane.java
com.badlogic.gdx.math.Frustum	/home/nima/Desktop/docker/benchmarks/libgdx/gdx/src/com/badlogic/gdx/math/Frustum.java
com.badlogic.gdx.math.collision.Ray	/home/nima/Desktop/docker/benchmarks/libgdx/gdx/src/com/badlogic/gdx/math/collision/Ray.java
com.badlogic.gdx.math.collision.BoundingBox	/home/nima/Desktop/docker/benchmarks/libgdx/gdx/src/com/badlogic/gdx/math/collision/BoundingBox.java
com.badlogic.gdx.math.Rectangle	/home/nima/Desktop/docker/benchmarks/libgdx/gdx/src/com/badlogic/gdx/math/Rectangle.java
com.badlogic.gdx.math.Shape2D	/home/nima/Desktop/docker/benchmarks/libgdx/gdx/src/com/badlogic/gdx/math/Shape2D.java
com.badlogic.gdx.math.Circle	/home/nima/Desktop/docker/benchmarks/libgdx/gdx/src/com/badlogic/gdx/math/Circle.java
com.badlogic.gdx.utils.viewport.ExtendViewport	/home/nima/Desktop/docker/benchmarks/libgdx/gdx/src/com/badlogic/gdx/utils/viewport/ExtendViewport.java
com.badlogic.gdx.utils.Scaling	/home/nima/Desktop/docker/benchmarks/libgdx/gdx/src/com/badlogic/gdx/utils/Scaling.java
com.badlogic.gdx.utils.Scaling$1	/home/nima/Desktop/docker/benchmarks/libgdx/gdx/src/com/badlogic/gdx/utils/Scaling.java
com.badlogic.gdx.utils.Scaling$2	/home/nima/Desktop/docker/benchmarks/libgdx/gdx/src/com/badlogic/gdx/utils/Scaling.java
com.badlogic.gdx.utils.Scaling$3	/home/nima/Desktop/docker/benchmarks/libgdx/gdx/src/com/badlogic/gdx/utils/Scaling.java
com.badlogic.gdx.utils.Scaling$4	/home/nima/Desktop/docker/benchmarks/libgdx/gdx/src/com/badlogic/gdx/utils/Scaling.java
com.badlogic.gdx.utils.Scaling$5	/home/nima/Desktop/docker/benchmarks/libgdx/gdx/src/com/badlogic/gdx/utils/Scaling.java
com.badlogic.gdx.utils.Scaling$6	/home/nima/Desktop/docker/benchmarks/libgdx/gdx/src/com/badlogic/gdx/utils/Scaling.java
com.badlogic.gdx.utils.Scaling$7	/home/nima/Desktop/docker/benchmarks/libgdx/gdx/src/com/badlogic/gdx/utils/Scaling.java
com.badlogic.gdx.utils.Scaling$8	/home/nima/Desktop/docker/benchmarks/libgdx/gdx/src/com/badlogic/gdx/utils/Scaling.java
com.badlogic.gdx.utils.Scaling$9	/home/nima/Desktop/docker/benchmarks/libgdx/gdx/src/com/badlogic/gdx/utils/Scaling.java
com.badlogic.gdx.utils.viewport.ScalingViewport	/home/nima/Desktop/docker/benchmarks/libgdx/gdx/src/com/badlogic/gdx/utils/viewport/ScalingViewport.java
com.badlogic.gdx.utils.viewport.FitViewport	/home/nima/Desktop/docker/benchmarks/libgdx/gdx/src/com/badlogic/gdx/utils/viewport/FitViewport.java
com.badlogic.gdx.utils.viewport.StretchViewport	/home/nima/Desktop/docker/benchmarks/libgdx/gdx/src/com/badlogic/gdx/utils/viewport/StretchViewport.java
com.badlogic.gdx.utils.viewport.FillViewport	/home/nima/Desktop/docker/benchmarks/libgdx/gdx/src/com/badlogic/gdx/utils/viewport/FillViewport.java
com.badlogic.gdx.utils.DataOutput	/home/nima/Desktop/docker/benchmarks/libgdx/gdx/src/com/badlogic/gdx/utils/DataOutput.java
com.badlogic.gdx.utils.JsonValue	/home/nima/Desktop/docker/benchmarks/libgdx/gdx/src/com/badlogic/gdx/utils/JsonValue.java
com.badlogic.gdx.utils.JsonValue$JsonIterator	/home/nima/Desktop/docker/benchmarks/libgdx/gdx/src/com/badlogic/gdx/utils/JsonValue.java
com.badlogic.gdx.utils.JsonValue$ValueType	/home/nima/Desktop/docker/benchmarks/libgdx/gdx/src/com/badlogic/gdx/utils/JsonValue.java
com.badlogic.gdx.utils.JsonValue$PrettyPrintSettings	/home/nima/Desktop/docker/benchmarks/libgdx/gdx/src/com/badlogic/gdx/utils/JsonValue.java
com.badlogic.gdx.utils.JsonReader	/home/nima/Desktop/docker/benchmarks/libgdx/gdx/src/com/badlogic/gdx/utils/JsonReader.java
com.badlogic.gdx.utils.BaseJsonReader	/home/nima/Desktop/docker/benchmarks/libgdx/gdx/src/com/badlogic/gdx/utils/BaseJsonReader.java
com.badlogic.gdx.utils.ByteArray	/home/nima/Desktop/docker/benchmarks/libgdx/gdx/src/com/badlogic/gdx/utils/ByteArray.java
com.badlogic.gdx.utils.DelayedRemovalArray	/home/nima/Desktop/docker/benchmarks/libgdx/gdx/src/com/badlogic/gdx/utils/DelayedRemovalArray.java
com.badlogic.gdx.utils.NumberUtils	/home/nima/Desktop/docker/benchmarks/libgdx/gdx/src/com/badlogic/gdx/utils/NumberUtils.java
com.badlogic.gdx.utils.IdentityMap	/home/nima/Desktop/docker/benchmarks/libgdx/gdx/src/com/badlogic/gdx/utils/IdentityMap.java
com.badlogic.gdx.utils.ReflectionPool	/home/nima/Desktop/docker/benchmarks/libgdx/gdx/src/com/badlogic/gdx/utils/ReflectionPool.java
com.badlogic.gdx.utils.reflect.Constructor	/home/nima/Desktop/docker/benchmarks/libgdx/gdx/src/com/badlogic/gdx/utils/reflect/Constructor.java
com.badlogic.gdx.utils.reflect.ReflectionException	/home/nima/Desktop/docker/benchmarks/libgdx/gdx/src/com/badlogic/gdx/utils/reflect/ReflectionException.java
com.badlogic.gdx.utils.IntMap	/home/nima/Desktop/docker/benchmarks/libgdx/gdx/src/com/badlogic/gdx/utils/IntMap.java
com.badlogic.gdx.utils.IntMap$Entry	/home/nima/Desktop/docker/benchmarks/libgdx/gdx/src/com/badlogic/gdx/utils/IntMap.java
com.badlogic.gdx.utils.IntMap$MapIterator	/home/nima/Desktop/docker/benchmarks/libgdx/gdx/src/com/badlogic/gdx/utils/IntMap.java
com.badlogic.gdx.utils.IntMap$Entries	/home/nima/Desktop/docker/benchmarks/libgdx/gdx/src/com/badlogic/gdx/utils/IntMap.java
com.badlogic.gdx.utils.IntMap$Values	/home/nima/Desktop/docker/benchmarks/libgdx/gdx/src/com/badlogic/gdx/utils/IntMap.java
com.badlogic.gdx.utils.IntMap$Keys	/home/nima/Desktop/docker/benchmarks/libgdx/gdx/src/com/badlogic/gdx/utils/IntMap.java
com.badlogic.gdx.utils.StreamUtils	/home/nima/Desktop/docker/benchmarks/libgdx/gdx/src/com/badlogic/gdx/utils/StreamUtils.java
com.badlogic.gdx.utils.StreamUtils$OptimizedByteArrayOutputStream	/home/nima/Desktop/docker/benchmarks/libgdx/gdx/src/com/badlogic/gdx/utils/StreamUtils.java
com.badlogic.gdx.utils.BooleanArray	/home/nima/Desktop/docker/benchmarks/libgdx/gdx/src/com/badlogic/gdx/utils/BooleanArray.java
com.badlogic.gdx.utils.ScreenUtils	/home/nima/Desktop/docker/benchmarks/libgdx/gdx/src/com/badlogic/gdx/utils/ScreenUtils.java
com.badlogic.gdx.graphics.g2d.TextureRegion	/home/nima/Desktop/docker/benchmarks/libgdx/gdx/src/com/badlogic/gdx/graphics/g2d/TextureRegion.java
com.badlogic.gdx.assets.AssetLoaderParameters	/home/nima/Desktop/docker/benchmarks/libgdx/gdx/src/com/badlogic/gdx/assets/AssetLoaderParameters.java
com.badlogic.gdx.assets.AssetLoaderParameters$LoadedCallback	/home/nima/Desktop/docker/benchmarks/libgdx/gdx/src/com/badlogic/gdx/assets/AssetLoaderParameters.java
com.badlogic.gdx.assets.loaders.TextureLoader	/home/nima/Desktop/docker/benchmarks/libgdx/gdx/src/com/badlogic/gdx/assets/loaders/TextureLoader.java
com.badlogic.gdx.assets.loaders.TextureLoader$TextureLoaderInfo	/home/nima/Desktop/docker/benchmarks/libgdx/gdx/src/com/badlogic/gdx/assets/loaders/TextureLoader.java
com.badlogic.gdx.assets.loaders.TextureLoader$TextureParameter	/home/nima/Desktop/docker/benchmarks/libgdx/gdx/src/com/badlogic/gdx/assets/loaders/TextureLoader.java
com.badlogic.gdx.graphics.Texture	/home/nima/Desktop/docker/benchmarks/libgdx/gdx/src/com/badlogic/gdx/graphics/Texture.java
com.badlogic.gdx.graphics.Texture$TextureFilter	/home/nima/Desktop/docker/benchmarks/libgdx/gdx/src/com/badlogic/gdx/graphics/Texture.java
com.badlogic.gdx.graphics.Texture$TextureWrap	/home/nima/Desktop/docker/benchmarks/libgdx/gdx/src/com/badlogic/gdx/graphics/Texture.java
com.badlogic.gdx.graphics.Texture$1	/home/nima/Desktop/docker/benchmarks/libgdx/gdx/src/com/badlogic/gdx/graphics/Texture.java
com.badlogic.gdx.graphics.TextureData	/home/nima/Desktop/docker/benchmarks/libgdx/gdx/src/com/badlogic/gdx/graphics/TextureData.java
com.badlogic.gdx.graphics.TextureData$TextureDataType	/home/nima/Desktop/docker/benchmarks/libgdx/gdx/src/com/badlogic/gdx/graphics/TextureData.java
com.badlogic.gdx.graphics.TextureData$Factory	/home/nima/Desktop/docker/benchmarks/libgdx/gdx/src/com/badlogic/gdx/graphics/TextureData.java
com.badlogic.gdx.graphics.GLTexture	/home/nima/Desktop/docker/benchmarks/libgdx/gdx/src/com/badlogic/gdx/graphics/GLTexture.java
com.badlogic.gdx.assets.loaders.AsynchronousAssetLoader	/home/nima/Desktop/docker/benchmarks/libgdx/gdx/src/com/badlogic/gdx/assets/loaders/AsynchronousAssetLoader.java
com.badlogic.gdx.assets.loaders.AssetLoader	/home/nima/Desktop/docker/benchmarks/libgdx/gdx/src/com/badlogic/gdx/assets/loaders/AssetLoader.java
com.badlogic.gdx.assets.AssetManager	/home/nima/Desktop/docker/benchmarks/libgdx/gdx/src/com/badlogic/gdx/assets/AssetManager.java
com.badlogic.gdx.assets.AssetManager$RefCountedContainer	/home/nima/Desktop/docker/benchmarks/libgdx/gdx/src/com/badlogic/gdx/assets/AssetManager.java
com.badlogic.gdx.assets.AssetDescriptor	/home/nima/Desktop/docker/benchmarks/libgdx/gdx/src/com/badlogic/gdx/assets/AssetDescriptor.java
com.badlogic.gdx.assets.AssetLoadingTask	/home/nima/Desktop/docker/benchmarks/libgdx/gdx/src/com/badlogic/gdx/assets/AssetLoadingTask.java
com.badlogic.gdx.assets.AssetErrorListener	/home/nima/Desktop/docker/benchmarks/libgdx/gdx/src/com/badlogic/gdx/assets/AssetErrorListener.java
com.badlogic.gdx.assets.loaders.FileHandleResolver	/home/nima/Desktop/docker/benchmarks/libgdx/gdx/src/com/badlogic/gdx/assets/loaders/FileHandleResolver.java
com.badlogic.gdx.utils.Logger	/home/nima/Desktop/docker/benchmarks/libgdx/gdx/src/com/badlogic/gdx/utils/Logger.java
com.badlogic.gdx.utils.Align	/home/nima/Desktop/docker/benchmarks/libgdx/gdx/src/com/badlogic/gdx/utils/Align.java
com.badlogic.gdx.utils.ObjectLongMap	/home/nima/Desktop/docker/benchmarks/libgdx/gdx/src/com/badlogic/gdx/utils/ObjectLongMap.java
com.badlogic.gdx.utils.ObjectLongMap$Entry	/home/nima/Desktop/docker/benchmarks/libgdx/gdx/src/com/badlogic/gdx/utils/ObjectLongMap.java
com.badlogic.gdx.utils.ObjectLongMap$MapIterator	/home/nima/Desktop/docker/benchmarks/libgdx/gdx/src/com/badlogic/gdx/utils/ObjectLongMap.java
com.badlogic.gdx.utils.ObjectLongMap$Entries	/home/nima/Desktop/docker/benchmarks/libgdx/gdx/src/com/badlogic/gdx/utils/ObjectLongMap.java
com.badlogic.gdx.utils.ObjectLongMap$Values	/home/nima/Desktop/docker/benchmarks/libgdx/gdx/src/com/badlogic/gdx/utils/ObjectLongMap.java
com.badlogic.gdx.utils.ObjectLongMap$Keys	/home/nima/Desktop/docker/benchmarks/libgdx/gdx/src/com/badlogic/gdx/utils/ObjectLongMap.java
com.badlogic.gdx.utils.reflect.Annotation	/home/nima/Desktop/docker/benchmarks/libgdx/gdx/src/com/badlogic/gdx/utils/reflect/Annotation.java
com.badlogic.gdx.utils.reflect.Method	/home/nima/Desktop/docker/benchmarks/libgdx/gdx/src/com/badlogic/gdx/utils/reflect/Method.java
com.badlogic.gdx.utils.reflect.ArrayReflection	/home/nima/Desktop/docker/benchmarks/libgdx/gdx/src/com/badlogic/gdx/utils/reflect/ArrayReflection.java
com.badlogic.gdx.utils.reflect.ClassReflection	/home/nima/Desktop/docker/benchmarks/libgdx/gdx/src/com/badlogic/gdx/utils/reflect/ClassReflection.java
com.badlogic.gdx.utils.reflect.Field	/home/nima/Desktop/docker/benchmarks/libgdx/gdx/src/com/badlogic/gdx/utils/reflect/Field.java
com.badlogic.gdx.utils.PropertiesUtils	/home/nima/Desktop/docker/benchmarks/libgdx/gdx/src/com/badlogic/gdx/utils/PropertiesUtils.java
com.badlogic.gdx.utils.LittleEndianInputStream	/home/nima/Desktop/docker/benchmarks/libgdx/gdx/src/com/badlogic/gdx/utils/LittleEndianInputStream.java
com.badlogic.gdx.utils.PerformanceCounters	/home/nima/Desktop/docker/benchmarks/libgdx/gdx/src/com/badlogic/gdx/utils/PerformanceCounters.java
com.badlogic.gdx.utils.TextFormatter	/home/nima/Desktop/docker/benchmarks/libgdx/gdx/src/com/badlogic/gdx/utils/TextFormatter.java
com.badlogic.gdx.utils.FlushablePool	/home/nima/Desktop/docker/benchmarks/libgdx/gdx/src/com/badlogic/gdx/utils/FlushablePool.java
com.badlogic.gdx.utils.DataInput	/home/nima/Desktop/docker/benchmarks/libgdx/gdx/src/com/badlogic/gdx/utils/DataInput.java
com.badlogic.gdx.utils.SerializationException	/home/nima/Desktop/docker/benchmarks/libgdx/gdx/src/com/badlogic/gdx/utils/SerializationException.java
com.badlogic.gdx.utils.BinaryHeap	/home/nima/Desktop/docker/benchmarks/libgdx/gdx/src/com/badlogic/gdx/utils/BinaryHeap.java
com.badlogic.gdx.utils.BinaryHeap$Node	/home/nima/Desktop/docker/benchmarks/libgdx/gdx/src/com/badlogic/gdx/utils/BinaryHeap.java
com.badlogic.gdx.utils.Json	/home/nima/Desktop/docker/benchmarks/libgdx/gdx/src/com/badlogic/gdx/utils/Json.java
com.badlogic.gdx.utils.Json$FieldMetadata	/home/nima/Desktop/docker/benchmarks/libgdx/gdx/src/com/badlogic/gdx/utils/Json.java
com.badlogic.gdx.utils.Json$Serializer	/home/nima/Desktop/docker/benchmarks/libgdx/gdx/src/com/badlogic/gdx/utils/Json.java
com.badlogic.gdx.utils.Json$ReadOnlySerializer	/home/nima/Desktop/docker/benchmarks/libgdx/gdx/src/com/badlogic/gdx/utils/Json.java
com.badlogic.gdx.utils.Json$Serializable	/home/nima/Desktop/docker/benchmarks/libgdx/gdx/src/com/badlogic/gdx/utils/Json.java
com.badlogic.gdx.utils.OrderedMap	/home/nima/Desktop/docker/benchmarks/libgdx/gdx/src/com/badlogic/gdx/utils/OrderedMap.java
com.badlogic.gdx.utils.OrderedMap$OrderedMapEntries	/home/nima/Desktop/docker/benchmarks/libgdx/gdx/src/com/badlogic/gdx/utils/OrderedMap.java
com.badlogic.gdx.utils.OrderedMap$OrderedMapKeys	/home/nima/Desktop/docker/benchmarks/libgdx/gdx/src/com/badlogic/gdx/utils/OrderedMap.java
com.badlogic.gdx.utils.OrderedMap$OrderedMapValues	/home/nima/Desktop/docker/benchmarks/libgdx/gdx/src/com/badlogic/gdx/utils/OrderedMap.java
com.badlogic.gdx.utils.Pools	/home/nima/Desktop/docker/benchmarks/libgdx/gdx/src/com/badlogic/gdx/utils/Pools.java
com.badlogic.gdx.utils.ObjectIntMap	/home/nima/Desktop/docker/benchmarks/libgdx/gdx/src/com/badlogic/gdx/utils/ObjectIntMap.java
com.badlogic.gdx.utils.ObjectIntMap$Entry	/home/nima/Desktop/docker/benchmarks/libgdx/gdx/src/com/badlogic/gdx/utils/ObjectIntMap.java
com.badlogic.gdx.utils.ObjectIntMap$MapIterator	/home/nima/Desktop/docker/benchmarks/libgdx/gdx/src/com/badlogic/gdx/utils/ObjectIntMap.java
com.badlogic.gdx.utils.ObjectIntMap$Entries	/home/nima/Desktop/docker/benchmarks/libgdx/gdx/src/com/badlogic/gdx/utils/ObjectIntMap.java
com.badlogic.gdx.utils.ObjectIntMap$Values	/home/nima/Desktop/docker/benchmarks/libgdx/gdx/src/com/badlogic/gdx/utils/ObjectIntMap.java
com.badlogic.gdx.utils.ObjectIntMap$Keys	/home/nima/Desktop/docker/benchmarks/libgdx/gdx/src/com/badlogic/gdx/utils/ObjectIntMap.java
com.badlogic.gdx.utils.QuadTreeFloat	/home/nima/Desktop/docker/benchmarks/libgdx/gdx/src/com/badlogic/gdx/utils/QuadTreeFloat.java
com.badlogic.gdx.utils.QuadTreeFloat$1	/home/nima/Desktop/docker/benchmarks/libgdx/gdx/src/com/badlogic/gdx/utils/QuadTreeFloat.java
com.badlogic.gdx.utils.Select	/home/nima/Desktop/docker/benchmarks/libgdx/gdx/src/com/badlogic/gdx/utils/Select.java
com.badlogic.gdx.utils.QuickSelect	/home/nima/Desktop/docker/benchmarks/libgdx/gdx/src/com/badlogic/gdx/utils/QuickSelect.java
com.badlogic.gdx.utils.DataBuffer	/home/nima/Desktop/docker/benchmarks/libgdx/gdx/src/com/badlogic/gdx/utils/DataBuffer.java
com.badlogic.gdx.utils.OrderedSet	/home/nima/Desktop/docker/benchmarks/libgdx/gdx/src/com/badlogic/gdx/utils/OrderedSet.java
com.badlogic.gdx.utils.OrderedSet$OrderedSetIterator	/home/nima/Desktop/docker/benchmarks/libgdx/gdx/src/com/badlogic/gdx/utils/OrderedSet.java
com.badlogic.gdx.utils.XmlWriter	/home/nima/Desktop/docker/benchmarks/libgdx/gdx/src/com/badlogic/gdx/utils/XmlWriter.java
com.badlogic.gdx.utils.PooledLinkedList	/home/nima/Desktop/docker/benchmarks/libgdx/gdx/src/com/badlogic/gdx/utils/PooledLinkedList.java
com.badlogic.gdx.utils.PooledLinkedList$Item	/home/nima/Desktop/docker/benchmarks/libgdx/gdx/src/com/badlogic/gdx/utils/PooledLinkedList.java
com.badlogic.gdx.utils.PooledLinkedList$1	/home/nima/Desktop/docker/benchmarks/libgdx/gdx/src/com/badlogic/gdx/utils/PooledLinkedList.java
com.badlogic.gdx.utils.ShortArray	/home/nima/Desktop/docker/benchmarks/libgdx/gdx/src/com/badlogic/gdx/utils/ShortArray.java
com.badlogic.gdx.utils.TimeUtils	/home/nima/Desktop/docker/benchmarks/libgdx/gdx/src/com/badlogic/gdx/utils/TimeUtils.java
com.badlogic.gdx.utils.UBJsonReader	/home/nima/Desktop/docker/benchmarks/libgdx/gdx/src/com/badlogic/gdx/utils/UBJsonReader.java
com.badlogic.gdx.utils.IntFloatMap	/home/nima/Desktop/docker/benchmarks/libgdx/gdx/src/com/badlogic/gdx/utils/IntFloatMap.java
com.badlogic.gdx.utils.IntFloatMap$Entry	/home/nima/Desktop/docker/benchmarks/libgdx/gdx/src/com/badlogic/gdx/utils/IntFloatMap.java
com.badlogic.gdx.utils.IntFloatMap$MapIterator	/home/nima/Desktop/docker/benchmarks/libgdx/gdx/src/com/badlogic/gdx/utils/IntFloatMap.java
com.badlogic.gdx.utils.IntFloatMap$Entries	/home/nima/Desktop/docker/benchmarks/libgdx/gdx/src/com/badlogic/gdx/utils/IntFloatMap.java
com.badlogic.gdx.utils.IntFloatMap$Values	/home/nima/Desktop/docker/benchmarks/libgdx/gdx/src/com/badlogic/gdx/utils/IntFloatMap.java
com.badlogic.gdx.utils.IntFloatMap$Keys	/home/nima/Desktop/docker/benchmarks/libgdx/gdx/src/com/badlogic/gdx/utils/IntFloatMap.java
com.badlogic.gdx.utils.Queue	/home/nima/Desktop/docker/benchmarks/libgdx/gdx/src/com/badlogic/gdx/utils/Queue.java
com.badlogic.gdx.utils.Queue$QueueIterator	/home/nima/Desktop/docker/benchmarks/libgdx/gdx/src/com/badlogic/gdx/utils/Queue.java
com.badlogic.gdx.utils.Queue$QueueIterable	/home/nima/Desktop/docker/benchmarks/libgdx/gdx/src/com/badlogic/gdx/utils/Queue.java
com.badlogic.gdx.utils.PauseableThread	/home/nima/Desktop/docker/benchmarks/libgdx/gdx/src/com/badlogic/gdx/utils/PauseableThread.java
com.badlogic.gdx.utils.ComparableTimSort	/home/nima/Desktop/docker/benchmarks/libgdx/gdx/src/com/badlogic/gdx/utils/ComparableTimSort.java
com.badlogic.gdx.utils.IntIntMap	/home/nima/Desktop/docker/benchmarks/libgdx/gdx/src/com/badlogic/gdx/utils/IntIntMap.java
com.badlogic.gdx.utils.IntIntMap$Entry	/home/nima/Desktop/docker/benchmarks/libgdx/gdx/src/com/badlogic/gdx/utils/IntIntMap.java
com.badlogic.gdx.utils.IntIntMap$MapIterator	/home/nima/Desktop/docker/benchmarks/libgdx/gdx/src/com/badlogic/gdx/utils/IntIntMap.java
com.badlogic.gdx.utils.IntIntMap$Entries	/home/nima/Desktop/docker/benchmarks/libgdx/gdx/src/com/badlogic/gdx/utils/IntIntMap.java
com.badlogic.gdx.utils.IntIntMap$Values	/home/nima/Desktop/docker/benchmarks/libgdx/gdx/src/com/badlogic/gdx/utils/IntIntMap.java
com.badlogic.gdx.utils.IntIntMap$Keys	/home/nima/Desktop/docker/benchmarks/libgdx/gdx/src/com/badlogic/gdx/utils/IntIntMap.java
com.badlogic.gdx.utils.Timer	/home/nima/Desktop/docker/benchmarks/libgdx/gdx/src/com/badlogic/gdx/utils/Timer.java
com.badlogic.gdx.utils.Timer$Task	/home/nima/Desktop/docker/benchmarks/libgdx/gdx/src/com/badlogic/gdx/utils/Timer.java
com.badlogic.gdx.utils.Timer$TimerThread	/home/nima/Desktop/docker/benchmarks/libgdx/gdx/src/com/badlogic/gdx/utils/Timer.java
com.badlogic.gdx.utils.Null	/home/nima/Desktop/docker/benchmarks/libgdx/gdx/src/com/badlogic/gdx/utils/Null.java
com.badlogic.gdx.utils.compression.Lzma	/home/nima/Desktop/docker/benchmarks/libgdx/gdx/src/com/badlogic/gdx/utils/compression/Lzma.java
com.badlogic.gdx.utils.compression.Lzma$CommandLine	/home/nima/Desktop/docker/benchmarks/libgdx/gdx/src/com/badlogic/gdx/utils/compression/Lzma.java
com.badlogic.gdx.utils.compression.lz.BinTree	/home/nima/Desktop/docker/benchmarks/libgdx/gdx/src/com/badlogic/gdx/utils/compression/lz/BinTree.java
com.badlogic.gdx.utils.compression.lz.InWindow	/home/nima/Desktop/docker/benchmarks/libgdx/gdx/src/com/badlogic/gdx/utils/compression/lz/InWindow.java
com.badlogic.gdx.utils.compression.lz.OutWindow	/home/nima/Desktop/docker/benchmarks/libgdx/gdx/src/com/badlogic/gdx/utils/compression/lz/OutWindow.java
com.badlogic.gdx.utils.compression.CRC	/home/nima/Desktop/docker/benchmarks/libgdx/gdx/src/com/badlogic/gdx/utils/compression/CRC.java
com.badlogic.gdx.utils.compression.rangecoder.Decoder	/home/nima/Desktop/docker/benchmarks/libgdx/gdx/src/com/badlogic/gdx/utils/compression/rangecoder/Decoder.java
com.badlogic.gdx.utils.compression.rangecoder.Encoder	/home/nima/Desktop/docker/benchmarks/libgdx/gdx/src/com/badlogic/gdx/utils/compression/rangecoder/Encoder.java
com.badlogic.gdx.utils.compression.rangecoder.BitTreeEncoder	/home/nima/Desktop/docker/benchmarks/libgdx/gdx/src/com/badlogic/gdx/utils/compression/rangecoder/BitTreeEncoder.java
com.badlogic.gdx.utils.compression.rangecoder.BitTreeDecoder	/home/nima/Desktop/docker/benchmarks/libgdx/gdx/src/com/badlogic/gdx/utils/compression/rangecoder/BitTreeDecoder.java
com.badlogic.gdx.utils.compression.ICodeProgress	/home/nima/Desktop/docker/benchmarks/libgdx/gdx/src/com/badlogic/gdx/utils/compression/ICodeProgress.java
com.badlogic.gdx.utils.compression.lzma.Decoder	/home/nima/Desktop/docker/benchmarks/libgdx/gdx/src/com/badlogic/gdx/utils/compression/lzma/Decoder.java
com.badlogic.gdx.utils.compression.lzma.Decoder$LenDecoder	/home/nima/Desktop/docker/benchmarks/libgdx/gdx/src/com/badlogic/gdx/utils/compression/lzma/Decoder.java
com.badlogic.gdx.utils.compression.lzma.Decoder$LiteralDecoder	/home/nima/Desktop/docker/benchmarks/libgdx/gdx/src/com/badlogic/gdx/utils/compression/lzma/Decoder.java
com.badlogic.gdx.utils.compression.lzma.Decoder$LiteralDecoder$Decoder2	/home/nima/Desktop/docker/benchmarks/libgdx/gdx/src/com/badlogic/gdx/utils/compression/lzma/Decoder.java
com.badlogic.gdx.utils.compression.lzma.Encoder	/home/nima/Desktop/docker/benchmarks/libgdx/gdx/src/com/badlogic/gdx/utils/compression/lzma/Encoder.java
com.badlogic.gdx.utils.compression.lzma.Encoder$LiteralEncoder	/home/nima/Desktop/docker/benchmarks/libgdx/gdx/src/com/badlogic/gdx/utils/compression/lzma/Encoder.java
com.badlogic.gdx.utils.compression.lzma.Encoder$LiteralEncoder$Encoder2	/home/nima/Desktop/docker/benchmarks/libgdx/gdx/src/com/badlogic/gdx/utils/compression/lzma/Encoder.java
com.badlogic.gdx.utils.compression.lzma.Encoder$LenEncoder	/home/nima/Desktop/docker/benchmarks/libgdx/gdx/src/com/badlogic/gdx/utils/compression/lzma/Encoder.java
com.badlogic.gdx.utils.compression.lzma.Encoder$LenPriceTableEncoder	/home/nima/Desktop/docker/benchmarks/libgdx/gdx/src/com/badlogic/gdx/utils/compression/lzma/Encoder.java
com.badlogic.gdx.utils.compression.lzma.Encoder$Optimal	/home/nima/Desktop/docker/benchmarks/libgdx/gdx/src/com/badlogic/gdx/utils/compression/lzma/Encoder.java
com.badlogic.gdx.utils.compression.lzma.Base	/home/nima/Desktop/docker/benchmarks/libgdx/gdx/src/com/badlogic/gdx/utils/compression/lzma/Base.java
com.badlogic.gdx.utils.SnapshotArray	/home/nima/Desktop/docker/benchmarks/libgdx/gdx/src/com/badlogic/gdx/utils/SnapshotArray.java
com.badlogic.gdx.utils.Sort	/home/nima/Desktop/docker/benchmarks/libgdx/gdx/src/com/badlogic/gdx/utils/Sort.java
com.badlogic.gdx.utils.UBJsonWriter	/home/nima/Desktop/docker/benchmarks/libgdx/gdx/src/com/badlogic/gdx/utils/UBJsonWriter.java
com.badlogic.gdx.utils.UBJsonWriter$JsonObject	/home/nima/Desktop/docker/benchmarks/libgdx/gdx/src/com/badlogic/gdx/utils/UBJsonWriter.java
com.badlogic.gdx.utils.I18NBundle	/home/nima/Desktop/docker/benchmarks/libgdx/gdx/src/com/badlogic/gdx/utils/I18NBundle.java
com.badlogic.gdx.utils.Collections	/home/nima/Desktop/docker/benchmarks/libgdx/gdx/src/com/badlogic/gdx/utils/Collections.java
com.badlogic.gdx.utils.XmlReader	/home/nima/Desktop/docker/benchmarks/libgdx/gdx/src/com/badlogic/gdx/utils/XmlReader.java
com.badlogic.gdx.utils.XmlReader$Element	/home/nima/Desktop/docker/benchmarks/libgdx/gdx/src/com/badlogic/gdx/utils/XmlReader.java
com.badlogic.gdx.AbstractGraphics	/home/nima/Desktop/docker/benchmarks/libgdx/gdx/src/com/badlogic/gdx/AbstractGraphics.java
com.badlogic.gdx.Gdx	/home/nima/Desktop/docker/benchmarks/libgdx/gdx/src/com/badlogic/gdx/Gdx.java
com.badlogic.gdx.input.GestureDetector	/home/nima/Desktop/docker/benchmarks/libgdx/gdx/src/com/badlogic/gdx/input/GestureDetector.java
com.badlogic.gdx.input.GestureDetector$1	/home/nima/Desktop/docker/benchmarks/libgdx/gdx/src/com/badlogic/gdx/input/GestureDetector.java
com.badlogic.gdx.input.GestureDetector$GestureListener	/home/nima/Desktop/docker/benchmarks/libgdx/gdx/src/com/badlogic/gdx/input/GestureDetector.java
com.badlogic.gdx.input.GestureDetector$GestureAdapter	/home/nima/Desktop/docker/benchmarks/libgdx/gdx/src/com/badlogic/gdx/input/GestureDetector.java
com.badlogic.gdx.input.GestureDetector$VelocityTracker	/home/nima/Desktop/docker/benchmarks/libgdx/gdx/src/com/badlogic/gdx/input/GestureDetector.java
com.badlogic.gdx.input.RemoteSender	/home/nima/Desktop/docker/benchmarks/libgdx/gdx/src/com/badlogic/gdx/input/RemoteSender.java
com.badlogic.gdx.input.RemoteInput	/home/nima/Desktop/docker/benchmarks/libgdx/gdx/src/com/badlogic/gdx/input/RemoteInput.java
com.badlogic.gdx.input.RemoteInput$RemoteInputListener	/home/nima/Desktop/docker/benchmarks/libgdx/gdx/src/com/badlogic/gdx/input/RemoteInput.java
com.badlogic.gdx.input.RemoteInput$KeyEvent	/home/nima/Desktop/docker/benchmarks/libgdx/gdx/src/com/badlogic/gdx/input/RemoteInput.java
com.badlogic.gdx.input.RemoteInput$TouchEvent	/home/nima/Desktop/docker/benchmarks/libgdx/gdx/src/com/badlogic/gdx/input/RemoteInput.java
com.badlogic.gdx.input.RemoteInput$EventTrigger	/home/nima/Desktop/docker/benchmarks/libgdx/gdx/src/com/badlogic/gdx/input/RemoteInput.java
com.badlogic.gdx.InputMultiplexer	/home/nima/Desktop/docker/benchmarks/libgdx/gdx/src/com/badlogic/gdx/InputMultiplexer.java
com.badlogic.gdx.assets.loaders.I18NBundleLoader	/home/nima/Desktop/docker/benchmarks/libgdx/gdx/src/com/badlogic/gdx/assets/loaders/I18NBundleLoader.java
com.badlogic.gdx.assets.loaders.I18NBundleLoader$I18NBundleParameter	/home/nima/Desktop/docker/benchmarks/libgdx/gdx/src/com/badlogic/gdx/assets/loaders/I18NBundleLoader.java
com.badlogic.gdx.assets.loaders.ModelLoader	/home/nima/Desktop/docker/benchmarks/libgdx/gdx/src/com/badlogic/gdx/assets/loaders/ModelLoader.java
com.badlogic.gdx.assets.loaders.ModelLoader$ModelParameters	/home/nima/Desktop/docker/benchmarks/libgdx/gdx/src/com/badlogic/gdx/assets/loaders/ModelLoader.java
com.badlogic.gdx.graphics.g3d.utils.TextureProvider	/home/nima/Desktop/docker/benchmarks/libgdx/gdx/src/com/badlogic/gdx/graphics/g3d/utils/TextureProvider.java
com.badlogic.gdx.graphics.g3d.utils.TextureProvider$FileTextureProvider	/home/nima/Desktop/docker/benchmarks/libgdx/gdx/src/com/badlogic/gdx/graphics/g3d/utils/TextureProvider.java
com.badlogic.gdx.graphics.g3d.utils.TextureProvider$AssetTextureProvider	/home/nima/Desktop/docker/benchmarks/libgdx/gdx/src/com/badlogic/gdx/graphics/g3d/utils/TextureProvider.java
com.badlogic.gdx.graphics.g3d.Model	/home/nima/Desktop/docker/benchmarks/libgdx/gdx/src/com/badlogic/gdx/graphics/g3d/Model.java
com.badlogic.gdx.graphics.g3d.model.data.ModelData	/home/nima/Desktop/docker/benchmarks/libgdx/gdx/src/com/badlogic/gdx/graphics/g3d/model/data/ModelData.java
com.badlogic.gdx.graphics.g3d.model.data.ModelMesh	/home/nima/Desktop/docker/benchmarks/libgdx/gdx/src/com/badlogic/gdx/graphics/g3d/model/data/ModelMesh.java
com.badlogic.gdx.graphics.g3d.model.data.ModelMaterial	/home/nima/Desktop/docker/benchmarks/libgdx/gdx/src/com/badlogic/gdx/graphics/g3d/model/data/ModelMaterial.java
com.badlogic.gdx.graphics.g3d.model.data.ModelMaterial$MaterialType	/home/nima/Desktop/docker/benchmarks/libgdx/gdx/src/com/badlogic/gdx/graphics/g3d/model/data/ModelMaterial.java
com.badlogic.gdx.graphics.g3d.model.data.ModelNode	/home/nima/Desktop/docker/benchmarks/libgdx/gdx/src/com/badlogic/gdx/graphics/g3d/model/data/ModelNode.java
com.badlogic.gdx.graphics.g3d.model.data.ModelAnimation	/home/nima/Desktop/docker/benchmarks/libgdx/gdx/src/com/badlogic/gdx/graphics/g3d/model/data/ModelAnimation.java
com.badlogic.gdx.graphics.g3d.model.data.ModelNodeAnimation	/home/nima/Desktop/docker/benchmarks/libgdx/gdx/src/com/badlogic/gdx/graphics/g3d/model/data/ModelNodeAnimation.java
com.badlogic.gdx.graphics.g3d.model.data.ModelNodeKeyframe	/home/nima/Desktop/docker/benchmarks/libgdx/gdx/src/com/badlogic/gdx/graphics/g3d/model/data/ModelNodeKeyframe.java
com.badlogic.gdx.graphics.g3d.model.data.ModelNodePart	/home/nima/Desktop/docker/benchmarks/libgdx/gdx/src/com/badlogic/gdx/graphics/g3d/model/data/ModelNodePart.java
com.badlogic.gdx.graphics.g3d.model.data.ModelTexture	/home/nima/Desktop/docker/benchmarks/libgdx/gdx/src/com/badlogic/gdx/graphics/g3d/model/data/ModelTexture.java
com.badlogic.gdx.graphics.VertexAttributes	/home/nima/Desktop/docker/benchmarks/libgdx/gdx/src/com/badlogic/gdx/graphics/VertexAttributes.java
com.badlogic.gdx.graphics.VertexAttributes$Usage	/home/nima/Desktop/docker/benchmarks/libgdx/gdx/src/com/badlogic/gdx/graphics/VertexAttributes.java
com.badlogic.gdx.graphics.VertexAttributes$ReadonlyIterator	/home/nima/Desktop/docker/benchmarks/libgdx/gdx/src/com/badlogic/gdx/graphics/VertexAttributes.java
com.badlogic.gdx.graphics.VertexAttributes$ReadonlyIterable	/home/nima/Desktop/docker/benchmarks/libgdx/gdx/src/com/badlogic/gdx/graphics/VertexAttributes.java
com.badlogic.gdx.graphics.VertexAttribute	/home/nima/Desktop/docker/benchmarks/libgdx/gdx/src/com/badlogic/gdx/graphics/VertexAttribute.java
com.badlogic.gdx.graphics.g3d.model.data.ModelMeshPart	/home/nima/Desktop/docker/benchmarks/libgdx/gdx/src/com/badlogic/gdx/graphics/g3d/model/data/ModelMeshPart.java
com.badlogic.gdx.graphics.g3d.Material	/home/nima/Desktop/docker/benchmarks/libgdx/gdx/src/com/badlogic/gdx/graphics/g3d/Material.java
com.badlogic.gdx.graphics.g3d.Attributes	/home/nima/Desktop/docker/benchmarks/libgdx/gdx/src/com/badlogic/gdx/graphics/g3d/Attributes.java
com.badlogic.gdx.graphics.g3d.Attribute	/home/nima/Desktop/docker/benchmarks/libgdx/gdx/src/com/badlogic/gdx/graphics/g3d/Attribute.java
com.badlogic.gdx.graphics.g3d.model.Node	/home/nima/Desktop/docker/benchmarks/libgdx/gdx/src/com/badlogic/gdx/graphics/g3d/model/Node.java
com.badlogic.gdx.graphics.g3d.model.Animation	/home/nima/Desktop/docker/benchmarks/libgdx/gdx/src/com/badlogic/gdx/graphics/g3d/model/Animation.java
com.badlogic.gdx.graphics.Mesh	/home/nima/Desktop/docker/benchmarks/libgdx/gdx/src/com/badlogic/gdx/graphics/Mesh.java
com.badlogic.gdx.graphics.Mesh$VertexDataType	/home/nima/Desktop/docker/benchmarks/libgdx/gdx/src/com/badlogic/gdx/graphics/Mesh.java
com.badlogic.gdx.graphics.g3d.model.MeshPart	/home/nima/Desktop/docker/benchmarks/libgdx/gdx/src/com/badlogic/gdx/graphics/g3d/model/MeshPart.java
com.badlogic.gdx.graphics.g3d.model.NodePart	/home/nima/Desktop/docker/benchmarks/libgdx/gdx/src/com/badlogic/gdx/graphics/g3d/model/NodePart.java
com.badlogic.gdx.graphics.g3d.Renderable	/home/nima/Desktop/docker/benchmarks/libgdx/gdx/src/com/badlogic/gdx/graphics/g3d/Renderable.java
com.badlogic.gdx.graphics.g3d.Environment	/home/nima/Desktop/docker/benchmarks/libgdx/gdx/src/com/badlogic/gdx/graphics/g3d/Environment.java
com.badlogic.gdx.graphics.g3d.Shader	/home/nima/Desktop/docker/benchmarks/libgdx/gdx/src/com/badlogic/gdx/graphics/g3d/Shader.java
com.badlogic.gdx.graphics.g3d.utils.RenderContext	/home/nima/Desktop/docker/benchmarks/libgdx/gdx/src/com/badlogic/gdx/graphics/g3d/utils/RenderContext.java
com.badlogic.gdx.graphics.g3d.utils.TextureBinder	/home/nima/Desktop/docker/benchmarks/libgdx/gdx/src/com/badlogic/gdx/graphics/g3d/utils/TextureBinder.java
com.badlogic.gdx.graphics.g3d.utils.TextureDescriptor	/home/nima/Desktop/docker/benchmarks/libgdx/gdx/src/com/badlogic/gdx/graphics/g3d/utils/TextureDescriptor.java
com.badlogic.gdx.graphics.g3d.environment.ShadowMap	/home/nima/Desktop/docker/benchmarks/libgdx/gdx/src/com/badlogic/gdx/graphics/g3d/environment/ShadowMap.java
com.badlogic.gdx.graphics.g3d.environment.BaseLight	/home/nima/Desktop/docker/benchmarks/libgdx/gdx/src/com/badlogic/gdx/graphics/g3d/environment/BaseLight.java
com.badlogic.gdx.graphics.g3d.environment.DirectionalLight	/home/nima/Desktop/docker/benchmarks/libgdx/gdx/src/com/badlogic/gdx/graphics/g3d/environment/DirectionalLight.java
com.badlogic.gdx.graphics.g3d.environment.PointLight	/home/nima/Desktop/docker/benchmarks/libgdx/gdx/src/com/badlogic/gdx/graphics/g3d/environment/PointLight.java
com.badlogic.gdx.graphics.g3d.environment.SpotLight	/home/nima/Desktop/docker/benchmarks/libgdx/gdx/src/com/badlogic/gdx/graphics/g3d/environment/SpotLight.java
com.badlogic.gdx.graphics.glutils.ShaderProgram	/home/nima/Desktop/docker/benchmarks/libgdx/gdx/src/com/badlogic/gdx/graphics/glutils/ShaderProgram.java
com.badlogic.gdx.graphics.glutils.VertexData	/home/nima/Desktop/docker/benchmarks/libgdx/gdx/src/com/badlogic/gdx/graphics/glutils/VertexData.java
com.badlogic.gdx.graphics.glutils.IndexData	/home/nima/Desktop/docker/benchmarks/libgdx/gdx/src/com/badlogic/gdx/graphics/glutils/IndexData.java
com.badlogic.gdx.graphics.glutils.InstanceData	/home/nima/Desktop/docker/benchmarks/libgdx/gdx/src/com/badlogic/gdx/graphics/glutils/InstanceData.java
com.badlogic.gdx.graphics.g3d.model.NodeAnimation	/home/nima/Desktop/docker/benchmarks/libgdx/gdx/src/com/badlogic/gdx/graphics/g3d/model/NodeAnimation.java
com.badlogic.gdx.graphics.g3d.model.NodeKeyframe	/home/nima/Desktop/docker/benchmarks/libgdx/gdx/src/com/badlogic/gdx/graphics/g3d/model/NodeKeyframe.java
com.badlogic.gdx.assets.loaders.ParticleEffectLoader	/home/nima/Desktop/docker/benchmarks/libgdx/gdx/src/com/badlogic/gdx/assets/loaders/ParticleEffectLoader.java
com.badlogic.gdx.assets.loaders.ParticleEffectLoader$ParticleEffectParameter	/home/nima/Desktop/docker/benchmarks/libgdx/gdx/src/com/badlogic/gdx/assets/loaders/ParticleEffectLoader.java
com.badlogic.gdx.assets.loaders.SynchronousAssetLoader	/home/nima/Desktop/docker/benchmarks/libgdx/gdx/src/com/badlogic/gdx/assets/loaders/SynchronousAssetLoader.java
com.badlogic.gdx.graphics.g2d.ParticleEffect	/home/nima/Desktop/docker/benchmarks/libgdx/gdx/src/com/badlogic/gdx/graphics/g2d/ParticleEffect.java
com.badlogic.gdx.graphics.g2d.ParticleEmitter	/home/nima/Desktop/docker/benchmarks/libgdx/gdx/src/com/badlogic/gdx/graphics/g2d/ParticleEmitter.java
com.badlogic.gdx.graphics.g2d.ParticleEmitter$Particle	/home/nima/Desktop/docker/benchmarks/libgdx/gdx/src/com/badlogic/gdx/graphics/g2d/ParticleEmitter.java
com.badlogic.gdx.graphics.g2d.ParticleEmitter$ParticleValue	/home/nima/Desktop/docker/benchmarks/libgdx/gdx/src/com/badlogic/gdx/graphics/g2d/ParticleEmitter.java
com.badlogic.gdx.graphics.g2d.ParticleEmitter$NumericValue	/home/nima/Desktop/docker/benchmarks/libgdx/gdx/src/com/badlogic/gdx/graphics/g2d/ParticleEmitter.java
com.badlogic.gdx.graphics.g2d.ParticleEmitter$RangedNumericValue	/home/nima/Desktop/docker/benchmarks/libgdx/gdx/src/com/badlogic/gdx/graphics/g2d/ParticleEmitter.java
com.badlogic.gdx.graphics.g2d.ParticleEmitter$ScaledNumericValue	/home/nima/Desktop/docker/benchmarks/libgdx/gdx/src/com/badlogic/gdx/graphics/g2d/ParticleEmitter.java
com.badlogic.gdx.graphics.g2d.ParticleEmitter$IndependentScaledNumericValue	/home/nima/Desktop/docker/benchmarks/libgdx/gdx/src/com/badlogic/gdx/graphics/g2d/ParticleEmitter.java
com.badlogic.gdx.graphics.g2d.ParticleEmitter$GradientColorValue	/home/nima/Desktop/docker/benchmarks/libgdx/gdx/src/com/badlogic/gdx/graphics/g2d/ParticleEmitter.java
com.badlogic.gdx.graphics.g2d.ParticleEmitter$SpawnShapeValue	/home/nima/Desktop/docker/benchmarks/libgdx/gdx/src/com/badlogic/gdx/graphics/g2d/ParticleEmitter.java
com.badlogic.gdx.graphics.g2d.ParticleEmitter$SpawnShape	/home/nima/Desktop/docker/benchmarks/libgdx/gdx/src/com/badlogic/gdx/graphics/g2d/ParticleEmitter.java
com.badlogic.gdx.graphics.g2d.ParticleEmitter$SpawnEllipseSide	/home/nima/Desktop/docker/benchmarks/libgdx/gdx/src/com/badlogic/gdx/graphics/g2d/ParticleEmitter.java
com.badlogic.gdx.graphics.g2d.ParticleEmitter$SpriteMode	/home/nima/Desktop/docker/benchmarks/libgdx/gdx/src/com/badlogic/gdx/graphics/g2d/ParticleEmitter.java
com.badlogic.gdx.graphics.g2d.Batch	/home/nima/Desktop/docker/benchmarks/libgdx/gdx/src/com/badlogic/gdx/graphics/g2d/Batch.java
com.badlogic.gdx.graphics.g2d.TextureAtlas	/home/nima/Desktop/docker/benchmarks/libgdx/gdx/src/com/badlogic/gdx/graphics/g2d/TextureAtlas.java
com.badlogic.gdx.graphics.g2d.TextureAtlas$TextureAtlasData	/home/nima/Desktop/docker/benchmarks/libgdx/gdx/src/com/badlogic/gdx/graphics/g2d/TextureAtlas.java
com.badlogic.gdx.graphics.g2d.TextureAtlas$TextureAtlasData$1	/home/nima/Desktop/docker/benchmarks/libgdx/gdx/src/com/badlogic/gdx/graphics/g2d/TextureAtlas.java
com.badlogic.gdx.graphics.g2d.TextureAtlas$TextureAtlasData$2	/home/nima/Desktop/docker/benchmarks/libgdx/gdx/src/com/badlogic/gdx/graphics/g2d/TextureAtlas.java
com.badlogic.gdx.graphics.g2d.TextureAtlas$TextureAtlasData$3	/home/nima/Desktop/docker/benchmarks/libgdx/gdx/src/com/badlogic/gdx/graphics/g2d/TextureAtlas.java
com.badlogic.gdx.graphics.g2d.TextureAtlas$TextureAtlasData$4	/home/nima/Desktop/docker/benchmarks/libgdx/gdx/src/com/badlogic/gdx/graphics/g2d/TextureAtlas.java
com.badlogic.gdx.graphics.g2d.TextureAtlas$TextureAtlasData$5	/home/nima/Desktop/docker/benchmarks/libgdx/gdx/src/com/badlogic/gdx/graphics/g2d/TextureAtlas.java
com.badlogic.gdx.graphics.g2d.TextureAtlas$TextureAtlasData$6	/home/nima/Desktop/docker/benchmarks/libgdx/gdx/src/com/badlogic/gdx/graphics/g2d/TextureAtlas.java
com.badlogic.gdx.graphics.g2d.TextureAtlas$TextureAtlasData$7	/home/nima/Desktop/docker/benchmarks/libgdx/gdx/src/com/badlogic/gdx/graphics/g2d/TextureAtlas.java
com.badlogic.gdx.graphics.g2d.TextureAtlas$TextureAtlasData$8	/home/nima/Desktop/docker/benchmarks/libgdx/gdx/src/com/badlogic/gdx/graphics/g2d/TextureAtlas.java
com.badlogic.gdx.graphics.g2d.TextureAtlas$TextureAtlasData$9	/home/nima/Desktop/docker/benchmarks/libgdx/gdx/src/com/badlogic/gdx/graphics/g2d/TextureAtlas.java
com.badlogic.gdx.graphics.g2d.TextureAtlas$TextureAtlasData$10	/home/nima/Desktop/docker/benchmarks/libgdx/gdx/src/com/badlogic/gdx/graphics/g2d/TextureAtlas.java
com.badlogic.gdx.graphics.g2d.TextureAtlas$TextureAtlasData$11	/home/nima/Desktop/docker/benchmarks/libgdx/gdx/src/com/badlogic/gdx/graphics/g2d/TextureAtlas.java
com.badlogic.gdx.graphics.g2d.TextureAtlas$TextureAtlasData$12	/home/nima/Desktop/docker/benchmarks/libgdx/gdx/src/com/badlogic/gdx/graphics/g2d/TextureAtlas.java
com.badlogic.gdx.graphics.g2d.TextureAtlas$TextureAtlasData$13	/home/nima/Desktop/docker/benchmarks/libgdx/gdx/src/com/badlogic/gdx/graphics/g2d/TextureAtlas.java
com.badlogic.gdx.graphics.g2d.TextureAtlas$TextureAtlasData$14	/home/nima/Desktop/docker/benchmarks/libgdx/gdx/src/com/badlogic/gdx/graphics/g2d/TextureAtlas.java
com.badlogic.gdx.graphics.g2d.TextureAtlas$TextureAtlasData$Field	/home/nima/Desktop/docker/benchmarks/libgdx/gdx/src/com/badlogic/gdx/graphics/g2d/TextureAtlas.java
com.badlogic.gdx.graphics.g2d.TextureAtlas$TextureAtlasData$Page	/home/nima/Desktop/docker/benchmarks/libgdx/gdx/src/com/badlogic/gdx/graphics/g2d/TextureAtlas.java
com.badlogic.gdx.graphics.g2d.TextureAtlas$TextureAtlasData$Region	/home/nima/Desktop/docker/benchmarks/libgdx/gdx/src/com/badlogic/gdx/graphics/g2d/TextureAtlas.java
com.badlogic.gdx.graphics.g2d.TextureAtlas$AtlasRegion	/home/nima/Desktop/docker/benchmarks/libgdx/gdx/src/com/badlogic/gdx/graphics/g2d/TextureAtlas.java
com.badlogic.gdx.graphics.g2d.TextureAtlas$AtlasSprite	/home/nima/Desktop/docker/benchmarks/libgdx/gdx/src/com/badlogic/gdx/graphics/g2d/TextureAtlas.java
com.badlogic.gdx.graphics.g2d.SpriteBatch	/home/nima/Desktop/docker/benchmarks/libgdx/gdx/src/com/badlogic/gdx/graphics/g2d/SpriteBatch.java
com.badlogic.gdx.graphics.g2d.Sprite	/home/nima/Desktop/docker/benchmarks/libgdx/gdx/src/com/badlogic/gdx/graphics/g2d/Sprite.java
com.badlogic.gdx.graphics.g2d.NinePatch	/home/nima/Desktop/docker/benchmarks/libgdx/gdx/src/com/badlogic/gdx/graphics/g2d/NinePatch.java
com.badlogic.gdx.assets.loaders.SoundLoader	/home/nima/Desktop/docker/benchmarks/libgdx/gdx/src/com/badlogic/gdx/assets/loaders/SoundLoader.java
com.badlogic.gdx.assets.loaders.SoundLoader$SoundParameter	/home/nima/Desktop/docker/benchmarks/libgdx/gdx/src/com/badlogic/gdx/assets/loaders/SoundLoader.java
com.badlogic.gdx.assets.loaders.resolvers.ResolutionFileResolver	/home/nima/Desktop/docker/benchmarks/libgdx/gdx/src/com/badlogic/gdx/assets/loaders/resolvers/ResolutionFileResolver.java
com.badlogic.gdx.assets.loaders.resolvers.ResolutionFileResolver$Resolution	/home/nima/Desktop/docker/benchmarks/libgdx/gdx/src/com/badlogic/gdx/assets/loaders/resolvers/ResolutionFileResolver.java
com.badlogic.gdx.assets.loaders.resolvers.AbsoluteFileHandleResolver	/home/nima/Desktop/docker/benchmarks/libgdx/gdx/src/com/badlogic/gdx/assets/loaders/resolvers/AbsoluteFileHandleResolver.java
com.badlogic.gdx.assets.loaders.resolvers.InternalFileHandleResolver	/home/nima/Desktop/docker/benchmarks/libgdx/gdx/src/com/badlogic/gdx/assets/loaders/resolvers/InternalFileHandleResolver.java
com.badlogic.gdx.assets.loaders.resolvers.LocalFileHandleResolver	/home/nima/Desktop/docker/benchmarks/libgdx/gdx/src/com/badlogic/gdx/assets/loaders/resolvers/LocalFileHandleResolver.java
com.badlogic.gdx.assets.loaders.resolvers.PrefixFileHandleResolver	/home/nima/Desktop/docker/benchmarks/libgdx/gdx/src/com/badlogic/gdx/assets/loaders/resolvers/PrefixFileHandleResolver.java
com.badlogic.gdx.assets.loaders.resolvers.ClasspathFileHandleResolver	/home/nima/Desktop/docker/benchmarks/libgdx/gdx/src/com/badlogic/gdx/assets/loaders/resolvers/ClasspathFileHandleResolver.java
com.badlogic.gdx.assets.loaders.resolvers.ExternalFileHandleResolver	/home/nima/Desktop/docker/benchmarks/libgdx/gdx/src/com/badlogic/gdx/assets/loaders/resolvers/ExternalFileHandleResolver.java
com.badlogic.gdx.assets.loaders.MusicLoader	/home/nima/Desktop/docker/benchmarks/libgdx/gdx/src/com/badlogic/gdx/assets/loaders/MusicLoader.java
com.badlogic.gdx.assets.loaders.MusicLoader$MusicParameter	/home/nima/Desktop/docker/benchmarks/libgdx/gdx/src/com/badlogic/gdx/assets/loaders/MusicLoader.java
com.badlogic.gdx.assets.loaders.CubemapLoader	/home/nima/Desktop/docker/benchmarks/libgdx/gdx/src/com/badlogic/gdx/assets/loaders/CubemapLoader.java
com.badlogic.gdx.assets.loaders.CubemapLoader$CubemapLoaderInfo	/home/nima/Desktop/docker/benchmarks/libgdx/gdx/src/com/badlogic/gdx/assets/loaders/CubemapLoader.java
com.badlogic.gdx.assets.loaders.CubemapLoader$CubemapParameter	/home/nima/Desktop/docker/benchmarks/libgdx/gdx/src/com/badlogic/gdx/assets/loaders/CubemapLoader.java
com.badlogic.gdx.graphics.Cubemap	/home/nima/Desktop/docker/benchmarks/libgdx/gdx/src/com/badlogic/gdx/graphics/Cubemap.java
com.badlogic.gdx.graphics.Cubemap$CubemapSide	/home/nima/Desktop/docker/benchmarks/libgdx/gdx/src/com/badlogic/gdx/graphics/Cubemap.java
com.badlogic.gdx.graphics.Cubemap$1	/home/nima/Desktop/docker/benchmarks/libgdx/gdx/src/com/badlogic/gdx/graphics/Cubemap.java
com.badlogic.gdx.graphics.CubemapData	/home/nima/Desktop/docker/benchmarks/libgdx/gdx/src/com/badlogic/gdx/graphics/CubemapData.java
com.badlogic.gdx.assets.loaders.ShaderProgramLoader	/home/nima/Desktop/docker/benchmarks/libgdx/gdx/src/com/badlogic/gdx/assets/loaders/ShaderProgramLoader.java
com.badlogic.gdx.assets.loaders.ShaderProgramLoader$ShaderProgramParameter	/home/nima/Desktop/docker/benchmarks/libgdx/gdx/src/com/badlogic/gdx/assets/loaders/ShaderProgramLoader.java
com.badlogic.gdx.assets.loaders.TextureAtlasLoader	/home/nima/Desktop/docker/benchmarks/libgdx/gdx/src/com/badlogic/gdx/assets/loaders/TextureAtlasLoader.java
com.badlogic.gdx.assets.loaders.TextureAtlasLoader$TextureAtlasParameter	/home/nima/Desktop/docker/benchmarks/libgdx/gdx/src/com/badlogic/gdx/assets/loaders/TextureAtlasLoader.java
com.badlogic.gdx.assets.loaders.PixmapLoader	/home/nima/Desktop/docker/benchmarks/libgdx/gdx/src/com/badlogic/gdx/assets/loaders/PixmapLoader.java
com.badlogic.gdx.assets.loaders.PixmapLoader$PixmapParameter	/home/nima/Desktop/docker/benchmarks/libgdx/gdx/src/com/badlogic/gdx/assets/loaders/PixmapLoader.java
com.badlogic.gdx.assets.loaders.SkinLoader	/home/nima/Desktop/docker/benchmarks/libgdx/gdx/src/com/badlogic/gdx/assets/loaders/SkinLoader.java
com.badlogic.gdx.assets.loaders.SkinLoader$SkinParameter	/home/nima/Desktop/docker/benchmarks/libgdx/gdx/src/com/badlogic/gdx/assets/loaders/SkinLoader.java
com.badlogic.gdx.graphics.g2d.GlyphLayout	/home/nima/Desktop/docker/benchmarks/libgdx/gdx/src/com/badlogic/gdx/graphics/g2d/GlyphLayout.java
com.badlogic.gdx.graphics.g2d.GlyphLayout$GlyphRun	/home/nima/Desktop/docker/benchmarks/libgdx/gdx/src/com/badlogic/gdx/graphics/g2d/GlyphLayout.java
com.badlogic.gdx.graphics.g2d.BitmapFont	/home/nima/Desktop/docker/benchmarks/libgdx/gdx/src/com/badlogic/gdx/graphics/g2d/BitmapFont.java
com.badlogic.gdx.graphics.g2d.BitmapFont$Glyph	/home/nima/Desktop/docker/benchmarks/libgdx/gdx/src/com/badlogic/gdx/graphics/g2d/BitmapFont.java
com.badlogic.gdx.graphics.g2d.BitmapFont$BitmapFontData	/home/nima/Desktop/docker/benchmarks/libgdx/gdx/src/com/badlogic/gdx/graphics/g2d/BitmapFont.java
com.badlogic.gdx.scenes.scene2d.ui.Skin	/home/nima/Desktop/docker/benchmarks/libgdx/gdx/src/com/badlogic/gdx/scenes/scene2d/ui/Skin.java
com.badlogic.gdx.scenes.scene2d.ui.Skin$1	/home/nima/Desktop/docker/benchmarks/libgdx/gdx/src/com/badlogic/gdx/scenes/scene2d/ui/Skin.java
com.badlogic.gdx.scenes.scene2d.ui.Skin$2	/home/nima/Desktop/docker/benchmarks/libgdx/gdx/src/com/badlogic/gdx/scenes/scene2d/ui/Skin.java
com.badlogic.gdx.scenes.scene2d.ui.Skin$3	/home/nima/Desktop/docker/benchmarks/libgdx/gdx/src/com/badlogic/gdx/scenes/scene2d/ui/Skin.java
com.badlogic.gdx.scenes.scene2d.ui.Skin$4	/home/nima/Desktop/docker/benchmarks/libgdx/gdx/src/com/badlogic/gdx/scenes/scene2d/ui/Skin.java
com.badlogic.gdx.scenes.scene2d.ui.Skin$5	/home/nima/Desktop/docker/benchmarks/libgdx/gdx/src/com/badlogic/gdx/scenes/scene2d/ui/Skin.java
com.badlogic.gdx.scenes.scene2d.ui.Skin$TintedDrawable	/home/nima/Desktop/docker/benchmarks/libgdx/gdx/src/com/badlogic/gdx/scenes/scene2d/ui/Skin.java
com.badlogic.gdx.scenes.scene2d.utils.TiledDrawable	/home/nima/Desktop/docker/benchmarks/libgdx/gdx/src/com/badlogic/gdx/scenes/scene2d/utils/TiledDrawable.java
com.badlogic.gdx.scenes.scene2d.utils.TextureRegionDrawable	/home/nima/Desktop/docker/benchmarks/libgdx/gdx/src/com/badlogic/gdx/scenes/scene2d/utils/TextureRegionDrawable.java
com.badlogic.gdx.scenes.scene2d.utils.BaseDrawable	/home/nima/Desktop/docker/benchmarks/libgdx/gdx/src/com/badlogic/gdx/scenes/scene2d/utils/BaseDrawable.java
com.badlogic.gdx.scenes.scene2d.utils.Drawable	/home/nima/Desktop/docker/benchmarks/libgdx/gdx/src/com/badlogic/gdx/scenes/scene2d/utils/Drawable.java
com.badlogic.gdx.scenes.scene2d.utils.TransformDrawable	/home/nima/Desktop/docker/benchmarks/libgdx/gdx/src/com/badlogic/gdx/scenes/scene2d/utils/TransformDrawable.java
com.badlogic.gdx.graphics.glutils.ShapeRenderer	/home/nima/Desktop/docker/benchmarks/libgdx/gdx/src/com/badlogic/gdx/graphics/glutils/ShapeRenderer.java
com.badlogic.gdx.graphics.glutils.ShapeRenderer$ShapeType	/home/nima/Desktop/docker/benchmarks/libgdx/gdx/src/com/badlogic/gdx/graphics/glutils/ShapeRenderer.java
com.badlogic.gdx.scenes.scene2d.Actor	/home/nima/Desktop/docker/benchmarks/libgdx/gdx/src/com/badlogic/gdx/scenes/scene2d/Actor.java
com.badlogic.gdx.scenes.scene2d.InputEvent	/home/nima/Desktop/docker/benchmarks/libgdx/gdx/src/com/badlogic/gdx/scenes/scene2d/InputEvent.java
com.badlogic.gdx.scenes.scene2d.InputEvent$Type	/home/nima/Desktop/docker/benchmarks/libgdx/gdx/src/com/badlogic/gdx/scenes/scene2d/InputEvent.java
com.badlogic.gdx.scenes.scene2d.ui.Label	/home/nima/Desktop/docker/benchmarks/libgdx/gdx/src/com/badlogic/gdx/scenes/scene2d/ui/Label.java
com.badlogic.gdx.scenes.scene2d.ui.Label$LabelStyle	/home/nima/Desktop/docker/benchmarks/libgdx/gdx/src/com/badlogic/gdx/scenes/scene2d/ui/Label.java
com.badlogic.gdx.scenes.scene2d.ui.Value	/home/nima/Desktop/docker/benchmarks/libgdx/gdx/src/com/badlogic/gdx/scenes/scene2d/ui/Value.java
com.badlogic.gdx.scenes.scene2d.ui.Value$Fixed	/home/nima/Desktop/docker/benchmarks/libgdx/gdx/src/com/badlogic/gdx/scenes/scene2d/ui/Value.java
com.badlogic.gdx.scenes.scene2d.ui.Value$1	/home/nima/Desktop/docker/benchmarks/libgdx/gdx/src/com/badlogic/gdx/scenes/scene2d/ui/Value.java
com.badlogic.gdx.scenes.scene2d.ui.Value$2	/home/nima/Desktop/docker/benchmarks/libgdx/gdx/src/com/badlogic/gdx/scenes/scene2d/ui/Value.java
com.badlogic.gdx.scenes.scene2d.ui.Value$3	/home/nima/Desktop/docker/benchmarks/libgdx/gdx/src/com/badlogic/gdx/scenes/scene2d/ui/Value.java
com.badlogic.gdx.scenes.scene2d.ui.Value$4	/home/nima/Desktop/docker/benchmarks/libgdx/gdx/src/com/badlogic/gdx/scenes/scene2d/ui/Value.java
com.badlogic.gdx.scenes.scene2d.ui.Value$5	/home/nima/Desktop/docker/benchmarks/libgdx/gdx/src/com/badlogic/gdx/scenes/scene2d/ui/Value.java
com.badlogic.gdx.scenes.scene2d.ui.Value$6	/home/nima/Desktop/docker/benchmarks/libgdx/gdx/src/com/badlogic/gdx/scenes/scene2d/ui/Value.java
com.badlogic.gdx.scenes.scene2d.ui.Value$7	/home/nima/Desktop/docker/benchmarks/libgdx/gdx/src/com/badlogic/gdx/scenes/scene2d/ui/Value.java
com.badlogic.gdx.scenes.scene2d.ui.Value$8	/home/nima/Desktop/docker/benchmarks/libgdx/gdx/src/com/badlogic/gdx/scenes/scene2d/ui/Value.java
com.badlogic.gdx.scenes.scene2d.ui.Value$9	/home/nima/Desktop/docker/benchmarks/libgdx/gdx/src/com/badlogic/gdx/scenes/scene2d/ui/Value.java
com.badlogic.gdx.scenes.scene2d.ui.Value$10	/home/nima/Desktop/docker/benchmarks/libgdx/gdx/src/com/badlogic/gdx/scenes/scene2d/ui/Value.java
com.badlogic.gdx.scenes.scene2d.ui.Table	/home/nima/Desktop/docker/benchmarks/libgdx/gdx/src/com/badlogic/gdx/scenes/scene2d/ui/Table.java
com.badlogic.gdx.scenes.scene2d.ui.Table$1	/home/nima/Desktop/docker/benchmarks/libgdx/gdx/src/com/badlogic/gdx/scenes/scene2d/ui/Table.java
com.badlogic.gdx.scenes.scene2d.ui.Table$DebugRect	/home/nima/Desktop/docker/benchmarks/libgdx/gdx/src/com/badlogic/gdx/scenes/scene2d/ui/Table.java
com.badlogic.gdx.scenes.scene2d.ui.Table$Debug	/home/nima/Desktop/docker/benchmarks/libgdx/gdx/src/com/badlogic/gdx/scenes/scene2d/ui/Table.java
com.badlogic.gdx.scenes.scene2d.ui.Table$2	/home/nima/Desktop/docker/benchmarks/libgdx/gdx/src/com/badlogic/gdx/scenes/scene2d/ui/Table.java
com.badlogic.gdx.scenes.scene2d.ui.Table$3	/home/nima/Desktop/docker/benchmarks/libgdx/gdx/src/com/badlogic/gdx/scenes/scene2d/ui/Table.java
com.badlogic.gdx.scenes.scene2d.ui.Table$4	/home/nima/Desktop/docker/benchmarks/libgdx/gdx/src/com/badlogic/gdx/scenes/scene2d/ui/Table.java
com.badlogic.gdx.scenes.scene2d.ui.Table$5	/home/nima/Desktop/docker/benchmarks/libgdx/gdx/src/com/badlogic/gdx/scenes/scene2d/ui/Table.java
com.badlogic.gdx.scenes.scene2d.utils.FocusListener	/home/nima/Desktop/docker/benchmarks/libgdx/gdx/src/com/badlogic/gdx/scenes/scene2d/utils/FocusListener.java
com.badlogic.gdx.scenes.scene2d.utils.FocusListener$FocusEvent	/home/nima/Desktop/docker/benchmarks/libgdx/gdx/src/com/badlogic/gdx/scenes/scene2d/utils/FocusListener.java
com.badlogic.gdx.scenes.scene2d.utils.FocusListener$FocusEvent$Type	/home/nima/Desktop/docker/benchmarks/libgdx/gdx/src/com/badlogic/gdx/scenes/scene2d/utils/FocusListener.java
com.badlogic.gdx.scenes.scene2d.Stage	/home/nima/Desktop/docker/benchmarks/libgdx/gdx/src/com/badlogic/gdx/scenes/scene2d/Stage.java
com.badlogic.gdx.scenes.scene2d.Stage$TouchFocus	/home/nima/Desktop/docker/benchmarks/libgdx/gdx/src/com/badlogic/gdx/scenes/scene2d/Stage.java
com.badlogic.gdx.scenes.scene2d.Event	/home/nima/Desktop/docker/benchmarks/libgdx/gdx/src/com/badlogic/gdx/scenes/scene2d/Event.java
com.badlogic.gdx.scenes.scene2d.ui.WidgetGroup	/home/nima/Desktop/docker/benchmarks/libgdx/gdx/src/com/badlogic/gdx/scenes/scene2d/ui/WidgetGroup.java
com.badlogic.gdx.scenes.scene2d.Group	/home/nima/Desktop/docker/benchmarks/libgdx/gdx/src/com/badlogic/gdx/scenes/scene2d/Group.java
com.badlogic.gdx.scenes.scene2d.utils.Cullable	/home/nima/Desktop/docker/benchmarks/libgdx/gdx/src/com/badlogic/gdx/scenes/scene2d/utils/Cullable.java
com.badlogic.gdx.scenes.scene2d.utils.Layout	/home/nima/Desktop/docker/benchmarks/libgdx/gdx/src/com/badlogic/gdx/scenes/scene2d/utils/Layout.java
com.badlogic.gdx.scenes.scene2d.ui.Widget	/home/nima/Desktop/docker/benchmarks/libgdx/gdx/src/com/badlogic/gdx/scenes/scene2d/ui/Widget.java
com.badlogic.gdx.scenes.scene2d.EventListener	/home/nima/Desktop/docker/benchmarks/libgdx/gdx/src/com/badlogic/gdx/scenes/scene2d/EventListener.java
com.badlogic.gdx.scenes.scene2d.Action	/home/nima/Desktop/docker/benchmarks/libgdx/gdx/src/com/badlogic/gdx/scenes/scene2d/Action.java
com.badlogic.gdx.scenes.scene2d.Touchable	/home/nima/Desktop/docker/benchmarks/libgdx/gdx/src/com/badlogic/gdx/scenes/scene2d/Touchable.java
com.badlogic.gdx.scenes.scene2d.ui.Cell	/home/nima/Desktop/docker/benchmarks/libgdx/gdx/src/com/badlogic/gdx/scenes/scene2d/ui/Cell.java
com.badlogic.gdx.scenes.scene2d.ui.Stack	/home/nima/Desktop/docker/benchmarks/libgdx/gdx/src/com/badlogic/gdx/scenes/scene2d/ui/Stack.java
com.badlogic.gdx.graphics.g2d.BitmapFontCache	/home/nima/Desktop/docker/benchmarks/libgdx/gdx/src/com/badlogic/gdx/graphics/g2d/BitmapFontCache.java
com.badlogic.gdx.graphics.glutils.ImmediateModeRenderer	/home/nima/Desktop/docker/benchmarks/libgdx/gdx/src/com/badlogic/gdx/graphics/glutils/ImmediateModeRenderer.java
com.badlogic.gdx.assets.loaders.BitmapFontLoader	/home/nima/Desktop/docker/benchmarks/libgdx/gdx/src/com/badlogic/gdx/assets/loaders/BitmapFontLoader.java
com.badlogic.gdx.assets.loaders.BitmapFontLoader$BitmapFontParameter	/home/nima/Desktop/docker/benchmarks/libgdx/gdx/src/com/badlogic/gdx/assets/loaders/BitmapFontLoader.java
com.badlogic.gdx.ApplicationAdapter	/home/nima/Desktop/docker/benchmarks/libgdx/gdx/src/com/badlogic/gdx/ApplicationAdapter.java
com.badlogic.gdx.math.Intersector	/home/nima/Desktop/docker/benchmarks/libgdx/gdx/src/com/badlogic/gdx/math/Intersector.java
com.badlogic.gdx.math.Intersector$SplitTriangle	/home/nima/Desktop/docker/benchmarks/libgdx/gdx/src/com/badlogic/gdx/math/Intersector.java
com.badlogic.gdx.math.Intersector$MinimumTranslationVector	/home/nima/Desktop/docker/benchmarks/libgdx/gdx/src/com/badlogic/gdx/math/Intersector.java
com.badlogic.gdx.math.Polygon	/home/nima/Desktop/docker/benchmarks/libgdx/gdx/src/com/badlogic/gdx/math/Polygon.java
com.badlogic.gdx.math.ConvexHull	/home/nima/Desktop/docker/benchmarks/libgdx/gdx/src/com/badlogic/gdx/math/ConvexHull.java
com.badlogic.gdx.math.GeometryUtils	/home/nima/Desktop/docker/benchmarks/libgdx/gdx/src/com/badlogic/gdx/math/GeometryUtils.java
com.badlogic.gdx.math.Path	/home/nima/Desktop/docker/benchmarks/libgdx/gdx/src/com/badlogic/gdx/math/Path.java
com.badlogic.gdx.math.MathUtils	/home/nima/Desktop/docker/benchmarks/libgdx/gdx/src/com/badlogic/gdx/math/MathUtils.java
com.badlogic.gdx.math.MathUtils$Sin	/home/nima/Desktop/docker/benchmarks/libgdx/gdx/src/com/badlogic/gdx/math/MathUtils.java
com.badlogic.gdx.math.Ellipse	/home/nima/Desktop/docker/benchmarks/libgdx/gdx/src/com/badlogic/gdx/math/Ellipse.java
com.badlogic.gdx.math.EarClippingTriangulator	/home/nima/Desktop/docker/benchmarks/libgdx/gdx/src/com/badlogic/gdx/math/EarClippingTriangulator.java
com.badlogic.gdx.math.Polyline	/home/nima/Desktop/docker/benchmarks/libgdx/gdx/src/com/badlogic/gdx/math/Polyline.java
com.badlogic.gdx.math.CatmullRomSpline	/home/nima/Desktop/docker/benchmarks/libgdx/gdx/src/com/badlogic/gdx/math/CatmullRomSpline.java
com.badlogic.gdx.math.Bresenham2	/home/nima/Desktop/docker/benchmarks/libgdx/gdx/src/com/badlogic/gdx/math/Bresenham2.java
com.badlogic.gdx.math.Bresenham2$1	/home/nima/Desktop/docker/benchmarks/libgdx/gdx/src/com/badlogic/gdx/math/Bresenham2.java
com.badlogic.gdx.math.GridPoint2	/home/nima/Desktop/docker/benchmarks/libgdx/gdx/src/com/badlogic/gdx/math/GridPoint2.java
com.badlogic.gdx.math.Octree	/home/nima/Desktop/docker/benchmarks/libgdx/gdx/src/com/badlogic/gdx/math/Octree.java
com.badlogic.gdx.math.Octree$1	/home/nima/Desktop/docker/benchmarks/libgdx/gdx/src/com/badlogic/gdx/math/Octree.java
com.badlogic.gdx.math.Octree$OctreeNode	/home/nima/Desktop/docker/benchmarks/libgdx/gdx/src/com/badlogic/gdx/math/Octree.java
com.badlogic.gdx.math.Octree$Collider	/home/nima/Desktop/docker/benchmarks/libgdx/gdx/src/com/badlogic/gdx/math/Octree.java
com.badlogic.gdx.math.Octree$RayCastResult	/home/nima/Desktop/docker/benchmarks/libgdx/gdx/src/com/badlogic/gdx/math/Octree.java
com.badlogic.gdx.math.RandomXS128	/home/nima/Desktop/docker/benchmarks/libgdx/gdx/src/com/badlogic/gdx/math/RandomXS128.java
com.badlogic.gdx.math.BSpline	/home/nima/Desktop/docker/benchmarks/libgdx/gdx/src/com/badlogic/gdx/math/BSpline.java
com.badlogic.gdx.math.GridPoint3	/home/nima/Desktop/docker/benchmarks/libgdx/gdx/src/com/badlogic/gdx/math/GridPoint3.java
com.badlogic.gdx.math.collision.Segment	/home/nima/Desktop/docker/benchmarks/libgdx/gdx/src/com/badlogic/gdx/math/collision/Segment.java
com.badlogic.gdx.math.collision.Sphere	/home/nima/Desktop/docker/benchmarks/libgdx/gdx/src/com/badlogic/gdx/math/collision/Sphere.java
com.badlogic.gdx.math.DelaunayTriangulator	/home/nima/Desktop/docker/benchmarks/libgdx/gdx/src/com/badlogic/gdx/math/DelaunayTriangulator.java
com.badlogic.gdx.math.Bezier	/home/nima/Desktop/docker/benchmarks/libgdx/gdx/src/com/badlogic/gdx/math/Bezier.java
com.badlogic.gdx.math.CumulativeDistribution	/home/nima/Desktop/docker/benchmarks/libgdx/gdx/src/com/badlogic/gdx/math/CumulativeDistribution.java
com.badlogic.gdx.math.CumulativeDistribution$CumulativeValue	/home/nima/Desktop/docker/benchmarks/libgdx/gdx/src/com/badlogic/gdx/math/CumulativeDistribution.java
com.badlogic.gdx.Screen	/home/nima/Desktop/docker/benchmarks/libgdx/gdx/src/com/badlogic/gdx/Screen.java
com.badlogic.gdx.Version	/home/nima/Desktop/docker/benchmarks/libgdx/gdx/src/com/badlogic/gdx/Version.java
com.badlogic.gdx.graphics.TextureArrayData	/home/nima/Desktop/docker/benchmarks/libgdx/gdx/src/com/badlogic/gdx/graphics/TextureArrayData.java
com.badlogic.gdx.graphics.TextureArrayData$Factory	/home/nima/Desktop/docker/benchmarks/libgdx/gdx/src/com/badlogic/gdx/graphics/TextureArrayData.java
com.badlogic.gdx.graphics.PixmapIO	/home/nima/Desktop/docker/benchmarks/libgdx/gdx/src/com/badlogic/gdx/graphics/PixmapIO.java
com.badlogic.gdx.graphics.PixmapIO$CIM	/home/nima/Desktop/docker/benchmarks/libgdx/gdx/src/com/badlogic/gdx/graphics/PixmapIO.java
com.badlogic.gdx.graphics.PixmapIO$PNG	/home/nima/Desktop/docker/benchmarks/libgdx/gdx/src/com/badlogic/gdx/graphics/PixmapIO.java
com.badlogic.gdx.graphics.PixmapIO$PNG$ChunkBuffer	/home/nima/Desktop/docker/benchmarks/libgdx/gdx/src/com/badlogic/gdx/graphics/PixmapIO.java
com.badlogic.gdx.graphics.g2d.PolygonBatch	/home/nima/Desktop/docker/benchmarks/libgdx/gdx/src/com/badlogic/gdx/graphics/g2d/PolygonBatch.java
com.badlogic.gdx.graphics.g2d.PolygonRegion	/home/nima/Desktop/docker/benchmarks/libgdx/gdx/src/com/badlogic/gdx/graphics/g2d/PolygonRegion.java
com.badlogic.gdx.graphics.g2d.PolygonSpriteBatch	/home/nima/Desktop/docker/benchmarks/libgdx/gdx/src/com/badlogic/gdx/graphics/g2d/PolygonSpriteBatch.java
com.badlogic.gdx.graphics.g2d.ParticleEffectPool	/home/nima/Desktop/docker/benchmarks/libgdx/gdx/src/com/badlogic/gdx/graphics/g2d/ParticleEffectPool.java
com.badlogic.gdx.graphics.g2d.ParticleEffectPool$PooledEffect	/home/nima/Desktop/docker/benchmarks/libgdx/gdx/src/com/badlogic/gdx/graphics/g2d/ParticleEffectPool.java
com.badlogic.gdx.graphics.g2d.PolygonSprite	/home/nima/Desktop/docker/benchmarks/libgdx/gdx/src/com/badlogic/gdx/graphics/g2d/PolygonSprite.java
com.badlogic.gdx.graphics.g2d.PixmapPacker	/home/nima/Desktop/docker/benchmarks/libgdx/gdx/src/com/badlogic/gdx/graphics/g2d/PixmapPacker.java
com.badlogic.gdx.graphics.g2d.PixmapPacker$Page	/home/nima/Desktop/docker/benchmarks/libgdx/gdx/src/com/badlogic/gdx/graphics/g2d/PixmapPacker.java
com.badlogic.gdx.graphics.g2d.PixmapPacker$Page$1	/home/nima/Desktop/docker/benchmarks/libgdx/gdx/src/com/badlogic/gdx/graphics/g2d/PixmapPacker.java
com.badlogic.gdx.graphics.g2d.PixmapPacker$PackStrategy	/home/nima/Desktop/docker/benchmarks/libgdx/gdx/src/com/badlogic/gdx/graphics/g2d/PixmapPacker.java
com.badlogic.gdx.graphics.g2d.PixmapPacker$GuillotineStrategy	/home/nima/Desktop/docker/benchmarks/libgdx/gdx/src/com/badlogic/gdx/graphics/g2d/PixmapPacker.java
com.badlogic.gdx.graphics.g2d.PixmapPacker$GuillotineStrategy$1	/home/nima/Desktop/docker/benchmarks/libgdx/gdx/src/com/badlogic/gdx/graphics/g2d/PixmapPacker.java
com.badlogic.gdx.graphics.g2d.PixmapPacker$GuillotineStrategy$Node	/home/nima/Desktop/docker/benchmarks/libgdx/gdx/src/com/badlogic/gdx/graphics/g2d/PixmapPacker.java
com.badlogic.gdx.graphics.g2d.PixmapPacker$GuillotineStrategy$GuillotinePage	/home/nima/Desktop/docker/benchmarks/libgdx/gdx/src/com/badlogic/gdx/graphics/g2d/PixmapPacker.java
com.badlogic.gdx.graphics.g2d.PixmapPacker$SkylineStrategy	/home/nima/Desktop/docker/benchmarks/libgdx/gdx/src/com/badlogic/gdx/graphics/g2d/PixmapPacker.java
com.badlogic.gdx.graphics.g2d.PixmapPacker$SkylineStrategy$1	/home/nima/Desktop/docker/benchmarks/libgdx/gdx/src/com/badlogic/gdx/graphics/g2d/PixmapPacker.java
com.badlogic.gdx.graphics.g2d.PixmapPacker$SkylineStrategy$SkylinePage	/home/nima/Desktop/docker/benchmarks/libgdx/gdx/src/com/badlogic/gdx/graphics/g2d/PixmapPacker.java
com.badlogic.gdx.graphics.g2d.PixmapPacker$SkylineStrategy$SkylinePage$Row	/home/nima/Desktop/docker/benchmarks/libgdx/gdx/src/com/badlogic/gdx/graphics/g2d/PixmapPacker.java
com.badlogic.gdx.graphics.g2d.PixmapPacker$PixmapPackerRectangle	/home/nima/Desktop/docker/benchmarks/libgdx/gdx/src/com/badlogic/gdx/graphics/g2d/PixmapPacker.java
com.badlogic.gdx.graphics.g2d.PixmapPackerIO	/home/nima/Desktop/docker/benchmarks/libgdx/gdx/src/com/badlogic/gdx/graphics/g2d/PixmapPackerIO.java
com.badlogic.gdx.graphics.g2d.PixmapPackerIO$ImageFormat	/home/nima/Desktop/docker/benchmarks/libgdx/gdx/src/com/badlogic/gdx/graphics/g2d/PixmapPackerIO.java
com.badlogic.gdx.graphics.g2d.PixmapPackerIO$SaveParameters	/home/nima/Desktop/docker/benchmarks/libgdx/gdx/src/com/badlogic/gdx/graphics/g2d/PixmapPackerIO.java
com.badlogic.gdx.graphics.g2d.SpriteCache	/home/nima/Desktop/docker/benchmarks/libgdx/gdx/src/com/badlogic/gdx/graphics/g2d/SpriteCache.java
com.badlogic.gdx.graphics.g2d.SpriteCache$Cache	/home/nima/Desktop/docker/benchmarks/libgdx/gdx/src/com/badlogic/gdx/graphics/g2d/SpriteCache.java
com.badlogic.gdx.graphics.g2d.PolygonRegionLoader	/home/nima/Desktop/docker/benchmarks/libgdx/gdx/src/com/badlogic/gdx/graphics/g2d/PolygonRegionLoader.java
com.badlogic.gdx.graphics.g2d.PolygonRegionLoader$PolygonRegionParameters	/home/nima/Desktop/docker/benchmarks/libgdx/gdx/src/com/badlogic/gdx/graphics/g2d/PolygonRegionLoader.java
com.badlogic.gdx.graphics.g2d.Animation	/home/nima/Desktop/docker/benchmarks/libgdx/gdx/src/com/badlogic/gdx/graphics/g2d/Animation.java
com.badlogic.gdx.graphics.g2d.Animation$PlayMode	/home/nima/Desktop/docker/benchmarks/libgdx/gdx/src/com/badlogic/gdx/graphics/g2d/Animation.java
com.badlogic.gdx.graphics.g2d.DistanceFieldFont	/home/nima/Desktop/docker/benchmarks/libgdx/gdx/src/com/badlogic/gdx/graphics/g2d/DistanceFieldFont.java
com.badlogic.gdx.graphics.g2d.DistanceFieldFont$DistanceFieldFontCache	/home/nima/Desktop/docker/benchmarks/libgdx/gdx/src/com/badlogic/gdx/graphics/g2d/DistanceFieldFont.java
com.badlogic.gdx.graphics.g2d.CpuSpriteBatch	/home/nima/Desktop/docker/benchmarks/libgdx/gdx/src/com/badlogic/gdx/graphics/g2d/CpuSpriteBatch.java
com.badlogic.gdx.graphics.g2d.RepeatablePolygonSprite	/home/nima/Desktop/docker/benchmarks/libgdx/gdx/src/com/badlogic/gdx/graphics/g2d/RepeatablePolygonSprite.java
com.badlogic.gdx.graphics.PerspectiveCamera	/home/nima/Desktop/docker/benchmarks/libgdx/gdx/src/com/badlogic/gdx/graphics/PerspectiveCamera.java
com.badlogic.gdx.graphics.TextureArray	/home/nima/Desktop/docker/benchmarks/libgdx/gdx/src/com/badlogic/gdx/graphics/TextureArray.java
com.badlogic.gdx.graphics.glutils.ETC1	/home/nima/Desktop/docker/benchmarks/libgdx/gdx/src/com/badlogic/gdx/graphics/glutils/ETC1.java
com.badlogic.gdx.graphics.glutils.ETC1$ETC1Data	/home/nima/Desktop/docker/benchmarks/libgdx/gdx/src/com/badlogic/gdx/graphics/glutils/ETC1.java
com.badlogic.gdx.graphics.glutils.VertexBufferObject	/home/nima/Desktop/docker/benchmarks/libgdx/gdx/src/com/badlogic/gdx/graphics/glutils/VertexBufferObject.java
com.badlogic.gdx.graphics.glutils.GLFrameBuffer	/home/nima/Desktop/docker/benchmarks/libgdx/gdx/src/com/badlogic/gdx/graphics/glutils/GLFrameBuffer.java
com.badlogic.gdx.graphics.glutils.GLFrameBuffer$FrameBufferTextureAttachmentSpec	/home/nima/Desktop/docker/benchmarks/libgdx/gdx/src/com/badlogic/gdx/graphics/glutils/GLFrameBuffer.java
com.badlogic.gdx.graphics.glutils.GLFrameBuffer$FrameBufferRenderBufferAttachmentSpec	/home/nima/Desktop/docker/benchmarks/libgdx/gdx/src/com/badlogic/gdx/graphics/glutils/GLFrameBuffer.java
com.badlogic.gdx.graphics.glutils.GLFrameBuffer$GLFrameBufferBuilder	/home/nima/Desktop/docker/benchmarks/libgdx/gdx/src/com/badlogic/gdx/graphics/glutils/GLFrameBuffer.java
com.badlogic.gdx.graphics.glutils.GLFrameBuffer$FrameBufferBuilder	/home/nima/Desktop/docker/benchmarks/libgdx/gdx/src/com/badlogic/gdx/graphics/glutils/GLFrameBuffer.java
com.badlogic.gdx.graphics.glutils.GLFrameBuffer$FloatFrameBufferBuilder	/home/nima/Desktop/docker/benchmarks/libgdx/gdx/src/com/badlogic/gdx/graphics/glutils/GLFrameBuffer.java
com.badlogic.gdx.graphics.glutils.GLFrameBuffer$FrameBufferCubemapBuilder	/home/nima/Desktop/docker/benchmarks/libgdx/gdx/src/com/badlogic/gdx/graphics/glutils/GLFrameBuffer.java
com.badlogic.gdx.graphics.glutils.FrameBuffer	/home/nima/Desktop/docker/benchmarks/libgdx/gdx/src/com/badlogic/gdx/graphics/glutils/FrameBuffer.java
com.badlogic.gdx.graphics.glutils.FloatFrameBuffer	/home/nima/Desktop/docker/benchmarks/libgdx/gdx/src/com/badlogic/gdx/graphics/glutils/FloatFrameBuffer.java
com.badlogic.gdx.graphics.glutils.FrameBufferCubemap	/home/nima/Desktop/docker/benchmarks/libgdx/gdx/src/com/badlogic/gdx/graphics/glutils/FrameBufferCubemap.java
com.badlogic.gdx.graphics.glutils.VertexBufferObjectWithVAO	/home/nima/Desktop/docker/benchmarks/libgdx/gdx/src/com/badlogic/gdx/graphics/glutils/VertexBufferObjectWithVAO.java
com.badlogic.gdx.graphics.glutils.KTXTextureData	/home/nima/Desktop/docker/benchmarks/libgdx/gdx/src/com/badlogic/gdx/graphics/glutils/KTXTextureData.java
com.badlogic.gdx.graphics.glutils.MipMapGenerator	/home/nima/Desktop/docker/benchmarks/libgdx/gdx/src/com/badlogic/gdx/graphics/glutils/MipMapGenerator.java
com.badlogic.gdx.graphics.glutils.MipMapTextureData	/home/nima/Desktop/docker/benchmarks/libgdx/gdx/src/com/badlogic/gdx/graphics/glutils/MipMapTextureData.java
com.badlogic.gdx.graphics.glutils.InstanceBufferObject	/home/nima/Desktop/docker/benchmarks/libgdx/gdx/src/com/badlogic/gdx/graphics/glutils/InstanceBufferObject.java
com.badlogic.gdx.graphics.glutils.PixmapTextureData	/home/nima/Desktop/docker/benchmarks/libgdx/gdx/src/com/badlogic/gdx/graphics/glutils/PixmapTextureData.java
com.badlogic.gdx.graphics.glutils.InstanceBufferObjectSubData	/home/nima/Desktop/docker/benchmarks/libgdx/gdx/src/com/badlogic/gdx/graphics/glutils/InstanceBufferObjectSubData.java
com.badlogic.gdx.graphics.glutils.VertexArray	/home/nima/Desktop/docker/benchmarks/libgdx/gdx/src/com/badlogic/gdx/graphics/glutils/VertexArray.java
com.badlogic.gdx.graphics.glutils.FileTextureData	/home/nima/Desktop/docker/benchmarks/libgdx/gdx/src/com/badlogic/gdx/graphics/glutils/FileTextureData.java
com.badlogic.gdx.graphics.glutils.IndexArray	/home/nima/Desktop/docker/benchmarks/libgdx/gdx/src/com/badlogic/gdx/graphics/glutils/IndexArray.java
com.badlogic.gdx.graphics.glutils.HdpiMode	/home/nima/Desktop/docker/benchmarks/libgdx/gdx/src/com/badlogic/gdx/graphics/glutils/HdpiMode.java
com.badlogic.gdx.graphics.glutils.FacedCubemapData	/home/nima/Desktop/docker/benchmarks/libgdx/gdx/src/com/badlogic/gdx/graphics/glutils/FacedCubemapData.java
com.badlogic.gdx.graphics.glutils.VertexBufferObjectSubData	/home/nima/Desktop/docker/benchmarks/libgdx/gdx/src/com/badlogic/gdx/graphics/glutils/VertexBufferObjectSubData.java
com.badlogic.gdx.graphics.glutils.FileTextureArrayData	/home/nima/Desktop/docker/benchmarks/libgdx/gdx/src/com/badlogic/gdx/graphics/glutils/FileTextureArrayData.java
com.badlogic.gdx.graphics.glutils.ImmediateModeRenderer20	/home/nima/Desktop/docker/benchmarks/libgdx/gdx/src/com/badlogic/gdx/graphics/glutils/ImmediateModeRenderer20.java
com.badlogic.gdx.graphics.glutils.IndexBufferObjectSubData	/home/nima/Desktop/docker/benchmarks/libgdx/gdx/src/com/badlogic/gdx/graphics/glutils/IndexBufferObjectSubData.java
com.badlogic.gdx.graphics.glutils.IndexBufferObject	/home/nima/Desktop/docker/benchmarks/libgdx/gdx/src/com/badlogic/gdx/graphics/glutils/IndexBufferObject.java
com.badlogic.gdx.graphics.glutils.ETC1TextureData	/home/nima/Desktop/docker/benchmarks/libgdx/gdx/src/com/badlogic/gdx/graphics/glutils/ETC1TextureData.java
com.badlogic.gdx.graphics.glutils.FloatTextureData	/home/nima/Desktop/docker/benchmarks/libgdx/gdx/src/com/badlogic/gdx/graphics/glutils/FloatTextureData.java
com.badlogic.gdx.graphics.glutils.GLOnlyTextureData	/home/nima/Desktop/docker/benchmarks/libgdx/gdx/src/com/badlogic/gdx/graphics/glutils/GLOnlyTextureData.java
com.badlogic.gdx.graphics.glutils.HdpiUtils	/home/nima/Desktop/docker/benchmarks/libgdx/gdx/src/com/badlogic/gdx/graphics/glutils/HdpiUtils.java
com.badlogic.gdx.graphics.OrthographicCamera	/home/nima/Desktop/docker/benchmarks/libgdx/gdx/src/com/badlogic/gdx/graphics/OrthographicCamera.java
com.badlogic.gdx.graphics.Colors	/home/nima/Desktop/docker/benchmarks/libgdx/gdx/src/com/badlogic/gdx/graphics/Colors.java
com.badlogic.gdx.graphics.FPSLogger	/home/nima/Desktop/docker/benchmarks/libgdx/gdx/src/com/badlogic/gdx/graphics/FPSLogger.java
com.badlogic.gdx.graphics.g3d.environment.DirectionalShadowLight	/home/nima/Desktop/docker/benchmarks/libgdx/gdx/src/com/badlogic/gdx/graphics/g3d/environment/DirectionalShadowLight.java
com.badlogic.gdx.graphics.g3d.environment.SphericalHarmonics	/home/nima/Desktop/docker/benchmarks/libgdx/gdx/src/com/badlogic/gdx/graphics/g3d/environment/SphericalHarmonics.java
com.badlogic.gdx.graphics.g3d.environment.AmbientCubemap	/home/nima/Desktop/docker/benchmarks/libgdx/gdx/src/com/badlogic/gdx/graphics/g3d/environment/AmbientCubemap.java
com.badlogic.gdx.graphics.g3d.RenderableProvider	/home/nima/Desktop/docker/benchmarks/libgdx/gdx/src/com/badlogic/gdx/graphics/g3d/RenderableProvider.java
com.badlogic.gdx.graphics.g3d.attributes.FloatAttribute	/home/nima/Desktop/docker/benchmarks/libgdx/gdx/src/com/badlogic/gdx/graphics/g3d/attributes/FloatAttribute.java
com.badlogic.gdx.graphics.g3d.attributes.ColorAttribute	/home/nima/Desktop/docker/benchmarks/libgdx/gdx/src/com/badlogic/gdx/graphics/g3d/attributes/ColorAttribute.java
com.badlogic.gdx.graphics.g3d.attributes.BlendingAttribute	/home/nima/Desktop/docker/benchmarks/libgdx/gdx/src/com/badlogic/gdx/graphics/g3d/attributes/BlendingAttribute.java
com.badlogic.gdx.graphics.g3d.attributes.DepthTestAttribute	/home/nima/Desktop/docker/benchmarks/libgdx/gdx/src/com/badlogic/gdx/graphics/g3d/attributes/DepthTestAttribute.java
com.badlogic.gdx.graphics.g3d.attributes.IntAttribute	/home/nima/Desktop/docker/benchmarks/libgdx/gdx/src/com/badlogic/gdx/graphics/g3d/attributes/IntAttribute.java
com.badlogic.gdx.graphics.g3d.attributes.SpotLightsAttribute	/home/nima/Desktop/docker/benchmarks/libgdx/gdx/src/com/badlogic/gdx/graphics/g3d/attributes/SpotLightsAttribute.java
com.badlogic.gdx.graphics.g3d.attributes.PointLightsAttribute	/home/nima/Desktop/docker/benchmarks/libgdx/gdx/src/com/badlogic/gdx/graphics/g3d/attributes/PointLightsAttribute.java
com.badlogic.gdx.graphics.g3d.attributes.DirectionalLightsAttribute	/home/nima/Desktop/docker/benchmarks/libgdx/gdx/src/com/badlogic/gdx/graphics/g3d/attributes/DirectionalLightsAttribute.java
com.badlogic.gdx.graphics.g3d.attributes.CubemapAttribute	/home/nima/Desktop/docker/benchmarks/libgdx/gdx/src/com/badlogic/gdx/graphics/g3d/attributes/CubemapAttribute.java
com.badlogic.gdx.graphics.g3d.attributes.TextureAttribute	/home/nima/Desktop/docker/benchmarks/libgdx/gdx/src/com/badlogic/gdx/graphics/g3d/attributes/TextureAttribute.java
com.badlogic.gdx.graphics.g3d.ModelBatch	/home/nima/Desktop/docker/benchmarks/libgdx/gdx/src/com/badlogic/gdx/graphics/g3d/ModelBatch.java
com.badlogic.gdx.graphics.g3d.ModelBatch$RenderablePool	/home/nima/Desktop/docker/benchmarks/libgdx/gdx/src/com/badlogic/gdx/graphics/g3d/ModelBatch.java
com.badlogic.gdx.graphics.g3d.utils.ShaderProvider	/home/nima/Desktop/docker/benchmarks/libgdx/gdx/src/com/badlogic/gdx/graphics/g3d/utils/ShaderProvider.java
com.badlogic.gdx.graphics.g3d.utils.RenderableSorter	/home/nima/Desktop/docker/benchmarks/libgdx/gdx/src/com/badlogic/gdx/graphics/g3d/utils/RenderableSorter.java
com.badlogic.gdx.graphics.g3d.decals.PluggableGroupStrategy	/home/nima/Desktop/docker/benchmarks/libgdx/gdx/src/com/badlogic/gdx/graphics/g3d/decals/PluggableGroupStrategy.java
com.badlogic.gdx.graphics.g3d.decals.GroupStrategy	/home/nima/Desktop/docker/benchmarks/libgdx/gdx/src/com/badlogic/gdx/graphics/g3d/decals/GroupStrategy.java
com.badlogic.gdx.graphics.g3d.decals.GroupPlug	/home/nima/Desktop/docker/benchmarks/libgdx/gdx/src/com/badlogic/gdx/graphics/g3d/decals/GroupPlug.java
com.badlogic.gdx.graphics.g3d.decals.Decal	/home/nima/Desktop/docker/benchmarks/libgdx/gdx/src/com/badlogic/gdx/graphics/g3d/decals/Decal.java
com.badlogic.gdx.graphics.g3d.decals.DecalMaterial	/home/nima/Desktop/docker/benchmarks/libgdx/gdx/src/com/badlogic/gdx/graphics/g3d/decals/DecalMaterial.java
com.badlogic.gdx.graphics.g3d.decals.DecalBatch	/home/nima/Desktop/docker/benchmarks/libgdx/gdx/src/com/badlogic/gdx/graphics/g3d/decals/DecalBatch.java
com.badlogic.gdx.graphics.g3d.decals.DecalBatch$1	/home/nima/Desktop/docker/benchmarks/libgdx/gdx/src/com/badlogic/gdx/graphics/g3d/decals/DecalBatch.java
com.badlogic.gdx.graphics.g3d.decals.CameraGroupStrategy	/home/nima/Desktop/docker/benchmarks/libgdx/gdx/src/com/badlogic/gdx/graphics/g3d/decals/CameraGroupStrategy.java
com.badlogic.gdx.graphics.g3d.decals.CameraGroupStrategy$1	/home/nima/Desktop/docker/benchmarks/libgdx/gdx/src/com/badlogic/gdx/graphics/g3d/decals/CameraGroupStrategy.java
com.badlogic.gdx.graphics.g3d.decals.CameraGroupStrategy$2	/home/nima/Desktop/docker/benchmarks/libgdx/gdx/src/com/badlogic/gdx/graphics/g3d/decals/CameraGroupStrategy.java
com.badlogic.gdx.graphics.g3d.decals.SimpleOrthoGroupStrategy	/home/nima/Desktop/docker/benchmarks/libgdx/gdx/src/com/badlogic/gdx/graphics/g3d/decals/SimpleOrthoGroupStrategy.java
com.badlogic.gdx.graphics.g3d.decals.SimpleOrthoGroupStrategy$Comparator	/home/nima/Desktop/docker/benchmarks/libgdx/gdx/src/com/badlogic/gdx/graphics/g3d/decals/SimpleOrthoGroupStrategy.java
com.badlogic.gdx.graphics.g3d.utils.MeshPartBuilder	/home/nima/Desktop/docker/benchmarks/libgdx/gdx/src/com/badlogic/gdx/graphics/g3d/utils/MeshPartBuilder.java
com.badlogic.gdx.graphics.g3d.utils.MeshPartBuilder$VertexInfo	/home/nima/Desktop/docker/benchmarks/libgdx/gdx/src/com/badlogic/gdx/graphics/g3d/utils/MeshPartBuilder.java
com.badlogic.gdx.graphics.g3d.utils.shapebuilders.PatchShapeBuilder	/home/nima/Desktop/docker/benchmarks/libgdx/gdx/src/com/badlogic/gdx/graphics/g3d/utils/shapebuilders/PatchShapeBuilder.java
com.badlogic.gdx.graphics.g3d.utils.shapebuilders.BaseShapeBuilder	/home/nima/Desktop/docker/benchmarks/libgdx/gdx/src/com/badlogic/gdx/graphics/g3d/utils/shapebuilders/BaseShapeBuilder.java
com.badlogic.gdx.graphics.g3d.utils.shapebuilders.BaseShapeBuilder$1	/home/nima/Desktop/docker/benchmarks/libgdx/gdx/src/com/badlogic/gdx/graphics/g3d/utils/shapebuilders/BaseShapeBuilder.java
com.badlogic.gdx.graphics.g3d.utils.shapebuilders.BaseShapeBuilder$2	/home/nima/Desktop/docker/benchmarks/libgdx/gdx/src/com/badlogic/gdx/graphics/g3d/utils/shapebuilders/BaseShapeBuilder.java
com.badlogic.gdx.graphics.g3d.utils.shapebuilders.FrustumShapeBuilder	/home/nima/Desktop/docker/benchmarks/libgdx/gdx/src/com/badlogic/gdx/graphics/g3d/utils/shapebuilders/FrustumShapeBuilder.java
com.badlogic.gdx.graphics.g3d.utils.shapebuilders.CylinderShapeBuilder	/home/nima/Desktop/docker/benchmarks/libgdx/gdx/src/com/badlogic/gdx/graphics/g3d/utils/shapebuilders/CylinderShapeBuilder.java
com.badlogic.gdx.graphics.g3d.utils.shapebuilders.SphereShapeBuilder	/home/nima/Desktop/docker/benchmarks/libgdx/gdx/src/com/badlogic/gdx/graphics/g3d/utils/shapebuilders/SphereShapeBuilder.java
com.badlogic.gdx.graphics.g3d.utils.shapebuilders.RenderableShapeBuilder	/home/nima/Desktop/docker/benchmarks/libgdx/gdx/src/com/badlogic/gdx/graphics/g3d/utils/shapebuilders/RenderableShapeBuilder.java
com.badlogic.gdx.graphics.g3d.utils.shapebuilders.RenderableShapeBuilder$RenderablePool	/home/nima/Desktop/docker/benchmarks/libgdx/gdx/src/com/badlogic/gdx/graphics/g3d/utils/shapebuilders/RenderableShapeBuilder.java
com.badlogic.gdx.graphics.g3d.utils.shapebuilders.ConeShapeBuilder	/home/nima/Desktop/docker/benchmarks/libgdx/gdx/src/com/badlogic/gdx/graphics/g3d/utils/shapebuilders/ConeShapeBuilder.java
com.badlogic.gdx.graphics.g3d.utils.shapebuilders.BoxShapeBuilder	/home/nima/Desktop/docker/benchmarks/libgdx/gdx/src/com/badlogic/gdx/graphics/g3d/utils/shapebuilders/BoxShapeBuilder.java
com.badlogic.gdx.graphics.g3d.utils.shapebuilders.ArrowShapeBuilder	/home/nima/Desktop/docker/benchmarks/libgdx/gdx/src/com/badlogic/gdx/graphics/g3d/utils/shapebuilders/ArrowShapeBuilder.java
com.badlogic.gdx.graphics.g3d.utils.shapebuilders.EllipseShapeBuilder	/home/nima/Desktop/docker/benchmarks/libgdx/gdx/src/com/badlogic/gdx/graphics/g3d/utils/shapebuilders/EllipseShapeBuilder.java
com.badlogic.gdx.graphics.g3d.utils.shapebuilders.CapsuleShapeBuilder	/home/nima/Desktop/docker/benchmarks/libgdx/gdx/src/com/badlogic/gdx/graphics/g3d/utils/shapebuilders/CapsuleShapeBuilder.java
com.badlogic.gdx.graphics.g3d.utils.CameraInputController	/home/nima/Desktop/docker/benchmarks/libgdx/gdx/src/com/badlogic/gdx/graphics/g3d/utils/CameraInputController.java
com.badlogic.gdx.graphics.g3d.utils.CameraInputController$CameraGestureListener	/home/nima/Desktop/docker/benchmarks/libgdx/gdx/src/com/badlogic/gdx/graphics/g3d/utils/CameraInputController.java
com.badlogic.gdx.graphics.g3d.utils.BaseAnimationController	/home/nima/Desktop/docker/benchmarks/libgdx/gdx/src/com/badlogic/gdx/graphics/g3d/utils/BaseAnimationController.java
com.badlogic.gdx.graphics.g3d.utils.BaseAnimationController$Transform	/home/nima/Desktop/docker/benchmarks/libgdx/gdx/src/com/badlogic/gdx/graphics/g3d/utils/BaseAnimationController.java
com.badlogic.gdx.graphics.g3d.utils.BaseAnimationController$1	/home/nima/Desktop/docker/benchmarks/libgdx/gdx/src/com/badlogic/gdx/graphics/g3d/utils/BaseAnimationController.java
com.badlogic.gdx.graphics.g3d.ModelInstance	/home/nima/Desktop/docker/benchmarks/libgdx/gdx/src/com/badlogic/gdx/graphics/g3d/ModelInstance.java
com.badlogic.gdx.graphics.g3d.utils.DefaultTextureBinder	/home/nima/Desktop/docker/benchmarks/libgdx/gdx/src/com/badlogic/gdx/graphics/g3d/utils/DefaultTextureBinder.java
com.badlogic.gdx.graphics.g3d.utils.DefaultRenderableSorter	/home/nima/Desktop/docker/benchmarks/libgdx/gdx/src/com/badlogic/gdx/graphics/g3d/utils/DefaultRenderableSorter.java
com.badlogic.gdx.graphics.g3d.utils.ShapeCache	/home/nima/Desktop/docker/benchmarks/libgdx/gdx/src/com/badlogic/gdx/graphics/g3d/utils/ShapeCache.java
com.badlogic.gdx.graphics.g3d.utils.MeshBuilder	/home/nima/Desktop/docker/benchmarks/libgdx/gdx/src/com/badlogic/gdx/graphics/g3d/utils/MeshBuilder.java
com.badlogic.gdx.graphics.g3d.utils.BaseShaderProvider	/home/nima/Desktop/docker/benchmarks/libgdx/gdx/src/com/badlogic/gdx/graphics/g3d/utils/BaseShaderProvider.java
com.badlogic.gdx.graphics.g3d.utils.DefaultShaderProvider	/home/nima/Desktop/docker/benchmarks/libgdx/gdx/src/com/badlogic/gdx/graphics/g3d/utils/DefaultShaderProvider.java
com.badlogic.gdx.graphics.g3d.shaders.DefaultShader	/home/nima/Desktop/docker/benchmarks/libgdx/gdx/src/com/badlogic/gdx/graphics/g3d/shaders/DefaultShader.java
com.badlogic.gdx.graphics.g3d.shaders.DefaultShader$Config	/home/nima/Desktop/docker/benchmarks/libgdx/gdx/src/com/badlogic/gdx/graphics/g3d/shaders/DefaultShader.java
com.badlogic.gdx.graphics.g3d.shaders.DefaultShader$Inputs	/home/nima/Desktop/docker/benchmarks/libgdx/gdx/src/com/badlogic/gdx/graphics/g3d/shaders/DefaultShader.java
com.badlogic.gdx.graphics.g3d.shaders.DefaultShader$Setters	/home/nima/Desktop/docker/benchmarks/libgdx/gdx/src/com/badlogic/gdx/graphics/g3d/shaders/DefaultShader.java
com.badlogic.gdx.graphics.g3d.shaders.DefaultShader$Setters$1	/home/nima/Desktop/docker/benchmarks/libgdx/gdx/src/com/badlogic/gdx/graphics/g3d/shaders/DefaultShader.java
com.badlogic.gdx.graphics.g3d.shaders.DefaultShader$Setters$2	/home/nima/Desktop/docker/benchmarks/libgdx/gdx/src/com/badlogic/gdx/graphics/g3d/shaders/DefaultShader.java
com.badlogic.gdx.graphics.g3d.shaders.DefaultShader$Setters$3	/home/nima/Desktop/docker/benchmarks/libgdx/gdx/src/com/badlogic/gdx/graphics/g3d/shaders/DefaultShader.java
com.badlogic.gdx.graphics.g3d.shaders.DefaultShader$Setters$4	/home/nima/Desktop/docker/benchmarks/libgdx/gdx/src/com/badlogic/gdx/graphics/g3d/shaders/DefaultShader.java
com.badlogic.gdx.graphics.g3d.shaders.DefaultShader$Setters$5	/home/nima/Desktop/docker/benchmarks/libgdx/gdx/src/com/badlogic/gdx/graphics/g3d/shaders/DefaultShader.java
com.badlogic.gdx.graphics.g3d.shaders.DefaultShader$Setters$6	/home/nima/Desktop/docker/benchmarks/libgdx/gdx/src/com/badlogic/gdx/graphics/g3d/shaders/DefaultShader.java
com.badlogic.gdx.graphics.g3d.shaders.DefaultShader$Setters$7	/home/nima/Desktop/docker/benchmarks/libgdx/gdx/src/com/badlogic/gdx/graphics/g3d/shaders/DefaultShader.java
com.badlogic.gdx.graphics.g3d.shaders.DefaultShader$Setters$8	/home/nima/Desktop/docker/benchmarks/libgdx/gdx/src/com/badlogic/gdx/graphics/g3d/shaders/DefaultShader.java
com.badlogic.gdx.graphics.g3d.shaders.DefaultShader$Setters$9	/home/nima/Desktop/docker/benchmarks/libgdx/gdx/src/com/badlogic/gdx/graphics/g3d/shaders/DefaultShader.java
com.badlogic.gdx.graphics.g3d.shaders.DefaultShader$Setters$10	/home/nima/Desktop/docker/benchmarks/libgdx/gdx/src/com/badlogic/gdx/graphics/g3d/shaders/DefaultShader.java
com.badlogic.gdx.graphics.g3d.shaders.DefaultShader$Setters$11	/home/nima/Desktop/docker/benchmarks/libgdx/gdx/src/com/badlogic/gdx/graphics/g3d/shaders/DefaultShader.java
com.badlogic.gdx.graphics.g3d.shaders.DefaultShader$Setters$Bones	/home/nima/Desktop/docker/benchmarks/libgdx/gdx/src/com/badlogic/gdx/graphics/g3d/shaders/DefaultShader.java
com.badlogic.gdx.graphics.g3d.shaders.DefaultShader$Setters$12	/home/nima/Desktop/docker/benchmarks/libgdx/gdx/src/com/badlogic/gdx/graphics/g3d/shaders/DefaultShader.java
com.badlogic.gdx.graphics.g3d.shaders.DefaultShader$Setters$13	/home/nima/Desktop/docker/benchmarks/libgdx/gdx/src/com/badlogic/gdx/graphics/g3d/shaders/DefaultShader.java
com.badlogic.gdx.graphics.g3d.shaders.DefaultShader$Setters$14	/home/nima/Desktop/docker/benchmarks/libgdx/gdx/src/com/badlogic/gdx/graphics/g3d/shaders/DefaultShader.java
com.badlogic.gdx.graphics.g3d.shaders.DefaultShader$Setters$15	/home/nima/Desktop/docker/benchmarks/libgdx/gdx/src/com/badlogic/gdx/graphics/g3d/shaders/DefaultShader.java
com.badlogic.gdx.graphics.g3d.shaders.DefaultShader$Setters$16	/home/nima/Desktop/docker/benchmarks/libgdx/gdx/src/com/badlogic/gdx/graphics/g3d/shaders/DefaultShader.java
com.badlogic.gdx.graphics.g3d.shaders.DefaultShader$Setters$17	/home/nima/Desktop/docker/benchmarks/libgdx/gdx/src/com/badlogic/gdx/graphics/g3d/shaders/DefaultShader.java
com.badlogic.gdx.graphics.g3d.shaders.DefaultShader$Setters$18	/home/nima/Desktop/docker/benchmarks/libgdx/gdx/src/com/badlogic/gdx/graphics/g3d/shaders/DefaultShader.java
com.badlogic.gdx.graphics.g3d.shaders.DefaultShader$Setters$19	/home/nima/Desktop/docker/benchmarks/libgdx/gdx/src/com/badlogic/gdx/graphics/g3d/shaders/DefaultShader.java
com.badlogic.gdx.graphics.g3d.shaders.DefaultShader$Setters$20	/home/nima/Desktop/docker/benchmarks/libgdx/gdx/src/com/badlogic/gdx/graphics/g3d/shaders/DefaultShader.java
com.badlogic.gdx.graphics.g3d.shaders.DefaultShader$Setters$21	/home/nima/Desktop/docker/benchmarks/libgdx/gdx/src/com/badlogic/gdx/graphics/g3d/shaders/DefaultShader.java
com.badlogic.gdx.graphics.g3d.shaders.DefaultShader$Setters$22	/home/nima/Desktop/docker/benchmarks/libgdx/gdx/src/com/badlogic/gdx/graphics/g3d/shaders/DefaultShader.java
com.badlogic.gdx.graphics.g3d.shaders.DefaultShader$Setters$23	/home/nima/Desktop/docker/benchmarks/libgdx/gdx/src/com/badlogic/gdx/graphics/g3d/shaders/DefaultShader.java
com.badlogic.gdx.graphics.g3d.shaders.DefaultShader$Setters$24	/home/nima/Desktop/docker/benchmarks/libgdx/gdx/src/com/badlogic/gdx/graphics/g3d/shaders/DefaultShader.java
com.badlogic.gdx.graphics.g3d.shaders.DefaultShader$Setters$25	/home/nima/Desktop/docker/benchmarks/libgdx/gdx/src/com/badlogic/gdx/graphics/g3d/shaders/DefaultShader.java
com.badlogic.gdx.graphics.g3d.shaders.DefaultShader$Setters$26	/home/nima/Desktop/docker/benchmarks/libgdx/gdx/src/com/badlogic/gdx/graphics/g3d/shaders/DefaultShader.java
com.badlogic.gdx.graphics.g3d.shaders.DefaultShader$Setters$27	/home/nima/Desktop/docker/benchmarks/libgdx/gdx/src/com/badlogic/gdx/graphics/g3d/shaders/DefaultShader.java
com.badlogic.gdx.graphics.g3d.shaders.DefaultShader$Setters$28	/home/nima/Desktop/docker/benchmarks/libgdx/gdx/src/com/badlogic/gdx/graphics/g3d/shaders/DefaultShader.java
com.badlogic.gdx.graphics.g3d.shaders.DefaultShader$Setters$ACubemap	/home/nima/Desktop/docker/benchmarks/libgdx/gdx/src/com/badlogic/gdx/graphics/g3d/shaders/DefaultShader.java
com.badlogic.gdx.graphics.g3d.shaders.DefaultShader$Setters$29	/home/nima/Desktop/docker/benchmarks/libgdx/gdx/src/com/badlogic/gdx/graphics/g3d/shaders/DefaultShader.java
com.badlogic.gdx.graphics.g3d.shaders.BaseShader	/home/nima/Desktop/docker/benchmarks/libgdx/gdx/src/com/badlogic/gdx/graphics/g3d/shaders/BaseShader.java
com.badlogic.gdx.graphics.g3d.shaders.BaseShader$Validator	/home/nima/Desktop/docker/benchmarks/libgdx/gdx/src/com/badlogic/gdx/graphics/g3d/shaders/BaseShader.java
com.badlogic.gdx.graphics.g3d.shaders.BaseShader$Setter	/home/nima/Desktop/docker/benchmarks/libgdx/gdx/src/com/badlogic/gdx/graphics/g3d/shaders/BaseShader.java
com.badlogic.gdx.graphics.g3d.shaders.BaseShader$GlobalSetter	/home/nima/Desktop/docker/benchmarks/libgdx/gdx/src/com/badlogic/gdx/graphics/g3d/shaders/BaseShader.java
com.badlogic.gdx.graphics.g3d.shaders.BaseShader$LocalSetter	/home/nima/Desktop/docker/benchmarks/libgdx/gdx/src/com/badlogic/gdx/graphics/g3d/shaders/BaseShader.java
com.badlogic.gdx.graphics.g3d.shaders.BaseShader$Uniform	/home/nima/Desktop/docker/benchmarks/libgdx/gdx/src/com/badlogic/gdx/graphics/g3d/shaders/BaseShader.java
com.badlogic.gdx.graphics.g3d.utils.FirstPersonCameraController	/home/nima/Desktop/docker/benchmarks/libgdx/gdx/src/com/badlogic/gdx/graphics/g3d/utils/FirstPersonCameraController.java
com.badlogic.gdx.graphics.g3d.utils.AnimationController	/home/nima/Desktop/docker/benchmarks/libgdx/gdx/src/com/badlogic/gdx/graphics/g3d/utils/AnimationController.java
com.badlogic.gdx.graphics.g3d.utils.AnimationController$AnimationListener	/home/nima/Desktop/docker/benchmarks/libgdx/gdx/src/com/badlogic/gdx/graphics/g3d/utils/AnimationController.java
com.badlogic.gdx.graphics.g3d.utils.AnimationController$AnimationDesc	/home/nima/Desktop/docker/benchmarks/libgdx/gdx/src/com/badlogic/gdx/graphics/g3d/utils/AnimationController.java
com.badlogic.gdx.graphics.g3d.utils.AnimationController$1	/home/nima/Desktop/docker/benchmarks/libgdx/gdx/src/com/badlogic/gdx/graphics/g3d/utils/AnimationController.java
com.badlogic.gdx.graphics.g3d.utils.DepthShaderProvider	/home/nima/Desktop/docker/benchmarks/libgdx/gdx/src/com/badlogic/gdx/graphics/g3d/utils/DepthShaderProvider.java
com.badlogic.gdx.graphics.g3d.shaders.DepthShader	/home/nima/Desktop/docker/benchmarks/libgdx/gdx/src/com/badlogic/gdx/graphics/g3d/shaders/DepthShader.java
com.badlogic.gdx.graphics.g3d.shaders.DepthShader$Config	/home/nima/Desktop/docker/benchmarks/libgdx/gdx/src/com/badlogic/gdx/graphics/g3d/shaders/DepthShader.java
com.badlogic.gdx.graphics.g3d.utils.ModelBuilder	/home/nima/Desktop/docker/benchmarks/libgdx/gdx/src/com/badlogic/gdx/graphics/g3d/utils/ModelBuilder.java
com.badlogic.gdx.graphics.g3d.particles.ParallelArray	/home/nima/Desktop/docker/benchmarks/libgdx/gdx/src/com/badlogic/gdx/graphics/g3d/particles/ParallelArray.java
com.badlogic.gdx.graphics.g3d.particles.ParallelArray$ChannelDescriptor	/home/nima/Desktop/docker/benchmarks/libgdx/gdx/src/com/badlogic/gdx/graphics/g3d/particles/ParallelArray.java
com.badlogic.gdx.graphics.g3d.particles.ParallelArray$Channel	/home/nima/Desktop/docker/benchmarks/libgdx/gdx/src/com/badlogic/gdx/graphics/g3d/particles/ParallelArray.java
com.badlogic.gdx.graphics.g3d.particles.ParallelArray$ChannelInitializer	/home/nima/Desktop/docker/benchmarks/libgdx/gdx/src/com/badlogic/gdx/graphics/g3d/particles/ParallelArray.java
com.badlogic.gdx.graphics.g3d.particles.ParallelArray$FloatChannel	/home/nima/Desktop/docker/benchmarks/libgdx/gdx/src/com/badlogic/gdx/graphics/g3d/particles/ParallelArray.java
com.badlogic.gdx.graphics.g3d.particles.ParallelArray$IntChannel	/home/nima/Desktop/docker/benchmarks/libgdx/gdx/src/com/badlogic/gdx/graphics/g3d/particles/ParallelArray.java
com.badlogic.gdx.graphics.g3d.particles.ParallelArray$ObjectChannel	/home/nima/Desktop/docker/benchmarks/libgdx/gdx/src/com/badlogic/gdx/graphics/g3d/particles/ParallelArray.java
com.badlogic.gdx.graphics.g3d.particles.ResourceData	/home/nima/Desktop/docker/benchmarks/libgdx/gdx/src/com/badlogic/gdx/graphics/g3d/particles/ResourceData.java
com.badlogic.gdx.graphics.g3d.particles.ResourceData$Configurable	/home/nima/Desktop/docker/benchmarks/libgdx/gdx/src/com/badlogic/gdx/graphics/g3d/particles/ResourceData.java
com.badlogic.gdx.graphics.g3d.particles.ResourceData$SaveData	/home/nima/Desktop/docker/benchmarks/libgdx/gdx/src/com/badlogic/gdx/graphics/g3d/particles/ResourceData.java
com.badlogic.gdx.graphics.g3d.particles.ResourceData$AssetData	/home/nima/Desktop/docker/benchmarks/libgdx/gdx/src/com/badlogic/gdx/graphics/g3d/particles/ResourceData.java
com.badlogic.gdx.graphics.g3d.particles.influencers.ModelInfluencer	/home/nima/Desktop/docker/benchmarks/libgdx/gdx/src/com/badlogic/gdx/graphics/g3d/particles/influencers/ModelInfluencer.java
com.badlogic.gdx.graphics.g3d.particles.influencers.ModelInfluencer$Single	/home/nima/Desktop/docker/benchmarks/libgdx/gdx/src/com/badlogic/gdx/graphics/g3d/particles/influencers/ModelInfluencer.java
com.badlogic.gdx.graphics.g3d.particles.influencers.ModelInfluencer$Random	/home/nima/Desktop/docker/benchmarks/libgdx/gdx/src/com/badlogic/gdx/graphics/g3d/particles/influencers/ModelInfluencer.java
com.badlogic.gdx.graphics.g3d.particles.influencers.ModelInfluencer$Random$ModelInstancePool	/home/nima/Desktop/docker/benchmarks/libgdx/gdx/src/com/badlogic/gdx/graphics/g3d/particles/influencers/ModelInfluencer.java
com.badlogic.gdx.graphics.g3d.particles.influencers.Influencer	/home/nima/Desktop/docker/benchmarks/libgdx/gdx/src/com/badlogic/gdx/graphics/g3d/particles/influencers/Influencer.java
com.badlogic.gdx.graphics.g3d.particles.ParticleControllerComponent	/home/nima/Desktop/docker/benchmarks/libgdx/gdx/src/com/badlogic/gdx/graphics/g3d/particles/ParticleControllerComponent.java
com.badlogic.gdx.graphics.g3d.particles.ParticleController	/home/nima/Desktop/docker/benchmarks/libgdx/gdx/src/com/badlogic/gdx/graphics/g3d/particles/ParticleController.java
com.badlogic.gdx.graphics.g3d.particles.emitters.Emitter	/home/nima/Desktop/docker/benchmarks/libgdx/gdx/src/com/badlogic/gdx/graphics/g3d/particles/emitters/Emitter.java
com.badlogic.gdx.graphics.g3d.particles.renderers.ParticleControllerRenderer	/home/nima/Desktop/docker/benchmarks/libgdx/gdx/src/com/badlogic/gdx/graphics/g3d/particles/renderers/ParticleControllerRenderer.java
com.badlogic.gdx.graphics.g3d.particles.renderers.ParticleControllerRenderData	/home/nima/Desktop/docker/benchmarks/libgdx/gdx/src/com/badlogic/gdx/graphics/g3d/particles/renderers/ParticleControllerRenderData.java
com.badlogic.gdx.graphics.g3d.particles.batches.ParticleBatch	/home/nima/Desktop/docker/benchmarks/libgdx/gdx/src/com/badlogic/gdx/graphics/g3d/particles/batches/ParticleBatch.java
com.badlogic.gdx.graphics.g3d.particles.ParticleChannels	/home/nima/Desktop/docker/benchmarks/libgdx/gdx/src/com/badlogic/gdx/graphics/g3d/particles/ParticleChannels.java
com.badlogic.gdx.graphics.g3d.particles.ParticleChannels$TextureRegionInitializer	/home/nima/Desktop/docker/benchmarks/libgdx/gdx/src/com/badlogic/gdx/graphics/g3d/particles/ParticleChannels.java
com.badlogic.gdx.graphics.g3d.particles.ParticleChannels$ColorInitializer	/home/nima/Desktop/docker/benchmarks/libgdx/gdx/src/com/badlogic/gdx/graphics/g3d/particles/ParticleChannels.java
com.badlogic.gdx.graphics.g3d.particles.ParticleChannels$ScaleInitializer	/home/nima/Desktop/docker/benchmarks/libgdx/gdx/src/com/badlogic/gdx/graphics/g3d/particles/ParticleChannels.java
com.badlogic.gdx.graphics.g3d.particles.ParticleChannels$Rotation2dInitializer	/home/nima/Desktop/docker/benchmarks/libgdx/gdx/src/com/badlogic/gdx/graphics/g3d/particles/ParticleChannels.java
com.badlogic.gdx.graphics.g3d.particles.ParticleChannels$Rotation3dInitializer	/home/nima/Desktop/docker/benchmarks/libgdx/gdx/src/com/badlogic/gdx/graphics/g3d/particles/ParticleChannels.java
com.badlogic.gdx.graphics.g3d.particles.influencers.ParticleControllerInfluencer	/home/nima/Desktop/docker/benchmarks/libgdx/gdx/src/com/badlogic/gdx/graphics/g3d/particles/influencers/ParticleControllerInfluencer.java
com.badlogic.gdx.graphics.g3d.particles.influencers.ParticleControllerInfluencer$Single	/home/nima/Desktop/docker/benchmarks/libgdx/gdx/src/com/badlogic/gdx/graphics/g3d/particles/influencers/ParticleControllerInfluencer.java
com.badlogic.gdx.graphics.g3d.particles.influencers.ParticleControllerInfluencer$Random	/home/nima/Desktop/docker/benchmarks/libgdx/gdx/src/com/badlogic/gdx/graphics/g3d/particles/influencers/ParticleControllerInfluencer.java
com.badlogic.gdx.graphics.g3d.particles.influencers.ParticleControllerInfluencer$Random$ParticleControllerPool	/home/nima/Desktop/docker/benchmarks/libgdx/gdx/src/com/badlogic/gdx/graphics/g3d/particles/influencers/ParticleControllerInfluencer.java
com.badlogic.gdx.graphics.g3d.particles.influencers.SimpleInfluencer	/home/nima/Desktop/docker/benchmarks/libgdx/gdx/src/com/badlogic/gdx/graphics/g3d/particles/influencers/SimpleInfluencer.java
com.badlogic.gdx.graphics.g3d.particles.values.ScaledNumericValue	/home/nima/Desktop/docker/benchmarks/libgdx/gdx/src/com/badlogic/gdx/graphics/g3d/particles/values/ScaledNumericValue.java
com.badlogic.gdx.graphics.g3d.particles.values.RangedNumericValue	/home/nima/Desktop/docker/benchmarks/libgdx/gdx/src/com/badlogic/gdx/graphics/g3d/particles/values/RangedNumericValue.java
com.badlogic.gdx.graphics.g3d.particles.values.ParticleValue	/home/nima/Desktop/docker/benchmarks/libgdx/gdx/src/com/badlogic/gdx/graphics/g3d/particles/values/ParticleValue.java
com.badlogic.gdx.graphics.g3d.particles.influencers.DynamicsModifier	/home/nima/Desktop/docker/benchmarks/libgdx/gdx/src/com/badlogic/gdx/graphics/g3d/particles/influencers/DynamicsModifier.java
com.badlogic.gdx.graphics.g3d.particles.influencers.DynamicsModifier$FaceDirection	/home/nima/Desktop/docker/benchmarks/libgdx/gdx/src/com/badlogic/gdx/graphics/g3d/particles/influencers/DynamicsModifier.java
com.badlogic.gdx.graphics.g3d.particles.influencers.DynamicsModifier$Strength	/home/nima/Desktop/docker/benchmarks/libgdx/gdx/src/com/badlogic/gdx/graphics/g3d/particles/influencers/DynamicsModifier.java
com.badlogic.gdx.graphics.g3d.particles.influencers.DynamicsModifier$Angular	/home/nima/Desktop/docker/benchmarks/libgdx/gdx/src/com/badlogic/gdx/graphics/g3d/particles/influencers/DynamicsModifier.java
com.badlogic.gdx.graphics.g3d.particles.influencers.DynamicsModifier$Rotational2D	/home/nima/Desktop/docker/benchmarks/libgdx/gdx/src/com/badlogic/gdx/graphics/g3d/particles/influencers/DynamicsModifier.java
com.badlogic.gdx.graphics.g3d.particles.influencers.DynamicsModifier$Rotational3D	/home/nima/Desktop/docker/benchmarks/libgdx/gdx/src/com/badlogic/gdx/graphics/g3d/particles/influencers/DynamicsModifier.java
com.badlogic.gdx.graphics.g3d.particles.influencers.DynamicsModifier$CentripetalAcceleration	/home/nima/Desktop/docker/benchmarks/libgdx/gdx/src/com/badlogic/gdx/graphics/g3d/particles/influencers/DynamicsModifier.java
com.badlogic.gdx.graphics.g3d.particles.influencers.DynamicsModifier$PolarAcceleration	/home/nima/Desktop/docker/benchmarks/libgdx/gdx/src/com/badlogic/gdx/graphics/g3d/particles/influencers/DynamicsModifier.java
com.badlogic.gdx.graphics.g3d.particles.influencers.DynamicsModifier$TangentialAcceleration	/home/nima/Desktop/docker/benchmarks/libgdx/gdx/src/com/badlogic/gdx/graphics/g3d/particles/influencers/DynamicsModifier.java
com.badlogic.gdx.graphics.g3d.particles.influencers.DynamicsModifier$BrownianAcceleration	/home/nima/Desktop/docker/benchmarks/libgdx/gdx/src/com/badlogic/gdx/graphics/g3d/particles/influencers/DynamicsModifier.java
com.badlogic.gdx.graphics.g3d.particles.influencers.RegionInfluencer	/home/nima/Desktop/docker/benchmarks/libgdx/gdx/src/com/badlogic/gdx/graphics/g3d/particles/influencers/RegionInfluencer.java
com.badlogic.gdx.graphics.g3d.particles.influencers.RegionInfluencer$Single	/home/nima/Desktop/docker/benchmarks/libgdx/gdx/src/com/badlogic/gdx/graphics/g3d/particles/influencers/RegionInfluencer.java
com.badlogic.gdx.graphics.g3d.particles.influencers.RegionInfluencer$Random	/home/nima/Desktop/docker/benchmarks/libgdx/gdx/src/com/badlogic/gdx/graphics/g3d/particles/influencers/RegionInfluencer.java
com.badlogic.gdx.graphics.g3d.particles.influencers.RegionInfluencer$Animated	/home/nima/Desktop/docker/benchmarks/libgdx/gdx/src/com/badlogic/gdx/graphics/g3d/particles/influencers/RegionInfluencer.java
com.badlogic.gdx.graphics.g3d.particles.influencers.RegionInfluencer$AspectTextureRegion	/home/nima/Desktop/docker/benchmarks/libgdx/gdx/src/com/badlogic/gdx/graphics/g3d/particles/influencers/RegionInfluencer.java
com.badlogic.gdx.graphics.g3d.particles.influencers.DynamicsInfluencer	/home/nima/Desktop/docker/benchmarks/libgdx/gdx/src/com/badlogic/gdx/graphics/g3d/particles/influencers/DynamicsInfluencer.java
com.badlogic.gdx.graphics.g3d.particles.influencers.ScaleInfluencer	/home/nima/Desktop/docker/benchmarks/libgdx/gdx/src/com/badlogic/gdx/graphics/g3d/particles/influencers/ScaleInfluencer.java
com.badlogic.gdx.graphics.g3d.particles.influencers.ParticleControllerFinalizerInfluencer	/home/nima/Desktop/docker/benchmarks/libgdx/gdx/src/com/badlogic/gdx/graphics/g3d/particles/influencers/ParticleControllerFinalizerInfluencer.java
com.badlogic.gdx.graphics.g3d.particles.influencers.SpawnInfluencer	/home/nima/Desktop/docker/benchmarks/libgdx/gdx/src/com/badlogic/gdx/graphics/g3d/particles/influencers/SpawnInfluencer.java
com.badlogic.gdx.graphics.g3d.particles.values.SpawnShapeValue	/home/nima/Desktop/docker/benchmarks/libgdx/gdx/src/com/badlogic/gdx/graphics/g3d/particles/values/SpawnShapeValue.java
com.badlogic.gdx.graphics.g3d.particles.influencers.ColorInfluencer	/home/nima/Desktop/docker/benchmarks/libgdx/gdx/src/com/badlogic/gdx/graphics/g3d/particles/influencers/ColorInfluencer.java
com.badlogic.gdx.graphics.g3d.particles.influencers.ColorInfluencer$Random	/home/nima/Desktop/docker/benchmarks/libgdx/gdx/src/com/badlogic/gdx/graphics/g3d/particles/influencers/ColorInfluencer.java
com.badlogic.gdx.graphics.g3d.particles.influencers.ColorInfluencer$Single	/home/nima/Desktop/docker/benchmarks/libgdx/gdx/src/com/badlogic/gdx/graphics/g3d/particles/influencers/ColorInfluencer.java
com.badlogic.gdx.graphics.g3d.particles.values.GradientColorValue	/home/nima/Desktop/docker/benchmarks/libgdx/gdx/src/com/badlogic/gdx/graphics/g3d/particles/values/GradientColorValue.java
com.badlogic.gdx.graphics.g3d.particles.ParticleEffectLoader	/home/nima/Desktop/docker/benchmarks/libgdx/gdx/src/com/badlogic/gdx/graphics/g3d/particles/ParticleEffectLoader.java
com.badlogic.gdx.graphics.g3d.particles.ParticleEffectLoader$ParticleEffectLoadParameter	/home/nima/Desktop/docker/benchmarks/libgdx/gdx/src/com/badlogic/gdx/graphics/g3d/particles/ParticleEffectLoader.java
com.badlogic.gdx.graphics.g3d.particles.ParticleEffectLoader$ParticleEffectSaveParameter	/home/nima/Desktop/docker/benchmarks/libgdx/gdx/src/com/badlogic/gdx/graphics/g3d/particles/ParticleEffectLoader.java
com.badlogic.gdx.graphics.g3d.particles.ParticleEffect	/home/nima/Desktop/docker/benchmarks/libgdx/gdx/src/com/badlogic/gdx/graphics/g3d/particles/ParticleEffect.java
com.badlogic.gdx.graphics.g3d.particles.values.MeshSpawnShapeValue	/home/nima/Desktop/docker/benchmarks/libgdx/gdx/src/com/badlogic/gdx/graphics/g3d/particles/values/MeshSpawnShapeValue.java
com.badlogic.gdx.graphics.g3d.particles.values.MeshSpawnShapeValue$Triangle	/home/nima/Desktop/docker/benchmarks/libgdx/gdx/src/com/badlogic/gdx/graphics/g3d/particles/values/MeshSpawnShapeValue.java
com.badlogic.gdx.graphics.g3d.particles.values.RectangleSpawnShapeValue	/home/nima/Desktop/docker/benchmarks/libgdx/gdx/src/com/badlogic/gdx/graphics/g3d/particles/values/RectangleSpawnShapeValue.java
com.badlogic.gdx.graphics.g3d.particles.values.PrimitiveSpawnShapeValue	/home/nima/Desktop/docker/benchmarks/libgdx/gdx/src/com/badlogic/gdx/graphics/g3d/particles/values/PrimitiveSpawnShapeValue.java
com.badlogic.gdx.graphics.g3d.particles.values.PrimitiveSpawnShapeValue$SpawnSide	/home/nima/Desktop/docker/benchmarks/libgdx/gdx/src/com/badlogic/gdx/graphics/g3d/particles/values/PrimitiveSpawnShapeValue.java
com.badlogic.gdx.graphics.g3d.particles.values.CylinderSpawnShapeValue	/home/nima/Desktop/docker/benchmarks/libgdx/gdx/src/com/badlogic/gdx/graphics/g3d/particles/values/CylinderSpawnShapeValue.java
com.badlogic.gdx.graphics.g3d.particles.values.PointSpawnShapeValue	/home/nima/Desktop/docker/benchmarks/libgdx/gdx/src/com/badlogic/gdx/graphics/g3d/particles/values/PointSpawnShapeValue.java
com.badlogic.gdx.graphics.g3d.particles.values.UnweightedMeshSpawnShapeValue	/home/nima/Desktop/docker/benchmarks/libgdx/gdx/src/com/badlogic/gdx/graphics/g3d/particles/values/UnweightedMeshSpawnShapeValue.java
com.badlogic.gdx.graphics.g3d.particles.values.NumericValue	/home/nima/Desktop/docker/benchmarks/libgdx/gdx/src/com/badlogic/gdx/graphics/g3d/particles/values/NumericValue.java
com.badlogic.gdx.graphics.g3d.particles.values.LineSpawnShapeValue	/home/nima/Desktop/docker/benchmarks/libgdx/gdx/src/com/badlogic/gdx/graphics/g3d/particles/values/LineSpawnShapeValue.java
com.badlogic.gdx.graphics.g3d.particles.values.WeightMeshSpawnShapeValue	/home/nima/Desktop/docker/benchmarks/libgdx/gdx/src/com/badlogic/gdx/graphics/g3d/particles/values/WeightMeshSpawnShapeValue.java
com.badlogic.gdx.graphics.g3d.particles.values.EllipseSpawnShapeValue	/home/nima/Desktop/docker/benchmarks/libgdx/gdx/src/com/badlogic/gdx/graphics/g3d/particles/values/EllipseSpawnShapeValue.java
com.badlogic.gdx.graphics.g3d.particles.ParticleSorter	/home/nima/Desktop/docker/benchmarks/libgdx/gdx/src/com/badlogic/gdx/graphics/g3d/particles/ParticleSorter.java
com.badlogic.gdx.graphics.g3d.particles.ParticleSorter$None	/home/nima/Desktop/docker/benchmarks/libgdx/gdx/src/com/badlogic/gdx/graphics/g3d/particles/ParticleSorter.java
com.badlogic.gdx.graphics.g3d.particles.ParticleSorter$Distance	/home/nima/Desktop/docker/benchmarks/libgdx/gdx/src/com/badlogic/gdx/graphics/g3d/particles/ParticleSorter.java
com.badlogic.gdx.graphics.g3d.particles.batches.BufferedParticleBatch	/home/nima/Desktop/docker/benchmarks/libgdx/gdx/src/com/badlogic/gdx/graphics/g3d/particles/batches/BufferedParticleBatch.java
com.badlogic.gdx.graphics.g3d.particles.batches.ModelInstanceParticleBatch	/home/nima/Desktop/docker/benchmarks/libgdx/gdx/src/com/badlogic/gdx/graphics/g3d/particles/batches/ModelInstanceParticleBatch.java
com.badlogic.gdx.graphics.g3d.particles.renderers.ModelInstanceControllerRenderData	/home/nima/Desktop/docker/benchmarks/libgdx/gdx/src/com/badlogic/gdx/graphics/g3d/particles/renderers/ModelInstanceControllerRenderData.java
com.badlogic.gdx.graphics.g3d.particles.ParticleShader	/home/nima/Desktop/docker/benchmarks/libgdx/gdx/src/com/badlogic/gdx/graphics/g3d/particles/ParticleShader.java
com.badlogic.gdx.graphics.g3d.particles.ParticleShader$ParticleType	/home/nima/Desktop/docker/benchmarks/libgdx/gdx/src/com/badlogic/gdx/graphics/g3d/particles/ParticleShader.java
com.badlogic.gdx.graphics.g3d.particles.ParticleShader$AlignMode	/home/nima/Desktop/docker/benchmarks/libgdx/gdx/src/com/badlogic/gdx/graphics/g3d/particles/ParticleShader.java
com.badlogic.gdx.graphics.g3d.particles.ParticleShader$Config	/home/nima/Desktop/docker/benchmarks/libgdx/gdx/src/com/badlogic/gdx/graphics/g3d/particles/ParticleShader.java
com.badlogic.gdx.graphics.g3d.particles.ParticleShader$Inputs	/home/nima/Desktop/docker/benchmarks/libgdx/gdx/src/com/badlogic/gdx/graphics/g3d/particles/ParticleShader.java
com.badlogic.gdx.graphics.g3d.particles.ParticleShader$Setters	/home/nima/Desktop/docker/benchmarks/libgdx/gdx/src/com/badlogic/gdx/graphics/g3d/particles/ParticleShader.java
com.badlogic.gdx.graphics.g3d.particles.ParticleShader$Setters$1	/home/nima/Desktop/docker/benchmarks/libgdx/gdx/src/com/badlogic/gdx/graphics/g3d/particles/ParticleShader.java
com.badlogic.gdx.graphics.g3d.particles.ParticleShader$Setters$2	/home/nima/Desktop/docker/benchmarks/libgdx/gdx/src/com/badlogic/gdx/graphics/g3d/particles/ParticleShader.java
com.badlogic.gdx.graphics.g3d.particles.ParticleShader$Setters$3	/home/nima/Desktop/docker/benchmarks/libgdx/gdx/src/com/badlogic/gdx/graphics/g3d/particles/ParticleShader.java
com.badlogic.gdx.graphics.g3d.particles.ParticleShader$Setters$4	/home/nima/Desktop/docker/benchmarks/libgdx/gdx/src/com/badlogic/gdx/graphics/g3d/particles/ParticleShader.java
com.badlogic.gdx.graphics.g3d.particles.ParticleShader$Setters$5	/home/nima/Desktop/docker/benchmarks/libgdx/gdx/src/com/badlogic/gdx/graphics/g3d/particles/ParticleShader.java
com.badlogic.gdx.graphics.g3d.particles.ParticleShader$Setters$6	/home/nima/Desktop/docker/benchmarks/libgdx/gdx/src/com/badlogic/gdx/graphics/g3d/particles/ParticleShader.java
com.badlogic.gdx.graphics.g3d.particles.batches.PointSpriteParticleBatch	/home/nima/Desktop/docker/benchmarks/libgdx/gdx/src/com/badlogic/gdx/graphics/g3d/particles/batches/PointSpriteParticleBatch.java
com.badlogic.gdx.graphics.g3d.particles.renderers.PointSpriteControllerRenderData	/home/nima/Desktop/docker/benchmarks/libgdx/gdx/src/com/badlogic/gdx/graphics/g3d/particles/renderers/PointSpriteControllerRenderData.java
com.badlogic.gdx.graphics.g3d.particles.batches.BillboardParticleBatch	/home/nima/Desktop/docker/benchmarks/libgdx/gdx/src/com/badlogic/gdx/graphics/g3d/particles/batches/BillboardParticleBatch.java
com.badlogic.gdx.graphics.g3d.particles.batches.BillboardParticleBatch$RenderablePool	/home/nima/Desktop/docker/benchmarks/libgdx/gdx/src/com/badlogic/gdx/graphics/g3d/particles/batches/BillboardParticleBatch.java
com.badlogic.gdx.graphics.g3d.particles.batches.BillboardParticleBatch$Config	/home/nima/Desktop/docker/benchmarks/libgdx/gdx/src/com/badlogic/gdx/graphics/g3d/particles/batches/BillboardParticleBatch.java
com.badlogic.gdx.graphics.g3d.particles.renderers.BillboardControllerRenderData	/home/nima/Desktop/docker/benchmarks/libgdx/gdx/src/com/badlogic/gdx/graphics/g3d/particles/renderers/BillboardControllerRenderData.java
com.badlogic.gdx.graphics.g3d.particles.renderers.ParticleControllerControllerRenderer	/home/nima/Desktop/docker/benchmarks/libgdx/gdx/src/com/badlogic/gdx/graphics/g3d/particles/renderers/ParticleControllerControllerRenderer.java
com.badlogic.gdx.graphics.g3d.particles.renderers.BillboardRenderer	/home/nima/Desktop/docker/benchmarks/libgdx/gdx/src/com/badlogic/gdx/graphics/g3d/particles/renderers/BillboardRenderer.java
com.badlogic.gdx.graphics.g3d.particles.renderers.ModelInstanceRenderer	/home/nima/Desktop/docker/benchmarks/libgdx/gdx/src/com/badlogic/gdx/graphics/g3d/particles/renderers/ModelInstanceRenderer.java
com.badlogic.gdx.graphics.g3d.particles.renderers.PointSpriteRenderer	/home/nima/Desktop/docker/benchmarks/libgdx/gdx/src/com/badlogic/gdx/graphics/g3d/particles/renderers/PointSpriteRenderer.java
com.badlogic.gdx.graphics.g3d.particles.emitters.RegularEmitter	/home/nima/Desktop/docker/benchmarks/libgdx/gdx/src/com/badlogic/gdx/graphics/g3d/particles/emitters/RegularEmitter.java
com.badlogic.gdx.graphics.g3d.particles.emitters.RegularEmitter$EmissionMode	/home/nima/Desktop/docker/benchmarks/libgdx/gdx/src/com/badlogic/gdx/graphics/g3d/particles/emitters/RegularEmitter.java
com.badlogic.gdx.graphics.g3d.particles.ParticleSystem	/home/nima/Desktop/docker/benchmarks/libgdx/gdx/src/com/badlogic/gdx/graphics/g3d/particles/ParticleSystem.java
com.badlogic.gdx.graphics.g3d.loader.ObjLoader	/home/nima/Desktop/docker/benchmarks/libgdx/gdx/src/com/badlogic/gdx/graphics/g3d/loader/ObjLoader.java
com.badlogic.gdx.graphics.g3d.loader.ObjLoader$ObjLoaderParameters	/home/nima/Desktop/docker/benchmarks/libgdx/gdx/src/com/badlogic/gdx/graphics/g3d/loader/ObjLoader.java
com.badlogic.gdx.graphics.g3d.loader.ObjLoader$Group	/home/nima/Desktop/docker/benchmarks/libgdx/gdx/src/com/badlogic/gdx/graphics/g3d/loader/ObjLoader.java
com.badlogic.gdx.graphics.g3d.loader.MtlLoader	/home/nima/Desktop/docker/benchmarks/libgdx/gdx/src/com/badlogic/gdx/graphics/g3d/loader/ObjLoader.java
com.badlogic.gdx.graphics.g3d.loader.MtlLoader$ObjMaterial	/home/nima/Desktop/docker/benchmarks/libgdx/gdx/src/com/badlogic/gdx/graphics/g3d/loader/ObjLoader.java
com.badlogic.gdx.graphics.g3d.loader.G3dModelLoader	/home/nima/Desktop/docker/benchmarks/libgdx/gdx/src/com/badlogic/gdx/graphics/g3d/loader/G3dModelLoader.java
com.badlogic.gdx.graphics.g3d.ModelCache	/home/nima/Desktop/docker/benchmarks/libgdx/gdx/src/com/badlogic/gdx/graphics/g3d/ModelCache.java
com.badlogic.gdx.graphics.g3d.ModelCache$MeshPool	/home/nima/Desktop/docker/benchmarks/libgdx/gdx/src/com/badlogic/gdx/graphics/g3d/ModelCache.java
com.badlogic.gdx.graphics.g3d.ModelCache$SimpleMeshPool	/home/nima/Desktop/docker/benchmarks/libgdx/gdx/src/com/badlogic/gdx/graphics/g3d/ModelCache.java
com.badlogic.gdx.graphics.g3d.ModelCache$TightMeshPool	/home/nima/Desktop/docker/benchmarks/libgdx/gdx/src/com/badlogic/gdx/graphics/g3d/ModelCache.java
com.badlogic.gdx.graphics.g3d.ModelCache$Sorter	/home/nima/Desktop/docker/benchmarks/libgdx/gdx/src/com/badlogic/gdx/graphics/g3d/ModelCache.java
com.badlogic.gdx.graphics.g3d.ModelCache$1	/home/nima/Desktop/docker/benchmarks/libgdx/gdx/src/com/badlogic/gdx/graphics/g3d/ModelCache.java
com.badlogic.gdx.graphics.g3d.ModelCache$2	/home/nima/Desktop/docker/benchmarks/libgdx/gdx/src/com/badlogic/gdx/graphics/g3d/ModelCache.java
com.badlogic.gdx.graphics.profiling.GLProfiler	/home/nima/Desktop/docker/benchmarks/libgdx/gdx/src/com/badlogic/gdx/graphics/profiling/GLProfiler.java
com.badlogic.gdx.graphics.profiling.GLInterceptor	/home/nima/Desktop/docker/benchmarks/libgdx/gdx/src/com/badlogic/gdx/graphics/profiling/GLInterceptor.java
com.badlogic.gdx.graphics.profiling.GLErrorListener	/home/nima/Desktop/docker/benchmarks/libgdx/gdx/src/com/badlogic/gdx/graphics/profiling/GLErrorListener.java
com.badlogic.gdx.graphics.profiling.GLErrorListener$1	/home/nima/Desktop/docker/benchmarks/libgdx/gdx/src/com/badlogic/gdx/graphics/profiling/GLErrorListener.java
com.badlogic.gdx.graphics.profiling.GLErrorListener$2	/home/nima/Desktop/docker/benchmarks/libgdx/gdx/src/com/badlogic/gdx/graphics/profiling/GLErrorListener.java
com.badlogic.gdx.graphics.profiling.GL30Interceptor	/home/nima/Desktop/docker/benchmarks/libgdx/gdx/src/com/badlogic/gdx/graphics/profiling/GL30Interceptor.java
com.badlogic.gdx.graphics.profiling.GL20Interceptor	/home/nima/Desktop/docker/benchmarks/libgdx/gdx/src/com/badlogic/gdx/graphics/profiling/GL20Interceptor.java
com.badlogic.gdx.ScreenAdapter	/home/nima/Desktop/docker/benchmarks/libgdx/gdx/src/com/badlogic/gdx/ScreenAdapter.java
com.badlogic.gdx.maps.MapRenderer	/home/nima/Desktop/docker/benchmarks/libgdx/gdx/src/com/badlogic/gdx/maps/MapRenderer.java
com.badlogic.gdx.maps.MapObjects	/home/nima/Desktop/docker/benchmarks/libgdx/gdx/src/com/badlogic/gdx/maps/MapObjects.java
com.badlogic.gdx.maps.MapObject	/home/nima/Desktop/docker/benchmarks/libgdx/gdx/src/com/badlogic/gdx/maps/MapObject.java
com.badlogic.gdx.maps.MapProperties	/home/nima/Desktop/docker/benchmarks/libgdx/gdx/src/com/badlogic/gdx/maps/MapProperties.java
com.badlogic.gdx.maps.tiled.TiledMapTileSet	/home/nima/Desktop/docker/benchmarks/libgdx/gdx/src/com/badlogic/gdx/maps/tiled/TiledMapTileSet.java
com.badlogic.gdx.maps.tiled.TiledMapTile	/home/nima/Desktop/docker/benchmarks/libgdx/gdx/src/com/badlogic/gdx/maps/tiled/TiledMapTile.java
com.badlogic.gdx.maps.tiled.TiledMapTile$BlendMode	/home/nima/Desktop/docker/benchmarks/libgdx/gdx/src/com/badlogic/gdx/maps/tiled/TiledMapTile.java
com.badlogic.gdx.maps.tiled.TiledMapTileLayer	/home/nima/Desktop/docker/benchmarks/libgdx/gdx/src/com/badlogic/gdx/maps/tiled/TiledMapTileLayer.java
com.badlogic.gdx.maps.tiled.TiledMapTileLayer$Cell	/home/nima/Desktop/docker/benchmarks/libgdx/gdx/src/com/badlogic/gdx/maps/tiled/TiledMapTileLayer.java
com.badlogic.gdx.maps.MapLayer	/home/nima/Desktop/docker/benchmarks/libgdx/gdx/src/com/badlogic/gdx/maps/MapLayer.java
com.badlogic.gdx.maps.tiled.TiledMapRenderer	/home/nima/Desktop/docker/benchmarks/libgdx/gdx/src/com/badlogic/gdx/maps/tiled/TiledMapRenderer.java
com.badlogic.gdx.maps.tiled.TiledMapImageLayer	/home/nima/Desktop/docker/benchmarks/libgdx/gdx/src/com/badlogic/gdx/maps/tiled/TiledMapImageLayer.java
com.badlogic.gdx.maps.tiled.AtlasTmxMapLoader	/home/nima/Desktop/docker/benchmarks/libgdx/gdx/src/com/badlogic/gdx/maps/tiled/AtlasTmxMapLoader.java
com.badlogic.gdx.maps.tiled.AtlasTmxMapLoader$AtlasTiledMapLoaderParameters	/home/nima/Desktop/docker/benchmarks/libgdx/gdx/src/com/badlogic/gdx/maps/tiled/AtlasTmxMapLoader.java
com.badlogic.gdx.maps.tiled.AtlasTmxMapLoader$AtlasResolver	/home/nima/Desktop/docker/benchmarks/libgdx/gdx/src/com/badlogic/gdx/maps/tiled/AtlasTmxMapLoader.java
com.badlogic.gdx.maps.tiled.AtlasTmxMapLoader$AtlasResolver$DirectAtlasResolver	/home/nima/Desktop/docker/benchmarks/libgdx/gdx/src/com/badlogic/gdx/maps/tiled/AtlasTmxMapLoader.java
com.badlogic.gdx.maps.tiled.AtlasTmxMapLoader$AtlasResolver$AssetManagerAtlasResolver	/home/nima/Desktop/docker/benchmarks/libgdx/gdx/src/com/badlogic/gdx/maps/tiled/AtlasTmxMapLoader.java
com.badlogic.gdx.maps.tiled.BaseTmxMapLoader	/home/nima/Desktop/docker/benchmarks/libgdx/gdx/src/com/badlogic/gdx/maps/tiled/BaseTmxMapLoader.java
com.badlogic.gdx.maps.tiled.BaseTmxMapLoader$Parameters	/home/nima/Desktop/docker/benchmarks/libgdx/gdx/src/com/badlogic/gdx/maps/tiled/BaseTmxMapLoader.java
com.badlogic.gdx.maps.tiled.TiledMap	/home/nima/Desktop/docker/benchmarks/libgdx/gdx/src/com/badlogic/gdx/maps/tiled/TiledMap.java
com.badlogic.gdx.maps.Map	/home/nima/Desktop/docker/benchmarks/libgdx/gdx/src/com/badlogic/gdx/maps/Map.java
com.badlogic.gdx.maps.ImageResolver	/home/nima/Desktop/docker/benchmarks/libgdx/gdx/src/com/badlogic/gdx/maps/ImageResolver.java
com.badlogic.gdx.maps.ImageResolver$DirectImageResolver	/home/nima/Desktop/docker/benchmarks/libgdx/gdx/src/com/badlogic/gdx/maps/ImageResolver.java
com.badlogic.gdx.maps.ImageResolver$AssetManagerImageResolver	/home/nima/Desktop/docker/benchmarks/libgdx/gdx/src/com/badlogic/gdx/maps/ImageResolver.java
com.badlogic.gdx.maps.ImageResolver$TextureAtlasImageResolver	/home/nima/Desktop/docker/benchmarks/libgdx/gdx/src/com/badlogic/gdx/maps/ImageResolver.java
com.badlogic.gdx.maps.tiled.TiledMapTileSets	/home/nima/Desktop/docker/benchmarks/libgdx/gdx/src/com/badlogic/gdx/maps/tiled/TiledMapTileSets.java
com.badlogic.gdx.maps.MapLayers	/home/nima/Desktop/docker/benchmarks/libgdx/gdx/src/com/badlogic/gdx/maps/MapLayers.java
com.badlogic.gdx.maps.tiled.tiles.AnimatedTiledMapTile	/home/nima/Desktop/docker/benchmarks/libgdx/gdx/src/com/badlogic/gdx/maps/tiled/tiles/AnimatedTiledMapTile.java
com.badlogic.gdx.maps.tiled.tiles.StaticTiledMapTile	/home/nima/Desktop/docker/benchmarks/libgdx/gdx/src/com/badlogic/gdx/maps/tiled/tiles/StaticTiledMapTile.java
com.badlogic.gdx.maps.tiled.TmxMapLoader	/home/nima/Desktop/docker/benchmarks/libgdx/gdx/src/com/badlogic/gdx/maps/tiled/TmxMapLoader.java
com.badlogic.gdx.maps.tiled.TmxMapLoader$Parameters	/home/nima/Desktop/docker/benchmarks/libgdx/gdx/src/com/badlogic/gdx/maps/tiled/TmxMapLoader.java
com.badlogic.gdx.maps.tiled.objects.TiledMapTileMapObject	/home/nima/Desktop/docker/benchmarks/libgdx/gdx/src/com/badlogic/gdx/maps/tiled/objects/TiledMapTileMapObject.java
com.badlogic.gdx.maps.objects.TextureMapObject	/home/nima/Desktop/docker/benchmarks/libgdx/gdx/src/com/badlogic/gdx/maps/objects/TextureMapObject.java
com.badlogic.gdx.maps.tiled.renderers.IsometricTiledMapRenderer	/home/nima/Desktop/docker/benchmarks/libgdx/gdx/src/com/badlogic/gdx/maps/tiled/renderers/IsometricTiledMapRenderer.java
com.badlogic.gdx.maps.tiled.renderers.BatchTiledMapRenderer	/home/nima/Desktop/docker/benchmarks/libgdx/gdx/src/com/badlogic/gdx/maps/tiled/renderers/BatchTiledMapRenderer.java
com.badlogic.gdx.maps.tiled.renderers.HexagonalTiledMapRenderer	/home/nima/Desktop/docker/benchmarks/libgdx/gdx/src/com/badlogic/gdx/maps/tiled/renderers/HexagonalTiledMapRenderer.java
com.badlogic.gdx.maps.tiled.renderers.IsometricStaggeredTiledMapRenderer	/home/nima/Desktop/docker/benchmarks/libgdx/gdx/src/com/badlogic/gdx/maps/tiled/renderers/IsometricStaggeredTiledMapRenderer.java
com.badlogic.gdx.maps.tiled.renderers.OrthoCachedTiledMapRenderer	/home/nima/Desktop/docker/benchmarks/libgdx/gdx/src/com/badlogic/gdx/maps/tiled/renderers/OrthoCachedTiledMapRenderer.java
com.badlogic.gdx.maps.tiled.renderers.OrthogonalTiledMapRenderer	/home/nima/Desktop/docker/benchmarks/libgdx/gdx/src/com/badlogic/gdx/maps/tiled/renderers/OrthogonalTiledMapRenderer.java
com.badlogic.gdx.maps.tiled.TideMapLoader	/home/nima/Desktop/docker/benchmarks/libgdx/gdx/src/com/badlogic/gdx/maps/tiled/TideMapLoader.java
com.badlogic.gdx.maps.tiled.TideMapLoader$Parameters	/home/nima/Desktop/docker/benchmarks/libgdx/gdx/src/com/badlogic/gdx/maps/tiled/TideMapLoader.java
com.badlogic.gdx.maps.MapGroupLayer	/home/nima/Desktop/docker/benchmarks/libgdx/gdx/src/com/badlogic/gdx/maps/MapGroupLayer.java
com.badlogic.gdx.maps.objects.CircleMapObject	/home/nima/Desktop/docker/benchmarks/libgdx/gdx/src/com/badlogic/gdx/maps/objects/CircleMapObject.java
com.badlogic.gdx.maps.objects.PolygonMapObject	/home/nima/Desktop/docker/benchmarks/libgdx/gdx/src/com/badlogic/gdx/maps/objects/PolygonMapObject.java
com.badlogic.gdx.maps.objects.PolylineMapObject	/home/nima/Desktop/docker/benchmarks/libgdx/gdx/src/com/badlogic/gdx/maps/objects/PolylineMapObject.java
com.badlogic.gdx.maps.objects.EllipseMapObject	/home/nima/Desktop/docker/benchmarks/libgdx/gdx/src/com/badlogic/gdx/maps/objects/EllipseMapObject.java
com.badlogic.gdx.maps.objects.RectangleMapObject	/home/nima/Desktop/docker/benchmarks/libgdx/gdx/src/com/badlogic/gdx/maps/objects/RectangleMapObject.java
com.badlogic.gdx.scenes.scene2d.utils.ChangeListener	/home/nima/Desktop/docker/benchmarks/libgdx/gdx/src/com/badlogic/gdx/scenes/scene2d/utils/ChangeListener.java
com.badlogic.gdx.scenes.scene2d.utils.ChangeListener$ChangeEvent	/home/nima/Desktop/docker/benchmarks/libgdx/gdx/src/com/badlogic/gdx/scenes/scene2d/utils/ChangeListener.java
com.badlogic.gdx.scenes.scene2d.ui.Slider	/home/nima/Desktop/docker/benchmarks/libgdx/gdx/src/com/badlogic/gdx/scenes/scene2d/ui/Slider.java
com.badlogic.gdx.scenes.scene2d.ui.Slider$1	/home/nima/Desktop/docker/benchmarks/libgdx/gdx/src/com/badlogic/gdx/scenes/scene2d/ui/Slider.java
com.badlogic.gdx.scenes.scene2d.ui.Slider$SliderStyle	/home/nima/Desktop/docker/benchmarks/libgdx/gdx/src/com/badlogic/gdx/scenes/scene2d/ui/Slider.java
com.badlogic.gdx.scenes.scene2d.ui.ProgressBar	/home/nima/Desktop/docker/benchmarks/libgdx/gdx/src/com/badlogic/gdx/scenes/scene2d/ui/ProgressBar.java
com.badlogic.gdx.scenes.scene2d.ui.ProgressBar$ProgressBarStyle	/home/nima/Desktop/docker/benchmarks/libgdx/gdx/src/com/badlogic/gdx/scenes/scene2d/ui/ProgressBar.java
com.badlogic.gdx.scenes.scene2d.utils.Disableable	/home/nima/Desktop/docker/benchmarks/libgdx/gdx/src/com/badlogic/gdx/scenes/scene2d/utils/Disableable.java
com.badlogic.gdx.scenes.scene2d.ui.ImageButton	/home/nima/Desktop/docker/benchmarks/libgdx/gdx/src/com/badlogic/gdx/scenes/scene2d/ui/ImageButton.java
com.badlogic.gdx.scenes.scene2d.ui.ImageButton$ImageButtonStyle	/home/nima/Desktop/docker/benchmarks/libgdx/gdx/src/com/badlogic/gdx/scenes/scene2d/ui/ImageButton.java
com.badlogic.gdx.scenes.scene2d.ui.Button	/home/nima/Desktop/docker/benchmarks/libgdx/gdx/src/com/badlogic/gdx/scenes/scene2d/ui/Button.java
com.badlogic.gdx.scenes.scene2d.ui.Button$1	/home/nima/Desktop/docker/benchmarks/libgdx/gdx/src/com/badlogic/gdx/scenes/scene2d/ui/Button.java
com.badlogic.gdx.scenes.scene2d.ui.Button$ButtonStyle	/home/nima/Desktop/docker/benchmarks/libgdx/gdx/src/com/badlogic/gdx/scenes/scene2d/ui/Button.java
com.badlogic.gdx.scenes.scene2d.ui.Image	/home/nima/Desktop/docker/benchmarks/libgdx/gdx/src/com/badlogic/gdx/scenes/scene2d/ui/Image.java
com.badlogic.gdx.scenes.scene2d.ui.ButtonGroup	/home/nima/Desktop/docker/benchmarks/libgdx/gdx/src/com/badlogic/gdx/scenes/scene2d/ui/ButtonGroup.java
com.badlogic.gdx.scenes.scene2d.utils.ClickListener	/home/nima/Desktop/docker/benchmarks/libgdx/gdx/src/com/badlogic/gdx/scenes/scene2d/utils/ClickListener.java
com.badlogic.gdx.scenes.scene2d.InputListener	/home/nima/Desktop/docker/benchmarks/libgdx/gdx/src/com/badlogic/gdx/scenes/scene2d/InputListener.java
com.badlogic.gdx.scenes.scene2d.ui.ParticleEffectActor	/home/nima/Desktop/docker/benchmarks/libgdx/gdx/src/com/badlogic/gdx/scenes/scene2d/ui/ParticleEffectActor.java
com.badlogic.gdx.scenes.scene2d.actions.Actions	/home/nima/Desktop/docker/benchmarks/libgdx/gdx/src/com/badlogic/gdx/scenes/scene2d/actions/Actions.java
com.badlogic.gdx.scenes.scene2d.ui.List	/home/nima/Desktop/docker/benchmarks/libgdx/gdx/src/com/badlogic/gdx/scenes/scene2d/ui/List.java
com.badlogic.gdx.scenes.scene2d.ui.List$1	/home/nima/Desktop/docker/benchmarks/libgdx/gdx/src/com/badlogic/gdx/scenes/scene2d/ui/List.java
com.badlogic.gdx.scenes.scene2d.ui.List$2	/home/nima/Desktop/docker/benchmarks/libgdx/gdx/src/com/badlogic/gdx/scenes/scene2d/ui/List.java
com.badlogic.gdx.scenes.scene2d.ui.List$ListStyle	/home/nima/Desktop/docker/benchmarks/libgdx/gdx/src/com/badlogic/gdx/scenes/scene2d/ui/List.java
com.badlogic.gdx.scenes.scene2d.ui.ScrollPane	/home/nima/Desktop/docker/benchmarks/libgdx/gdx/src/com/badlogic/gdx/scenes/scene2d/ui/ScrollPane.java
com.badlogic.gdx.scenes.scene2d.ui.ScrollPane$1	/home/nima/Desktop/docker/benchmarks/libgdx/gdx/src/com/badlogic/gdx/scenes/scene2d/ui/ScrollPane.java
com.badlogic.gdx.scenes.scene2d.ui.ScrollPane$2	/home/nima/Desktop/docker/benchmarks/libgdx/gdx/src/com/badlogic/gdx/scenes/scene2d/ui/ScrollPane.java
com.badlogic.gdx.scenes.scene2d.ui.ScrollPane$3	/home/nima/Desktop/docker/benchmarks/libgdx/gdx/src/com/badlogic/gdx/scenes/scene2d/ui/ScrollPane.java
com.badlogic.gdx.scenes.scene2d.ui.ScrollPane$ScrollPaneStyle	/home/nima/Desktop/docker/benchmarks/libgdx/gdx/src/com/badlogic/gdx/scenes/scene2d/ui/ScrollPane.java
com.badlogic.gdx.scenes.scene2d.ui.SelectBox	/home/nima/Desktop/docker/benchmarks/libgdx/gdx/src/com/badlogic/gdx/scenes/scene2d/ui/SelectBox.java
com.badlogic.gdx.scenes.scene2d.ui.SelectBox$1	/home/nima/Desktop/docker/benchmarks/libgdx/gdx/src/com/badlogic/gdx/scenes/scene2d/ui/SelectBox.java
com.badlogic.gdx.scenes.scene2d.ui.SelectBox$2	/home/nima/Desktop/docker/benchmarks/libgdx/gdx/src/com/badlogic/gdx/scenes/scene2d/ui/SelectBox.java
com.badlogic.gdx.scenes.scene2d.ui.SelectBox$SelectBoxScrollPane	/home/nima/Desktop/docker/benchmarks/libgdx/gdx/src/com/badlogic/gdx/scenes/scene2d/ui/SelectBox.java
com.badlogic.gdx.scenes.scene2d.ui.SelectBox$SelectBoxScrollPane$1	/home/nima/Desktop/docker/benchmarks/libgdx/gdx/src/com/badlogic/gdx/scenes/scene2d/ui/SelectBox.java
com.badlogic.gdx.scenes.scene2d.ui.SelectBox$SelectBoxScrollPane$2	/home/nima/Desktop/docker/benchmarks/libgdx/gdx/src/com/badlogic/gdx/scenes/scene2d/ui/SelectBox.java
com.badlogic.gdx.scenes.scene2d.ui.SelectBox$SelectBoxScrollPane$3	/home/nima/Desktop/docker/benchmarks/libgdx/gdx/src/com/badlogic/gdx/scenes/scene2d/ui/SelectBox.java
com.badlogic.gdx.scenes.scene2d.ui.SelectBox$SelectBoxScrollPane$4	/home/nima/Desktop/docker/benchmarks/libgdx/gdx/src/com/badlogic/gdx/scenes/scene2d/ui/SelectBox.java
com.badlogic.gdx.scenes.scene2d.ui.SelectBox$SelectBoxStyle	/home/nima/Desktop/docker/benchmarks/libgdx/gdx/src/com/badlogic/gdx/scenes/scene2d/ui/SelectBox.java
com.badlogic.gdx.scenes.scene2d.utils.ArraySelection	/home/nima/Desktop/docker/benchmarks/libgdx/gdx/src/com/badlogic/gdx/scenes/scene2d/utils/ArraySelection.java
com.badlogic.gdx.scenes.scene2d.utils.Selection	/home/nima/Desktop/docker/benchmarks/libgdx/gdx/src/com/badlogic/gdx/scenes/scene2d/utils/Selection.java
com.badlogic.gdx.scenes.scene2d.actions.AddAction	/home/nima/Desktop/docker/benchmarks/libgdx/gdx/src/com/badlogic/gdx/scenes/scene2d/actions/AddAction.java
com.badlogic.gdx.scenes.scene2d.actions.RemoveAction	/home/nima/Desktop/docker/benchmarks/libgdx/gdx/src/com/badlogic/gdx/scenes/scene2d/actions/RemoveAction.java
com.badlogic.gdx.scenes.scene2d.actions.MoveToAction	/home/nima/Desktop/docker/benchmarks/libgdx/gdx/src/com/badlogic/gdx/scenes/scene2d/actions/MoveToAction.java
com.badlogic.gdx.scenes.scene2d.actions.TemporalAction	/home/nima/Desktop/docker/benchmarks/libgdx/gdx/src/com/badlogic/gdx/scenes/scene2d/actions/TemporalAction.java
com.badlogic.gdx.scenes.scene2d.actions.MoveByAction	/home/nima/Desktop/docker/benchmarks/libgdx/gdx/src/com/badlogic/gdx/scenes/scene2d/actions/MoveByAction.java
com.badlogic.gdx.scenes.scene2d.actions.RelativeTemporalAction	/home/nima/Desktop/docker/benchmarks/libgdx/gdx/src/com/badlogic/gdx/scenes/scene2d/actions/RelativeTemporalAction.java
com.badlogic.gdx.scenes.scene2d.actions.SizeToAction	/home/nima/Desktop/docker/benchmarks/libgdx/gdx/src/com/badlogic/gdx/scenes/scene2d/actions/SizeToAction.java
com.badlogic.gdx.scenes.scene2d.actions.SizeByAction	/home/nima/Desktop/docker/benchmarks/libgdx/gdx/src/com/badlogic/gdx/scenes/scene2d/actions/SizeByAction.java
com.badlogic.gdx.scenes.scene2d.actions.ScaleToAction	/home/nima/Desktop/docker/benchmarks/libgdx/gdx/src/com/badlogic/gdx/scenes/scene2d/actions/ScaleToAction.java
com.badlogic.gdx.scenes.scene2d.actions.ScaleByAction	/home/nima/Desktop/docker/benchmarks/libgdx/gdx/src/com/badlogic/gdx/scenes/scene2d/actions/ScaleByAction.java
com.badlogic.gdx.scenes.scene2d.actions.RotateToAction	/home/nima/Desktop/docker/benchmarks/libgdx/gdx/src/com/badlogic/gdx/scenes/scene2d/actions/RotateToAction.java
com.badlogic.gdx.scenes.scene2d.actions.RotateByAction	/home/nima/Desktop/docker/benchmarks/libgdx/gdx/src/com/badlogic/gdx/scenes/scene2d/actions/RotateByAction.java
com.badlogic.gdx.scenes.scene2d.actions.ColorAction	/home/nima/Desktop/docker/benchmarks/libgdx/gdx/src/com/badlogic/gdx/scenes/scene2d/actions/ColorAction.java
com.badlogic.gdx.scenes.scene2d.actions.AlphaAction	/home/nima/Desktop/docker/benchmarks/libgdx/gdx/src/com/badlogic/gdx/scenes/scene2d/actions/AlphaAction.java
com.badlogic.gdx.scenes.scene2d.actions.VisibleAction	/home/nima/Desktop/docker/benchmarks/libgdx/gdx/src/com/badlogic/gdx/scenes/scene2d/actions/VisibleAction.java
com.badlogic.gdx.scenes.scene2d.actions.TouchableAction	/home/nima/Desktop/docker/benchmarks/libgdx/gdx/src/com/badlogic/gdx/scenes/scene2d/actions/TouchableAction.java
com.badlogic.gdx.scenes.scene2d.actions.RemoveActorAction	/home/nima/Desktop/docker/benchmarks/libgdx/gdx/src/com/badlogic/gdx/scenes/scene2d/actions/RemoveActorAction.java
com.badlogic.gdx.scenes.scene2d.actions.DelayAction	/home/nima/Desktop/docker/benchmarks/libgdx/gdx/src/com/badlogic/gdx/scenes/scene2d/actions/DelayAction.java
com.badlogic.gdx.scenes.scene2d.actions.DelegateAction	/home/nima/Desktop/docker/benchmarks/libgdx/gdx/src/com/badlogic/gdx/scenes/scene2d/actions/DelegateAction.java
com.badlogic.gdx.scenes.scene2d.actions.TimeScaleAction	/home/nima/Desktop/docker/benchmarks/libgdx/gdx/src/com/badlogic/gdx/scenes/scene2d/actions/TimeScaleAction.java
com.badlogic.gdx.scenes.scene2d.actions.SequenceAction	/home/nima/Desktop/docker/benchmarks/libgdx/gdx/src/com/badlogic/gdx/scenes/scene2d/actions/SequenceAction.java
com.badlogic.gdx.scenes.scene2d.actions.ParallelAction	/home/nima/Desktop/docker/benchmarks/libgdx/gdx/src/com/badlogic/gdx/scenes/scene2d/actions/ParallelAction.java
com.badlogic.gdx.scenes.scene2d.actions.RepeatAction	/home/nima/Desktop/docker/benchmarks/libgdx/gdx/src/com/badlogic/gdx/scenes/scene2d/actions/RepeatAction.java
com.badlogic.gdx.scenes.scene2d.actions.RunnableAction	/home/nima/Desktop/docker/benchmarks/libgdx/gdx/src/com/badlogic/gdx/scenes/scene2d/actions/RunnableAction.java
com.badlogic.gdx.scenes.scene2d.actions.LayoutAction	/home/nima/Desktop/docker/benchmarks/libgdx/gdx/src/com/badlogic/gdx/scenes/scene2d/actions/LayoutAction.java
com.badlogic.gdx.scenes.scene2d.actions.AfterAction	/home/nima/Desktop/docker/benchmarks/libgdx/gdx/src/com/badlogic/gdx/scenes/scene2d/actions/AfterAction.java
com.badlogic.gdx.scenes.scene2d.actions.AddListenerAction	/home/nima/Desktop/docker/benchmarks/libgdx/gdx/src/com/badlogic/gdx/scenes/scene2d/actions/AddListenerAction.java
com.badlogic.gdx.scenes.scene2d.actions.RemoveListenerAction	/home/nima/Desktop/docker/benchmarks/libgdx/gdx/src/com/badlogic/gdx/scenes/scene2d/actions/RemoveListenerAction.java
com.badlogic.gdx.scenes.scene2d.utils.ActorGestureListener	/home/nima/Desktop/docker/benchmarks/libgdx/gdx/src/com/badlogic/gdx/scenes/scene2d/utils/ActorGestureListener.java
com.badlogic.gdx.scenes.scene2d.utils.ActorGestureListener$1	/home/nima/Desktop/docker/benchmarks/libgdx/gdx/src/com/badlogic/gdx/scenes/scene2d/utils/ActorGestureListener.java
com.badlogic.gdx.scenes.scene2d.ui.Window	/home/nima/Desktop/docker/benchmarks/libgdx/gdx/src/com/badlogic/gdx/scenes/scene2d/ui/Window.java
com.badlogic.gdx.scenes.scene2d.ui.Window$1	/home/nima/Desktop/docker/benchmarks/libgdx/gdx/src/com/badlogic/gdx/scenes/scene2d/ui/Window.java
com.badlogic.gdx.scenes.scene2d.ui.Window$2	/home/nima/Desktop/docker/benchmarks/libgdx/gdx/src/com/badlogic/gdx/scenes/scene2d/ui/Window.java
com.badlogic.gdx.scenes.scene2d.ui.Window$3	/home/nima/Desktop/docker/benchmarks/libgdx/gdx/src/com/badlogic/gdx/scenes/scene2d/ui/Window.java
com.badlogic.gdx.scenes.scene2d.ui.Window$WindowStyle	/home/nima/Desktop/docker/benchmarks/libgdx/gdx/src/com/badlogic/gdx/scenes/scene2d/ui/Window.java
com.badlogic.gdx.scenes.scene2d.ui.TextTooltip	/home/nima/Desktop/docker/benchmarks/libgdx/gdx/src/com/badlogic/gdx/scenes/scene2d/ui/TextTooltip.java
com.badlogic.gdx.scenes.scene2d.ui.TextTooltip$TextTooltipStyle	/home/nima/Desktop/docker/benchmarks/libgdx/gdx/src/com/badlogic/gdx/scenes/scene2d/ui/TextTooltip.java
com.badlogic.gdx.scenes.scene2d.ui.Tooltip	/home/nima/Desktop/docker/benchmarks/libgdx/gdx/src/com/badlogic/gdx/scenes/scene2d/ui/Tooltip.java
com.badlogic.gdx.scenes.scene2d.ui.Tooltip$1	/home/nima/Desktop/docker/benchmarks/libgdx/gdx/src/com/badlogic/gdx/scenes/scene2d/ui/Tooltip.java
com.badlogic.gdx.scenes.scene2d.ui.TooltipManager	/home/nima/Desktop/docker/benchmarks/libgdx/gdx/src/com/badlogic/gdx/scenes/scene2d/ui/TooltipManager.java
com.badlogic.gdx.scenes.scene2d.ui.TooltipManager$1	/home/nima/Desktop/docker/benchmarks/libgdx/gdx/src/com/badlogic/gdx/scenes/scene2d/ui/TooltipManager.java
com.badlogic.gdx.scenes.scene2d.ui.TooltipManager$2	/home/nima/Desktop/docker/benchmarks/libgdx/gdx/src/com/badlogic/gdx/scenes/scene2d/ui/TooltipManager.java
com.badlogic.gdx.scenes.scene2d.ui.Container	/home/nima/Desktop/docker/benchmarks/libgdx/gdx/src/com/badlogic/gdx/scenes/scene2d/ui/Container.java
com.badlogic.gdx.scenes.scene2d.ui.TextArea	/home/nima/Desktop/docker/benchmarks/libgdx/gdx/src/com/badlogic/gdx/scenes/scene2d/ui/TextArea.java
com.badlogic.gdx.scenes.scene2d.ui.TextArea$TextAreaListener	/home/nima/Desktop/docker/benchmarks/libgdx/gdx/src/com/badlogic/gdx/scenes/scene2d/ui/TextArea.java
com.badlogic.gdx.scenes.scene2d.ui.TextField	/home/nima/Desktop/docker/benchmarks/libgdx/gdx/src/com/badlogic/gdx/scenes/scene2d/ui/TextField.java
com.badlogic.gdx.scenes.scene2d.ui.TextField$1	/home/nima/Desktop/docker/benchmarks/libgdx/gdx/src/com/badlogic/gdx/scenes/scene2d/ui/TextField.java
com.badlogic.gdx.scenes.scene2d.ui.TextField$KeyRepeatTask	/home/nima/Desktop/docker/benchmarks/libgdx/gdx/src/com/badlogic/gdx/scenes/scene2d/ui/TextField.java
com.badlogic.gdx.scenes.scene2d.ui.TextField$TextFieldListener	/home/nima/Desktop/docker/benchmarks/libgdx/gdx/src/com/badlogic/gdx/scenes/scene2d/ui/TextField.java
com.badlogic.gdx.scenes.scene2d.ui.TextField$TextFieldFilter	/home/nima/Desktop/docker/benchmarks/libgdx/gdx/src/com/badlogic/gdx/scenes/scene2d/ui/TextField.java
com.badlogic.gdx.scenes.scene2d.ui.TextField$TextFieldFilter$DigitsOnlyFilter	/home/nima/Desktop/docker/benchmarks/libgdx/gdx/src/com/badlogic/gdx/scenes/scene2d/ui/TextField.java
com.badlogic.gdx.scenes.scene2d.ui.TextField$OnscreenKeyboard	/home/nima/Desktop/docker/benchmarks/libgdx/gdx/src/com/badlogic/gdx/scenes/scene2d/ui/TextField.java
com.badlogic.gdx.scenes.scene2d.ui.TextField$DefaultOnscreenKeyboard	/home/nima/Desktop/docker/benchmarks/libgdx/gdx/src/com/badlogic/gdx/scenes/scene2d/ui/TextField.java
com.badlogic.gdx.scenes.scene2d.ui.TextField$TextFieldClickListener	/home/nima/Desktop/docker/benchmarks/libgdx/gdx/src/com/badlogic/gdx/scenes/scene2d/ui/TextField.java
com.badlogic.gdx.scenes.scene2d.ui.TextField$TextFieldStyle	/home/nima/Desktop/docker/benchmarks/libgdx/gdx/src/com/badlogic/gdx/scenes/scene2d/ui/TextField.java
com.badlogic.gdx.scenes.scene2d.ui.Touchpad	/home/nima/Desktop/docker/benchmarks/libgdx/gdx/src/com/badlogic/gdx/scenes/scene2d/ui/Touchpad.java
com.badlogic.gdx.scenes.scene2d.ui.Touchpad$1	/home/nima/Desktop/docker/benchmarks/libgdx/gdx/src/com/badlogic/gdx/scenes/scene2d/ui/Touchpad.java
com.badlogic.gdx.scenes.scene2d.ui.Touchpad$TouchpadStyle	/home/nima/Desktop/docker/benchmarks/libgdx/gdx/src/com/badlogic/gdx/scenes/scene2d/ui/Touchpad.java
com.badlogic.gdx.scenes.scene2d.ui.Tree	/home/nima/Desktop/docker/benchmarks/libgdx/gdx/src/com/badlogic/gdx/scenes/scene2d/ui/Tree.java
com.badlogic.gdx.scenes.scene2d.ui.Tree$1	/home/nima/Desktop/docker/benchmarks/libgdx/gdx/src/com/badlogic/gdx/scenes/scene2d/ui/Tree.java
com.badlogic.gdx.scenes.scene2d.ui.Tree$2	/home/nima/Desktop/docker/benchmarks/libgdx/gdx/src/com/badlogic/gdx/scenes/scene2d/ui/Tree.java
com.badlogic.gdx.scenes.scene2d.ui.Tree$Node	/home/nima/Desktop/docker/benchmarks/libgdx/gdx/src/com/badlogic/gdx/scenes/scene2d/ui/Tree.java
com.badlogic.gdx.scenes.scene2d.ui.Tree$TreeStyle	/home/nima/Desktop/docker/benchmarks/libgdx/gdx/src/com/badlogic/gdx/scenes/scene2d/ui/Tree.java
com.badlogic.gdx.scenes.scene2d.ui.SplitPane	/home/nima/Desktop/docker/benchmarks/libgdx/gdx/src/com/badlogic/gdx/scenes/scene2d/ui/SplitPane.java
com.badlogic.gdx.scenes.scene2d.ui.SplitPane$1	/home/nima/Desktop/docker/benchmarks/libgdx/gdx/src/com/badlogic/gdx/scenes/scene2d/ui/SplitPane.java
com.badlogic.gdx.scenes.scene2d.ui.SplitPane$SplitPaneStyle	/home/nima/Desktop/docker/benchmarks/libgdx/gdx/src/com/badlogic/gdx/scenes/scene2d/ui/SplitPane.java
com.badlogic.gdx.scenes.scene2d.ui.VerticalGroup	/home/nima/Desktop/docker/benchmarks/libgdx/gdx/src/com/badlogic/gdx/scenes/scene2d/ui/VerticalGroup.java
com.badlogic.gdx.scenes.scene2d.ui.TextButton	/home/nima/Desktop/docker/benchmarks/libgdx/gdx/src/com/badlogic/gdx/scenes/scene2d/ui/TextButton.java
com.badlogic.gdx.scenes.scene2d.ui.TextButton$TextButtonStyle	/home/nima/Desktop/docker/benchmarks/libgdx/gdx/src/com/badlogic/gdx/scenes/scene2d/ui/TextButton.java
com.badlogic.gdx.scenes.scene2d.ui.ImageTextButton	/home/nima/Desktop/docker/benchmarks/libgdx/gdx/src/com/badlogic/gdx/scenes/scene2d/ui/ImageTextButton.java
com.badlogic.gdx.scenes.scene2d.ui.ImageTextButton$ImageTextButtonStyle	/home/nima/Desktop/docker/benchmarks/libgdx/gdx/src/com/badlogic/gdx/scenes/scene2d/ui/ImageTextButton.java
com.badlogic.gdx.scenes.scene2d.ui.Dialog	/home/nima/Desktop/docker/benchmarks/libgdx/gdx/src/com/badlogic/gdx/scenes/scene2d/ui/Dialog.java
com.badlogic.gdx.scenes.scene2d.ui.Dialog$1	/home/nima/Desktop/docker/benchmarks/libgdx/gdx/src/com/badlogic/gdx/scenes/scene2d/ui/Dialog.java
com.badlogic.gdx.scenes.scene2d.ui.Dialog$2	/home/nima/Desktop/docker/benchmarks/libgdx/gdx/src/com/badlogic/gdx/scenes/scene2d/ui/Dialog.java
com.badlogic.gdx.scenes.scene2d.ui.Dialog$3	/home/nima/Desktop/docker/benchmarks/libgdx/gdx/src/com/badlogic/gdx/scenes/scene2d/ui/Dialog.java
com.badlogic.gdx.scenes.scene2d.ui.Dialog$4	/home/nima/Desktop/docker/benchmarks/libgdx/gdx/src/com/badlogic/gdx/scenes/scene2d/ui/Dialog.java
com.badlogic.gdx.scenes.scene2d.ui.Dialog$4$1	/home/nima/Desktop/docker/benchmarks/libgdx/gdx/src/com/badlogic/gdx/scenes/scene2d/ui/Dialog.java
com.badlogic.gdx.scenes.scene2d.ui.HorizontalGroup	/home/nima/Desktop/docker/benchmarks/libgdx/gdx/src/com/badlogic/gdx/scenes/scene2d/ui/HorizontalGroup.java
com.badlogic.gdx.scenes.scene2d.ui.CheckBox	/home/nima/Desktop/docker/benchmarks/libgdx/gdx/src/com/badlogic/gdx/scenes/scene2d/ui/CheckBox.java
com.badlogic.gdx.scenes.scene2d.ui.CheckBox$CheckBoxStyle	/home/nima/Desktop/docker/benchmarks/libgdx/gdx/src/com/badlogic/gdx/scenes/scene2d/ui/CheckBox.java
com.badlogic.gdx.scenes.scene2d.utils.SpriteDrawable	/home/nima/Desktop/docker/benchmarks/libgdx/gdx/src/com/badlogic/gdx/scenes/scene2d/utils/SpriteDrawable.java
com.badlogic.gdx.scenes.scene2d.utils.ScissorStack	/home/nima/Desktop/docker/benchmarks/libgdx/gdx/src/com/badlogic/gdx/scenes/scene2d/utils/ScissorStack.java
com.badlogic.gdx.scenes.scene2d.utils.DragScrollListener	/home/nima/Desktop/docker/benchmarks/libgdx/gdx/src/com/badlogic/gdx/scenes/scene2d/utils/DragScrollListener.java
com.badlogic.gdx.scenes.scene2d.utils.DragScrollListener$1	/home/nima/Desktop/docker/benchmarks/libgdx/gdx/src/com/badlogic/gdx/scenes/scene2d/utils/DragScrollListener.java
com.badlogic.gdx.scenes.scene2d.utils.DragScrollListener$2	/home/nima/Desktop/docker/benchmarks/libgdx/gdx/src/com/badlogic/gdx/scenes/scene2d/utils/DragScrollListener.java
com.badlogic.gdx.scenes.scene2d.utils.DragListener	/home/nima/Desktop/docker/benchmarks/libgdx/gdx/src/com/badlogic/gdx/scenes/scene2d/utils/DragListener.java
com.badlogic.gdx.scenes.scene2d.utils.DragAndDrop	/home/nima/Desktop/docker/benchmarks/libgdx/gdx/src/com/badlogic/gdx/scenes/scene2d/utils/DragAndDrop.java
com.badlogic.gdx.scenes.scene2d.utils.DragAndDrop$1	/home/nima/Desktop/docker/benchmarks/libgdx/gdx/src/com/badlogic/gdx/scenes/scene2d/utils/DragAndDrop.java
com.badlogic.gdx.scenes.scene2d.utils.DragAndDrop$Source	/home/nima/Desktop/docker/benchmarks/libgdx/gdx/src/com/badlogic/gdx/scenes/scene2d/utils/DragAndDrop.java
com.badlogic.gdx.scenes.scene2d.utils.DragAndDrop$Target	/home/nima/Desktop/docker/benchmarks/libgdx/gdx/src/com/badlogic/gdx/scenes/scene2d/utils/DragAndDrop.java
com.badlogic.gdx.scenes.scene2d.utils.DragAndDrop$Payload	/home/nima/Desktop/docker/benchmarks/libgdx/gdx/src/com/badlogic/gdx/scenes/scene2d/utils/DragAndDrop.java
com.badlogic.gdx.scenes.scene2d.utils.NinePatchDrawable	/home/nima/Desktop/docker/benchmarks/libgdx/gdx/src/com/badlogic/gdx/scenes/scene2d/utils/NinePatchDrawable.java
com.badlogic.gdx.scenes.scene2d.utils.UIUtils	/home/nima/Desktop/docker/benchmarks/libgdx/gdx/src/com/badlogic/gdx/scenes/scene2d/utils/UIUtils.java
com.badlogic.gdx.scenes.scene2d.actions.CountdownEventAction	/home/nima/Desktop/docker/benchmarks/libgdx/gdx/src/com/badlogic/gdx/scenes/scene2d/actions/CountdownEventAction.java
com.badlogic.gdx.scenes.scene2d.actions.EventAction	/home/nima/Desktop/docker/benchmarks/libgdx/gdx/src/com/badlogic/gdx/scenes/scene2d/actions/EventAction.java
com.badlogic.gdx.scenes.scene2d.actions.EventAction$1	/home/nima/Desktop/docker/benchmarks/libgdx/gdx/src/com/badlogic/gdx/scenes/scene2d/actions/EventAction.java
com.badlogic.gdx.scenes.scene2d.actions.FloatAction	/home/nima/Desktop/docker/benchmarks/libgdx/gdx/src/com/badlogic/gdx/scenes/scene2d/actions/FloatAction.java
com.badlogic.gdx.scenes.scene2d.actions.IntAction	/home/nima/Desktop/docker/benchmarks/libgdx/gdx/src/com/badlogic/gdx/scenes/scene2d/actions/IntAction.java
com.badlogic.gdx.Game	/home/nima/Desktop/docker/benchmarks/libgdx/gdx/src/com/badlogic/gdx/Game.java
com.badlogic.gdx.net.HttpRequestHeader	/home/nima/Desktop/docker/benchmarks/libgdx/gdx/src/com/badlogic/gdx/net/HttpRequestHeader.java
com.badlogic.gdx.net.NetJavaImpl	/home/nima/Desktop/docker/benchmarks/libgdx/gdx/src/com/badlogic/gdx/net/NetJavaImpl.java
com.badlogic.gdx.net.NetJavaImpl$HttpClientResponse	/home/nima/Desktop/docker/benchmarks/libgdx/gdx/src/com/badlogic/gdx/net/NetJavaImpl.java
com.badlogic.gdx.net.NetJavaImpl$1	/home/nima/Desktop/docker/benchmarks/libgdx/gdx/src/com/badlogic/gdx/net/NetJavaImpl.java
com.badlogic.gdx.net.NetJavaImpl$2	/home/nima/Desktop/docker/benchmarks/libgdx/gdx/src/com/badlogic/gdx/net/NetJavaImpl.java
com.badlogic.gdx.net.HttpParametersUtils	/home/nima/Desktop/docker/benchmarks/libgdx/gdx/src/com/badlogic/gdx/net/HttpParametersUtils.java
com.badlogic.gdx.net.HttpResponseHeader	/home/nima/Desktop/docker/benchmarks/libgdx/gdx/src/com/badlogic/gdx/net/HttpResponseHeader.java
com.badlogic.gdx.net.HttpRequestBuilder	/home/nima/Desktop/docker/benchmarks/libgdx/gdx/src/com/badlogic/gdx/net/HttpRequestBuilder.java
com.badlogic.gdx.net.NetJavaServerSocketImpl	/home/nima/Desktop/docker/benchmarks/libgdx/gdx/src/com/badlogic/gdx/net/NetJavaServerSocketImpl.java
com.badlogic.gdx.net.NetJavaSocketImpl	/home/nima/Desktop/docker/benchmarks/libgdx/gdx/src/com/badlogic/gdx/net/NetJavaSocketImpl.java
com.badlogic.gdx.InputEventQueue	/home/nima/Desktop/docker/benchmarks/libgdx/gdx/src/com/badlogic/gdx/InputEventQueue.java
