message_type	message	enc_class	enc_member	offset	path	target_kind	target_class	target_method	target_param	target_index	target_path
METHOD_NO_INIT	initializer method does not guarantee @NonNull fields file (line 58), type (line 59) are initialized along all control-flow paths (remember to check for exceptions or early returns).	com.badlogic.gdx.files.FileHandle	FileHandle()	2363	/home/nima/Desktop/docker/benchmarks/libgdx/gdx/src/com/badlogic/gdx/files/FileHandle.java	null	null	null	null	null	null
DEREFERENCE_NULLABLE	dereferenced expression keyNames is @Nullable	com.badlogic.gdx.Input$Keys	valueOf(java.lang.String)	17272	/home/nima/Desktop/docker/benchmarks/libgdx/gdx/src/com/badlogic/gdx/Input.java	null	null	null	null	null	null
RETURN_NULLABLE	returning @Nullable expression from method with @NonNull return type	com.badlogic.gdx.utils.Array	random()	19440	/home/nima/Desktop/docker/benchmarks/libgdx/gdx/src/com/badlogic/gdx/utils/Array.java	METHOD	com.badlogic.gdx.utils.Array	random()	null	null	/home/nima/Desktop/docker/benchmarks/libgdx/gdx/src/com/badlogic/gdx/utils/Array.java
METHOD_NO_INIT	initializer method does not guarantee @NonNull fields iterator1 (line 672), iterator2 (line 672) are initialized along all control-flow paths (remember to check for exceptions or early returns).	com.badlogic.gdx.utils.Array$ArrayIterable	ArrayIterable(com.badlogic.gdx.utils.Array<T>,boolean)	23778	/home/nima/Desktop/docker/benchmarks/libgdx/gdx/src/com/badlogic/gdx/utils/Array.java	null	null	null	null	null	null
METHOD_NO_INIT	initializer method does not guarantee @NonNull fields iterator (line 30), predicate (line 31) are initialized along all control-flow paths (remember to check for exceptions or early returns).	com.badlogic.gdx.utils.Predicate$PredicateIterator	PredicateIterator(java.util.Iterator<T>,com.badlogic.gdx.utils.Predicate<T>)	1469	/home/nima/Desktop/docker/benchmarks/libgdx/gdx/src/com/badlogic/gdx/utils/Predicate.java	null	null	null	null	null	null
METHOD_NO_INIT	initializer method does not guarantee @NonNull fields iterable (line 88), predicate (line 89) are initialized along all control-flow paths (remember to check for exceptions or early returns).	com.badlogic.gdx.utils.Predicate$PredicateIterable	PredicateIterable(java.lang.Iterable<T>,com.badlogic.gdx.utils.Predicate<T>)	2734	/home/nima/Desktop/docker/benchmarks/libgdx/gdx/src/com/badlogic/gdx/utils/Predicate.java	null	null	null	null	null	null
DEREFERENCE_NULLABLE	dereferenced expression color is @Nullable	com.badlogic.gdx.graphics.Color	set(com.badlogic.gdx.graphics.Color)	4080	/home/nima/Desktop/docker/benchmarks/libgdx/gdx/src/com/badlogic/gdx/graphics/Color.java	null	null	null	null	null	null
METHOD_NO_INIT	initializer method does not guarantee @NonNull fields iterator1 (line 65), iterator2 (line 65) are initialized along all control-flow paths (remember to check for exceptions or early returns).	com.badlogic.gdx.utils.ObjectSet	ObjectSet(int,float)	3962	/home/nima/Desktop/docker/benchmarks/libgdx/gdx/src/com/badlogic/gdx/utils/ObjectSet.java	null	null	null	null	null	null
METHOD_NO_INIT	initializer method does not guarantee @NonNull fields iterator1 (line 64), iterator2 (line 64) are initialized along all control-flow paths (remember to check for exceptions or early returns).	com.badlogic.gdx.utils.IntSet	IntSet(int,float)	3929	/home/nima/Desktop/docker/benchmarks/libgdx/gdx/src/com/badlogic/gdx/utils/IntSet.java	null	null	null	null	null	null
METHOD_NO_INIT	initializer method does not guarantee @NonNull fields zeroValue (line 48), entries1 (line 69), entries2 (line 69), values1 (line 70), values2 (line 70), keys1 (line 71), keys2 (line 71) are initialized along all control-flow paths (remember to check for exceptions or early returns).	com.badlogic.gdx.utils.LongMap	LongMap(int,float)	4135	/home/nima/Desktop/docker/benchmarks/libgdx/gdx/src/com/badlogic/gdx/utils/LongMap.java	null	null	null	null	null	null
ASSIGN_FIELD_NULLABLE	assigning @Nullable expression to @NonNull field	com.badlogic.gdx.utils.LongMap	remove(long)	8672	/home/nima/Desktop/docker/benchmarks/libgdx/gdx/src/com/badlogic/gdx/utils/LongMap.java	FIELD	com.badlogic.gdx.utils.LongMap	null	zeroValue	null	/home/nima/Desktop/docker/benchmarks/libgdx/gdx/src/com/badlogic/gdx/utils/LongMap.java
ASSIGN_FIELD_NULLABLE	assigning @Nullable expression to @NonNull field	com.badlogic.gdx.utils.LongMap	clear(int)	10328	/home/nima/Desktop/docker/benchmarks/libgdx/gdx/src/com/badlogic/gdx/utils/LongMap.java	FIELD	com.badlogic.gdx.utils.LongMap	null	zeroValue	null	/home/nima/Desktop/docker/benchmarks/libgdx/gdx/src/com/badlogic/gdx/utils/LongMap.java
ASSIGN_FIELD_NULLABLE	assigning @Nullable expression to @NonNull field	com.badlogic.gdx.utils.LongMap	clear()	10495	/home/nima/Desktop/docker/benchmarks/libgdx/gdx/src/com/badlogic/gdx/utils/LongMap.java	FIELD	com.badlogic.gdx.utils.LongMap	null	zeroValue	null	/home/nima/Desktop/docker/benchmarks/libgdx/gdx/src/com/badlogic/gdx/utils/LongMap.java
ASSIGN_FIELD_NULLABLE	assigning @Nullable expression to @NonNull field	com.badlogic.gdx.utils.LongMap$MapIterator	remove()	19222	/home/nima/Desktop/docker/benchmarks/libgdx/gdx/src/com/badlogic/gdx/utils/LongMap.java	FIELD	com.badlogic.gdx.utils.LongMap	null	zeroValue	null	/home/nima/Desktop/docker/benchmarks/libgdx/gdx/src/com/badlogic/gdx/utils/LongMap.java
METHOD_NO_INIT	initializer method does not guarantee @NonNull fields entries1 (line 68), entries2 (line 68), values1 (line 69), values2 (line 69), keys1 (line 70), keys2 (line 70) are initialized along all control-flow paths (remember to check for exceptions or early returns).	com.badlogic.gdx.utils.ObjectMap	ObjectMap(int,float)	4121	/home/nima/Desktop/docker/benchmarks/libgdx/gdx/src/com/badlogic/gdx/utils/ObjectMap.java	null	null	null	null	null	null
RETURN_NULLABLE	returning @Nullable expression from method with @NonNull return type	com.badlogic.gdx.utils.ObjectMap	<T>get(T)	8105	/home/nima/Desktop/docker/benchmarks/libgdx/gdx/src/com/badlogic/gdx/utils/ObjectMap.java	METHOD	com.badlogic.gdx.utils.ObjectMap	<T>get(T)	null	null	/home/nima/Desktop/docker/benchmarks/libgdx/gdx/src/com/badlogic/gdx/utils/ObjectMap.java
RETURN_NULLABLE	returning @Nullable expression from method with @NonNull return type	com.badlogic.gdx.utils.ObjectMap	remove(K)	8547	/home/nima/Desktop/docker/benchmarks/libgdx/gdx/src/com/badlogic/gdx/utils/ObjectMap.java	METHOD	com.badlogic.gdx.utils.ObjectMap	remove(K)	null	null	/home/nima/Desktop/docker/benchmarks/libgdx/gdx/src/com/badlogic/gdx/utils/ObjectMap.java
FIELD_NO_INIT	@NonNull field ObjectMap$Entry.key not initialized	com.badlogic.gdx.utils.ObjectMap$Entry	key	17459	/home/nima/Desktop/docker/benchmarks/libgdx/gdx/src/com/badlogic/gdx/utils/ObjectMap.java	FIELD	com.badlogic.gdx.utils.ObjectMap$Entry	null	key	null	/home/nima/Desktop/docker/benchmarks/libgdx/gdx/src/com/badlogic/gdx/utils/ObjectMap.java
FIELD_NO_INIT	@NonNull field ObjectMap$Entry.value not initialized	com.badlogic.gdx.utils.ObjectMap$Entry	value	17475	/home/nima/Desktop/docker/benchmarks/libgdx/gdx/src/com/badlogic/gdx/utils/ObjectMap.java	FIELD	com.badlogic.gdx.utils.ObjectMap$Entry	null	value	null	/home/nima/Desktop/docker/benchmarks/libgdx/gdx/src/com/badlogic/gdx/utils/ObjectMap.java
METHOD_NO_INIT	initializer method does not guarantee @NonNull fields entries1 (line 40), entries2 (line 40), values1 (line 41), values2 (line 41), keys1 (line 42), keys2 (line 42) are initialized along all control-flow paths (remember to check for exceptions or early returns).	com.badlogic.gdx.utils.ArrayMap	ArrayMap(boolean,int)	2403	/home/nima/Desktop/docker/benchmarks/libgdx/gdx/src/com/badlogic/gdx/utils/ArrayMap.java	null	null	null	null	null	null
METHOD_NO_INIT	initializer method does not guarantee @NonNull fields entries1 (line 40), entries2 (line 40), values1 (line 41), values2 (line 41), keys1 (line 42), keys2 (line 42) are initialized along all control-flow paths (remember to check for exceptions or early returns).	com.badlogic.gdx.utils.ArrayMap	ArrayMap(boolean,int,java.lang.Class,java.lang.Class)	2894	/home/nima/Desktop/docker/benchmarks/libgdx/gdx/src/com/badlogic/gdx/utils/ArrayMap.java	null	null	null	null	null	null
METHOD_NO_INIT	initializer method does not guarantee @NonNull fields a (line 55), c (line 58) are initialized along all control-flow paths (remember to check for exceptions or early returns).	com.badlogic.gdx.utils.TimSort	TimSort()	4741	/home/nima/Desktop/docker/benchmarks/libgdx/gdx/src/com/badlogic/gdx/utils/TimSort.java	null	null	null	null	null	null
ASSIGN_FIELD_NULLABLE	assigning @Nullable expression to @NonNull field	com.badlogic.gdx.utils.TimSort	doSort(T[],java.util.Comparator<T>,int,int)	6198	/home/nima/Desktop/docker/benchmarks/libgdx/gdx/src/com/badlogic/gdx/utils/TimSort.java	FIELD	com.badlogic.gdx.utils.TimSort	null	a	null	/home/nima/Desktop/docker/benchmarks/libgdx/gdx/src/com/badlogic/gdx/utils/TimSort.java
ASSIGN_FIELD_NULLABLE	assigning @Nullable expression to @NonNull field	com.badlogic.gdx.utils.TimSort	doSort(T[],java.util.Comparator<T>,int,int)	6215	/home/nima/Desktop/docker/benchmarks/libgdx/gdx/src/com/badlogic/gdx/utils/TimSort.java	FIELD	com.badlogic.gdx.utils.TimSort	null	c	null	/home/nima/Desktop/docker/benchmarks/libgdx/gdx/src/com/badlogic/gdx/utils/TimSort.java
DEREFERENCE_NULLABLE	dereferenced expression matrix is @Nullable	com.badlogic.gdx.math.Matrix4	set(com.badlogic.gdx.math.Matrix4)	6565	/home/nima/Desktop/docker/benchmarks/libgdx/gdx/src/com/badlogic/gdx/math/Matrix4.java	null	null	null	null	null	null
DEREFERENCE_NULLABLE	dereferenced expression vector is @Nullable	com.badlogic.gdx.math.Vector3	set(com.badlogic.gdx.math.Vector3)	2898	/home/nima/Desktop/docker/benchmarks/libgdx/gdx/src/com/badlogic/gdx/math/Vector3.java	null	null	null	null	null	null
METHOD_NO_INIT	initializer method does not guarantee @NonNull fields entries1 (line 66), entries2 (line 66), values1 (line 67), values2 (line 67), keys1 (line 68), keys2 (line 68) are initialized along all control-flow paths (remember to check for exceptions or early returns).	com.badlogic.gdx.utils.ObjectFloatMap	ObjectFloatMap(int,float)	4118	/home/nima/Desktop/docker/benchmarks/libgdx/gdx/src/com/badlogic/gdx/utils/ObjectFloatMap.java	null	null	null	null	null	null
METHOD_NO_INIT	initializer method does not guarantee @NonNull field first (line 28) is initialized along all control-flow paths (remember to check for exceptions or early returns).	com.badlogic.gdx.utils.SortedIntList	SortedIntList()	1175	/home/nima/Desktop/docker/benchmarks/libgdx/gdx/src/com/badlogic/gdx/utils/SortedIntList.java	null	null	null	null	null	null
METHOD_NO_INIT	initializer method does not guarantee @NonNull field position (line 126) is initialized along all control-flow paths (remember to check for exceptions or early returns).	com.badlogic.gdx.utils.SortedIntList$Iterator	Iterator()	3708	/home/nima/Desktop/docker/benchmarks/libgdx/gdx/src/com/badlogic/gdx/utils/SortedIntList.java	null	null	null	null	null	null
DEREFERENCE_NULLABLE	dereferenced expression previousPosition.p is @Nullable	com.badlogic.gdx.utils.SortedIntList$Iterator	remove()	4351	/home/nima/Desktop/docker/benchmarks/libgdx/gdx/src/com/badlogic/gdx/utils/SortedIntList.java	null	null	null	null	null	null
FIELD_NO_INIT	@NonNull field SortedIntList$Node.n not initialized	com.badlogic.gdx.utils.SortedIntList$Node	n	4713	/home/nima/Desktop/docker/benchmarks/libgdx/gdx/src/com/badlogic/gdx/utils/SortedIntList.java	FIELD	com.badlogic.gdx.utils.SortedIntList$Node	null	n	null	/home/nima/Desktop/docker/benchmarks/libgdx/gdx/src/com/badlogic/gdx/utils/SortedIntList.java
FIELD_NO_INIT	@NonNull field SortedIntList$Node.value not initialized	com.badlogic.gdx.utils.SortedIntList$Node	value	4756	/home/nima/Desktop/docker/benchmarks/libgdx/gdx/src/com/badlogic/gdx/utils/SortedIntList.java	FIELD	com.badlogic.gdx.utils.SortedIntList$Node	null	value	null	/home/nima/Desktop/docker/benchmarks/libgdx/gdx/src/com/badlogic/gdx/utils/SortedIntList.java
ASSIGN_FIELD_NULLABLE	assigning @Nullable expression to @NonNull field	com.badlogic.gdx.utils.SortedIntList$NodePool	obtain(com.badlogic.gdx.utils.SortedIntList.Node<E>,com.badlogic.gdx.utils.SortedIntList.Node<E>,E,int)	5099	/home/nima/Desktop/docker/benchmarks/libgdx/gdx/src/com/badlogic/gdx/utils/SortedIntList.java	FIELD	com.badlogic.gdx.utils.SortedIntList$Node	null	n	null	/home/nima/Desktop/docker/benchmarks/libgdx/gdx/src/com/badlogic/gdx/utils/SortedIntList.java
FIELD_NO_INIT	@NonNull field camera not initialized	com.badlogic.gdx.utils.viewport.Viewport	camera	1482	/home/nima/Desktop/docker/benchmarks/libgdx/gdx/src/com/badlogic/gdx/utils/viewport/Viewport.java	FIELD	com.badlogic.gdx.utils.viewport.Viewport	null	camera	null	/home/nima/Desktop/docker/benchmarks/libgdx/gdx/src/com/badlogic/gdx/utils/viewport/Viewport.java
METHOD_NO_INIT	initializer method does not guarantee @NonNull fields stringValue (line 47), name (line 51), child (line 53), parent (line 53), next (line 55), prev (line 55) are initialized along all control-flow paths (remember to check for exceptions or early returns).	com.badlogic.gdx.utils.JsonValue	JsonValue(com.badlogic.gdx.utils.JsonValue.ValueType)	2103	/home/nima/Desktop/docker/benchmarks/libgdx/gdx/src/com/badlogic/gdx/utils/JsonValue.java	null	null	null	null	null	null
METHOD_NO_INIT	initializer method does not guarantee @NonNull fields stringValue (line 47), name (line 51), child (line 53), parent (line 53), next (line 55), prev (line 55), type (line 44) are initialized along all control-flow paths (remember to check for exceptions or early returns).	com.badlogic.gdx.utils.JsonValue	JsonValue(java.lang.String)	2198	/home/nima/Desktop/docker/benchmarks/libgdx/gdx/src/com/badlogic/gdx/utils/JsonValue.java	null	null	null	null	null	null
METHOD_NO_INIT	initializer method does not guarantee @NonNull fields stringValue (line 47), name (line 51), child (line 53), parent (line 53), next (line 55), prev (line 55), type (line 44) are initialized along all control-flow paths (remember to check for exceptions or early returns).	com.badlogic.gdx.utils.JsonValue	JsonValue(double)	2267	/home/nima/Desktop/docker/benchmarks/libgdx/gdx/src/com/badlogic/gdx/utils/JsonValue.java	null	null	null	null	null	null
METHOD_NO_INIT	initializer method does not guarantee @NonNull fields stringValue (line 47), name (line 51), child (line 53), parent (line 53), next (line 55), prev (line 55), type (line 44) are initialized along all control-flow paths (remember to check for exceptions or early returns).	com.badlogic.gdx.utils.JsonValue	JsonValue(long)	2326	/home/nima/Desktop/docker/benchmarks/libgdx/gdx/src/com/badlogic/gdx/utils/JsonValue.java	null	null	null	null	null	null
METHOD_NO_INIT	initializer method does not guarantee @NonNull fields stringValue (line 47), name (line 51), child (line 53), parent (line 53), next (line 55), prev (line 55), type (line 44) are initialized along all control-flow paths (remember to check for exceptions or early returns).	com.badlogic.gdx.utils.JsonValue	JsonValue(double,java.lang.String)	2383	/home/nima/Desktop/docker/benchmarks/libgdx/gdx/src/com/badlogic/gdx/utils/JsonValue.java	null	null	null	null	null	null
METHOD_NO_INIT	initializer method does not guarantee @NonNull fields stringValue (line 47), name (line 51), child (line 53), parent (line 53), next (line 55), prev (line 55), type (line 44) are initialized along all control-flow paths (remember to check for exceptions or early returns).	com.badlogic.gdx.utils.JsonValue	JsonValue(long,java.lang.String)	2469	/home/nima/Desktop/docker/benchmarks/libgdx/gdx/src/com/badlogic/gdx/utils/JsonValue.java	null	null	null	null	null	null
METHOD_NO_INIT	initializer method does not guarantee @NonNull fields stringValue (line 47), name (line 51), child (line 53), parent (line 53), next (line 55), prev (line 55), type (line 44) are initialized along all control-flow paths (remember to check for exceptions or early returns).	com.badlogic.gdx.utils.JsonValue	JsonValue(boolean)	2553	/home/nima/Desktop/docker/benchmarks/libgdx/gdx/src/com/badlogic/gdx/utils/JsonValue.java	null	null	null	null	null	null
ASSIGN_FIELD_NULLABLE	assigning @Nullable expression to @NonNull field	com.badlogic.gdx.utils.JsonValue	remove(int)	4875	/home/nima/Desktop/docker/benchmarks/libgdx/gdx/src/com/badlogic/gdx/utils/JsonValue.java	FIELD	com.badlogic.gdx.utils.JsonValue	null	prev	null	/home/nima/Desktop/docker/benchmarks/libgdx/gdx/src/com/badlogic/gdx/utils/JsonValue.java
ASSIGN_FIELD_NULLABLE	assigning @Nullable expression to @NonNull field	com.badlogic.gdx.utils.JsonValue	remove(java.lang.String)	5316	/home/nima/Desktop/docker/benchmarks/libgdx/gdx/src/com/badlogic/gdx/utils/JsonValue.java	FIELD	com.badlogic.gdx.utils.JsonValue	null	prev	null	/home/nima/Desktop/docker/benchmarks/libgdx/gdx/src/com/badlogic/gdx/utils/JsonValue.java
ASSIGN_FIELD_NULLABLE	assigning @Nullable expression to @NonNull field	com.badlogic.gdx.utils.JsonValue	remove()	5677	/home/nima/Desktop/docker/benchmarks/libgdx/gdx/src/com/badlogic/gdx/utils/JsonValue.java	FIELD	com.badlogic.gdx.utils.JsonValue	null	prev	null	/home/nima/Desktop/docker/benchmarks/libgdx/gdx/src/com/badlogic/gdx/utils/JsonValue.java
RETURN_NULLABLE	returning @Nullable expression from method with @NonNull return type	com.badlogic.gdx.utils.JsonValue	asString()	6731	/home/nima/Desktop/docker/benchmarks/libgdx/gdx/src/com/badlogic/gdx/utils/JsonValue.java	METHOD	com.badlogic.gdx.utils.JsonValue	asString()	null	null	/home/nima/Desktop/docker/benchmarks/libgdx/gdx/src/com/badlogic/gdx/utils/JsonValue.java
ASSIGN_FIELD_NULLABLE	assigning @Nullable expression to @NonNull field	com.badlogic.gdx.utils.JsonValue	setName(java.lang.String)	28633	/home/nima/Desktop/docker/benchmarks/libgdx/gdx/src/com/badlogic/gdx/utils/JsonValue.java	FIELD	com.badlogic.gdx.utils.JsonValue	null	name	null	/home/nima/Desktop/docker/benchmarks/libgdx/gdx/src/com/badlogic/gdx/utils/JsonValue.java
ASSIGN_FIELD_NULLABLE	assigning @Nullable expression to @NonNull field	com.badlogic.gdx.utils.JsonValue	set(java.lang.String)	30497	/home/nima/Desktop/docker/benchmarks/libgdx/gdx/src/com/badlogic/gdx/utils/JsonValue.java	FIELD	com.badlogic.gdx.utils.JsonValue	null	stringValue	null	/home/nima/Desktop/docker/benchmarks/libgdx/gdx/src/com/badlogic/gdx/utils/JsonValue.java
ASSIGN_FIELD_NULLABLE	assigning @Nullable expression to @NonNull field	com.badlogic.gdx.utils.JsonValue	set(double,java.lang.String)	30840	/home/nima/Desktop/docker/benchmarks/libgdx/gdx/src/com/badlogic/gdx/utils/JsonValue.java	FIELD	com.badlogic.gdx.utils.JsonValue	null	stringValue	null	/home/nima/Desktop/docker/benchmarks/libgdx/gdx/src/com/badlogic/gdx/utils/JsonValue.java
ASSIGN_FIELD_NULLABLE	assigning @Nullable expression to @NonNull field	com.badlogic.gdx.utils.JsonValue	set(long,java.lang.String)	31146	/home/nima/Desktop/docker/benchmarks/libgdx/gdx/src/com/badlogic/gdx/utils/JsonValue.java	FIELD	com.badlogic.gdx.utils.JsonValue	null	stringValue	null	/home/nima/Desktop/docker/benchmarks/libgdx/gdx/src/com/badlogic/gdx/utils/JsonValue.java
DEREFERENCE_NULLABLE	dereferenced expression current is @Nullable	com.badlogic.gdx.utils.JsonValue$JsonIterator	remove()	40573	/home/nima/Desktop/docker/benchmarks/libgdx/gdx/src/com/badlogic/gdx/utils/JsonValue.java	null	null	null	null	null	null
ASSIGN_FIELD_NULLABLE	assigning @Nullable expression to @NonNull field	com.badlogic.gdx.utils.JsonValue$JsonIterator	remove()	40646	/home/nima/Desktop/docker/benchmarks/libgdx/gdx/src/com/badlogic/gdx/utils/JsonValue.java	FIELD	com.badlogic.gdx.utils.JsonValue	null	prev	null	/home/nima/Desktop/docker/benchmarks/libgdx/gdx/src/com/badlogic/gdx/utils/JsonValue.java
FIELD_NO_INIT	@NonNull field JsonValue$PrettyPrintSettings.outputType not initialized	com.badlogic.gdx.utils.JsonValue$PrettyPrintSettings	outputType	41019	/home/nima/Desktop/docker/benchmarks/libgdx/gdx/src/com/badlogic/gdx/utils/JsonValue.java	FIELD	com.badlogic.gdx.utils.JsonValue$PrettyPrintSettings	null	outputType	null	/home/nima/Desktop/docker/benchmarks/libgdx/gdx/src/com/badlogic/gdx/utils/JsonValue.java
RETURN_NULLABLE	returning @Nullable expression from method with @NonNull return type	com.badlogic.gdx.utils.JsonReader	parse(char[],int,int)	16010	/home/nima/Desktop/docker/benchmarks/libgdx/gdx/src/com/badlogic/gdx/utils/JsonReader.java	METHOD	com.badlogic.gdx.utils.JsonReader	parse(char[],int,int)	null	null	/home/nima/Desktop/docker/benchmarks/libgdx/gdx/src/com/badlogic/gdx/utils/JsonReader.java
DEREFERENCE_NULLABLE	dereferenced expression current is @Nullable	com.badlogic.gdx.utils.JsonReader	pop()	21958	/home/nima/Desktop/docker/benchmarks/libgdx/gdx/src/com/badlogic/gdx/utils/JsonReader.java	null	null	null	null	null	null
METHOD_NO_INIT	initializer method does not guarantee @NonNull fields zeroValue (line 48), entries1 (line 69), entries2 (line 69), values1 (line 70), values2 (line 70), keys1 (line 71), keys2 (line 71) are initialized along all control-flow paths (remember to check for exceptions or early returns).	com.badlogic.gdx.utils.IntMap	IntMap(int,float)	4130	/home/nima/Desktop/docker/benchmarks/libgdx/gdx/src/com/badlogic/gdx/utils/IntMap.java	null	null	null	null	null	null
RETURN_NULLABLE	returning @Nullable expression from method with @NonNull return type	com.badlogic.gdx.utils.IntMap	get(int)	8079	/home/nima/Desktop/docker/benchmarks/libgdx/gdx/src/com/badlogic/gdx/utils/IntMap.java	METHOD	com.badlogic.gdx.utils.IntMap	get(int)	null	null	/home/nima/Desktop/docker/benchmarks/libgdx/gdx/src/com/badlogic/gdx/utils/IntMap.java
RETURN_NULLABLE	returning @Nullable expression from method with @NonNull return type	com.badlogic.gdx.utils.IntMap	get(int)	8147	/home/nima/Desktop/docker/benchmarks/libgdx/gdx/src/com/badlogic/gdx/utils/IntMap.java	METHOD	com.badlogic.gdx.utils.IntMap	get(int)	null	null	/home/nima/Desktop/docker/benchmarks/libgdx/gdx/src/com/badlogic/gdx/utils/IntMap.java
ASSIGN_FIELD_NULLABLE	assigning @Nullable expression to @NonNull field	com.badlogic.gdx.utils.IntMap	remove(int)	8618	/home/nima/Desktop/docker/benchmarks/libgdx/gdx/src/com/badlogic/gdx/utils/IntMap.java	FIELD	com.badlogic.gdx.utils.IntMap	null	zeroValue	null	/home/nima/Desktop/docker/benchmarks/libgdx/gdx/src/com/badlogic/gdx/utils/IntMap.java
ASSIGN_FIELD_NULLABLE	assigning @Nullable expression to @NonNull field	com.badlogic.gdx.utils.IntMap	clear(int)	10273	/home/nima/Desktop/docker/benchmarks/libgdx/gdx/src/com/badlogic/gdx/utils/IntMap.java	FIELD	com.badlogic.gdx.utils.IntMap	null	zeroValue	null	/home/nima/Desktop/docker/benchmarks/libgdx/gdx/src/com/badlogic/gdx/utils/IntMap.java
ASSIGN_FIELD_NULLABLE	assigning @Nullable expression to @NonNull field	com.badlogic.gdx.utils.IntMap	clear()	10440	/home/nima/Desktop/docker/benchmarks/libgdx/gdx/src/com/badlogic/gdx/utils/IntMap.java	FIELD	com.badlogic.gdx.utils.IntMap	null	zeroValue	null	/home/nima/Desktop/docker/benchmarks/libgdx/gdx/src/com/badlogic/gdx/utils/IntMap.java
ASSIGN_FIELD_NULLABLE	assigning @Nullable expression to @NonNull field	com.badlogic.gdx.utils.IntMap$MapIterator	remove()	19140	/home/nima/Desktop/docker/benchmarks/libgdx/gdx/src/com/badlogic/gdx/utils/IntMap.java	FIELD	com.badlogic.gdx.utils.IntMap	null	zeroValue	null	/home/nima/Desktop/docker/benchmarks/libgdx/gdx/src/com/badlogic/gdx/utils/IntMap.java
METHOD_NO_INIT	initializer method does not guarantee @NonNull field texture (line 27) is initialized along all control-flow paths (remember to check for exceptions or early returns).	com.badlogic.gdx.graphics.g2d.TextureRegion	TextureRegion()	1316	/home/nima/Desktop/docker/benchmarks/libgdx/gdx/src/com/badlogic/gdx/graphics/g2d/TextureRegion.java	null	null	null	null	null	null
METHOD_NO_INIT	initializer method does not guarantee @NonNull field texture (line 27) is initialized along all control-flow paths (remember to check for exceptions or early returns).	com.badlogic.gdx.graphics.g2d.TextureRegion	TextureRegion(com.badlogic.gdx.graphics.g2d.TextureRegion)	2538	/home/nima/Desktop/docker/benchmarks/libgdx/gdx/src/com/badlogic/gdx/graphics/g2d/TextureRegion.java	null	null	null	null	null	null
METHOD_NO_INIT	initializer method does not guarantee @NonNull field texture (line 27) is initialized along all control-flow paths (remember to check for exceptions or early returns).	com.badlogic.gdx.graphics.g2d.TextureRegion	TextureRegion(com.badlogic.gdx.graphics.g2d.TextureRegion,int,int,int,int)	2943	/home/nima/Desktop/docker/benchmarks/libgdx/gdx/src/com/badlogic/gdx/graphics/g2d/TextureRegion.java	null	null	null	null	null	null
DEREFERENCE_NULLABLE	dereferenced expression region is @Nullable	com.badlogic.gdx.graphics.g2d.TextureRegion	setRegion(com.badlogic.gdx.graphics.g2d.TextureRegion)	4600	/home/nima/Desktop/docker/benchmarks/libgdx/gdx/src/com/badlogic/gdx/graphics/g2d/TextureRegion.java	null	null	null	null	null	null
FIELD_NO_INIT	@NonNull field TextureLoader$TextureLoaderInfo.data not initialized	com.badlogic.gdx.assets.loaders.TextureLoader$TextureLoaderInfo	data	1921	/home/nima/Desktop/docker/benchmarks/libgdx/gdx/src/com/badlogic/gdx/assets/loaders/TextureLoader.java	FIELD	com.badlogic.gdx.assets.loaders.TextureLoader$TextureLoaderInfo	null	data	null	/home/nima/Desktop/docker/benchmarks/libgdx/gdx/src/com/badlogic/gdx/assets/loaders/TextureLoader.java
ASSIGN_FIELD_NULLABLE	assigning @Nullable expression to @NonNull field	com.badlogic.gdx.assets.loaders.TextureLoader$TextureParameter	texture	3749	/home/nima/Desktop/docker/benchmarks/libgdx/gdx/src/com/badlogic/gdx/assets/loaders/TextureLoader.java	FIELD	com.badlogic.gdx.assets.loaders.TextureLoader$TextureParameter	null	texture	null	/home/nima/Desktop/docker/benchmarks/libgdx/gdx/src/com/badlogic/gdx/assets/loaders/TextureLoader.java
METHOD_NO_INIT	initializer method does not guarantee @NonNull field data (line 108) is initialized along all control-flow paths (remember to check for exceptions or early returns).	com.badlogic.gdx.graphics.Texture	Texture(int,int,com.badlogic.gdx.graphics.TextureData)	5248	/home/nima/Desktop/docker/benchmarks/libgdx/gdx/src/com/badlogic/gdx/graphics/Texture.java	null	null	null	null	null	null
DEREFERENCE_NULLABLE	dereferenced expression managedTextures.get(Gdx.app) is @Nullable	com.badlogic.gdx.graphics.Texture	getNumManagedTextures()	11850	/home/nima/Desktop/docker/benchmarks/libgdx/gdx/src/com/badlogic/gdx/graphics/Texture.java	null	null	null	null	null	null
RETURN_NULLABLE	returning @Nullable expression from method with @NonNull return type	com.badlogic.gdx.graphics.TextureData$Factory	loadFromFile(com.badlogic.gdx.files.FileHandle,com.badlogic.gdx.graphics.Pixmap.Format,boolean)	4381	/home/nima/Desktop/docker/benchmarks/libgdx/gdx/src/com/badlogic/gdx/graphics/TextureData.java	METHOD	com.badlogic.gdx.graphics.TextureData$Factory	loadFromFile(com.badlogic.gdx.files.FileHandle,com.badlogic.gdx.graphics.Pixmap.Format,boolean)	null	null	/home/nima/Desktop/docker/benchmarks/libgdx/gdx/src/com/badlogic/gdx/graphics/TextureData.java
PASS_NULLABLE	passing @Nullable parameter 'resolver' where @NonNull is required	com.badlogic.gdx.assets.loaders.AsynchronousAssetLoader	AsynchronousAssetLoader(com.badlogic.gdx.assets.loaders.FileHandleResolver)	1459	/home/nima/Desktop/docker/benchmarks/libgdx/gdx/src/com/badlogic/gdx/assets/loaders/AsynchronousAssetLoader.java	PARAMETER	com.badlogic.gdx.assets.loaders.AssetLoader	AssetLoader(com.badlogic.gdx.assets.loaders.FileHandleResolver)	resolver	0	/home/nima/Desktop/docker/benchmarks/libgdx/gdx/src/com/badlogic/gdx/assets/loaders/AssetLoader.java
RETURN_NULLABLE	returning @Nullable expression from method with @NonNull return type	com.badlogic.gdx.assets.AssetManager	<T>get(java.lang.String,java.lang.Class<T>,boolean)	7935	/home/nima/Desktop/docker/benchmarks/libgdx/gdx/src/com/badlogic/gdx/assets/AssetManager.java	METHOD	com.badlogic.gdx.assets.AssetManager	<T>get(java.lang.String,java.lang.Class<T>,boolean)	null	null	/home/nima/Desktop/docker/benchmarks/libgdx/gdx/src/com/badlogic/gdx/assets/AssetManager.java
RETURN_NULLABLE	returning @Nullable expression from method with @NonNull return type	com.badlogic.gdx.assets.AssetManager	<T>getAssetFileName(T)	12688	/home/nima/Desktop/docker/benchmarks/libgdx/gdx/src/com/badlogic/gdx/assets/AssetManager.java	METHOD	com.badlogic.gdx.assets.AssetManager	<T>getAssetFileName(T)	null	null	/home/nima/Desktop/docker/benchmarks/libgdx/gdx/src/com/badlogic/gdx/assets/AssetManager.java
FIELD_NO_INIT	@NonNull field AssetManager$RefCountedContainer.object not initialized	com.badlogic.gdx.assets.AssetManager$RefCountedContainer	object	31764	/home/nima/Desktop/docker/benchmarks/libgdx/gdx/src/com/badlogic/gdx/assets/AssetManager.java	FIELD	com.badlogic.gdx.assets.AssetManager$RefCountedContainer	null	object	null	/home/nima/Desktop/docker/benchmarks/libgdx/gdx/src/com/badlogic/gdx/assets/AssetManager.java
ASSIGN_FIELD_NULLABLE	assigning @Nullable expression to @NonNull field	com.badlogic.gdx.assets.AssetDescriptor	AssetDescriptor(java.lang.String,java.lang.Class<T>,com.badlogic.gdx.assets.AssetLoaderParameters<T>)	1756	/home/nima/Desktop/docker/benchmarks/libgdx/gdx/src/com/badlogic/gdx/assets/AssetDescriptor.java	FIELD	com.badlogic.gdx.assets.AssetDescriptor	null	params	null	/home/nima/Desktop/docker/benchmarks/libgdx/gdx/src/com/badlogic/gdx/assets/AssetDescriptor.java
ASSIGN_FIELD_NULLABLE	assigning @Nullable expression to @NonNull field	com.badlogic.gdx.assets.AssetDescriptor	AssetDescriptor(com.badlogic.gdx.files.FileHandle,java.lang.Class<T>,com.badlogic.gdx.assets.AssetLoaderParameters<T>)	2033	/home/nima/Desktop/docker/benchmarks/libgdx/gdx/src/com/badlogic/gdx/assets/AssetDescriptor.java	FIELD	com.badlogic.gdx.assets.AssetDescriptor	null	params	null	/home/nima/Desktop/docker/benchmarks/libgdx/gdx/src/com/badlogic/gdx/assets/AssetDescriptor.java
METHOD_NO_INIT	initializer method does not guarantee @NonNull fields loadFuture (line 47), asset (line 48) are initialized along all control-flow paths (remember to check for exceptions or early returns).	com.badlogic.gdx.assets.AssetLoadingTask	AssetLoadingTask(com.badlogic.gdx.assets.AssetManager,com.badlogic.gdx.assets.AssetDescriptor,com.badlogic.gdx.assets.loaders.AssetLoader,com.badlogic.gdx.utils.async.AsyncExecutor)	2049	/home/nima/Desktop/docker/benchmarks/libgdx/gdx/src/com/badlogic/gdx/assets/AssetLoadingTask.java	null	null	null	null	null	null
ASSIGN_FIELD_NULLABLE	assigning @Nullable expression to @NonNull field	com.badlogic.gdx.assets.AssetLoadingTask	handleAsyncLoader()	5103	/home/nima/Desktop/docker/benchmarks/libgdx/gdx/src/com/badlogic/gdx/assets/AssetLoadingTask.java	FIELD	com.badlogic.gdx.assets.AssetLoadingTask	null	asset	null	/home/nima/Desktop/docker/benchmarks/libgdx/gdx/src/com/badlogic/gdx/assets/AssetLoadingTask.java
ASSIGN_FIELD_NULLABLE	assigning @Nullable expression to @NonNull field	com.badlogic.gdx.assets.AssetLoadingTask	handleAsyncLoader()	5324	/home/nima/Desktop/docker/benchmarks/libgdx/gdx/src/com/badlogic/gdx/assets/AssetLoadingTask.java	FIELD	com.badlogic.gdx.assets.AssetLoadingTask	null	asset	null	/home/nima/Desktop/docker/benchmarks/libgdx/gdx/src/com/badlogic/gdx/assets/AssetLoadingTask.java
ASSIGN_FIELD_NULLABLE	assigning @Nullable expression to @NonNull field	com.badlogic.gdx.assets.AssetLoadingTask	handleAsyncLoader()	5613	/home/nima/Desktop/docker/benchmarks/libgdx/gdx/src/com/badlogic/gdx/assets/AssetLoadingTask.java	FIELD	com.badlogic.gdx.assets.AssetLoadingTask	null	asset	null	/home/nima/Desktop/docker/benchmarks/libgdx/gdx/src/com/badlogic/gdx/assets/AssetLoadingTask.java
METHOD_NO_INIT	initializer method does not guarantee @NonNull fields entries1 (line 66), entries2 (line 66), values1 (line 67), values2 (line 67), keys1 (line 68), keys2 (line 68) are initialized along all control-flow paths (remember to check for exceptions or early returns).	com.badlogic.gdx.utils.ObjectLongMap	ObjectLongMap(int,float)	4112	/home/nima/Desktop/docker/benchmarks/libgdx/gdx/src/com/badlogic/gdx/utils/ObjectLongMap.java	null	null	null	null	null	null
RETURN_NULLABLE	returning @Nullable expression from method with @NonNull return type	com.badlogic.gdx.utils.reflect.Field	getElementType(int)	4173	/home/nima/Desktop/docker/benchmarks/libgdx/gdx/src/com/badlogic/gdx/utils/reflect/Field.java	METHOD	com.badlogic.gdx.utils.reflect.Field	getElementType(int)	null	null	/home/nima/Desktop/docker/benchmarks/libgdx/gdx/src/com/badlogic/gdx/utils/reflect/Field.java
METHOD_NO_INIT	initializer method does not guarantee @NonNull field writer (line 50) is initialized along all control-flow paths (remember to check for exceptions or early returns).	com.badlogic.gdx.utils.Json	Json()	2780	/home/nima/Desktop/docker/benchmarks/libgdx/gdx/src/com/badlogic/gdx/utils/Json.java	null	null	null	null	null	null
METHOD_NO_INIT	initializer method does not guarantee @NonNull field writer (line 50) is initialized along all control-flow paths (remember to check for exceptions or early returns).	com.badlogic.gdx.utils.Json	Json(com.badlogic.gdx.utils.JsonWriter.OutputType)	2837	/home/nima/Desktop/docker/benchmarks/libgdx/gdx/src/com/badlogic/gdx/utils/Json.java	null	null	null	null	null	null
PASS_NULLABLE	passing @Nullable parameter 'knownType' where @NonNull is required	com.badlogic.gdx.utils.Json	toJson(java.lang.Object,java.lang.Class,java.lang.Class,java.io.Writer)	10835	/home/nima/Desktop/docker/benchmarks/libgdx/gdx/src/com/badlogic/gdx/utils/Json.java	PARAMETER	com.badlogic.gdx.utils.Json	writeValue(java.lang.Object,java.lang.Class,java.lang.Class)	knownType	1	/home/nima/Desktop/docker/benchmarks/libgdx/gdx/src/com/badlogic/gdx/utils/Json.java
ASSIGN_FIELD_NULLABLE	assigning @Nullable expression to @NonNull field	com.badlogic.gdx.utils.Json	toJson(java.lang.Object,java.lang.Class,java.lang.Class,java.io.Writer)	10938	/home/nima/Desktop/docker/benchmarks/libgdx/gdx/src/com/badlogic/gdx/utils/Json.java	FIELD	com.badlogic.gdx.utils.Json	null	writer	null	/home/nima/Desktop/docker/benchmarks/libgdx/gdx/src/com/badlogic/gdx/utils/Json.java
PASS_NULLABLE	passing @Nullable parameter 'null' where @NonNull is required	com.badlogic.gdx.utils.Json	writeValue(java.lang.String,java.lang.Object)	16519	/home/nima/Desktop/docker/benchmarks/libgdx/gdx/src/com/badlogic/gdx/utils/Json.java	PARAMETER	com.badlogic.gdx.utils.Json	writeValue(java.lang.Object,java.lang.Class,java.lang.Class)	knownType	1	/home/nima/Desktop/docker/benchmarks/libgdx/gdx/src/com/badlogic/gdx/utils/Json.java
PASS_NULLABLE	passing @Nullable parameter 'knownType' where @NonNull is required	com.badlogic.gdx.utils.Json	writeValue(java.lang.String,java.lang.Object,java.lang.Class)	17090	/home/nima/Desktop/docker/benchmarks/libgdx/gdx/src/com/badlogic/gdx/utils/Json.java	PARAMETER	com.badlogic.gdx.utils.Json	writeValue(java.lang.Object,java.lang.Class,java.lang.Class)	knownType	1	/home/nima/Desktop/docker/benchmarks/libgdx/gdx/src/com/badlogic/gdx/utils/Json.java
PASS_NULLABLE	passing @Nullable parameter 'null' where @NonNull is required	com.badlogic.gdx.utils.Json	writeValue(java.lang.Object)	17923	/home/nima/Desktop/docker/benchmarks/libgdx/gdx/src/com/badlogic/gdx/utils/Json.java	PARAMETER	com.badlogic.gdx.utils.Json	writeValue(java.lang.Object,java.lang.Class,java.lang.Class)	knownType	1	/home/nima/Desktop/docker/benchmarks/libgdx/gdx/src/com/badlogic/gdx/utils/Json.java
PASS_NULLABLE	passing @Nullable parameter 'elementType' where @NonNull is required	com.badlogic.gdx.utils.Json	writeValue(java.lang.Object,java.lang.Class,java.lang.Class)	20419	/home/nima/Desktop/docker/benchmarks/libgdx/gdx/src/com/badlogic/gdx/utils/Json.java	PARAMETER	com.badlogic.gdx.utils.Json	writeValue(java.lang.Object,java.lang.Class,java.lang.Class)	knownType	1	/home/nima/Desktop/docker/benchmarks/libgdx/gdx/src/com/badlogic/gdx/utils/Json.java
PASS_NULLABLE	passing @Nullable parameter 'elementType' where @NonNull is required	com.badlogic.gdx.utils.Json	writeValue(java.lang.Object,java.lang.Class,java.lang.Class)	20907	/home/nima/Desktop/docker/benchmarks/libgdx/gdx/src/com/badlogic/gdx/utils/Json.java	PARAMETER	com.badlogic.gdx.utils.Json	writeValue(java.lang.Object,java.lang.Class,java.lang.Class)	knownType	1	/home/nima/Desktop/docker/benchmarks/libgdx/gdx/src/com/badlogic/gdx/utils/Json.java
PASS_NULLABLE	passing @Nullable parameter 'elementType' where @NonNull is required	com.badlogic.gdx.utils.Json	writeValue(java.lang.Object,java.lang.Class,java.lang.Class)	21265	/home/nima/Desktop/docker/benchmarks/libgdx/gdx/src/com/badlogic/gdx/utils/Json.java	PARAMETER	com.badlogic.gdx.utils.Json	writeValue(java.lang.Object,java.lang.Class,java.lang.Class)	knownType	1	/home/nima/Desktop/docker/benchmarks/libgdx/gdx/src/com/badlogic/gdx/utils/Json.java
PASS_NULLABLE	passing @Nullable parameter 'elementType' where @NonNull is required	com.badlogic.gdx.utils.Json	writeValue(java.lang.Object,java.lang.Class,java.lang.Class)	21433	/home/nima/Desktop/docker/benchmarks/libgdx/gdx/src/com/badlogic/gdx/utils/Json.java	PARAMETER	com.badlogic.gdx.utils.Json	writeValue(java.lang.Object,java.lang.Class,java.lang.Class)	knownType	1	/home/nima/Desktop/docker/benchmarks/libgdx/gdx/src/com/badlogic/gdx/utils/Json.java
PASS_NULLABLE	passing @Nullable parameter 'elementType' where @NonNull is required	com.badlogic.gdx.utils.Json	writeValue(java.lang.Object,java.lang.Class,java.lang.Class)	22120	/home/nima/Desktop/docker/benchmarks/libgdx/gdx/src/com/badlogic/gdx/utils/Json.java	PARAMETER	com.badlogic.gdx.utils.Json	writeValue(java.lang.Object,java.lang.Class,java.lang.Class)	knownType	1	/home/nima/Desktop/docker/benchmarks/libgdx/gdx/src/com/badlogic/gdx/utils/Json.java
PASS_NULLABLE	passing @Nullable parameter 'elementType' where @NonNull is required	com.badlogic.gdx.utils.Json	writeValue(java.lang.Object,java.lang.Class,java.lang.Class)	23158	/home/nima/Desktop/docker/benchmarks/libgdx/gdx/src/com/badlogic/gdx/utils/Json.java	PARAMETER	com.badlogic.gdx.utils.Json	writeValue(java.lang.Object,java.lang.Class,java.lang.Class)	knownType	1	/home/nima/Desktop/docker/benchmarks/libgdx/gdx/src/com/badlogic/gdx/utils/Json.java
PASS_NULLABLE	passing @Nullable parameter 'elementType' where @NonNull is required	com.badlogic.gdx.utils.Json	writeValue(java.lang.Object,java.lang.Class,java.lang.Class)	23500	/home/nima/Desktop/docker/benchmarks/libgdx/gdx/src/com/badlogic/gdx/utils/Json.java	PARAMETER	com.badlogic.gdx.utils.Json	writeValue(java.lang.Object,java.lang.Class,java.lang.Class)	knownType	1	/home/nima/Desktop/docker/benchmarks/libgdx/gdx/src/com/badlogic/gdx/utils/Json.java
PASS_NULLABLE	passing @Nullable parameter 'elementType' where @NonNull is required	com.badlogic.gdx.utils.Json	writeValue(java.lang.Object,java.lang.Class,java.lang.Class)	23837	/home/nima/Desktop/docker/benchmarks/libgdx/gdx/src/com/badlogic/gdx/utils/Json.java	PARAMETER	com.badlogic.gdx.utils.Json	writeValue(java.lang.Object,java.lang.Class,java.lang.Class)	knownType	1	/home/nima/Desktop/docker/benchmarks/libgdx/gdx/src/com/badlogic/gdx/utils/Json.java
PASS_NULLABLE	passing @Nullable parameter 'elementType' where @NonNull is required	com.badlogic.gdx.utils.Json	writeValue(java.lang.Object,java.lang.Class,java.lang.Class)	24566	/home/nima/Desktop/docker/benchmarks/libgdx/gdx/src/com/badlogic/gdx/utils/Json.java	PARAMETER	com.badlogic.gdx.utils.Json	writeValue(java.lang.Object,java.lang.Class,java.lang.Class)	knownType	1	/home/nima/Desktop/docker/benchmarks/libgdx/gdx/src/com/badlogic/gdx/utils/Json.java
PASS_NULLABLE	passing @Nullable parameter 'elementType' where @NonNull is required	com.badlogic.gdx.utils.Json	writeValue(java.lang.Object,java.lang.Class,java.lang.Class)	24903	/home/nima/Desktop/docker/benchmarks/libgdx/gdx/src/com/badlogic/gdx/utils/Json.java	PARAMETER	com.badlogic.gdx.utils.Json	writeValue(java.lang.Object,java.lang.Class,java.lang.Class)	knownType	1	/home/nima/Desktop/docker/benchmarks/libgdx/gdx/src/com/badlogic/gdx/utils/Json.java
RETURN_NULLABLE	returning @Nullable expression from method with @NonNull return type	com.badlogic.gdx.utils.Json	<T>readValue(java.lang.String,java.lang.Class<T>,T,com.badlogic.gdx.utils.JsonValue)	35005	/home/nima/Desktop/docker/benchmarks/libgdx/gdx/src/com/badlogic/gdx/utils/Json.java	METHOD	com.badlogic.gdx.utils.Json	<T>readValue(java.lang.String,java.lang.Class<T>,T,com.badlogic.gdx.utils.JsonValue)	null	null	/home/nima/Desktop/docker/benchmarks/libgdx/gdx/src/com/badlogic/gdx/utils/Json.java
RETURN_NULLABLE	returning @Nullable expression from method with @NonNull return type	com.badlogic.gdx.utils.Json	<T>readValue(java.lang.Class<T>,java.lang.Class,com.badlogic.gdx.utils.JsonValue)	36603	/home/nima/Desktop/docker/benchmarks/libgdx/gdx/src/com/badlogic/gdx/utils/Json.java	METHOD	com.badlogic.gdx.utils.Json	<T>readValue(java.lang.Class<T>,java.lang.Class,com.badlogic.gdx.utils.JsonValue)	null	null	/home/nima/Desktop/docker/benchmarks/libgdx/gdx/src/com/badlogic/gdx/utils/Json.java
RETURN_NULLABLE	returning @Nullable expression from method with @NonNull return type	com.badlogic.gdx.utils.Json	<T>readValue(java.lang.Class<T>,java.lang.Class,com.badlogic.gdx.utils.JsonValue)	44952	/home/nima/Desktop/docker/benchmarks/libgdx/gdx/src/com/badlogic/gdx/utils/Json.java	METHOD	com.badlogic.gdx.utils.Json	<T>readValue(java.lang.Class<T>,java.lang.Class,com.badlogic.gdx.utils.JsonValue)	null	null	/home/nima/Desktop/docker/benchmarks/libgdx/gdx/src/com/badlogic/gdx/utils/Json.java
WRONG_OVERRIDE_PARAM	parameter type is @NonNull, but parameter in superclass method com.badlogic.gdx.utils.Json.Serializer.read(com.badlogic.gdx.utils.Json,com.badlogic.gdx.utils.JsonValue,java.lang.Class) is @Nullable	com.badlogic.gdx.utils.Json$ReadOnlySerializer	read(com.badlogic.gdx.utils.Json,com.badlogic.gdx.utils.JsonValue,java.lang.Class)	48909	/home/nima/Desktop/docker/benchmarks/libgdx/gdx/src/com/badlogic/gdx/utils/Json.java	PARAMETER	com.badlogic.gdx.utils.Json$ReadOnlySerializer	read(com.badlogic.gdx.utils.Json,com.badlogic.gdx.utils.JsonValue,java.lang.Class)	type	2	/home/nima/Desktop/docker/benchmarks/libgdx/gdx/src/com/badlogic/gdx/utils/Json.java
METHOD_NO_INIT	initializer method does not guarantee @NonNull fields entries1 (line 66), entries2 (line 66), values1 (line 67), values2 (line 67), keys1 (line 68), keys2 (line 68) are initialized along all control-flow paths (remember to check for exceptions or early returns).	com.badlogic.gdx.utils.ObjectIntMap	ObjectIntMap(int,float)	4106	/home/nima/Desktop/docker/benchmarks/libgdx/gdx/src/com/badlogic/gdx/utils/ObjectIntMap.java	null	null	null	null	null	null
METHOD_NO_INIT	initializer method does not guarantee @NonNull field tail (line 30) is initialized along all control-flow paths (remember to check for exceptions or early returns).	com.badlogic.gdx.utils.PooledLinkedList	PooledLinkedList(int)	1233	/home/nima/Desktop/docker/benchmarks/libgdx/gdx/src/com/badlogic/gdx/utils/PooledLinkedList.java	null	null	null	null	null	null
FIELD_NO_INIT	@NonNull field PooledLinkedList$Item.payload not initialized	com.badlogic.gdx.utils.PooledLinkedList$Item	payload	962	/home/nima/Desktop/docker/benchmarks/libgdx/gdx/src/com/badlogic/gdx/utils/PooledLinkedList.java	FIELD	com.badlogic.gdx.utils.PooledLinkedList$Item	null	payload	null	/home/nima/Desktop/docker/benchmarks/libgdx/gdx/src/com/badlogic/gdx/utils/PooledLinkedList.java
ASSIGN_FIELD_NULLABLE	assigning @Nullable expression to @NonNull field	com.badlogic.gdx.utils.PooledLinkedList	remove()	3275	/home/nima/Desktop/docker/benchmarks/libgdx/gdx/src/com/badlogic/gdx/utils/PooledLinkedList.java	FIELD	com.badlogic.gdx.utils.PooledLinkedList	null	tail	null	/home/nima/Desktop/docker/benchmarks/libgdx/gdx/src/com/badlogic/gdx/utils/PooledLinkedList.java
DEREFERENCE_NULLABLE	dereferenced expression n is @Nullable	com.badlogic.gdx.utils.PooledLinkedList	remove()	3326	/home/nima/Desktop/docker/benchmarks/libgdx/gdx/src/com/badlogic/gdx/utils/PooledLinkedList.java	null	null	null	null	null	null
DEREFERENCE_NULLABLE	dereferenced expression p is @Nullable	com.badlogic.gdx.utils.PooledLinkedList	remove()	3392	/home/nima/Desktop/docker/benchmarks/libgdx/gdx/src/com/badlogic/gdx/utils/PooledLinkedList.java	null	null	null	null	null	null
DEREFERENCE_NULLABLE	dereferenced expression p is @Nullable	com.badlogic.gdx.utils.PooledLinkedList	remove()	3438	/home/nima/Desktop/docker/benchmarks/libgdx/gdx/src/com/badlogic/gdx/utils/PooledLinkedList.java	null	null	null	null	null	null
DEREFERENCE_NULLABLE	dereferenced expression n is @Nullable	com.badlogic.gdx.utils.PooledLinkedList	remove()	3452	/home/nima/Desktop/docker/benchmarks/libgdx/gdx/src/com/badlogic/gdx/utils/PooledLinkedList.java	null	null	null	null	null	null
ASSIGN_FIELD_NULLABLE	assigning @Nullable expression to @NonNull field	com.badlogic.gdx.utils.PooledLinkedList	removeLast()	3745	/home/nima/Desktop/docker/benchmarks/libgdx/gdx/src/com/badlogic/gdx/utils/PooledLinkedList.java	FIELD	com.badlogic.gdx.utils.PooledLinkedList	null	tail	null	/home/nima/Desktop/docker/benchmarks/libgdx/gdx/src/com/badlogic/gdx/utils/PooledLinkedList.java
ASSIGN_FIELD_NULLABLE	assigning @Nullable expression to @NonNull field	com.badlogic.gdx.utils.PooledLinkedList	removeLast()	3772	/home/nima/Desktop/docker/benchmarks/libgdx/gdx/src/com/badlogic/gdx/utils/PooledLinkedList.java	FIELD	com.badlogic.gdx.utils.PooledLinkedList	null	tail	null	/home/nima/Desktop/docker/benchmarks/libgdx/gdx/src/com/badlogic/gdx/utils/PooledLinkedList.java
METHOD_NO_INIT	initializer method does not guarantee @NonNull fields entries1 (line 69), entries2 (line 69), values1 (line 70), values2 (line 70), keys1 (line 71), keys2 (line 71) are initialized along all control-flow paths (remember to check for exceptions or early returns).	com.badlogic.gdx.utils.IntFloatMap	IntFloatMap(int,float)	4159	/home/nima/Desktop/docker/benchmarks/libgdx/gdx/src/com/badlogic/gdx/utils/IntFloatMap.java	null	null	null	null	null	null
METHOD_NO_INIT	initializer method does not guarantee @NonNull fields iterator1 (line 500), iterator2 (line 500) are initialized along all control-flow paths (remember to check for exceptions or early returns).	com.badlogic.gdx.utils.Queue$QueueIterable	QueueIterable(com.badlogic.gdx.utils.Queue<T>,boolean)	15117	/home/nima/Desktop/docker/benchmarks/libgdx/gdx/src/com/badlogic/gdx/utils/Queue.java	null	null	null	null	null	null
METHOD_NO_INIT	initializer method does not guarantee @NonNull field a (line 38) is initialized along all control-flow paths (remember to check for exceptions or early returns).	com.badlogic.gdx.utils.ComparableTimSort	ComparableTimSort()	3733	/home/nima/Desktop/docker/benchmarks/libgdx/gdx/src/com/badlogic/gdx/utils/ComparableTimSort.java	null	null	null	null	null	null
ASSIGN_FIELD_NULLABLE	assigning @Nullable expression to @NonNull field	com.badlogic.gdx.utils.ComparableTimSort	doSort(java.lang.Object[],int,int)	5157	/home/nima/Desktop/docker/benchmarks/libgdx/gdx/src/com/badlogic/gdx/utils/ComparableTimSort.java	FIELD	com.badlogic.gdx.utils.ComparableTimSort	null	a	null	/home/nima/Desktop/docker/benchmarks/libgdx/gdx/src/com/badlogic/gdx/utils/ComparableTimSort.java
METHOD_NO_INIT	initializer method does not guarantee @NonNull fields entries1 (line 68), entries2 (line 68), values1 (line 69), values2 (line 69), keys1 (line 70), keys2 (line 70) are initialized along all control-flow paths (remember to check for exceptions or early returns).	com.badlogic.gdx.utils.IntIntMap	IntIntMap(int,float)	4121	/home/nima/Desktop/docker/benchmarks/libgdx/gdx/src/com/badlogic/gdx/utils/IntIntMap.java	null	null	null	null	null	null
DEREFERENCE_NULLABLE	dereferenced expression thread is @Nullable	com.badlogic.gdx.utils.Timer	scheduleTask(com.badlogic.gdx.utils.Timer.Task,float,float,int)	3274	/home/nima/Desktop/docker/benchmarks/libgdx/gdx/src/com/badlogic/gdx/utils/Timer.java	null	null	null	null	null	null
FIELD_NO_INIT	@NonNull field _son not initialized	com.badlogic.gdx.utils.compression.lz.BinTree	_son	238	/home/nima/Desktop/docker/benchmarks/libgdx/gdx/src/com/badlogic/gdx/utils/compression/lz/BinTree.java	FIELD	com.badlogic.gdx.utils.compression.lz.BinTree	null	_son	null	/home/nima/Desktop/docker/benchmarks/libgdx/gdx/src/com/badlogic/gdx/utils/compression/lz/BinTree.java
FIELD_NO_INIT	@NonNull field _hash not initialized	com.badlogic.gdx.utils.compression.lz.BinTree	_hash	251	/home/nima/Desktop/docker/benchmarks/libgdx/gdx/src/com/badlogic/gdx/utils/compression/lz/BinTree.java	FIELD	com.badlogic.gdx.utils.compression.lz.BinTree	null	_hash	null	/home/nima/Desktop/docker/benchmarks/libgdx/gdx/src/com/badlogic/gdx/utils/compression/lz/BinTree.java
FIELD_NO_INIT	@NonNull field _bufferBase not initialized	com.badlogic.gdx.utils.compression.lz.InWindow	_bufferBase	152	/home/nima/Desktop/docker/benchmarks/libgdx/gdx/src/com/badlogic/gdx/utils/compression/lz/InWindow.java	FIELD	com.badlogic.gdx.utils.compression.lz.InWindow	null	_bufferBase	null	/home/nima/Desktop/docker/benchmarks/libgdx/gdx/src/com/badlogic/gdx/utils/compression/lz/InWindow.java
ASSIGN_FIELD_NULLABLE	assigning @Nullable expression to @NonNull field	com.badlogic.gdx.utils.compression.lz.InWindow	Free()	1919	/home/nima/Desktop/docker/benchmarks/libgdx/gdx/src/com/badlogic/gdx/utils/compression/lz/InWindow.java	FIELD	com.badlogic.gdx.utils.compression.lz.InWindow	null	_bufferBase	null	/home/nima/Desktop/docker/benchmarks/libgdx/gdx/src/com/badlogic/gdx/utils/compression/lz/InWindow.java
FIELD_NO_INIT	@NonNull field _buffer not initialized	com.badlogic.gdx.utils.compression.lz.OutWindow	_buffer	154	/home/nima/Desktop/docker/benchmarks/libgdx/gdx/src/com/badlogic/gdx/utils/compression/lz/OutWindow.java	FIELD	com.badlogic.gdx.utils.compression.lz.OutWindow	null	_buffer	null	/home/nima/Desktop/docker/benchmarks/libgdx/gdx/src/com/badlogic/gdx/utils/compression/lz/OutWindow.java
DEREFERENCE_NULLABLE	dereferenced expression _stream is @Nullable	com.badlogic.gdx.utils.compression.lz.OutWindow	Flush()	842	/home/nima/Desktop/docker/benchmarks/libgdx/gdx/src/com/badlogic/gdx/utils/compression/lz/OutWindow.java	null	null	null	null	null	null
FIELD_NO_INIT	@NonNull field Stream not initialized	com.badlogic.gdx.utils.compression.rangecoder.Decoder	Stream	1121	/home/nima/Desktop/docker/benchmarks/libgdx/gdx/src/com/badlogic/gdx/utils/compression/rangecoder/Decoder.java	FIELD	com.badlogic.gdx.utils.compression.rangecoder.Decoder	null	Stream	null	/home/nima/Desktop/docker/benchmarks/libgdx/gdx/src/com/badlogic/gdx/utils/compression/rangecoder/Decoder.java
ASSIGN_FIELD_NULLABLE	assigning @Nullable expression to @NonNull field	com.badlogic.gdx.utils.compression.rangecoder.Decoder	ReleaseStream()	1273	/home/nima/Desktop/docker/benchmarks/libgdx/gdx/src/com/badlogic/gdx/utils/compression/rangecoder/Decoder.java	FIELD	com.badlogic.gdx.utils.compression.rangecoder.Decoder	null	Stream	null	/home/nima/Desktop/docker/benchmarks/libgdx/gdx/src/com/badlogic/gdx/utils/compression/rangecoder/Decoder.java
FIELD_NO_INIT	@NonNull field Decoder$LiteralDecoder.m_Coders not initialized	com.badlogic.gdx.utils.compression.lzma.Decoder$LiteralDecoder	m_Coders	3390	/home/nima/Desktop/docker/benchmarks/libgdx/gdx/src/com/badlogic/gdx/utils/compression/lzma/Decoder.java	FIELD	com.badlogic.gdx.utils.compression.lzma.Decoder$LiteralDecoder	null	m_Coders	null	/home/nima/Desktop/docker/benchmarks/libgdx/gdx/src/com/badlogic/gdx/utils/compression/lzma/Decoder.java
FIELD_NO_INIT	@NonNull field Encoder$LiteralEncoder.m_Coders not initialized	com.badlogic.gdx.utils.compression.lzma.Encoder$LiteralEncoder	m_Coders	4012	/home/nima/Desktop/docker/benchmarks/libgdx/gdx/src/com/badlogic/gdx/utils/compression/lzma/Encoder.java	FIELD	com.badlogic.gdx.utils.compression.lzma.Encoder$LiteralEncoder	null	m_Coders	null	/home/nima/Desktop/docker/benchmarks/libgdx/gdx/src/com/badlogic/gdx/utils/compression/lzma/Encoder.java
ASSIGN_FIELD_NULLABLE	assigning @Nullable expression to @NonNull field	com.badlogic.gdx.utils.compression.lzma.Encoder	_matchFinder	8906	/home/nima/Desktop/docker/benchmarks/libgdx/gdx/src/com/badlogic/gdx/utils/compression/lzma/Encoder.java	FIELD	com.badlogic.gdx.utils.compression.lzma.Encoder	null	_matchFinder	null	/home/nima/Desktop/docker/benchmarks/libgdx/gdx/src/com/badlogic/gdx/utils/compression/lzma/Encoder.java
ASSIGN_FIELD_NULLABLE	assigning @Nullable expression to @NonNull field	com.badlogic.gdx.utils.compression.lzma.Encoder	SetMatchFinder(int)	41312	/home/nima/Desktop/docker/benchmarks/libgdx/gdx/src/com/badlogic/gdx/utils/compression/lzma/Encoder.java	FIELD	com.badlogic.gdx.utils.compression.lzma.Encoder	null	_matchFinder	null	/home/nima/Desktop/docker/benchmarks/libgdx/gdx/src/com/badlogic/gdx/utils/compression/lzma/Encoder.java
METHOD_NO_INIT	initializer method does not guarantee @NonNull field properties (line 83) is initialized along all control-flow paths (remember to check for exceptions or early returns).	com.badlogic.gdx.utils.I18NBundle	setLocale(java.util.Locale)	18861	/home/nima/Desktop/docker/benchmarks/libgdx/gdx/src/com/badlogic/gdx/utils/I18NBundle.java	null	null	null	null	null	null
RETURN_NULLABLE	returning @Nullable expression from method with @NonNull return type	com.badlogic.gdx.utils.XmlReader	parse(char[],int,int)	9178	/home/nima/Desktop/docker/benchmarks/libgdx/gdx/src/com/badlogic/gdx/utils/XmlReader.java	METHOD	com.badlogic.gdx.utils.XmlReader	parse(char[],int,int)	null	null	/home/nima/Desktop/docker/benchmarks/libgdx/gdx/src/com/badlogic/gdx/utils/XmlReader.java
DEREFERENCE_NULLABLE	dereferenced expression current is @Nullable	com.badlogic.gdx.utils.XmlReader	attribute(java.lang.String,java.lang.String)	13109	/home/nima/Desktop/docker/benchmarks/libgdx/gdx/src/com/badlogic/gdx/utils/XmlReader.java	null	null	null	null	null	null
METHOD_NO_INIT	initializer method does not guarantee @NonNull fields attributes (line 465), text (line 467), parent (line 468) are initialized along all control-flow paths (remember to check for exceptions or early returns).	com.badlogic.gdx.utils.XmlReader$Element	Element(java.lang.String,com.badlogic.gdx.utils.XmlReader.Element)	14018	/home/nima/Desktop/docker/benchmarks/libgdx/gdx/src/com/badlogic/gdx/utils/XmlReader.java	null	null	null	null	null	null
ASSIGN_FIELD_NULLABLE	assigning @Nullable expression to @NonNull field	com.badlogic.gdx.utils.XmlReader$Element	Element(java.lang.String,com.badlogic.gdx.utils.XmlReader.Element)	14099	/home/nima/Desktop/docker/benchmarks/libgdx/gdx/src/com/badlogic/gdx/utils/XmlReader.java	FIELD	com.badlogic.gdx.utils.XmlReader$Element	null	parent	null	/home/nima/Desktop/docker/benchmarks/libgdx/gdx/src/com/badlogic/gdx/utils/XmlReader.java
RETURN_NULLABLE	returning @Nullable expression from method with @NonNull return type	com.badlogic.gdx.utils.XmlReader$Element	getAttribute(java.lang.String,java.lang.String)	14769	/home/nima/Desktop/docker/benchmarks/libgdx/gdx/src/com/badlogic/gdx/utils/XmlReader.java	METHOD	com.badlogic.gdx.utils.XmlReader$Element	getAttribute(java.lang.String,java.lang.String)	null	null	/home/nima/Desktop/docker/benchmarks/libgdx/gdx/src/com/badlogic/gdx/utils/XmlReader.java
RETURN_NULLABLE	returning @Nullable expression from method with @NonNull return type	com.badlogic.gdx.utils.XmlReader$Element	getAttribute(java.lang.String,java.lang.String)	14852	/home/nima/Desktop/docker/benchmarks/libgdx/gdx/src/com/badlogic/gdx/utils/XmlReader.java	METHOD	com.badlogic.gdx.utils.XmlReader$Element	getAttribute(java.lang.String,java.lang.String)	null	null	/home/nima/Desktop/docker/benchmarks/libgdx/gdx/src/com/badlogic/gdx/utils/XmlReader.java
PASS_NULLABLE	passing @Nullable parameter 'name' where @NonNull is required	com.badlogic.gdx.utils.XmlReader$Element	setAttribute(java.lang.String,java.lang.String)	15165	/home/nima/Desktop/docker/benchmarks/libgdx/gdx/src/com/badlogic/gdx/utils/XmlReader.java	PARAMETER	com.badlogic.gdx.utils.ObjectMap	put(K,V)	key	0	/home/nima/Desktop/docker/benchmarks/libgdx/gdx/src/com/badlogic/gdx/utils/ObjectMap.java
ASSIGN_FIELD_NULLABLE	assigning @Nullable expression to @NonNull field	com.badlogic.gdx.utils.XmlReader$Element	setText(java.lang.String)	15758	/home/nima/Desktop/docker/benchmarks/libgdx/gdx/src/com/badlogic/gdx/utils/XmlReader.java	FIELD	com.badlogic.gdx.utils.XmlReader$Element	null	text	null	/home/nima/Desktop/docker/benchmarks/libgdx/gdx/src/com/badlogic/gdx/utils/XmlReader.java
RETURN_NULLABLE	returning @Nullable expression from method with @NonNull return type	com.badlogic.gdx.utils.XmlReader$Element	getChildByName(java.lang.String)	17388	/home/nima/Desktop/docker/benchmarks/libgdx/gdx/src/com/badlogic/gdx/utils/XmlReader.java	METHOD	com.badlogic.gdx.utils.XmlReader$Element	getChildByName(java.lang.String)	null	null	/home/nima/Desktop/docker/benchmarks/libgdx/gdx/src/com/badlogic/gdx/utils/XmlReader.java
RETURN_NULLABLE	returning @Nullable expression from method with @NonNull return type	com.badlogic.gdx.utils.XmlReader$Element	getChildByName(java.lang.String)	17544	/home/nima/Desktop/docker/benchmarks/libgdx/gdx/src/com/badlogic/gdx/utils/XmlReader.java	METHOD	com.badlogic.gdx.utils.XmlReader$Element	getChildByName(java.lang.String)	null	null	/home/nima/Desktop/docker/benchmarks/libgdx/gdx/src/com/badlogic/gdx/utils/XmlReader.java
FIELD_NO_INIT	@NonNull static field app not initialized	com.badlogic.gdx.Gdx	app	1348	/home/nima/Desktop/docker/benchmarks/libgdx/gdx/src/com/badlogic/gdx/Gdx.java	FIELD	com.badlogic.gdx.Gdx	null	app	null	/home/nima/Desktop/docker/benchmarks/libgdx/gdx/src/com/badlogic/gdx/Gdx.java
FIELD_NO_INIT	@NonNull static field graphics not initialized	com.badlogic.gdx.Gdx	graphics	1380	/home/nima/Desktop/docker/benchmarks/libgdx/gdx/src/com/badlogic/gdx/Gdx.java	FIELD	com.badlogic.gdx.Gdx	null	graphics	null	/home/nima/Desktop/docker/benchmarks/libgdx/gdx/src/com/badlogic/gdx/Gdx.java
FIELD_NO_INIT	@NonNull static field audio not initialized	com.badlogic.gdx.Gdx	audio	1414	/home/nima/Desktop/docker/benchmarks/libgdx/gdx/src/com/badlogic/gdx/Gdx.java	FIELD	com.badlogic.gdx.Gdx	null	audio	null	/home/nima/Desktop/docker/benchmarks/libgdx/gdx/src/com/badlogic/gdx/Gdx.java
FIELD_NO_INIT	@NonNull static field input not initialized	com.badlogic.gdx.Gdx	input	1442	/home/nima/Desktop/docker/benchmarks/libgdx/gdx/src/com/badlogic/gdx/Gdx.java	FIELD	com.badlogic.gdx.Gdx	null	input	null	/home/nima/Desktop/docker/benchmarks/libgdx/gdx/src/com/badlogic/gdx/Gdx.java
FIELD_NO_INIT	@NonNull static field files not initialized	com.badlogic.gdx.Gdx	files	1470	/home/nima/Desktop/docker/benchmarks/libgdx/gdx/src/com/badlogic/gdx/Gdx.java	FIELD	com.badlogic.gdx.Gdx	null	files	null	/home/nima/Desktop/docker/benchmarks/libgdx/gdx/src/com/badlogic/gdx/Gdx.java
FIELD_NO_INIT	@NonNull static field gl not initialized	com.badlogic.gdx.Gdx	gl	1533	/home/nima/Desktop/docker/benchmarks/libgdx/gdx/src/com/badlogic/gdx/Gdx.java	FIELD	com.badlogic.gdx.Gdx	null	gl	null	/home/nima/Desktop/docker/benchmarks/libgdx/gdx/src/com/badlogic/gdx/Gdx.java
FIELD_NO_INIT	@NonNull static field gl20 not initialized	com.badlogic.gdx.Gdx	gl20	1557	/home/nima/Desktop/docker/benchmarks/libgdx/gdx/src/com/badlogic/gdx/Gdx.java	FIELD	com.badlogic.gdx.Gdx	null	gl20	null	/home/nima/Desktop/docker/benchmarks/libgdx/gdx/src/com/badlogic/gdx/Gdx.java
FIELD_NO_INIT	@NonNull static field gl30 not initialized	com.badlogic.gdx.Gdx	gl30	1583	/home/nima/Desktop/docker/benchmarks/libgdx/gdx/src/com/badlogic/gdx/Gdx.java	FIELD	com.badlogic.gdx.Gdx	null	gl30	null	/home/nima/Desktop/docker/benchmarks/libgdx/gdx/src/com/badlogic/gdx/Gdx.java
METHOD_NO_INIT	initializer method does not guarantee @NonNull field out (line 32) is initialized along all control-flow paths (remember to check for exceptions or early returns).	com.badlogic.gdx.input.RemoteSender	RemoteSender(java.lang.String,int)	1699	/home/nima/Desktop/docker/benchmarks/libgdx/gdx/src/com/badlogic/gdx/input/RemoteSender.java	null	null	null	null	null	null
ASSIGN_FIELD_NULLABLE	assigning @Nullable expression to @NonNull field	com.badlogic.gdx.input.RemoteSender	sendUpdate()	2878	/home/nima/Desktop/docker/benchmarks/libgdx/gdx/src/com/badlogic/gdx/input/RemoteSender.java	FIELD	com.badlogic.gdx.input.RemoteSender	null	out	null	/home/nima/Desktop/docker/benchmarks/libgdx/gdx/src/com/badlogic/gdx/input/RemoteSender.java
PASS_NULLABLE	passing @Nullable parameter 'null' where @NonNull is required	com.badlogic.gdx.input.RemoteInput	RemoteInput(int)	6710	/home/nima/Desktop/docker/benchmarks/libgdx/gdx/src/com/badlogic/gdx/input/RemoteInput.java	PARAMETER	com.badlogic.gdx.input.RemoteInput	RemoteInput(int,com.badlogic.gdx.input.RemoteInput.RemoteInputListener)	listener	1	/home/nima/Desktop/docker/benchmarks/libgdx/gdx/src/com/badlogic/gdx/input/RemoteInput.java
PASS_NULLABLE	passing @Nullable parameter 'touchEvent' where @NonNull is required	com.badlogic.gdx.input.RemoteInput	run()	10060	/home/nima/Desktop/docker/benchmarks/libgdx/gdx/src/com/badlogic/gdx/input/RemoteInput.java	PARAMETER	com.badlogic.gdx.input.RemoteInput$EventTrigger	EventTrigger(com.badlogic.gdx.input.RemoteInput.TouchEvent,com.badlogic.gdx.input.RemoteInput.KeyEvent)	touchEvent	0	/home/nima/Desktop/docker/benchmarks/libgdx/gdx/src/com/badlogic/gdx/input/RemoteInput.java
PASS_NULLABLE	passing @Nullable parameter 'keyEvent' where @NonNull is required	com.badlogic.gdx.input.RemoteInput	run()	10060	/home/nima/Desktop/docker/benchmarks/libgdx/gdx/src/com/badlogic/gdx/input/RemoteInput.java	PARAMETER	com.badlogic.gdx.input.RemoteInput$EventTrigger	EventTrigger(com.badlogic.gdx.input.RemoteInput.TouchEvent,com.badlogic.gdx.input.RemoteInput.KeyEvent)	keyEvent	1	/home/nima/Desktop/docker/benchmarks/libgdx/gdx/src/com/badlogic/gdx/input/RemoteInput.java
PASS_NULLABLE	passing @Nullable parameter 'null' where @NonNull is required	com.badlogic.gdx.assets.loaders.ModelLoader	loadModelData(com.badlogic.gdx.files.FileHandle)	2194	/home/nima/Desktop/docker/benchmarks/libgdx/gdx/src/com/badlogic/gdx/assets/loaders/ModelLoader.java	PARAMETER	com.badlogic.gdx.assets.loaders.ModelLoader	loadModelData(com.badlogic.gdx.files.FileHandle,P)	parameters	1	/home/nima/Desktop/docker/benchmarks/libgdx/gdx/src/com/badlogic/gdx/assets/loaders/ModelLoader.java
PASS_NULLABLE	passing @Nullable parameter 'parameters' where @NonNull is required	com.badlogic.gdx.assets.loaders.ModelLoader	loadModel(com.badlogic.gdx.files.FileHandle,com.badlogic.gdx.graphics.g3d.utils.TextureProvider,P)	2483	/home/nima/Desktop/docker/benchmarks/libgdx/gdx/src/com/badlogic/gdx/assets/loaders/ModelLoader.java	PARAMETER	com.badlogic.gdx.assets.loaders.ModelLoader	loadModelData(com.badlogic.gdx.files.FileHandle,P)	parameters	1	/home/nima/Desktop/docker/benchmarks/libgdx/gdx/src/com/badlogic/gdx/assets/loaders/ModelLoader.java
RETURN_NULLABLE	returning @Nullable expression from method with @NonNull return type	com.badlogic.gdx.assets.loaders.ModelLoader	loadModel(com.badlogic.gdx.files.FileHandle,com.badlogic.gdx.graphics.g3d.utils.TextureProvider,P)	2524	/home/nima/Desktop/docker/benchmarks/libgdx/gdx/src/com/badlogic/gdx/assets/loaders/ModelLoader.java	METHOD	com.badlogic.gdx.assets.loaders.ModelLoader	loadModel(com.badlogic.gdx.files.FileHandle,com.badlogic.gdx.graphics.g3d.utils.TextureProvider,P)	null	null	/home/nima/Desktop/docker/benchmarks/libgdx/gdx/src/com/badlogic/gdx/assets/loaders/ModelLoader.java
ASSIGN_FIELD_NULLABLE	assigning @Nullable expression to @NonNull field	com.badlogic.gdx.graphics.g3d.Model	loadAnimations(java.lang.Iterable<com.badlogic.gdx.graphics.g3d.model.data.ModelAnimation>)	6149	/home/nima/Desktop/docker/benchmarks/libgdx/gdx/src/com/badlogic/gdx/graphics/g3d/Model.java	FIELD	com.badlogic.gdx.graphics.g3d.model.Animation	null	id	null	/home/nima/Desktop/docker/benchmarks/libgdx/gdx/src/com/badlogic/gdx/graphics/g3d/model/Animation.java
ASSIGN_FIELD_NULLABLE	assigning @Nullable expression to @NonNull field	com.badlogic.gdx.graphics.g3d.Model	loadNode(com.badlogic.gdx.graphics.g3d.model.data.ModelNode)	8831	/home/nima/Desktop/docker/benchmarks/libgdx/gdx/src/com/badlogic/gdx/graphics/g3d/Model.java	FIELD	com.badlogic.gdx.graphics.g3d.model.Node	null	id	null	/home/nima/Desktop/docker/benchmarks/libgdx/gdx/src/com/badlogic/gdx/graphics/g3d/model/Node.java
DEREFERENCE_NULLABLE	dereferenced expression modelMesh.vertices is @Nullable	com.badlogic.gdx.graphics.g3d.Model	convertMesh(com.badlogic.gdx.graphics.g3d.model.data.ModelMesh)	10610	/home/nima/Desktop/docker/benchmarks/libgdx/gdx/src/com/badlogic/gdx/graphics/g3d/Model.java	null	null	null	null	null	null
FIELD_NO_INIT	@NonNull field parts not initialized	com.badlogic.gdx.graphics.g3d.model.data.ModelMesh	parts	1033	/home/nima/Desktop/docker/benchmarks/libgdx/gdx/src/com/badlogic/gdx/graphics/g3d/model/data/ModelMesh.java	FIELD	com.badlogic.gdx.graphics.g3d.model.data.ModelMesh	null	parts	null	/home/nima/Desktop/docker/benchmarks/libgdx/gdx/src/com/badlogic/gdx/graphics/g3d/model/data/ModelMesh.java
FIELD_NO_INIT	@NonNull field id not initialized	com.badlogic.gdx.graphics.g3d.model.data.ModelMaterial	id	1000	/home/nima/Desktop/docker/benchmarks/libgdx/gdx/src/com/badlogic/gdx/graphics/g3d/model/data/ModelMaterial.java	FIELD	com.badlogic.gdx.graphics.g3d.model.data.ModelMaterial	null	id	null	/home/nima/Desktop/docker/benchmarks/libgdx/gdx/src/com/badlogic/gdx/graphics/g3d/model/data/ModelMaterial.java
FIELD_NO_INIT	@NonNull field fileName not initialized	com.badlogic.gdx.graphics.g3d.model.data.ModelTexture	fileName	1431	/home/nima/Desktop/docker/benchmarks/libgdx/gdx/src/com/badlogic/gdx/graphics/g3d/model/data/ModelTexture.java	FIELD	com.badlogic.gdx.graphics.g3d.model.data.ModelTexture	null	fileName	null	/home/nima/Desktop/docker/benchmarks/libgdx/gdx/src/com/badlogic/gdx/graphics/g3d/model/data/ModelTexture.java
DEREFERENCE_NULLABLE	dereferenced expression attributes is @Nullable	com.badlogic.gdx.graphics.VertexAttributes	VertexAttributes(com.badlogic.gdx.graphics.VertexAttribute...)	2349	/home/nima/Desktop/docker/benchmarks/libgdx/gdx/src/com/badlogic/gdx/graphics/VertexAttributes.java	null	null	null	null	null	null
RETURN_NULLABLE	returning @Nullable expression from method with @NonNull return type	com.badlogic.gdx.graphics.VertexAttributes	findByUsage(int)	3467	/home/nima/Desktop/docker/benchmarks/libgdx/gdx/src/com/badlogic/gdx/graphics/VertexAttributes.java	METHOD	com.badlogic.gdx.graphics.VertexAttributes	findByUsage(int)	null	null	/home/nima/Desktop/docker/benchmarks/libgdx/gdx/src/com/badlogic/gdx/graphics/VertexAttributes.java
METHOD_NO_INIT	initializer method does not guarantee @NonNull fields iterator1 (line 238), iterator2 (line 238) are initialized along all control-flow paths (remember to check for exceptions or early returns).	com.badlogic.gdx.graphics.VertexAttributes$ReadonlyIterable	ReadonlyIterable(T[])	7752	/home/nima/Desktop/docker/benchmarks/libgdx/gdx/src/com/badlogic/gdx/graphics/VertexAttributes.java	null	null	null	null	null	null
FIELD_NO_INIT	@NonNull field indices not initialized	com.badlogic.gdx.graphics.g3d.model.data.ModelMeshPart	indices	902	/home/nima/Desktop/docker/benchmarks/libgdx/gdx/src/com/badlogic/gdx/graphics/g3d/model/data/ModelMeshPart.java	FIELD	com.badlogic.gdx.graphics.g3d.model.data.ModelMeshPart	null	indices	null	/home/nima/Desktop/docker/benchmarks/libgdx/gdx/src/com/badlogic/gdx/graphics/g3d/model/data/ModelMeshPart.java
RETURN_NULLABLE	returning @Nullable expression from method with @NonNull return type	com.badlogic.gdx.graphics.g3d.Attributes	get(long)	1769	/home/nima/Desktop/docker/benchmarks/libgdx/gdx/src/com/badlogic/gdx/graphics/g3d/Attributes.java	METHOD	com.badlogic.gdx.graphics.g3d.Attributes	get(long)	null	null	/home/nima/Desktop/docker/benchmarks/libgdx/gdx/src/com/badlogic/gdx/graphics/g3d/Attributes.java
FIELD_NO_INIT	@NonNull field id not initialized	com.badlogic.gdx.graphics.g3d.model.Node	id	1534	/home/nima/Desktop/docker/benchmarks/libgdx/gdx/src/com/badlogic/gdx/graphics/g3d/model/Node.java	FIELD	com.badlogic.gdx.graphics.g3d.model.Node	null	id	null	/home/nima/Desktop/docker/benchmarks/libgdx/gdx/src/com/badlogic/gdx/graphics/g3d/model/Node.java
RETURN_NULLABLE	returning @Nullable expression from method with @NonNull return type	com.badlogic.gdx.graphics.g3d.model.Node	getNode(com.badlogic.gdx.utils.Array<com.badlogic.gdx.graphics.g3d.model.Node>,java.lang.String,boolean,boolean)	13521	/home/nima/Desktop/docker/benchmarks/libgdx/gdx/src/com/badlogic/gdx/graphics/g3d/model/Node.java	METHOD	com.badlogic.gdx.graphics.g3d.model.Node	getNode(com.badlogic.gdx.utils.Array<com.badlogic.gdx.graphics.g3d.model.Node>,java.lang.String,boolean,boolean)	null	null	/home/nima/Desktop/docker/benchmarks/libgdx/gdx/src/com/badlogic/gdx/graphics/g3d/model/Node.java
FIELD_NO_INIT	@NonNull field id not initialized	com.badlogic.gdx.graphics.g3d.model.Animation	id	1325	/home/nima/Desktop/docker/benchmarks/libgdx/gdx/src/com/badlogic/gdx/graphics/g3d/model/Animation.java	FIELD	com.badlogic.gdx.graphics.g3d.model.Animation	null	id	null	/home/nima/Desktop/docker/benchmarks/libgdx/gdx/src/com/badlogic/gdx/graphics/g3d/model/Animation.java
DEREFERENCE_NULLABLE	dereferenced expression instances is @Nullable	com.badlogic.gdx.graphics.Mesh	disableInstancedRendering()	9785	/home/nima/Desktop/docker/benchmarks/libgdx/gdx/src/com/badlogic/gdx/graphics/Mesh.java	null	null	null	null	null	null
DEREFERENCE_NULLABLE	dereferenced expression this.instances is @Nullable	com.badlogic.gdx.graphics.Mesh	updateInstanceData(int,float[],int,int)	12763	/home/nima/Desktop/docker/benchmarks/libgdx/gdx/src/com/badlogic/gdx/graphics/Mesh.java	null	null	null	null	null	null
DEREFERENCE_NULLABLE	dereferenced expression this.instances is @Nullable	com.badlogic.gdx.graphics.Mesh	updateInstanceData(int,java.nio.FloatBuffer,int,int)	13684	/home/nima/Desktop/docker/benchmarks/libgdx/gdx/src/com/badlogic/gdx/graphics/Mesh.java	null	null	null	null	null	null
PASS_NULLABLE	passing @Nullable parameter 'null' where @NonNull is required	com.badlogic.gdx.graphics.Mesh	bind(com.badlogic.gdx.graphics.glutils.ShaderProgram)	22270	/home/nima/Desktop/docker/benchmarks/libgdx/gdx/src/com/badlogic/gdx/graphics/Mesh.java	PARAMETER	com.badlogic.gdx.graphics.Mesh	bind(com.badlogic.gdx.graphics.glutils.ShaderProgram,int[])	locations	1	/home/nima/Desktop/docker/benchmarks/libgdx/gdx/src/com/badlogic/gdx/graphics/Mesh.java
PASS_NULLABLE	passing @Nullable parameter 'null' where @NonNull is required	com.badlogic.gdx.graphics.Mesh	unbind(com.badlogic.gdx.graphics.glutils.ShaderProgram)	23140	/home/nima/Desktop/docker/benchmarks/libgdx/gdx/src/com/badlogic/gdx/graphics/Mesh.java	PARAMETER	com.badlogic.gdx.graphics.Mesh	unbind(com.badlogic.gdx.graphics.glutils.ShaderProgram,int[])	locations	1	/home/nima/Desktop/docker/benchmarks/libgdx/gdx/src/com/badlogic/gdx/graphics/Mesh.java
DEREFERENCE_NULLABLE	dereferenced expression instances is @Nullable	com.badlogic.gdx.graphics.Mesh	render(com.badlogic.gdx.graphics.glutils.ShaderProgram,int,int,int,boolean)	27716	/home/nima/Desktop/docker/benchmarks/libgdx/gdx/src/com/badlogic/gdx/graphics/Mesh.java	null	null	null	null	null	null
RETURN_NULLABLE	returning @Nullable expression from method with @NonNull return type	com.badlogic.gdx.graphics.Mesh	getVertexAttribute(int)	29259	/home/nima/Desktop/docker/benchmarks/libgdx/gdx/src/com/badlogic/gdx/graphics/Mesh.java	METHOD	com.badlogic.gdx.graphics.Mesh	getVertexAttribute(int)	null	null	/home/nima/Desktop/docker/benchmarks/libgdx/gdx/src/com/badlogic/gdx/graphics/Mesh.java
METHOD_NO_INIT	initializer method does not guarantee @NonNull field mesh (line 60) is initialized along all control-flow paths (remember to check for exceptions or early returns).	com.badlogic.gdx.graphics.g3d.model.MeshPart	MeshPart()	4451	/home/nima/Desktop/docker/benchmarks/libgdx/gdx/src/com/badlogic/gdx/graphics/g3d/model/MeshPart.java	null	null	null	null	null	null
METHOD_NO_INIT	initializer method does not guarantee @NonNull field mesh (line 60) is initialized along all control-flow paths (remember to check for exceptions or early returns).	com.badlogic.gdx.graphics.g3d.model.MeshPart	MeshPart(java.lang.String,com.badlogic.gdx.graphics.Mesh,int,int,int)	4888	/home/nima/Desktop/docker/benchmarks/libgdx/gdx/src/com/badlogic/gdx/graphics/g3d/model/MeshPart.java	null	null	null	null	null	null
METHOD_NO_INIT	initializer method does not guarantee @NonNull field mesh (line 60) is initialized along all control-flow paths (remember to check for exceptions or early returns).	com.badlogic.gdx.graphics.g3d.model.MeshPart	MeshPart(com.badlogic.gdx.graphics.g3d.model.MeshPart)	5157	/home/nima/Desktop/docker/benchmarks/libgdx/gdx/src/com/badlogic/gdx/graphics/g3d/model/MeshPart.java	null	null	null	null	null	null
ASSIGN_FIELD_NULLABLE	assigning @Nullable expression to @NonNull field	com.badlogic.gdx.graphics.g3d.model.MeshPart	set(java.lang.String,com.badlogic.gdx.graphics.Mesh,int,int,int)	5974	/home/nima/Desktop/docker/benchmarks/libgdx/gdx/src/com/badlogic/gdx/graphics/g3d/model/MeshPart.java	FIELD	com.badlogic.gdx.graphics.g3d.model.MeshPart	null	mesh	null	/home/nima/Desktop/docker/benchmarks/libgdx/gdx/src/com/badlogic/gdx/graphics/g3d/model/MeshPart.java
METHOD_NO_INIT	initializer method does not guarantee @NonNull fields meshPart (line 32), material (line 34) are initialized along all control-flow paths (remember to check for exceptions or early returns).	com.badlogic.gdx.graphics.g3d.model.NodePart	NodePart()	2374	/home/nima/Desktop/docker/benchmarks/libgdx/gdx/src/com/badlogic/gdx/graphics/g3d/model/NodePart.java	null	null	null	null	null	null
METHOD_NO_INIT	initializer method does not guarantee @NonNull fields minFilter (line 25), magFilter (line 26), uWrap (line 27), vWrap (line 28) are initialized along all control-flow paths (remember to check for exceptions or early returns).	com.badlogic.gdx.graphics.g3d.utils.TextureDescriptor	TextureDescriptor(T,com.badlogic.gdx.graphics.Texture.TextureFilter,com.badlogic.gdx.graphics.Texture.TextureFilter,com.badlogic.gdx.graphics.Texture.TextureWrap,com.badlogic.gdx.graphics.Texture.TextureWrap)	1295	/home/nima/Desktop/docker/benchmarks/libgdx/gdx/src/com/badlogic/gdx/graphics/g3d/utils/TextureDescriptor.java	null	null	null	null	null	null
METHOD_NO_INIT	initializer method does not guarantee @NonNull fields minFilter (line 25), magFilter (line 26), uWrap (line 27), vWrap (line 28) are initialized along all control-flow paths (remember to check for exceptions or early returns).	com.badlogic.gdx.graphics.g3d.utils.TextureDescriptor	TextureDescriptor()	1674	/home/nima/Desktop/docker/benchmarks/libgdx/gdx/src/com/badlogic/gdx/graphics/g3d/utils/TextureDescriptor.java	null	null	null	null	null	null
ASSIGN_FIELD_NULLABLE	assigning @Nullable expression to @NonNull field	com.badlogic.gdx.graphics.g3d.utils.TextureDescriptor	texture	1024	/home/nima/Desktop/docker/benchmarks/libgdx/gdx/src/com/badlogic/gdx/graphics/g3d/utils/TextureDescriptor.java	FIELD	com.badlogic.gdx.graphics.g3d.utils.TextureDescriptor	null	texture	null	/home/nima/Desktop/docker/benchmarks/libgdx/gdx/src/com/badlogic/gdx/graphics/g3d/utils/TextureDescriptor.java
ASSIGN_FIELD_NULLABLE	assigning @Nullable expression to @NonNull field	com.badlogic.gdx.graphics.g3d.utils.TextureDescriptor	set(T,com.badlogic.gdx.graphics.Texture.TextureFilter,com.badlogic.gdx.graphics.Texture.TextureFilter,com.badlogic.gdx.graphics.Texture.TextureWrap,com.badlogic.gdx.graphics.Texture.TextureWrap)	1959	/home/nima/Desktop/docker/benchmarks/libgdx/gdx/src/com/badlogic/gdx/graphics/g3d/utils/TextureDescriptor.java	FIELD	com.badlogic.gdx.graphics.g3d.utils.TextureDescriptor	null	minFilter	null	/home/nima/Desktop/docker/benchmarks/libgdx/gdx/src/com/badlogic/gdx/graphics/g3d/utils/TextureDescriptor.java
ASSIGN_FIELD_NULLABLE	assigning @Nullable expression to @NonNull field	com.badlogic.gdx.graphics.g3d.utils.TextureDescriptor	set(T,com.badlogic.gdx.graphics.Texture.TextureFilter,com.badlogic.gdx.graphics.Texture.TextureFilter,com.badlogic.gdx.graphics.Texture.TextureWrap,com.badlogic.gdx.graphics.Texture.TextureWrap)	1989	/home/nima/Desktop/docker/benchmarks/libgdx/gdx/src/com/badlogic/gdx/graphics/g3d/utils/TextureDescriptor.java	FIELD	com.badlogic.gdx.graphics.g3d.utils.TextureDescriptor	null	magFilter	null	/home/nima/Desktop/docker/benchmarks/libgdx/gdx/src/com/badlogic/gdx/graphics/g3d/utils/TextureDescriptor.java
ASSIGN_FIELD_NULLABLE	assigning @Nullable expression to @NonNull field	com.badlogic.gdx.graphics.g3d.utils.TextureDescriptor	set(T,com.badlogic.gdx.graphics.Texture.TextureFilter,com.badlogic.gdx.graphics.Texture.TextureFilter,com.badlogic.gdx.graphics.Texture.TextureWrap,com.badlogic.gdx.graphics.Texture.TextureWrap)	2019	/home/nima/Desktop/docker/benchmarks/libgdx/gdx/src/com/badlogic/gdx/graphics/g3d/utils/TextureDescriptor.java	FIELD	com.badlogic.gdx.graphics.g3d.utils.TextureDescriptor	null	uWrap	null	/home/nima/Desktop/docker/benchmarks/libgdx/gdx/src/com/badlogic/gdx/graphics/g3d/utils/TextureDescriptor.java
ASSIGN_FIELD_NULLABLE	assigning @Nullable expression to @NonNull field	com.badlogic.gdx.graphics.g3d.utils.TextureDescriptor	set(T,com.badlogic.gdx.graphics.Texture.TextureFilter,com.badlogic.gdx.graphics.Texture.TextureFilter,com.badlogic.gdx.graphics.Texture.TextureWrap,com.badlogic.gdx.graphics.Texture.TextureWrap)	2041	/home/nima/Desktop/docker/benchmarks/libgdx/gdx/src/com/badlogic/gdx/graphics/g3d/utils/TextureDescriptor.java	FIELD	com.badlogic.gdx.graphics.g3d.utils.TextureDescriptor	null	vWrap	null	/home/nima/Desktop/docker/benchmarks/libgdx/gdx/src/com/badlogic/gdx/graphics/g3d/utils/TextureDescriptor.java
METHOD_NO_INIT	initializer method does not guarantee @NonNull fields uniformNames (line 113), attributeNames (line 125) are initialized along all control-flow paths (remember to check for exceptions or early returns).	com.badlogic.gdx.graphics.glutils.ShaderProgram	ShaderProgram(java.lang.String,java.lang.String)	5730	/home/nima/Desktop/docker/benchmarks/libgdx/gdx/src/com/badlogic/gdx/graphics/glutils/ShaderProgram.java	null	null	null	null	null	null
FIELD_NO_INIT	@NonNull field node not initialized	com.badlogic.gdx.graphics.g3d.model.NodeAnimation	node	1351	/home/nima/Desktop/docker/benchmarks/libgdx/gdx/src/com/badlogic/gdx/graphics/g3d/model/NodeAnimation.java	FIELD	com.badlogic.gdx.graphics.g3d.model.NodeAnimation	null	node	null	/home/nima/Desktop/docker/benchmarks/libgdx/gdx/src/com/badlogic/gdx/graphics/g3d/model/NodeAnimation.java
METHOD_NO_INIT	initializer method does not guarantee @NonNull fields particles (line 69), name (line 72), active (line 75) are initialized along all control-flow paths (remember to check for exceptions or early returns).	com.badlogic.gdx.graphics.g2d.ParticleEmitter	ParticleEmitter()	4127	/home/nima/Desktop/docker/benchmarks/libgdx/gdx/src/com/badlogic/gdx/graphics/g2d/ParticleEmitter.java	null	null	null	null	null	null
METHOD_NO_INIT	initializer method does not guarantee @NonNull fields particles (line 69), name (line 72), active (line 75) are initialized along all control-flow paths (remember to check for exceptions or early returns).	com.badlogic.gdx.graphics.g2d.ParticleEmitter	ParticleEmitter(java.io.BufferedReader)	4176	/home/nima/Desktop/docker/benchmarks/libgdx/gdx/src/com/badlogic/gdx/graphics/g2d/ParticleEmitter.java	null	null	null	null	null	null
METHOD_NO_INIT	initializer method does not guarantee @NonNull fields particles (line 69), active (line 75) are initialized along all control-flow paths (remember to check for exceptions or early returns).	com.badlogic.gdx.graphics.g2d.ParticleEmitter	ParticleEmitter(com.badlogic.gdx.graphics.g2d.ParticleEmitter)	4281	/home/nima/Desktop/docker/benchmarks/libgdx/gdx/src/com/badlogic/gdx/graphics/g2d/ParticleEmitter.java	null	null	null	null	null	null
DEREFERENCE_NULLABLE	dereferenced expression sprite is @Nullable	com.badlogic.gdx.graphics.g2d.ParticleEmitter	activateParticle(int)	14561	/home/nima/Desktop/docker/benchmarks/libgdx/gdx/src/com/badlogic/gdx/graphics/g2d/ParticleEmitter.java	null	null	null	null	null	null
DEREFERENCE_NULLABLE	dereferenced expression sprite is @Nullable	com.badlogic.gdx.graphics.g2d.ParticleEmitter	setSprites(com.badlogic.gdx.utils.Array<com.badlogic.gdx.graphics.g2d.Sprite>)	23680	/home/nima/Desktop/docker/benchmarks/libgdx/gdx/src/com/badlogic/gdx/graphics/g2d/ParticleEmitter.java	null	null	null	null	null	null
METHOD_NO_INIT	initializer method does not guarantee @NonNull field tint (line 1232) is initialized along all control-flow paths (remember to check for exceptions or early returns).	com.badlogic.gdx.graphics.g2d.ParticleEmitter$Particle	Particle(com.badlogic.gdx.graphics.g2d.Sprite)	39164	/home/nima/Desktop/docker/benchmarks/libgdx/gdx/src/com/badlogic/gdx/graphics/g2d/ParticleEmitter.java	null	null	null	null	null	null
DEREFERENCE_NULLABLE	dereferenced expression data is @Nullable	com.badlogic.gdx.graphics.g2d.TextureAtlas	load(com.badlogic.gdx.graphics.g2d.TextureAtlas.TextureAtlasData)	3479	/home/nima/Desktop/docker/benchmarks/libgdx/gdx/src/com/badlogic/gdx/graphics/g2d/TextureAtlas.java	null	null	null	null	null	null
DEREFERENCE_NULLABLE	dereferenced expression region.page is @Nullable	com.badlogic.gdx.graphics.g2d.TextureAtlas	load(com.badlogic.gdx.graphics.g2d.TextureAtlas.TextureAtlasData)	3908	/home/nima/Desktop/docker/benchmarks/libgdx/gdx/src/com/badlogic/gdx/graphics/g2d/TextureAtlas.java	null	null	null	null	null	null
ASSIGN_FIELD_NULLABLE	assigning @Nullable expression to @NonNull field	com.badlogic.gdx.graphics.g2d.TextureAtlas	load(com.badlogic.gdx.graphics.g2d.TextureAtlas.TextureAtlasData)	4101	/home/nima/Desktop/docker/benchmarks/libgdx/gdx/src/com/badlogic/gdx/graphics/g2d/TextureAtlas.java	FIELD	com.badlogic.gdx.graphics.g2d.TextureAtlas$AtlasRegion	null	name	null	/home/nima/Desktop/docker/benchmarks/libgdx/gdx/src/com/badlogic/gdx/graphics/g2d/TextureAtlas.java
RETURN_NULLABLE	returning @Nullable expression from method with @NonNull return type	com.badlogic.gdx.graphics.g2d.TextureAtlas	findRegion(java.lang.String)	5761	/home/nima/Desktop/docker/benchmarks/libgdx/gdx/src/com/badlogic/gdx/graphics/g2d/TextureAtlas.java	METHOD	com.badlogic.gdx.graphics.g2d.TextureAtlas	findRegion(java.lang.String)	null	null	/home/nima/Desktop/docker/benchmarks/libgdx/gdx/src/com/badlogic/gdx/graphics/g2d/TextureAtlas.java
DEREFERENCE_NULLABLE	dereferenced expression values is @Nullable	com.badlogic.gdx.graphics.g2d.TextureAtlas$TextureAtlasData	load(com.badlogic.gdx.files.FileHandle,com.badlogic.gdx.files.FileHandle,boolean)	16412	/home/nima/Desktop/docker/benchmarks/libgdx/gdx/src/com/badlogic/gdx/graphics/g2d/TextureAtlas.java	null	null	null	null	null	null
DEREFERENCE_NULLABLE	dereferenced expression values is @Nullable	com.badlogic.gdx.graphics.g2d.TextureAtlas$TextureAtlasData	load(com.badlogic.gdx.files.FileHandle,com.badlogic.gdx.files.FileHandle,boolean)	16740	/home/nima/Desktop/docker/benchmarks/libgdx/gdx/src/com/badlogic/gdx/graphics/g2d/TextureAtlas.java	null	null	null	null	null	null
FIELD_NO_INIT	@NonNull field TextureAtlas$TextureAtlasData$Page.textureFile not initialized	com.badlogic.gdx.graphics.g2d.TextureAtlas$TextureAtlasData$Page	textureFile	18295	/home/nima/Desktop/docker/benchmarks/libgdx/gdx/src/com/badlogic/gdx/graphics/g2d/TextureAtlas.java	FIELD	com.badlogic.gdx.graphics.g2d.TextureAtlas$TextureAtlasData$Page	null	textureFile	null	/home/nima/Desktop/docker/benchmarks/libgdx/gdx/src/com/badlogic/gdx/graphics/g2d/TextureAtlas.java
FIELD_NO_INIT	@NonNull field TextureAtlas$TextureAtlasData$Region.values not initialized	com.badlogic.gdx.graphics.g2d.TextureAtlas$TextureAtlasData$Region	values	19079	/home/nima/Desktop/docker/benchmarks/libgdx/gdx/src/com/badlogic/gdx/graphics/g2d/TextureAtlas.java	FIELD	com.badlogic.gdx.graphics.g2d.TextureAtlas$TextureAtlasData$Region	null	values	null	/home/nima/Desktop/docker/benchmarks/libgdx/gdx/src/com/badlogic/gdx/graphics/g2d/TextureAtlas.java
METHOD_NO_INIT	initializer method does not guarantee @NonNull fields name (line 535), values (line 569) are initialized along all control-flow paths (remember to check for exceptions or early returns).	com.badlogic.gdx.graphics.g2d.TextureAtlas$AtlasRegion	AtlasRegion(com.badlogic.gdx.graphics.Texture,int,int,int,int)	21679	/home/nima/Desktop/docker/benchmarks/libgdx/gdx/src/com/badlogic/gdx/graphics/g2d/TextureAtlas.java	null	null	null	null	null	null
METHOD_NO_INIT	initializer method does not guarantee @NonNull fields name (line 535), values (line 569) are initialized along all control-flow paths (remember to check for exceptions or early returns).	com.badlogic.gdx.graphics.g2d.TextureAtlas$AtlasRegion	AtlasRegion(com.badlogic.gdx.graphics.g2d.TextureRegion)	22361	/home/nima/Desktop/docker/benchmarks/libgdx/gdx/src/com/badlogic/gdx/graphics/g2d/TextureAtlas.java	null	null	null	null	null	null
PASS_NULLABLE	passing @Nullable parameter 'texture' where @NonNull is required	com.badlogic.gdx.graphics.g2d.TextureAtlas$AtlasRegion	AtlasRegion(com.badlogic.gdx.graphics.Texture,int,int,int,int)	21768	/home/nima/Desktop/docker/benchmarks/libgdx/gdx/src/com/badlogic/gdx/graphics/g2d/TextureAtlas.java	PARAMETER	com.badlogic.gdx.graphics.g2d.TextureRegion	TextureRegion(com.badlogic.gdx.graphics.Texture,int,int,int,int)	texture	0	/home/nima/Desktop/docker/benchmarks/libgdx/gdx/src/com/badlogic/gdx/graphics/g2d/TextureRegion.java
WRONG_OVERRIDE_PARAM	parameter texture is @NonNull, but parameter in superclass method com.badlogic.gdx.graphics.g2d.Batch.draw(com.badlogic.gdx.graphics.Texture,float[],int,int) is @Nullable	com.badlogic.gdx.graphics.g2d.SpriteBatch	draw(com.badlogic.gdx.graphics.Texture,float[],int,int)	15731	/home/nima/Desktop/docker/benchmarks/libgdx/gdx/src/com/badlogic/gdx/graphics/g2d/SpriteBatch.java	PARAMETER	com.badlogic.gdx.graphics.g2d.SpriteBatch	draw(com.badlogic.gdx.graphics.Texture,float[],int,int)	texture	0	/home/nima/Desktop/docker/benchmarks/libgdx/gdx/src/com/badlogic/gdx/graphics/g2d/SpriteBatch.java
DEREFERENCE_NULLABLE	dereferenced expression lastTexture is @Nullable	com.badlogic.gdx.graphics.g2d.SpriteBatch	flush()	25229	/home/nima/Desktop/docker/benchmarks/libgdx/gdx/src/com/badlogic/gdx/graphics/g2d/SpriteBatch.java	null	null	null	null	null	null
FIELD_NO_INIT	@NonNull field CubemapLoader$CubemapLoaderInfo.data not initialized	com.badlogic.gdx.assets.loaders.CubemapLoader$CubemapLoaderInfo	data	2013	/home/nima/Desktop/docker/benchmarks/libgdx/gdx/src/com/badlogic/gdx/assets/loaders/CubemapLoader.java	FIELD	com.badlogic.gdx.assets.loaders.CubemapLoader$CubemapLoaderInfo	null	data	null	/home/nima/Desktop/docker/benchmarks/libgdx/gdx/src/com/badlogic/gdx/assets/loaders/CubemapLoader.java
ASSIGN_FIELD_NULLABLE	assigning @Nullable expression to @NonNull field	com.badlogic.gdx.assets.loaders.CubemapLoader$CubemapParameter	cubemap	3756	/home/nima/Desktop/docker/benchmarks/libgdx/gdx/src/com/badlogic/gdx/assets/loaders/CubemapLoader.java	FIELD	com.badlogic.gdx.assets.loaders.CubemapLoader$CubemapParameter	null	cubemap	null	/home/nima/Desktop/docker/benchmarks/libgdx/gdx/src/com/badlogic/gdx/assets/loaders/CubemapLoader.java
DEREFERENCE_NULLABLE	dereferenced expression managedCubemaps.get(Gdx.app) is @Nullable	com.badlogic.gdx.graphics.Cubemap	getNumManagedCubemaps()	12313	/home/nima/Desktop/docker/benchmarks/libgdx/gdx/src/com/badlogic/gdx/graphics/Cubemap.java	null	null	null	null	null	null
METHOD_NO_INIT	initializer method does not guarantee @NonNull fields imagePaths (line 442), fontFile (line 443) are initialized along all control-flow paths (remember to check for exceptions or early returns).	com.badlogic.gdx.graphics.g2d.BitmapFont$BitmapFontData	BitmapFontData()	21211	/home/nima/Desktop/docker/benchmarks/libgdx/gdx/src/com/badlogic/gdx/graphics/g2d/BitmapFont.java	null	null	null	null	null	null
METHOD_NO_INIT	initializer method does not guarantee @NonNull field imagePaths (line 442) is initialized along all control-flow paths (remember to check for exceptions or early returns).	com.badlogic.gdx.graphics.g2d.BitmapFont$BitmapFontData	BitmapFontData(com.badlogic.gdx.files.FileHandle,boolean)	21245	/home/nima/Desktop/docker/benchmarks/libgdx/gdx/src/com/badlogic/gdx/graphics/g2d/BitmapFont.java	null	null	null	null	null	null
WRONG_OVERRIDE_PARAM	parameter type is @NonNull, but parameter in superclass method com.badlogic.gdx.utils.Json.<T>readValue(java.lang.Class<T>,java.lang.Class,com.badlogic.gdx.utils.JsonValue) is @Nullable	com.badlogic.gdx.scenes.scene2d.ui.Skin$1	<T>readValue(java.lang.Class<T>,java.lang.Class,com.badlogic.gdx.utils.JsonValue)	19841	/home/nima/Desktop/docker/benchmarks/libgdx/gdx/src/com/badlogic/gdx/scenes/scene2d/ui/Skin.java	PARAMETER	com.badlogic.gdx.scenes.scene2d.ui.Skin$1	<T>readValue(java.lang.Class<T>,java.lang.Class,com.badlogic.gdx.utils.JsonValue)	type	0	/home/nima/Desktop/docker/benchmarks/libgdx/gdx/src/com/badlogic/gdx/scenes/scene2d/ui/Skin.java
METHOD_NO_INIT	initializer method does not guarantee @NonNull field region (line 31) is initialized along all control-flow paths (remember to check for exceptions or early returns).	com.badlogic.gdx.scenes.scene2d.utils.TextureRegionDrawable	TextureRegionDrawable()	1478	/home/nima/Desktop/docker/benchmarks/libgdx/gdx/src/com/badlogic/gdx/scenes/scene2d/utils/TextureRegionDrawable.java	null	null	null	null	null	null
METHOD_NO_INIT	initializer method does not guarantee @NonNull field region (line 31) is initialized along all control-flow paths (remember to check for exceptions or early returns).	com.badlogic.gdx.scenes.scene2d.utils.TextureRegionDrawable	TextureRegionDrawable(com.badlogic.gdx.graphics.Texture)	1517	/home/nima/Desktop/docker/benchmarks/libgdx/gdx/src/com/badlogic/gdx/scenes/scene2d/utils/TextureRegionDrawable.java	null	null	null	null	null	null
METHOD_NO_INIT	initializer method does not guarantee @NonNull field region (line 31) is initialized along all control-flow paths (remember to check for exceptions or early returns).	com.badlogic.gdx.scenes.scene2d.utils.TextureRegionDrawable	TextureRegionDrawable(com.badlogic.gdx.graphics.g2d.TextureRegion)	1612	/home/nima/Desktop/docker/benchmarks/libgdx/gdx/src/com/badlogic/gdx/scenes/scene2d/utils/TextureRegionDrawable.java	null	null	null	null	null	null
METHOD_NO_INIT	initializer method does not guarantee @NonNull field region (line 31) is initialized along all control-flow paths (remember to check for exceptions or early returns).	com.badlogic.gdx.scenes.scene2d.utils.TextureRegionDrawable	TextureRegionDrawable(com.badlogic.gdx.scenes.scene2d.utils.TextureRegionDrawable)	1692	/home/nima/Desktop/docker/benchmarks/libgdx/gdx/src/com/badlogic/gdx/scenes/scene2d/utils/TextureRegionDrawable.java	null	null	null	null	null	null
FIELD_NO_INIT	@NonNull field stage not initialized	com.badlogic.gdx.scenes.scene2d.Actor	stage	3040	/home/nima/Desktop/docker/benchmarks/libgdx/gdx/src/com/badlogic/gdx/scenes/scene2d/Actor.java	FIELD	com.badlogic.gdx.scenes.scene2d.Actor	null	stage	null	/home/nima/Desktop/docker/benchmarks/libgdx/gdx/src/com/badlogic/gdx/scenes/scene2d/Actor.java
PASS_NULLABLE	passing @Nullable parameter 'null' where @NonNull is required	com.badlogic.gdx.scenes.scene2d.Actor	act(float)	5236	/home/nima/Desktop/docker/benchmarks/libgdx/gdx/src/com/badlogic/gdx/scenes/scene2d/Actor.java	PARAMETER	com.badlogic.gdx.scenes.scene2d.Action	setActor(com.badlogic.gdx.scenes.scene2d.Actor)	actor	0	/home/nima/Desktop/docker/benchmarks/libgdx/gdx/src/com/badlogic/gdx/scenes/scene2d/Action.java
DEREFERENCE_NULLABLE	dereferenced expression action is @Nullable	com.badlogic.gdx.scenes.scene2d.Actor	addAction(com.badlogic.gdx.scenes.scene2d.Action)	11684	/home/nima/Desktop/docker/benchmarks/libgdx/gdx/src/com/badlogic/gdx/scenes/scene2d/Actor.java	null	null	null	null	null	null
PASS_NULLABLE	passing @Nullable parameter 'null' where @NonNull is required	com.badlogic.gdx.scenes.scene2d.Actor	removeAction(com.badlogic.gdx.scenes.scene2d.Action)	12013	/home/nima/Desktop/docker/benchmarks/libgdx/gdx/src/com/badlogic/gdx/scenes/scene2d/Actor.java	PARAMETER	com.badlogic.gdx.scenes.scene2d.Action	setActor(com.badlogic.gdx.scenes.scene2d.Actor)	actor	0	/home/nima/Desktop/docker/benchmarks/libgdx/gdx/src/com/badlogic/gdx/scenes/scene2d/Action.java
PASS_NULLABLE	passing @Nullable parameter 'null' where @NonNull is required	com.badlogic.gdx.scenes.scene2d.Actor	clearActions()	12346	/home/nima/Desktop/docker/benchmarks/libgdx/gdx/src/com/badlogic/gdx/scenes/scene2d/Actor.java	PARAMETER	com.badlogic.gdx.scenes.scene2d.Action	setActor(com.badlogic.gdx.scenes.scene2d.Actor)	actor	0	/home/nima/Desktop/docker/benchmarks/libgdx/gdx/src/com/badlogic/gdx/scenes/scene2d/Action.java
RETURN_NULLABLE	returning @Nullable expression from method with @NonNull return type	com.badlogic.gdx.scenes.scene2d.Actor	getParent()	14432	/home/nima/Desktop/docker/benchmarks/libgdx/gdx/src/com/badlogic/gdx/scenes/scene2d/Actor.java	METHOD	com.badlogic.gdx.scenes.scene2d.Actor	getParent()	null	null	/home/nima/Desktop/docker/benchmarks/libgdx/gdx/src/com/badlogic/gdx/scenes/scene2d/Actor.java
FIELD_NO_INIT	@NonNull field type not initialized	com.badlogic.gdx.scenes.scene2d.InputEvent	type	1120	/home/nima/Desktop/docker/benchmarks/libgdx/gdx/src/com/badlogic/gdx/scenes/scene2d/InputEvent.java	FIELD	com.badlogic.gdx.scenes.scene2d.InputEvent	null	type	null	/home/nima/Desktop/docker/benchmarks/libgdx/gdx/src/com/badlogic/gdx/scenes/scene2d/InputEvent.java
RETURN_NULLABLE	returning @Nullable expression from method with @NonNull return type	com.badlogic.gdx.scenes.scene2d.InputEvent	getRelatedActor()	3704	/home/nima/Desktop/docker/benchmarks/libgdx/gdx/src/com/badlogic/gdx/scenes/scene2d/InputEvent.java	METHOD	com.badlogic.gdx.scenes.scene2d.InputEvent	getRelatedActor()	null	null	/home/nima/Desktop/docker/benchmarks/libgdx/gdx/src/com/badlogic/gdx/scenes/scene2d/InputEvent.java
METHOD_NO_INIT	initializer method does not guarantee @NonNull fields style (line 38), cache (line 43), ellipsis (line 51) are initialized along all control-flow paths (remember to check for exceptions or early returns).	com.badlogic.gdx.scenes.scene2d.ui.Label	Label(java.lang.CharSequence,com.badlogic.gdx.scenes.scene2d.ui.Label.LabelStyle)	2995	/home/nima/Desktop/docker/benchmarks/libgdx/gdx/src/com/badlogic/gdx/scenes/scene2d/ui/Label.java	null	null	null	null	null	null
ASSIGN_FIELD_NULLABLE	assigning @Nullable expression to @NonNull field	com.badlogic.gdx.scenes.scene2d.ui.Label	setEllipsis(boolean)	11840	/home/nima/Desktop/docker/benchmarks/libgdx/gdx/src/com/badlogic/gdx/scenes/scene2d/ui/Label.java	FIELD	com.badlogic.gdx.scenes.scene2d.ui.Label	null	ellipsis	null	/home/nima/Desktop/docker/benchmarks/libgdx/gdx/src/com/badlogic/gdx/scenes/scene2d/ui/Label.java
METHOD_NO_INIT	initializer method does not guarantee @NonNull field font (line 375) is initialized along all control-flow paths (remember to check for exceptions or early returns).	com.badlogic.gdx.scenes.scene2d.ui.Label$LabelStyle	LabelStyle()	12574	/home/nima/Desktop/docker/benchmarks/libgdx/gdx/src/com/badlogic/gdx/scenes/scene2d/ui/Label.java	null	null	null	null	null	null
PASS_NULLABLE	passing @Nullable parameter 'null' where @NonNull is required	com.badlogic.gdx.scenes.scene2d.ui.Value	get()	1340	/home/nima/Desktop/docker/benchmarks/libgdx/gdx/src/com/badlogic/gdx/scenes/scene2d/ui/Value.java	PARAMETER	com.badlogic.gdx.scenes.scene2d.ui.Value	get(com.badlogic.gdx.scenes.scene2d.Actor)	context	0	/home/nima/Desktop/docker/benchmarks/libgdx/gdx/src/com/badlogic/gdx/scenes/scene2d/ui/Value.java
METHOD_NO_INIT	initializer method does not guarantee @NonNull fields rowDefaults (line 67), columnMinWidth (line 70), rowMinHeight (line 70), columnPrefWidth (line 71), rowPrefHeight (line 71), columnWidth (line 74), rowHeight (line 74), expandWidth (line 75), expandHeight (line 75), debugRects (line 81), background (line 83) are initialized along all control-flow paths (remember to check for exceptions or early returns).	com.badlogic.gdx.scenes.scene2d.ui.Table	Table(com.badlogic.gdx.scenes.scene2d.ui.Skin)	3633	/home/nima/Desktop/docker/benchmarks/libgdx/gdx/src/com/badlogic/gdx/scenes/scene2d/ui/Table.java	null	null	null	null	null	null
ASSIGN_FIELD_NULLABLE	assigning @Nullable expression to @NonNull field	com.badlogic.gdx.scenes.scene2d.ui.Table	<T>add(T)	7590	/home/nima/Desktop/docker/benchmarks/libgdx/gdx/src/com/badlogic/gdx/scenes/scene2d/ui/Table.java	FIELD	com.badlogic.gdx.scenes.scene2d.ui.Cell	null	actor	null	/home/nima/Desktop/docker/benchmarks/libgdx/gdx/src/com/badlogic/gdx/scenes/scene2d/ui/Cell.java
UNBOX_NULLABLE	unboxing of a @Nullable value	com.badlogic.gdx.scenes.scene2d.ui.Table	<T>add(T)	7938	/home/nima/Desktop/docker/benchmarks/libgdx/gdx/src/com/badlogic/gdx/scenes/scene2d/ui/Table.java	null	null	null	null	null	null
UNBOX_NULLABLE	unboxing of a @Nullable value	com.badlogic.gdx.scenes.scene2d.ui.Table	<T>add(T)	8309	/home/nima/Desktop/docker/benchmarks/libgdx/gdx/src/com/badlogic/gdx/scenes/scene2d/ui/Table.java	null	null	null	null	null	null
ASSIGN_FIELD_NULLABLE	assigning @Nullable expression to @NonNull field	com.badlogic.gdx.scenes.scene2d.ui.Table	removeActor(com.badlogic.gdx.scenes.scene2d.Actor,boolean)	11185	/home/nima/Desktop/docker/benchmarks/libgdx/gdx/src/com/badlogic/gdx/scenes/scene2d/ui/Table.java	FIELD	com.badlogic.gdx.scenes.scene2d.ui.Cell	null	actor	null	/home/nima/Desktop/docker/benchmarks/libgdx/gdx/src/com/badlogic/gdx/scenes/scene2d/ui/Cell.java
ASSIGN_FIELD_NULLABLE	assigning @Nullable expression to @NonNull field	com.badlogic.gdx.scenes.scene2d.ui.Table	removeActorAt(int,boolean)	11385	/home/nima/Desktop/docker/benchmarks/libgdx/gdx/src/com/badlogic/gdx/scenes/scene2d/ui/Table.java	FIELD	com.badlogic.gdx.scenes.scene2d.ui.Cell	null	actor	null	/home/nima/Desktop/docker/benchmarks/libgdx/gdx/src/com/badlogic/gdx/scenes/scene2d/ui/Cell.java
ASSIGN_FIELD_NULLABLE	assigning @Nullable expression to @NonNull field	com.badlogic.gdx.scenes.scene2d.ui.Table	clearChildren(boolean)	11853	/home/nima/Desktop/docker/benchmarks/libgdx/gdx/src/com/badlogic/gdx/scenes/scene2d/ui/Table.java	FIELD	com.badlogic.gdx.scenes.scene2d.ui.Table	null	rowDefaults	null	/home/nima/Desktop/docker/benchmarks/libgdx/gdx/src/com/badlogic/gdx/scenes/scene2d/ui/Table.java
UNBOX_NULLABLE	unboxing of a @Nullable value	com.badlogic.gdx.scenes.scene2d.ui.Table	endRow()	13234	/home/nima/Desktop/docker/benchmarks/libgdx/gdx/src/com/badlogic/gdx/scenes/scene2d/ui/Table.java	null	null	null	null	null	null
RETURN_NULLABLE	returning @Nullable expression from method with @NonNull return type	com.badlogic.gdx.scenes.scene2d.ui.Table	<T>getCell(T)	14288	/home/nima/Desktop/docker/benchmarks/libgdx/gdx/src/com/badlogic/gdx/scenes/scene2d/ui/Table.java	METHOD	com.badlogic.gdx.scenes.scene2d.ui.Table	<T>getCell(T)	null	null	/home/nima/Desktop/docker/benchmarks/libgdx/gdx/src/com/badlogic/gdx/scenes/scene2d/ui/Table.java
UNBOX_NULLABLE	unboxing of a @Nullable value	com.badlogic.gdx.scenes.scene2d.ui.Table	computeSize()	24532	/home/nima/Desktop/docker/benchmarks/libgdx/gdx/src/com/badlogic/gdx/scenes/scene2d/ui/Table.java	null	null	null	null	null	null
UNBOX_NULLABLE	unboxing of a @Nullable value	com.badlogic.gdx.scenes.scene2d.ui.Table	computeSize()	27205	/home/nima/Desktop/docker/benchmarks/libgdx/gdx/src/com/badlogic/gdx/scenes/scene2d/ui/Table.java	null	null	null	null	null	null
UNBOX_NULLABLE	unboxing of a @Nullable value	com.badlogic.gdx.scenes.scene2d.ui.Table	computeSize()	27455	/home/nima/Desktop/docker/benchmarks/libgdx/gdx/src/com/badlogic/gdx/scenes/scene2d/ui/Table.java	null	null	null	null	null	null
UNBOX_NULLABLE	unboxing of a @Nullable value	com.badlogic.gdx.scenes.scene2d.ui.Table	computeSize()	28224	/home/nima/Desktop/docker/benchmarks/libgdx/gdx/src/com/badlogic/gdx/scenes/scene2d/ui/Table.java	null	null	null	null	null	null
UNBOX_NULLABLE	unboxing of a @Nullable value	com.badlogic.gdx.scenes.scene2d.ui.Table	computeSize()	28858	/home/nima/Desktop/docker/benchmarks/libgdx/gdx/src/com/badlogic/gdx/scenes/scene2d/ui/Table.java	null	null	null	null	null	null
UNBOX_NULLABLE	unboxing of a @Nullable value	com.badlogic.gdx.scenes.scene2d.ui.Table	layout()	33094	/home/nima/Desktop/docker/benchmarks/libgdx/gdx/src/com/badlogic/gdx/scenes/scene2d/ui/Table.java	null	null	null	null	null	null
UNBOX_NULLABLE	unboxing of a @Nullable value	com.badlogic.gdx.scenes.scene2d.ui.Table	layout()	35575	/home/nima/Desktop/docker/benchmarks/libgdx/gdx/src/com/badlogic/gdx/scenes/scene2d/ui/Table.java	null	null	null	null	null	null
UNBOX_NULLABLE	unboxing of a @Nullable value	com.badlogic.gdx.scenes.scene2d.ui.Table	layout()	36913	/home/nima/Desktop/docker/benchmarks/libgdx/gdx/src/com/badlogic/gdx/scenes/scene2d/ui/Table.java	null	null	null	null	null	null
UNBOX_NULLABLE	unboxing of a @Nullable value	com.badlogic.gdx.scenes.scene2d.ui.Table	addDebugRects(float,float,float,float)	39837	/home/nima/Desktop/docker/benchmarks/libgdx/gdx/src/com/badlogic/gdx/scenes/scene2d/ui/Table.java	null	null	null	null	null	null
SWITCH_EXPRESSION_NULLABLE	switch expression focusEvent.getType() is @Nullable	com.badlogic.gdx.scenes.scene2d.utils.FocusListener	handle(com.badlogic.gdx.scenes.scene2d.Event)	1288	/home/nima/Desktop/docker/benchmarks/libgdx/gdx/src/com/badlogic/gdx/scenes/scene2d/utils/FocusListener.java	null	null	null	null	null	null
METHOD_NO_INIT	initializer method does not guarantee @NonNull fields keyboardFocus (line 81), scrollFocus (line 81) are initialized along all control-flow paths (remember to check for exceptions or early returns).	com.badlogic.gdx.scenes.scene2d.Stage	Stage(com.badlogic.gdx.utils.viewport.Viewport,com.badlogic.gdx.graphics.g2d.Batch)	5291	/home/nima/Desktop/docker/benchmarks/libgdx/gdx/src/com/badlogic/gdx/scenes/scene2d/Stage.java	null	null	null	null	null	null
ASSIGN_FIELD_NULLABLE	assigning @Nullable expression to @NonNull field	com.badlogic.gdx.scenes.scene2d.Stage	setKeyboardFocus(com.badlogic.gdx.scenes.scene2d.Actor)	24754	/home/nima/Desktop/docker/benchmarks/libgdx/gdx/src/com/badlogic/gdx/scenes/scene2d/Stage.java	FIELD	com.badlogic.gdx.scenes.scene2d.Stage	null	keyboardFocus	null	/home/nima/Desktop/docker/benchmarks/libgdx/gdx/src/com/badlogic/gdx/scenes/scene2d/Stage.java
ASSIGN_FIELD_NULLABLE	assigning @Nullable expression to @NonNull field	com.badlogic.gdx.scenes.scene2d.Stage	setScrollFocus(com.badlogic.gdx.scenes.scene2d.Actor)	25817	/home/nima/Desktop/docker/benchmarks/libgdx/gdx/src/com/badlogic/gdx/scenes/scene2d/Stage.java	FIELD	com.badlogic.gdx.scenes.scene2d.Stage	null	scrollFocus	null	/home/nima/Desktop/docker/benchmarks/libgdx/gdx/src/com/badlogic/gdx/scenes/scene2d/Stage.java
FIELD_NO_INIT	@NonNull field Stage$TouchFocus.listener not initialized	com.badlogic.gdx.scenes.scene2d.Stage$TouchFocus	listener	33084	/home/nima/Desktop/docker/benchmarks/libgdx/gdx/src/com/badlogic/gdx/scenes/scene2d/Stage.java	FIELD	com.badlogic.gdx.scenes.scene2d.Stage$TouchFocus	null	listener	null	/home/nima/Desktop/docker/benchmarks/libgdx/gdx/src/com/badlogic/gdx/scenes/scene2d/Stage.java
FIELD_NO_INIT	@NonNull field Stage$TouchFocus.listenerActor not initialized	com.badlogic.gdx.scenes.scene2d.Stage$TouchFocus	listenerActor	33110	/home/nima/Desktop/docker/benchmarks/libgdx/gdx/src/com/badlogic/gdx/scenes/scene2d/Stage.java	FIELD	com.badlogic.gdx.scenes.scene2d.Stage$TouchFocus	null	listenerActor	null	/home/nima/Desktop/docker/benchmarks/libgdx/gdx/src/com/badlogic/gdx/scenes/scene2d/Stage.java
FIELD_NO_INIT	@NonNull field Stage$TouchFocus.target not initialized	com.badlogic.gdx.scenes.scene2d.Stage$TouchFocus	target	33110	/home/nima/Desktop/docker/benchmarks/libgdx/gdx/src/com/badlogic/gdx/scenes/scene2d/Stage.java	FIELD	com.badlogic.gdx.scenes.scene2d.Stage$TouchFocus	null	target	null	/home/nima/Desktop/docker/benchmarks/libgdx/gdx/src/com/badlogic/gdx/scenes/scene2d/Stage.java
ASSIGN_FIELD_NULLABLE	assigning @Nullable expression to @NonNull field	com.badlogic.gdx.scenes.scene2d.Stage$TouchFocus	reset()	33191	/home/nima/Desktop/docker/benchmarks/libgdx/gdx/src/com/badlogic/gdx/scenes/scene2d/Stage.java	FIELD	com.badlogic.gdx.scenes.scene2d.Stage$TouchFocus	null	listenerActor	null	/home/nima/Desktop/docker/benchmarks/libgdx/gdx/src/com/badlogic/gdx/scenes/scene2d/Stage.java
ASSIGN_FIELD_NULLABLE	assigning @Nullable expression to @NonNull field	com.badlogic.gdx.scenes.scene2d.Stage$TouchFocus	reset()	33216	/home/nima/Desktop/docker/benchmarks/libgdx/gdx/src/com/badlogic/gdx/scenes/scene2d/Stage.java	FIELD	com.badlogic.gdx.scenes.scene2d.Stage$TouchFocus	null	listener	null	/home/nima/Desktop/docker/benchmarks/libgdx/gdx/src/com/badlogic/gdx/scenes/scene2d/Stage.java
ASSIGN_FIELD_NULLABLE	assigning @Nullable expression to @NonNull field	com.badlogic.gdx.scenes.scene2d.Stage$TouchFocus	reset()	33236	/home/nima/Desktop/docker/benchmarks/libgdx/gdx/src/com/badlogic/gdx/scenes/scene2d/Stage.java	FIELD	com.badlogic.gdx.scenes.scene2d.Stage$TouchFocus	null	target	null	/home/nima/Desktop/docker/benchmarks/libgdx/gdx/src/com/badlogic/gdx/scenes/scene2d/Stage.java
RETURN_NULLABLE	returning @Nullable expression from method with @NonNull return type	com.badlogic.gdx.scenes.scene2d.Event	getTarget()	3471	/home/nima/Desktop/docker/benchmarks/libgdx/gdx/src/com/badlogic/gdx/scenes/scene2d/Event.java	METHOD	com.badlogic.gdx.scenes.scene2d.Event	getTarget()	null	null	/home/nima/Desktop/docker/benchmarks/libgdx/gdx/src/com/badlogic/gdx/scenes/scene2d/Event.java
RETURN_NULLABLE	returning @Nullable expression from method with @NonNull return type	com.badlogic.gdx.scenes.scene2d.Event	getListenerActor()	3677	/home/nima/Desktop/docker/benchmarks/libgdx/gdx/src/com/badlogic/gdx/scenes/scene2d/Event.java	METHOD	com.badlogic.gdx.scenes.scene2d.Event	getListenerActor()	null	null	/home/nima/Desktop/docker/benchmarks/libgdx/gdx/src/com/badlogic/gdx/scenes/scene2d/Event.java
RETURN_NULLABLE	returning @Nullable expression from method with @NonNull return type	com.badlogic.gdx.scenes.scene2d.Event	getStage()	4671	/home/nima/Desktop/docker/benchmarks/libgdx/gdx/src/com/badlogic/gdx/scenes/scene2d/Event.java	METHOD	com.badlogic.gdx.scenes.scene2d.Event	getStage()	null	null	/home/nima/Desktop/docker/benchmarks/libgdx/gdx/src/com/badlogic/gdx/scenes/scene2d/Event.java
WRONG_OVERRIDE_RETURN	method returns @Nullable, but superclass method com.badlogic.gdx.scenes.scene2d.Group.hit(float,float,boolean) returns @NonNull	com.badlogic.gdx.scenes.scene2d.ui.WidgetGroup	hit(float,float,boolean)	4913	/home/nima/Desktop/docker/benchmarks/libgdx/gdx/src/com/badlogic/gdx/scenes/scene2d/ui/WidgetGroup.java	METHOD	com.badlogic.gdx.scenes.scene2d.Group	hit(float,float,boolean)	null	null	/home/nima/Desktop/docker/benchmarks/libgdx/gdx/src/com/badlogic/gdx/scenes/scene2d/Group.java
RETURN_NULLABLE	returning @Nullable expression from method with @NonNull return type	com.badlogic.gdx.scenes.scene2d.Group	hit(float,float,boolean)	9697	/home/nima/Desktop/docker/benchmarks/libgdx/gdx/src/com/badlogic/gdx/scenes/scene2d/Group.java	METHOD	com.badlogic.gdx.scenes.scene2d.Group	hit(float,float,boolean)	null	null	/home/nima/Desktop/docker/benchmarks/libgdx/gdx/src/com/badlogic/gdx/scenes/scene2d/Group.java
RETURN_NULLABLE	returning @Nullable expression from method with @NonNull return type	com.badlogic.gdx.scenes.scene2d.Group	hit(float,float,boolean)	9730	/home/nima/Desktop/docker/benchmarks/libgdx/gdx/src/com/badlogic/gdx/scenes/scene2d/Group.java	METHOD	com.badlogic.gdx.scenes.scene2d.Group	hit(float,float,boolean)	null	null	/home/nima/Desktop/docker/benchmarks/libgdx/gdx/src/com/badlogic/gdx/scenes/scene2d/Group.java
RETURN_NULLABLE	returning @Nullable expression from method with @NonNull return type	com.badlogic.gdx.scenes.scene2d.Group	hit(float,float,boolean)	10037	/home/nima/Desktop/docker/benchmarks/libgdx/gdx/src/com/badlogic/gdx/scenes/scene2d/Group.java	METHOD	com.badlogic.gdx.scenes.scene2d.Group	hit(float,float,boolean)	null	null	/home/nima/Desktop/docker/benchmarks/libgdx/gdx/src/com/badlogic/gdx/scenes/scene2d/Group.java
PASS_NULLABLE	passing @Nullable parameter 'null' where @NonNull is required	com.badlogic.gdx.scenes.scene2d.Group	removeActorAt(int,boolean)	13586	/home/nima/Desktop/docker/benchmarks/libgdx/gdx/src/com/badlogic/gdx/scenes/scene2d/Group.java	PARAMETER	com.badlogic.gdx.scenes.scene2d.Actor	setStage(com.badlogic.gdx.scenes.scene2d.Stage)	stage	0	/home/nima/Desktop/docker/benchmarks/libgdx/gdx/src/com/badlogic/gdx/scenes/scene2d/Actor.java
PASS_NULLABLE	passing @Nullable parameter 'null' where @NonNull is required	com.badlogic.gdx.scenes.scene2d.Group	clearChildren(boolean)	14129	/home/nima/Desktop/docker/benchmarks/libgdx/gdx/src/com/badlogic/gdx/scenes/scene2d/Group.java	PARAMETER	com.badlogic.gdx.scenes.scene2d.Actor	setStage(com.badlogic.gdx.scenes.scene2d.Stage)	stage	0	/home/nima/Desktop/docker/benchmarks/libgdx/gdx/src/com/badlogic/gdx/scenes/scene2d/Actor.java
FIELD_NO_INIT	@NonNull field target not initialized	com.badlogic.gdx.scenes.scene2d.Action	target	1422	/home/nima/Desktop/docker/benchmarks/libgdx/gdx/src/com/badlogic/gdx/scenes/scene2d/Action.java	FIELD	com.badlogic.gdx.scenes.scene2d.Action	null	target	null	/home/nima/Desktop/docker/benchmarks/libgdx/gdx/src/com/badlogic/gdx/scenes/scene2d/Action.java
ASSIGN_FIELD_NULLABLE	assigning @Nullable expression to @NonNull field	com.badlogic.gdx.scenes.scene2d.Action	reset()	3920	/home/nima/Desktop/docker/benchmarks/libgdx/gdx/src/com/badlogic/gdx/scenes/scene2d/Action.java	FIELD	com.badlogic.gdx.scenes.scene2d.Action	null	target	null	/home/nima/Desktop/docker/benchmarks/libgdx/gdx/src/com/badlogic/gdx/scenes/scene2d/Action.java
METHOD_NO_INIT	initializer method does not guarantee @NonNull fields minWidth (line 24), minHeight (line 24), prefWidth (line 25), prefHeight (line 25), maxWidth (line 26), maxHeight (line 26), spaceTop (line 27), spaceLeft (line 27), spaceBottom (line 27), spaceRight (line 27), padTop (line 28), padLeft (line 28), padBottom (line 28), padRight (line 28), fillX (line 29), fillY (line 29), align (line 30), expandX (line 31), expandY (line 31), actor (line 35), table (line 39) are initialized along all control-flow paths (remember to check for exceptions or early returns).	com.badlogic.gdx.scenes.scene2d.ui.Cell	Cell()	1341	/home/nima/Desktop/docker/benchmarks/libgdx/gdx/src/com/badlogic/gdx/scenes/scene2d/ui/Cell.java	null	null	null	null	null	null
ASSIGN_FIELD_NULLABLE	assigning @Nullable expression to @NonNull field	com.badlogic.gdx.scenes.scene2d.ui.Cell	<A>setActor(A)	1802	/home/nima/Desktop/docker/benchmarks/libgdx/gdx/src/com/badlogic/gdx/scenes/scene2d/ui/Cell.java	FIELD	com.badlogic.gdx.scenes.scene2d.ui.Cell	null	actor	null	/home/nima/Desktop/docker/benchmarks/libgdx/gdx/src/com/badlogic/gdx/scenes/scene2d/ui/Cell.java
RETURN_NULLABLE	returning @Nullable expression from method with @NonNull return type	com.badlogic.gdx.scenes.scene2d.ui.Cell	getColspan()	22889	/home/nima/Desktop/docker/benchmarks/libgdx/gdx/src/com/badlogic/gdx/scenes/scene2d/ui/Cell.java	METHOD	com.badlogic.gdx.scenes.scene2d.ui.Cell	getColspan()	null	null	/home/nima/Desktop/docker/benchmarks/libgdx/gdx/src/com/badlogic/gdx/scenes/scene2d/ui/Cell.java
ASSIGN_FIELD_NULLABLE	assigning @Nullable expression to @NonNull field	com.badlogic.gdx.scenes.scene2d.ui.Cell	clear()	23916	/home/nima/Desktop/docker/benchmarks/libgdx/gdx/src/com/badlogic/gdx/scenes/scene2d/ui/Cell.java	FIELD	com.badlogic.gdx.scenes.scene2d.ui.Cell	null	minWidth	null	/home/nima/Desktop/docker/benchmarks/libgdx/gdx/src/com/badlogic/gdx/scenes/scene2d/ui/Cell.java
ASSIGN_FIELD_NULLABLE	assigning @Nullable expression to @NonNull field	com.badlogic.gdx.scenes.scene2d.ui.Cell	clear()	23935	/home/nima/Desktop/docker/benchmarks/libgdx/gdx/src/com/badlogic/gdx/scenes/scene2d/ui/Cell.java	FIELD	com.badlogic.gdx.scenes.scene2d.ui.Cell	null	minHeight	null	/home/nima/Desktop/docker/benchmarks/libgdx/gdx/src/com/badlogic/gdx/scenes/scene2d/ui/Cell.java
ASSIGN_FIELD_NULLABLE	assigning @Nullable expression to @NonNull field	com.badlogic.gdx.scenes.scene2d.ui.Cell	clear()	23955	/home/nima/Desktop/docker/benchmarks/libgdx/gdx/src/com/badlogic/gdx/scenes/scene2d/ui/Cell.java	FIELD	com.badlogic.gdx.scenes.scene2d.ui.Cell	null	prefWidth	null	/home/nima/Desktop/docker/benchmarks/libgdx/gdx/src/com/badlogic/gdx/scenes/scene2d/ui/Cell.java
ASSIGN_FIELD_NULLABLE	assigning @Nullable expression to @NonNull field	com.badlogic.gdx.scenes.scene2d.ui.Cell	clear()	23975	/home/nima/Desktop/docker/benchmarks/libgdx/gdx/src/com/badlogic/gdx/scenes/scene2d/ui/Cell.java	FIELD	com.badlogic.gdx.scenes.scene2d.ui.Cell	null	prefHeight	null	/home/nima/Desktop/docker/benchmarks/libgdx/gdx/src/com/badlogic/gdx/scenes/scene2d/ui/Cell.java
ASSIGN_FIELD_NULLABLE	assigning @Nullable expression to @NonNull field	com.badlogic.gdx.scenes.scene2d.ui.Cell	clear()	23996	/home/nima/Desktop/docker/benchmarks/libgdx/gdx/src/com/badlogic/gdx/scenes/scene2d/ui/Cell.java	FIELD	com.badlogic.gdx.scenes.scene2d.ui.Cell	null	maxWidth	null	/home/nima/Desktop/docker/benchmarks/libgdx/gdx/src/com/badlogic/gdx/scenes/scene2d/ui/Cell.java
ASSIGN_FIELD_NULLABLE	assigning @Nullable expression to @NonNull field	com.badlogic.gdx.scenes.scene2d.ui.Cell	clear()	24015	/home/nima/Desktop/docker/benchmarks/libgdx/gdx/src/com/badlogic/gdx/scenes/scene2d/ui/Cell.java	FIELD	com.badlogic.gdx.scenes.scene2d.ui.Cell	null	maxHeight	null	/home/nima/Desktop/docker/benchmarks/libgdx/gdx/src/com/badlogic/gdx/scenes/scene2d/ui/Cell.java
ASSIGN_FIELD_NULLABLE	assigning @Nullable expression to @NonNull field	com.badlogic.gdx.scenes.scene2d.ui.Cell	clear()	24035	/home/nima/Desktop/docker/benchmarks/libgdx/gdx/src/com/badlogic/gdx/scenes/scene2d/ui/Cell.java	FIELD	com.badlogic.gdx.scenes.scene2d.ui.Cell	null	spaceTop	null	/home/nima/Desktop/docker/benchmarks/libgdx/gdx/src/com/badlogic/gdx/scenes/scene2d/ui/Cell.java
ASSIGN_FIELD_NULLABLE	assigning @Nullable expression to @NonNull field	com.badlogic.gdx.scenes.scene2d.ui.Cell	clear()	24054	/home/nima/Desktop/docker/benchmarks/libgdx/gdx/src/com/badlogic/gdx/scenes/scene2d/ui/Cell.java	FIELD	com.badlogic.gdx.scenes.scene2d.ui.Cell	null	spaceLeft	null	/home/nima/Desktop/docker/benchmarks/libgdx/gdx/src/com/badlogic/gdx/scenes/scene2d/ui/Cell.java
ASSIGN_FIELD_NULLABLE	assigning @Nullable expression to @NonNull field	com.badlogic.gdx.scenes.scene2d.ui.Cell	clear()	24074	/home/nima/Desktop/docker/benchmarks/libgdx/gdx/src/com/badlogic/gdx/scenes/scene2d/ui/Cell.java	FIELD	com.badlogic.gdx.scenes.scene2d.ui.Cell	null	spaceBottom	null	/home/nima/Desktop/docker/benchmarks/libgdx/gdx/src/com/badlogic/gdx/scenes/scene2d/ui/Cell.java
ASSIGN_FIELD_NULLABLE	assigning @Nullable expression to @NonNull field	com.badlogic.gdx.scenes.scene2d.ui.Cell	clear()	24096	/home/nima/Desktop/docker/benchmarks/libgdx/gdx/src/com/badlogic/gdx/scenes/scene2d/ui/Cell.java	FIELD	com.badlogic.gdx.scenes.scene2d.ui.Cell	null	spaceRight	null	/home/nima/Desktop/docker/benchmarks/libgdx/gdx/src/com/badlogic/gdx/scenes/scene2d/ui/Cell.java
ASSIGN_FIELD_NULLABLE	assigning @Nullable expression to @NonNull field	com.badlogic.gdx.scenes.scene2d.ui.Cell	clear()	24117	/home/nima/Desktop/docker/benchmarks/libgdx/gdx/src/com/badlogic/gdx/scenes/scene2d/ui/Cell.java	FIELD	com.badlogic.gdx.scenes.scene2d.ui.Cell	null	padTop	null	/home/nima/Desktop/docker/benchmarks/libgdx/gdx/src/com/badlogic/gdx/scenes/scene2d/ui/Cell.java
ASSIGN_FIELD_NULLABLE	assigning @Nullable expression to @NonNull field	com.badlogic.gdx.scenes.scene2d.ui.Cell	clear()	24134	/home/nima/Desktop/docker/benchmarks/libgdx/gdx/src/com/badlogic/gdx/scenes/scene2d/ui/Cell.java	FIELD	com.badlogic.gdx.scenes.scene2d.ui.Cell	null	padLeft	null	/home/nima/Desktop/docker/benchmarks/libgdx/gdx/src/com/badlogic/gdx/scenes/scene2d/ui/Cell.java
ASSIGN_FIELD_NULLABLE	assigning @Nullable expression to @NonNull field	com.badlogic.gdx.scenes.scene2d.ui.Cell	clear()	24152	/home/nima/Desktop/docker/benchmarks/libgdx/gdx/src/com/badlogic/gdx/scenes/scene2d/ui/Cell.java	FIELD	com.badlogic.gdx.scenes.scene2d.ui.Cell	null	padBottom	null	/home/nima/Desktop/docker/benchmarks/libgdx/gdx/src/com/badlogic/gdx/scenes/scene2d/ui/Cell.java
ASSIGN_FIELD_NULLABLE	assigning @Nullable expression to @NonNull field	com.badlogic.gdx.scenes.scene2d.ui.Cell	clear()	24172	/home/nima/Desktop/docker/benchmarks/libgdx/gdx/src/com/badlogic/gdx/scenes/scene2d/ui/Cell.java	FIELD	com.badlogic.gdx.scenes.scene2d.ui.Cell	null	padRight	null	/home/nima/Desktop/docker/benchmarks/libgdx/gdx/src/com/badlogic/gdx/scenes/scene2d/ui/Cell.java
ASSIGN_FIELD_NULLABLE	assigning @Nullable expression to @NonNull field	com.badlogic.gdx.scenes.scene2d.ui.Cell	clear()	24191	/home/nima/Desktop/docker/benchmarks/libgdx/gdx/src/com/badlogic/gdx/scenes/scene2d/ui/Cell.java	FIELD	com.badlogic.gdx.scenes.scene2d.ui.Cell	null	fillX	null	/home/nima/Desktop/docker/benchmarks/libgdx/gdx/src/com/badlogic/gdx/scenes/scene2d/ui/Cell.java
ASSIGN_FIELD_NULLABLE	assigning @Nullable expression to @NonNull field	com.badlogic.gdx.scenes.scene2d.ui.Cell	clear()	24207	/home/nima/Desktop/docker/benchmarks/libgdx/gdx/src/com/badlogic/gdx/scenes/scene2d/ui/Cell.java	FIELD	com.badlogic.gdx.scenes.scene2d.ui.Cell	null	fillY	null	/home/nima/Desktop/docker/benchmarks/libgdx/gdx/src/com/badlogic/gdx/scenes/scene2d/ui/Cell.java
ASSIGN_FIELD_NULLABLE	assigning @Nullable expression to @NonNull field	com.badlogic.gdx.scenes.scene2d.ui.Cell	clear()	24223	/home/nima/Desktop/docker/benchmarks/libgdx/gdx/src/com/badlogic/gdx/scenes/scene2d/ui/Cell.java	FIELD	com.badlogic.gdx.scenes.scene2d.ui.Cell	null	align	null	/home/nima/Desktop/docker/benchmarks/libgdx/gdx/src/com/badlogic/gdx/scenes/scene2d/ui/Cell.java
ASSIGN_FIELD_NULLABLE	assigning @Nullable expression to @NonNull field	com.badlogic.gdx.scenes.scene2d.ui.Cell	clear()	24239	/home/nima/Desktop/docker/benchmarks/libgdx/gdx/src/com/badlogic/gdx/scenes/scene2d/ui/Cell.java	FIELD	com.badlogic.gdx.scenes.scene2d.ui.Cell	null	expandX	null	/home/nima/Desktop/docker/benchmarks/libgdx/gdx/src/com/badlogic/gdx/scenes/scene2d/ui/Cell.java
ASSIGN_FIELD_NULLABLE	assigning @Nullable expression to @NonNull field	com.badlogic.gdx.scenes.scene2d.ui.Cell	clear()	24257	/home/nima/Desktop/docker/benchmarks/libgdx/gdx/src/com/badlogic/gdx/scenes/scene2d/ui/Cell.java	FIELD	com.badlogic.gdx.scenes.scene2d.ui.Cell	null	expandY	null	/home/nima/Desktop/docker/benchmarks/libgdx/gdx/src/com/badlogic/gdx/scenes/scene2d/ui/Cell.java
ASSIGN_FIELD_NULLABLE	assigning @Nullable expression to @NonNull field	com.badlogic.gdx.scenes.scene2d.ui.Cell	reset()	24476	/home/nima/Desktop/docker/benchmarks/libgdx/gdx/src/com/badlogic/gdx/scenes/scene2d/ui/Cell.java	FIELD	com.badlogic.gdx.scenes.scene2d.ui.Cell	null	actor	null	/home/nima/Desktop/docker/benchmarks/libgdx/gdx/src/com/badlogic/gdx/scenes/scene2d/ui/Cell.java
ASSIGN_FIELD_NULLABLE	assigning @Nullable expression to @NonNull field	com.badlogic.gdx.scenes.scene2d.ui.Cell	reset()	24492	/home/nima/Desktop/docker/benchmarks/libgdx/gdx/src/com/badlogic/gdx/scenes/scene2d/ui/Cell.java	FIELD	com.badlogic.gdx.scenes.scene2d.ui.Cell	null	table	null	/home/nima/Desktop/docker/benchmarks/libgdx/gdx/src/com/badlogic/gdx/scenes/scene2d/ui/Cell.java
DEREFERENCE_NULLABLE	dereferenced expression cell is @Nullable	com.badlogic.gdx.scenes.scene2d.ui.Cell	set(com.badlogic.gdx.scenes.scene2d.ui.Cell)	24617	/home/nima/Desktop/docker/benchmarks/libgdx/gdx/src/com/badlogic/gdx/scenes/scene2d/ui/Cell.java	null	null	null	null	null	null
METHOD_NO_INIT	initializer method does not guarantee @NonNull field pageGlyphIndices (line 55) is initialized along all control-flow paths (remember to check for exceptions or early returns).	com.badlogic.gdx.graphics.g2d.BitmapFontCache	BitmapFontCache(com.badlogic.gdx.graphics.g2d.BitmapFont,boolean)	2544	/home/nima/Desktop/docker/benchmarks/libgdx/gdx/src/com/badlogic/gdx/graphics/g2d/BitmapFontCache.java	null	null	null	null	null	null
METHOD_NO_INIT	initializer method does not guarantee @NonNull field data (line 44) is initialized along all control-flow paths (remember to check for exceptions or early returns).	com.badlogic.gdx.assets.loaders.BitmapFontLoader	BitmapFontLoader(com.badlogic.gdx.assets.loaders.FileHandleResolver)	1979	/home/nima/Desktop/docker/benchmarks/libgdx/gdx/src/com/badlogic/gdx/assets/loaders/BitmapFontLoader.java	null	null	null	null	null	null
PASS_NULLABLE	passing @Nullable parameter 'mtv' where @NonNull is required	com.badlogic.gdx.math.Intersector	overlapConvexPolygons(float[],float[],com.badlogic.gdx.math.Intersector.MinimumTranslationVector)	44706	/home/nima/Desktop/docker/benchmarks/libgdx/gdx/src/com/badlogic/gdx/math/Intersector.java	PARAMETER	com.badlogic.gdx.math.Intersector	overlapConvexPolygons(float[],int,int,float[],int,int,com.badlogic.gdx.math.Intersector.MinimumTranslationVector)	mtv	6	/home/nima/Desktop/docker/benchmarks/libgdx/gdx/src/com/badlogic/gdx/math/Intersector.java
METHOD_NO_INIT	initializer method does not guarantee @NonNull field worldVertices (line 23) is initialized along all control-flow paths (remember to check for exceptions or early returns).	com.badlogic.gdx.math.Polygon	Polygon()	1274	/home/nima/Desktop/docker/benchmarks/libgdx/gdx/src/com/badlogic/gdx/math/Polygon.java	null	null	null	null	null	null
METHOD_NO_INIT	initializer method does not guarantee @NonNull field worldVertices (line 23) is initialized along all control-flow paths (remember to check for exceptions or early returns).	com.badlogic.gdx.math.Polygon	Polygon(float[])	1691	/home/nima/Desktop/docker/benchmarks/libgdx/gdx/src/com/badlogic/gdx/math/Polygon.java	null	null	null	null	null	null
METHOD_NO_INIT	initializer method does not guarantee @NonNull field worldVertices (line 22) is initialized along all control-flow paths (remember to check for exceptions or early returns).	com.badlogic.gdx.math.Polyline	Polyline()	1256	/home/nima/Desktop/docker/benchmarks/libgdx/gdx/src/com/badlogic/gdx/math/Polyline.java	null	null	null	null	null	null
METHOD_NO_INIT	initializer method does not guarantee @NonNull field worldVertices (line 22) is initialized along all control-flow paths (remember to check for exceptions or early returns).	com.badlogic.gdx.math.Polyline	Polyline(float[])	1319	/home/nima/Desktop/docker/benchmarks/libgdx/gdx/src/com/badlogic/gdx/math/Polyline.java	null	null	null	null	null	null
METHOD_NO_INIT	initializer method does not guarantee @NonNull fields controlPoints (line 97), tmp (line 100), tmp2 (line 101), tmp3 (line 102) are initialized along all control-flow paths (remember to check for exceptions or early returns).	com.badlogic.gdx.math.CatmullRomSpline	CatmullRomSpline()	4795	/home/nima/Desktop/docker/benchmarks/libgdx/gdx/src/com/badlogic/gdx/math/CatmullRomSpline.java	null	null	null	null	null	null
METHOD_NO_INIT	initializer method does not guarantee @NonNull fields controlPoints (line 97), tmp (line 100), tmp2 (line 101), tmp3 (line 102) are initialized along all control-flow paths (remember to check for exceptions or early returns).	com.badlogic.gdx.math.CatmullRomSpline	CatmullRomSpline(T[],boolean)	4829	/home/nima/Desktop/docker/benchmarks/libgdx/gdx/src/com/badlogic/gdx/math/CatmullRomSpline.java	null	null	null	null	null	null
FIELD_NO_INIT	@NonNull field Octree$OctreeNode.children not initialized	com.badlogic.gdx.math.Octree$OctreeNode	children	4768	/home/nima/Desktop/docker/benchmarks/libgdx/gdx/src/com/badlogic/gdx/math/Octree.java	FIELD	com.badlogic.gdx.math.Octree$OctreeNode	null	children	null	/home/nima/Desktop/docker/benchmarks/libgdx/gdx/src/com/badlogic/gdx/math/Octree.java
METHOD_NO_INIT	initializer method does not guarantee @NonNull fields controlPoints (line 170), knots (line 171), tmp (line 175), tmp2 (line 176), tmp3 (line 177) are initialized along all control-flow paths (remember to check for exceptions or early returns).	com.badlogic.gdx.math.BSpline	BSpline()	8113	/home/nima/Desktop/docker/benchmarks/libgdx/gdx/src/com/badlogic/gdx/math/BSpline.java	null	null	null	null	null	null
METHOD_NO_INIT	initializer method does not guarantee @NonNull fields controlPoints (line 170), knots (line 171), tmp (line 175), tmp2 (line 176), tmp3 (line 177) are initialized along all control-flow paths (remember to check for exceptions or early returns).	com.badlogic.gdx.math.BSpline	BSpline(T[],int,boolean)	8138	/home/nima/Desktop/docker/benchmarks/libgdx/gdx/src/com/badlogic/gdx/math/BSpline.java	null	null	null	null	null	null
METHOD_NO_INIT	initializer method does not guarantee @NonNull fields tmp (line 119), tmp2 (line 120), tmp3 (line 121) are initialized along all control-flow paths (remember to check for exceptions or early returns).	com.badlogic.gdx.math.Bezier	Bezier()	5384	/home/nima/Desktop/docker/benchmarks/libgdx/gdx/src/com/badlogic/gdx/math/Bezier.java	null	null	null	null	null	null
METHOD_NO_INIT	initializer method does not guarantee @NonNull fields tmp (line 119), tmp2 (line 120), tmp3 (line 121) are initialized along all control-flow paths (remember to check for exceptions or early returns).	com.badlogic.gdx.math.Bezier	Bezier(T...)	5408	/home/nima/Desktop/docker/benchmarks/libgdx/gdx/src/com/badlogic/gdx/math/Bezier.java	null	null	null	null	null	null
METHOD_NO_INIT	initializer method does not guarantee @NonNull fields tmp (line 119), tmp2 (line 120), tmp3 (line 121) are initialized along all control-flow paths (remember to check for exceptions or early returns).	com.badlogic.gdx.math.Bezier	Bezier(T[],int,int)	5464	/home/nima/Desktop/docker/benchmarks/libgdx/gdx/src/com/badlogic/gdx/math/Bezier.java	null	null	null	null	null	null
METHOD_NO_INIT	initializer method does not guarantee @NonNull fields tmp (line 119), tmp2 (line 120), tmp3 (line 121) are initialized along all control-flow paths (remember to check for exceptions or early returns).	com.badlogic.gdx.math.Bezier	Bezier(com.badlogic.gdx.utils.Array<T>,int,int)	5571	/home/nima/Desktop/docker/benchmarks/libgdx/gdx/src/com/badlogic/gdx/math/Bezier.java	null	null	null	null	null	null
METHOD_NO_INIT	initializer method does not guarantee @NonNull fields lineOutBytes (line 196), curLineBytes (line 196), prevLineBytes (line 196) are initialized along all control-flow paths (remember to check for exceptions or early returns).	com.badlogic.gdx.graphics.PixmapIO$PNG	PNG(int)	7957	/home/nima/Desktop/docker/benchmarks/libgdx/gdx/src/com/badlogic/gdx/graphics/PixmapIO.java	null	null	null	null	null	null
METHOD_NO_INIT	initializer method does not guarantee @NonNull fields region (line 27), vertices (line 33) are initialized along all control-flow paths (remember to check for exceptions or early returns).	com.badlogic.gdx.graphics.g2d.PolygonSprite	PolygonSprite(com.badlogic.gdx.graphics.g2d.PolygonRegion)	1364	/home/nima/Desktop/docker/benchmarks/libgdx/gdx/src/com/badlogic/gdx/graphics/g2d/PolygonSprite.java	null	null	null	null	null	null
METHOD_NO_INIT	initializer method does not guarantee @NonNull fields region (line 27), vertices (line 33) are initialized along all control-flow paths (remember to check for exceptions or early returns).	com.badlogic.gdx.graphics.g2d.PolygonSprite	PolygonSprite(com.badlogic.gdx.graphics.g2d.PolygonSprite)	1616	/home/nima/Desktop/docker/benchmarks/libgdx/gdx/src/com/badlogic/gdx/graphics/g2d/PolygonSprite.java	null	null	null	null	null	null
PASS_NULLABLE	passing @Nullable parameter 'name' where @NonNull is required	com.badlogic.gdx.graphics.g2d.PixmapPacker	pack(java.lang.String,com.badlogic.gdx.graphics.Pixmap)	10120	/home/nima/Desktop/docker/benchmarks/libgdx/gdx/src/com/badlogic/gdx/graphics/g2d/PixmapPacker.java	PARAMETER	com.badlogic.gdx.graphics.g2d.PixmapPacker$PackStrategy	pack(com.badlogic.gdx.graphics.g2d.PixmapPacker,java.lang.String,com.badlogic.gdx.math.Rectangle)	name	1	/home/nima/Desktop/docker/benchmarks/libgdx/gdx/src/com/badlogic/gdx/graphics/g2d/PixmapPacker.java
METHOD_NO_INIT	initializer method does not guarantee @NonNull field texture (line 475) is initialized along all control-flow paths (remember to check for exceptions or early returns).	com.badlogic.gdx.graphics.g2d.PixmapPacker$Page	Page(com.badlogic.gdx.graphics.g2d.PixmapPacker)	18582	/home/nima/Desktop/docker/benchmarks/libgdx/gdx/src/com/badlogic/gdx/graphics/g2d/PixmapPacker.java	null	null	null	null	null	null
DEREFERENCE_NULLABLE	dereferenced expression node is @Nullable	com.badlogic.gdx.graphics.g2d.PixmapPacker$GuillotineStrategy	pack(com.badlogic.gdx.graphics.g2d.PixmapPacker,java.lang.String,com.badlogic.gdx.math.Rectangle)	21531	/home/nima/Desktop/docker/benchmarks/libgdx/gdx/src/com/badlogic/gdx/graphics/g2d/PixmapPacker.java	null	null	null	null	null	null
METHOD_NO_INIT	initializer method does not guarantee @NonNull fields textures (line 972), counts (line 973) are initialized along all control-flow paths (remember to check for exceptions or early returns).	com.badlogic.gdx.graphics.g2d.SpriteCache$Cache	Cache(int,int)	29487	/home/nima/Desktop/docker/benchmarks/libgdx/gdx/src/com/badlogic/gdx/graphics/g2d/SpriteCache.java	null	null	null	null	null	null
METHOD_NO_INIT	initializer method does not guarantee @NonNull field keyFrames (line 43) is initialized along all control-flow paths (remember to check for exceptions or early returns).	com.badlogic.gdx.graphics.g2d.Animation	Animation(float,com.badlogic.gdx.utils.Array<? extends T>)	2373	/home/nima/Desktop/docker/benchmarks/libgdx/gdx/src/com/badlogic/gdx/graphics/g2d/Animation.java	null	null	null	null	null	null
METHOD_NO_INIT	initializer method does not guarantee @NonNull field keyFrames (line 43) is initialized along all control-flow paths (remember to check for exceptions or early returns).	com.badlogic.gdx.graphics.g2d.Animation	Animation(float,T...)	3413	/home/nima/Desktop/docker/benchmarks/libgdx/gdx/src/com/badlogic/gdx/graphics/g2d/Animation.java	null	null	null	null	null	null
FIELD_NO_INIT	@NonNull field region not initialized	com.badlogic.gdx.graphics.g2d.RepeatablePolygonSprite	region	1191	/home/nima/Desktop/docker/benchmarks/libgdx/gdx/src/com/badlogic/gdx/graphics/g2d/RepeatablePolygonSprite.java	FIELD	com.badlogic.gdx.graphics.g2d.RepeatablePolygonSprite	null	region	null	/home/nima/Desktop/docker/benchmarks/libgdx/gdx/src/com/badlogic/gdx/graphics/g2d/RepeatablePolygonSprite.java
DEREFERENCE_NULLABLE	dereferenced expression managedTextureArrays.get(Gdx.app) is @Nullable	com.badlogic.gdx.graphics.TextureArray	getNumManagedTextureArrays()	4830	/home/nima/Desktop/docker/benchmarks/libgdx/gdx/src/com/badlogic/gdx/graphics/TextureArray.java	null	null	null	null	null	null
METHOD_NO_INIT	initializer method does not guarantee @NonNull fields attributes (line 44), buffer (line 45), byteBuffer (line 46) are initialized along all control-flow paths (remember to check for exceptions or early returns).	com.badlogic.gdx.graphics.glutils.VertexBufferObject	VertexBufferObject(boolean,int,com.badlogic.gdx.graphics.VertexAttributes)	2610	/home/nima/Desktop/docker/benchmarks/libgdx/gdx/src/com/badlogic/gdx/graphics/glutils/VertexBufferObject.java	null	null	null	null	null	null
METHOD_NO_INIT	initializer method does not guarantee @NonNull fields attributes (line 44), buffer (line 45), byteBuffer (line 46) are initialized along all control-flow paths (remember to check for exceptions or early returns).	com.badlogic.gdx.graphics.glutils.VertexBufferObject	VertexBufferObject(int,java.nio.ByteBuffer,boolean,com.badlogic.gdx.graphics.VertexAttributes)	2971	/home/nima/Desktop/docker/benchmarks/libgdx/gdx/src/com/badlogic/gdx/graphics/glutils/VertexBufferObject.java	null	null	null	null	null	null
METHOD_NO_INIT	initializer method does not guarantee @NonNull field bufferBuilder (line 84) is initialized along all control-flow paths (remember to check for exceptions or early returns).	com.badlogic.gdx.graphics.glutils.GLFrameBuffer	GLFrameBuffer()	3389	/home/nima/Desktop/docker/benchmarks/libgdx/gdx/src/com/badlogic/gdx/graphics/glutils/GLFrameBuffer.java	null	null	null	null	null	null
METHOD_NO_INIT	initializer method does not guarantee @NonNull fields stencilRenderBufferSpec (line 449), depthRenderBufferSpec (line 450), packedStencilDepthRenderBufferSpec (line 451) are initialized along all control-flow paths (remember to check for exceptions or early returns).	com.badlogic.gdx.graphics.glutils.GLFrameBuffer$GLFrameBufferBuilder	GLFrameBufferBuilder(int,int)	17681	/home/nima/Desktop/docker/benchmarks/libgdx/gdx/src/com/badlogic/gdx/graphics/glutils/GLFrameBuffer.java	null	null	null	null	null	null
METHOD_NO_INIT	initializer method does not guarantee @NonNull fields attributes (line 37), buffer (line 38), byteBuffer (line 39) are initialized along all control-flow paths (remember to check for exceptions or early returns).	com.badlogic.gdx.graphics.glutils.InstanceBufferObject	InstanceBufferObject(boolean,int,com.badlogic.gdx.graphics.VertexAttributes)	1802	/home/nima/Desktop/docker/benchmarks/libgdx/gdx/src/com/badlogic/gdx/graphics/glutils/InstanceBufferObject.java	null	null	null	null	null	null
WRONG_OVERRIDE_RETURN	method returns @Nullable, but superclass method com.badlogic.gdx.graphics.TextureData.consumePixmap() returns @NonNull	com.badlogic.gdx.graphics.glutils.FileTextureData	consumePixmap()	2153	/home/nima/Desktop/docker/benchmarks/libgdx/gdx/src/com/badlogic/gdx/graphics/glutils/FileTextureData.java	METHOD	com.badlogic.gdx.graphics.TextureData	consumePixmap()	null	null	/home/nima/Desktop/docker/benchmarks/libgdx/gdx/src/com/badlogic/gdx/graphics/TextureData.java
WRONG_OVERRIDE_RETURN	method returns @Nullable, but superclass method com.badlogic.gdx.graphics.TextureData.getFormat() returns @NonNull	com.badlogic.gdx.graphics.glutils.FileTextureData	getFormat()	2580	/home/nima/Desktop/docker/benchmarks/libgdx/gdx/src/com/badlogic/gdx/graphics/glutils/FileTextureData.java	METHOD	com.badlogic.gdx.graphics.TextureData	getFormat()	null	null	/home/nima/Desktop/docker/benchmarks/libgdx/gdx/src/com/badlogic/gdx/graphics/TextureData.java
METHOD_NO_INIT	initializer method does not guarantee @NonNull field data (line 31) is initialized along all control-flow paths (remember to check for exceptions or early returns).	com.badlogic.gdx.graphics.glutils.ETC1TextureData	ETC1TextureData(com.badlogic.gdx.files.FileHandle,boolean)	1441	/home/nima/Desktop/docker/benchmarks/libgdx/gdx/src/com/badlogic/gdx/graphics/glutils/ETC1TextureData.java	null	null	null	null	null	null
ASSIGN_FIELD_NULLABLE	assigning @Nullable expression to @NonNull field	com.badlogic.gdx.graphics.glutils.ETC1TextureData	consumeCustomData(int)	3070	/home/nima/Desktop/docker/benchmarks/libgdx/gdx/src/com/badlogic/gdx/graphics/glutils/ETC1TextureData.java	FIELD	com.badlogic.gdx.graphics.glutils.ETC1TextureData	null	data	null	/home/nima/Desktop/docker/benchmarks/libgdx/gdx/src/com/badlogic/gdx/graphics/glutils/ETC1TextureData.java
METHOD_NO_INIT	initializer method does not guarantee @NonNull field buffer (line 45) is initialized along all control-flow paths (remember to check for exceptions or early returns).	com.badlogic.gdx.graphics.glutils.FloatTextureData	FloatTextureData(int,int,int,int,int,boolean)	1556	/home/nima/Desktop/docker/benchmarks/libgdx/gdx/src/com/badlogic/gdx/graphics/glutils/FloatTextureData.java	null	null	null	null	null	null
PASS_NULLABLE	passing @Nullable parameter 'null' where @NonNull is required	com.badlogic.gdx.graphics.glutils.GLOnlyTextureData	consumeCustomData(int)	3020	/home/nima/Desktop/docker/benchmarks/libgdx/gdx/src/com/badlogic/gdx/graphics/glutils/GLOnlyTextureData.java	PARAMETER	com.badlogic.gdx.graphics.GL20	glTexImage2D(int,int,int,int,int,int,int,int,java.nio.Buffer)	pixels	8	/home/nima/Desktop/docker/benchmarks/libgdx/gdx/src/com/badlogic/gdx/graphics/GL20.java
ASSIGN_FIELD_NULLABLE	assigning @Nullable expression to @NonNull field	com.badlogic.gdx.graphics.g3d.environment.DirectionalShadowLight	dispose()	3636	/home/nima/Desktop/docker/benchmarks/libgdx/gdx/src/com/badlogic/gdx/graphics/g3d/environment/DirectionalShadowLight.java	FIELD	com.badlogic.gdx.graphics.g3d.environment.DirectionalShadowLight	null	fbo	null	/home/nima/Desktop/docker/benchmarks/libgdx/gdx/src/com/badlogic/gdx/graphics/g3d/environment/DirectionalShadowLight.java
METHOD_NO_INIT	initializer method does not guarantee @NonNull field camera (line 63) is initialized along all control-flow paths (remember to check for exceptions or early returns).	com.badlogic.gdx.graphics.g3d.ModelBatch	ModelBatch(com.badlogic.gdx.graphics.g3d.utils.RenderContext,com.badlogic.gdx.graphics.g3d.utils.ShaderProvider,com.badlogic.gdx.graphics.g3d.utils.RenderableSorter)	3612	/home/nima/Desktop/docker/benchmarks/libgdx/gdx/src/com/badlogic/gdx/graphics/g3d/ModelBatch.java	null	null	null	null	null	null
ASSIGN_FIELD_NULLABLE	assigning @Nullable expression to @NonNull field	com.badlogic.gdx.graphics.g3d.ModelBatch$RenderablePool	obtain()	2526	/home/nima/Desktop/docker/benchmarks/libgdx/gdx/src/com/badlogic/gdx/graphics/g3d/ModelBatch.java	FIELD	com.badlogic.gdx.graphics.g3d.Renderable	null	material	null	/home/nima/Desktop/docker/benchmarks/libgdx/gdx/src/com/badlogic/gdx/graphics/g3d/Renderable.java
ASSIGN_FIELD_NULLABLE	assigning @Nullable expression to @NonNull field	com.badlogic.gdx.graphics.g3d.ModelBatch	end()	10363	/home/nima/Desktop/docker/benchmarks/libgdx/gdx/src/com/badlogic/gdx/graphics/g3d/ModelBatch.java	FIELD	com.badlogic.gdx.graphics.g3d.ModelBatch	null	camera	null	/home/nima/Desktop/docker/benchmarks/libgdx/gdx/src/com/badlogic/gdx/graphics/g3d/ModelBatch.java
FIELD_NO_INIT	@NonNull field textureRegion not initialized	com.badlogic.gdx.graphics.g3d.decals.DecalMaterial	textureRegion	1039	/home/nima/Desktop/docker/benchmarks/libgdx/gdx/src/com/badlogic/gdx/graphics/g3d/decals/DecalMaterial.java	FIELD	com.badlogic.gdx.graphics.g3d.decals.DecalMaterial	null	textureRegion	null	/home/nima/Desktop/docker/benchmarks/libgdx/gdx/src/com/badlogic/gdx/graphics/g3d/decals/DecalMaterial.java
METHOD_NO_INIT	initializer method does not guarantee @NonNull fields vertices (line 55), mesh (line 56), groupStrategy (line 59) are initialized along all control-flow paths (remember to check for exceptions or early returns).	com.badlogic.gdx.graphics.g3d.decals.DecalBatch	DecalBatch(int,com.badlogic.gdx.graphics.g3d.decals.GroupStrategy)	3268	/home/nima/Desktop/docker/benchmarks/libgdx/gdx/src/com/badlogic/gdx/graphics/g3d/decals/DecalBatch.java	null	null	null	null	null	null
PASS_NULLABLE	passing @Nullable parameter 'shader' where @NonNull is required	com.badlogic.gdx.graphics.g3d.decals.DecalBatch	render()	5824	/home/nima/Desktop/docker/benchmarks/libgdx/gdx/src/com/badlogic/gdx/graphics/g3d/decals/DecalBatch.java	PARAMETER	com.badlogic.gdx.graphics.g3d.decals.DecalBatch	render(com.badlogic.gdx.graphics.glutils.ShaderProgram,com.badlogic.gdx.utils.Array<com.badlogic.gdx.graphics.g3d.decals.Decal>)	shader	0	/home/nima/Desktop/docker/benchmarks/libgdx/gdx/src/com/badlogic/gdx/graphics/g3d/decals/DecalBatch.java
ASSIGN_FIELD_NULLABLE	assigning @Nullable expression to @NonNull field	com.badlogic.gdx.graphics.g3d.decals.DecalBatch	dispose()	7537	/home/nima/Desktop/docker/benchmarks/libgdx/gdx/src/com/badlogic/gdx/graphics/g3d/decals/DecalBatch.java	FIELD	com.badlogic.gdx.graphics.g3d.decals.DecalBatch	null	vertices	null	/home/nima/Desktop/docker/benchmarks/libgdx/gdx/src/com/badlogic/gdx/graphics/g3d/decals/DecalBatch.java
FIELD_NO_INIT	@NonNull static field indices not initialized	com.badlogic.gdx.graphics.g3d.utils.shapebuilders.RenderableShapeBuilder	indices	1886	/home/nima/Desktop/docker/benchmarks/libgdx/gdx/src/com/badlogic/gdx/graphics/g3d/utils/shapebuilders/RenderableShapeBuilder.java	FIELD	com.badlogic.gdx.graphics.g3d.utils.shapebuilders.RenderableShapeBuilder	null	indices	null	/home/nima/Desktop/docker/benchmarks/libgdx/gdx/src/com/badlogic/gdx/graphics/g3d/utils/shapebuilders/RenderableShapeBuilder.java
FIELD_NO_INIT	@NonNull static field vertices not initialized	com.badlogic.gdx.graphics.g3d.utils.shapebuilders.RenderableShapeBuilder	vertices	1919	/home/nima/Desktop/docker/benchmarks/libgdx/gdx/src/com/badlogic/gdx/graphics/g3d/utils/shapebuilders/RenderableShapeBuilder.java	FIELD	com.badlogic.gdx.graphics.g3d.utils.shapebuilders.RenderableShapeBuilder	null	vertices	null	/home/nima/Desktop/docker/benchmarks/libgdx/gdx/src/com/badlogic/gdx/graphics/g3d/utils/shapebuilders/RenderableShapeBuilder.java
ASSIGN_FIELD_NULLABLE	assigning @Nullable expression to @NonNull field	com.badlogic.gdx.graphics.g3d.utils.shapebuilders.RenderableShapeBuilder$RenderablePool	obtain()	1720	/home/nima/Desktop/docker/benchmarks/libgdx/gdx/src/com/badlogic/gdx/graphics/g3d/utils/shapebuilders/RenderableShapeBuilder.java	FIELD	com.badlogic.gdx.graphics.g3d.Renderable	null	material	null	/home/nima/Desktop/docker/benchmarks/libgdx/gdx/src/com/badlogic/gdx/graphics/g3d/Renderable.java
PASS_NULLABLE	passing @Nullable parameter 'pool' where @NonNull is required	com.badlogic.gdx.graphics.g3d.utils.BaseAnimationController	applyAnimation(com.badlogic.gdx.utils.ObjectMap<com.badlogic.gdx.graphics.g3d.model.Node,com.badlogic.gdx.graphics.g3d.utils.BaseAnimationController.Transform>,com.badlogic.gdx.utils.Pool<com.badlogic.gdx.graphics.g3d.utils.BaseAnimationController.Transform>,float,com.badlogic.gdx.graphics.g3d.model.Animation,float)	10944	/home/nima/Desktop/docker/benchmarks/libgdx/gdx/src/com/badlogic/gdx/graphics/g3d/utils/BaseAnimationController.java	PARAMETER	com.badlogic.gdx.graphics.g3d.utils.BaseAnimationController	applyNodeAnimationBlending(com.badlogic.gdx.graphics.g3d.model.NodeAnimation,com.badlogic.gdx.utils.ObjectMap<com.badlogic.gdx.graphics.g3d.model.Node,com.badlogic.gdx.graphics.g3d.utils.BaseAnimationController.Transform>,com.badlogic.gdx.utils.Pool<com.badlogic.gdx.graphics.g3d.utils.BaseAnimationController.Transform>,float,float)	pool	2	/home/nima/Desktop/docker/benchmarks/libgdx/gdx/src/com/badlogic/gdx/graphics/g3d/utils/BaseAnimationController.java
ASSIGN_FIELD_NULLABLE	assigning @Nullable expression to @NonNull field	com.badlogic.gdx.graphics.g3d.utils.MeshBuilder	end(com.badlogic.gdx.graphics.Mesh)	11554	/home/nima/Desktop/docker/benchmarks/libgdx/gdx/src/com/badlogic/gdx/graphics/g3d/utils/MeshBuilder.java	FIELD	com.badlogic.gdx.graphics.g3d.utils.MeshBuilder	null	attributes	null	/home/nima/Desktop/docker/benchmarks/libgdx/gdx/src/com/badlogic/gdx/graphics/g3d/utils/MeshBuilder.java
ASSIGN_FIELD_NULLABLE	assigning @Nullable expression to @NonNull field	com.badlogic.gdx.graphics.g3d.shaders.DefaultShader	init()	30072	/home/nima/Desktop/docker/benchmarks/libgdx/gdx/src/com/badlogic/gdx/graphics/g3d/shaders/DefaultShader.java	FIELD	com.badlogic.gdx.graphics.g3d.shaders.BaseShader	null	program	null	/home/nima/Desktop/docker/benchmarks/libgdx/gdx/src/com/badlogic/gdx/graphics/g3d/shaders/BaseShader.java
METHOD_NO_INIT	initializer method does not guarantee @NonNull fields context (line 114), camera (line 115) are initialized along all control-flow paths (remember to check for exceptions or early returns).	com.badlogic.gdx.graphics.g3d.shaders.BaseShader	init(com.badlogic.gdx.graphics.glutils.ShaderProgram,com.badlogic.gdx.graphics.g3d.Renderable)	6452	/home/nima/Desktop/docker/benchmarks/libgdx/gdx/src/com/badlogic/gdx/graphics/g3d/shaders/BaseShader.java	null	null	null	null	null	null
PASS_NULLABLE	passing @Nullable parameter 'null' where @NonNull is required	com.badlogic.gdx.graphics.g3d.shaders.BaseShader	begin(com.badlogic.gdx.graphics.Camera,com.badlogic.gdx.graphics.g3d.utils.RenderContext)	8007	/home/nima/Desktop/docker/benchmarks/libgdx/gdx/src/com/badlogic/gdx/graphics/g3d/shaders/BaseShader.java	PARAMETER	com.badlogic.gdx.graphics.g3d.shaders.BaseShader$Setter	set(com.badlogic.gdx.graphics.g3d.shaders.BaseShader,int,com.badlogic.gdx.graphics.g3d.Renderable,com.badlogic.gdx.graphics.g3d.Attributes)	renderable	2	/home/nima/Desktop/docker/benchmarks/libgdx/gdx/src/com/badlogic/gdx/graphics/g3d/shaders/BaseShader.java
PASS_NULLABLE	passing @Nullable parameter 'null' where @NonNull is required	com.badlogic.gdx.graphics.g3d.shaders.BaseShader	begin(com.badlogic.gdx.graphics.Camera,com.badlogic.gdx.graphics.g3d.utils.RenderContext)	8007	/home/nima/Desktop/docker/benchmarks/libgdx/gdx/src/com/badlogic/gdx/graphics/g3d/shaders/BaseShader.java	PARAMETER	com.badlogic.gdx.graphics.g3d.shaders.BaseShader$Setter	set(com.badlogic.gdx.graphics.g3d.shaders.BaseShader,int,com.badlogic.gdx.graphics.g3d.Renderable,com.badlogic.gdx.graphics.g3d.Attributes)	combinedAttributes	3	/home/nima/Desktop/docker/benchmarks/libgdx/gdx/src/com/badlogic/gdx/graphics/g3d/shaders/BaseShader.java
ASSIGN_FIELD_NULLABLE	assigning @Nullable expression to @NonNull field	com.badlogic.gdx.graphics.g3d.shaders.BaseShader	dispose()	9545	/home/nima/Desktop/docker/benchmarks/libgdx/gdx/src/com/badlogic/gdx/graphics/g3d/shaders/BaseShader.java	FIELD	com.badlogic.gdx.graphics.g3d.shaders.BaseShader	null	program	null	/home/nima/Desktop/docker/benchmarks/libgdx/gdx/src/com/badlogic/gdx/graphics/g3d/shaders/BaseShader.java
ASSIGN_FIELD_NULLABLE	assigning @Nullable expression to @NonNull field	com.badlogic.gdx.graphics.g3d.shaders.BaseShader	dispose()	9675	/home/nima/Desktop/docker/benchmarks/libgdx/gdx/src/com/badlogic/gdx/graphics/g3d/shaders/BaseShader.java	FIELD	com.badlogic.gdx.graphics.g3d.shaders.BaseShader	null	locations	null	/home/nima/Desktop/docker/benchmarks/libgdx/gdx/src/com/badlogic/gdx/graphics/g3d/shaders/BaseShader.java
METHOD_NO_INIT	initializer method does not guarantee @NonNull fields listener (line 58), animation (line 60) are initialized along all control-flow paths (remember to check for exceptions or early returns).	com.badlogic.gdx.graphics.g3d.utils.AnimationController$AnimationDesc	AnimationDesc()	3516	/home/nima/Desktop/docker/benchmarks/libgdx/gdx/src/com/badlogic/gdx/graphics/g3d/utils/AnimationController.java	null	null	null	null	null	null
ASSIGN_FIELD_NULLABLE	assigning @Nullable expression to @NonNull field	com.badlogic.gdx.graphics.g3d.utils.AnimationController	obtain(com.badlogic.gdx.graphics.g3d.model.Animation,float,float,int,float,com.badlogic.gdx.graphics.g3d.utils.AnimationController.AnimationListener)	6413	/home/nima/Desktop/docker/benchmarks/libgdx/gdx/src/com/badlogic/gdx/graphics/g3d/utils/AnimationController.java	FIELD	com.badlogic.gdx.graphics.g3d.utils.AnimationController$AnimationDesc	null	listener	null	/home/nima/Desktop/docker/benchmarks/libgdx/gdx/src/com/badlogic/gdx/graphics/g3d/utils/AnimationController.java
RETURN_NULLABLE	returning @Nullable expression from method with @NonNull return type	com.badlogic.gdx.graphics.g3d.utils.AnimationController	obtain(java.lang.String,float,float,int,float,com.badlogic.gdx.graphics.g3d.utils.AnimationController.AnimationListener)	6839	/home/nima/Desktop/docker/benchmarks/libgdx/gdx/src/com/badlogic/gdx/graphics/g3d/utils/AnimationController.java	METHOD	com.badlogic.gdx.graphics.g3d.utils.AnimationController	obtain(java.lang.String,float,float,int,float,com.badlogic.gdx.graphics.g3d.utils.AnimationController.AnimationListener)	null	null	/home/nima/Desktop/docker/benchmarks/libgdx/gdx/src/com/badlogic/gdx/graphics/g3d/utils/AnimationController.java
DEREFERENCE_NULLABLE	dereferenced expression model is @Nullable	com.badlogic.gdx.graphics.g3d.utils.ModelBuilder	node()	4011	/home/nima/Desktop/docker/benchmarks/libgdx/gdx/src/com/badlogic/gdx/graphics/g3d/utils/ModelBuilder.java	null	null	null	null	null	null
RETURN_NULLABLE	returning @Nullable expression from method with @NonNull return type	com.badlogic.gdx.graphics.g3d.particles.ParallelArray	<T>getChannel(com.badlogic.gdx.graphics.g3d.particles.ParallelArray.ChannelDescriptor)	8497	/home/nima/Desktop/docker/benchmarks/libgdx/gdx/src/com/badlogic/gdx/graphics/g3d/particles/ParallelArray.java	METHOD	com.badlogic.gdx.graphics.g3d.particles.ParallelArray	<T>getChannel(com.badlogic.gdx.graphics.g3d.particles.ParallelArray.ChannelDescriptor)	null	null	/home/nima/Desktop/docker/benchmarks/libgdx/gdx/src/com/badlogic/gdx/graphics/g3d/particles/ParallelArray.java
METHOD_NO_INIT	initializer method does not guarantee @NonNull field resource (line 150) is initialized along all control-flow paths (remember to check for exceptions or early returns).	com.badlogic.gdx.graphics.g3d.particles.ResourceData	ResourceData()	5875	/home/nima/Desktop/docker/benchmarks/libgdx/gdx/src/com/badlogic/gdx/graphics/g3d/particles/ResourceData.java	null	null	null	null	null	null
METHOD_NO_INIT	initializer method does not guarantee @NonNull field resources (line 58) is initialized along all control-flow paths (remember to check for exceptions or early returns).	com.badlogic.gdx.graphics.g3d.particles.ResourceData$SaveData	SaveData()	3225	/home/nima/Desktop/docker/benchmarks/libgdx/gdx/src/com/badlogic/gdx/graphics/g3d/particles/ResourceData.java	null	null	null	null	null	null
RETURN_NULLABLE	returning @Nullable expression from method with @NonNull return type	com.badlogic.gdx.graphics.g3d.particles.ResourceData$SaveData	loadAsset()	3925	/home/nima/Desktop/docker/benchmarks/libgdx/gdx/src/com/badlogic/gdx/graphics/g3d/particles/ResourceData.java	METHOD	com.badlogic.gdx.graphics.g3d.particles.ResourceData$SaveData	loadAsset()	null	null	/home/nima/Desktop/docker/benchmarks/libgdx/gdx/src/com/badlogic/gdx/graphics/g3d/particles/ResourceData.java
METHOD_NO_INIT	initializer method does not guarantee @NonNull fields filename (line 111), type (line 112) are initialized along all control-flow paths (remember to check for exceptions or early returns).	com.badlogic.gdx.graphics.g3d.particles.ResourceData$AssetData	AssetData()	4709	/home/nima/Desktop/docker/benchmarks/libgdx/gdx/src/com/badlogic/gdx/graphics/g3d/particles/ResourceData.java	null	null	null	null	null	null
METHOD_NO_INIT	initializer method does not guarantee @NonNull field modelChannel (line 120) is initialized along all control-flow paths (remember to check for exceptions or early returns).	com.badlogic.gdx.graphics.g3d.particles.influencers.ModelInfluencer	ModelInfluencer()	3436	/home/nima/Desktop/docker/benchmarks/libgdx/gdx/src/com/badlogic/gdx/graphics/g3d/particles/influencers/ModelInfluencer.java	null	null	null	null	null	null
METHOD_NO_INIT	initializer method does not guarantee @NonNull field modelChannel (line 120) is initialized along all control-flow paths (remember to check for exceptions or early returns).	com.badlogic.gdx.graphics.g3d.particles.influencers.ModelInfluencer	ModelInfluencer(com.badlogic.gdx.graphics.g3d.Model...)	3525	/home/nima/Desktop/docker/benchmarks/libgdx/gdx/src/com/badlogic/gdx/graphics/g3d/particles/influencers/ModelInfluencer.java	null	null	null	null	null	null
FIELD_NO_INIT	@NonNull field controller not initialized	com.badlogic.gdx.graphics.g3d.particles.ParticleControllerComponent	controller	1917	/home/nima/Desktop/docker/benchmarks/libgdx/gdx/src/com/badlogic/gdx/graphics/g3d/particles/ParticleControllerComponent.java	FIELD	com.badlogic.gdx.graphics.g3d.particles.ParticleControllerComponent	null	controller	null	/home/nima/Desktop/docker/benchmarks/libgdx/gdx/src/com/badlogic/gdx/graphics/g3d/particles/ParticleControllerComponent.java
METHOD_NO_INIT	initializer method does not guarantee @NonNull fields name (line 44), emitter (line 47), renderer (line 53), particles (line 56), particleChannels (line 57), boundingBox (line 66) are initialized along all control-flow paths (remember to check for exceptions or early returns).	com.badlogic.gdx.graphics.g3d.particles.ParticleController	ParticleController()	2732	/home/nima/Desktop/docker/benchmarks/libgdx/gdx/src/com/badlogic/gdx/graphics/g3d/particles/ParticleController.java	null	null	null	null	null	null
METHOD_NO_INIT	initializer method does not guarantee @NonNull fields batch (line 29), renderData (line 30) are initialized along all control-flow paths (remember to check for exceptions or early returns).	com.badlogic.gdx.graphics.g3d.particles.renderers.ParticleControllerRenderer	ParticleControllerRenderer()	1438	/home/nima/Desktop/docker/benchmarks/libgdx/gdx/src/com/badlogic/gdx/graphics/g3d/particles/renderers/ParticleControllerRenderer.java	null	null	null	null	null	null
METHOD_NO_INIT	initializer method does not guarantee @NonNull field batch (line 29) is initialized along all control-flow paths (remember to check for exceptions or early returns).	com.badlogic.gdx.graphics.g3d.particles.renderers.ParticleControllerRenderer	ParticleControllerRenderer(D)	1485	/home/nima/Desktop/docker/benchmarks/libgdx/gdx/src/com/badlogic/gdx/graphics/g3d/particles/renderers/ParticleControllerRenderer.java	null	null	null	null	null	null
FIELD_NO_INIT	@NonNull field controller not initialized	com.badlogic.gdx.graphics.g3d.particles.renderers.ParticleControllerRenderData	controller	1124	/home/nima/Desktop/docker/benchmarks/libgdx/gdx/src/com/badlogic/gdx/graphics/g3d/particles/renderers/ParticleControllerRenderData.java	FIELD	com.badlogic.gdx.graphics.g3d.particles.renderers.ParticleControllerRenderData	null	controller	null	/home/nima/Desktop/docker/benchmarks/libgdx/gdx/src/com/badlogic/gdx/graphics/g3d/particles/renderers/ParticleControllerRenderData.java
FIELD_NO_INIT	@NonNull field positionChannel not initialized	com.badlogic.gdx.graphics.g3d.particles.renderers.ParticleControllerRenderData	positionChannel	1163	/home/nima/Desktop/docker/benchmarks/libgdx/gdx/src/com/badlogic/gdx/graphics/g3d/particles/renderers/ParticleControllerRenderData.java	FIELD	com.badlogic.gdx.graphics.g3d.particles.renderers.ParticleControllerRenderData	null	positionChannel	null	/home/nima/Desktop/docker/benchmarks/libgdx/gdx/src/com/badlogic/gdx/graphics/g3d/particles/renderers/ParticleControllerRenderData.java
METHOD_NO_INIT	initializer method does not guarantee @NonNull field particleControllerChannel (line 164) is initialized along all control-flow paths (remember to check for exceptions or early returns).	com.badlogic.gdx.graphics.g3d.particles.influencers.ParticleControllerInfluencer	ParticleControllerInfluencer()	4923	/home/nima/Desktop/docker/benchmarks/libgdx/gdx/src/com/badlogic/gdx/graphics/g3d/particles/influencers/ParticleControllerInfluencer.java	null	null	null	null	null	null
METHOD_NO_INIT	initializer method does not guarantee @NonNull field particleControllerChannel (line 164) is initialized along all control-flow paths (remember to check for exceptions or early returns).	com.badlogic.gdx.graphics.g3d.particles.influencers.ParticleControllerInfluencer	ParticleControllerInfluencer(com.badlogic.gdx.graphics.g3d.particles.ParticleController...)	5054	/home/nima/Desktop/docker/benchmarks/libgdx/gdx/src/com/badlogic/gdx/graphics/g3d/particles/influencers/ParticleControllerInfluencer.java	null	null	null	null	null	null
METHOD_NO_INIT	initializer method does not guarantee @NonNull fields valueChannel (line 33), interpolationChannel (line 33), lifeChannel (line 33), valueChannelDescriptor (line 34) are initialized along all control-flow paths (remember to check for exceptions or early returns).	com.badlogic.gdx.graphics.g3d.particles.influencers.SimpleInfluencer	SimpleInfluencer()	1612	/home/nima/Desktop/docker/benchmarks/libgdx/gdx/src/com/badlogic/gdx/graphics/g3d/particles/influencers/SimpleInfluencer.java	null	null	null	null	null	null
METHOD_NO_INIT	initializer method does not guarantee @NonNull field lifeChannel (line 495) is initialized along all control-flow paths (remember to check for exceptions or early returns).	com.badlogic.gdx.graphics.g3d.particles.influencers.DynamicsModifier	DynamicsModifier()	19347	/home/nima/Desktop/docker/benchmarks/libgdx/gdx/src/com/badlogic/gdx/graphics/g3d/particles/influencers/DynamicsModifier.java	null	null	null	null	null	null
METHOD_NO_INIT	initializer method does not guarantee @NonNull field lifeChannel (line 495) is initialized along all control-flow paths (remember to check for exceptions or early returns).	com.badlogic.gdx.graphics.g3d.particles.influencers.DynamicsModifier	DynamicsModifier(com.badlogic.gdx.graphics.g3d.particles.influencers.DynamicsModifier)	19381	/home/nima/Desktop/docker/benchmarks/libgdx/gdx/src/com/badlogic/gdx/graphics/g3d/particles/influencers/DynamicsModifier.java	null	null	null	null	null	null
DEREFERENCE_NULLABLE	dereferenced expression rotationChannel is @Nullable	com.badlogic.gdx.graphics.g3d.particles.influencers.DynamicsModifier$FaceDirection	update()	2472	/home/nima/Desktop/docker/benchmarks/libgdx/gdx/src/com/badlogic/gdx/graphics/g3d/particles/influencers/DynamicsModifier.java	null	null	null	null	null	null
DEREFERENCE_NULLABLE	dereferenced expression accellerationChannel is @Nullable	com.badlogic.gdx.graphics.g3d.particles.influencers.DynamicsModifier$FaceDirection	update()	2622	/home/nima/Desktop/docker/benchmarks/libgdx/gdx/src/com/badlogic/gdx/graphics/g3d/particles/influencers/DynamicsModifier.java	null	null	null	null	null	null
METHOD_NO_INIT	initializer method does not guarantee @NonNull field strengthChannel (line 79) is initialized along all control-flow paths (remember to check for exceptions or early returns).	com.badlogic.gdx.graphics.g3d.particles.influencers.DynamicsModifier$Strength	Strength()	3597	/home/nima/Desktop/docker/benchmarks/libgdx/gdx/src/com/badlogic/gdx/graphics/g3d/particles/influencers/DynamicsModifier.java	null	null	null	null	null	null
METHOD_NO_INIT	initializer method does not guarantee @NonNull field strengthChannel (line 79) is initialized along all control-flow paths (remember to check for exceptions or early returns).	com.badlogic.gdx.graphics.g3d.particles.influencers.DynamicsModifier$Strength	Strength(com.badlogic.gdx.graphics.g3d.particles.influencers.DynamicsModifier.Strength)	3670	/home/nima/Desktop/docker/benchmarks/libgdx/gdx/src/com/badlogic/gdx/graphics/g3d/particles/influencers/DynamicsModifier.java	null	null	null	null	null	null
METHOD_NO_INIT	initializer method does not guarantee @NonNull field angularChannel (line 126) is initialized along all control-flow paths (remember to check for exceptions or early returns).	com.badlogic.gdx.graphics.g3d.particles.influencers.DynamicsModifier$Angular	Angular()	5169	/home/nima/Desktop/docker/benchmarks/libgdx/gdx/src/com/badlogic/gdx/graphics/g3d/particles/influencers/DynamicsModifier.java	null	null	null	null	null	null
METHOD_NO_INIT	initializer method does not guarantee @NonNull field angularChannel (line 126) is initialized along all control-flow paths (remember to check for exceptions or early returns).	com.badlogic.gdx.graphics.g3d.particles.influencers.DynamicsModifier$Angular	Angular(com.badlogic.gdx.graphics.g3d.particles.influencers.DynamicsModifier.Angular)	5278	/home/nima/Desktop/docker/benchmarks/libgdx/gdx/src/com/badlogic/gdx/graphics/g3d/particles/influencers/DynamicsModifier.java	null	null	null	null	null	null
DEREFERENCE_NULLABLE	dereferenced expression rotationalVelocity2dChannel is @Nullable	com.badlogic.gdx.graphics.g3d.particles.influencers.DynamicsModifier$Rotational2D	update()	7577	/home/nima/Desktop/docker/benchmarks/libgdx/gdx/src/com/badlogic/gdx/graphics/g3d/particles/influencers/DynamicsModifier.java	null	null	null	null	null	null
DEREFERENCE_NULLABLE	dereferenced expression rotationalForceChannel is @Nullable	com.badlogic.gdx.graphics.g3d.particles.influencers.DynamicsModifier$Rotational3D	update()	9724	/home/nima/Desktop/docker/benchmarks/libgdx/gdx/src/com/badlogic/gdx/graphics/g3d/particles/influencers/DynamicsModifier.java	null	null	null	null	null	null
METHOD_NO_INIT	initializer method does not guarantee @NonNull fields accelerationChannel (line 297), positionChannel (line 298) are initialized along all control-flow paths (remember to check for exceptions or early returns).	com.badlogic.gdx.graphics.g3d.particles.influencers.DynamicsModifier$CentripetalAcceleration	CentripetalAcceleration()	11251	/home/nima/Desktop/docker/benchmarks/libgdx/gdx/src/com/badlogic/gdx/graphics/g3d/particles/influencers/DynamicsModifier.java	null	null	null	null	null	null
METHOD_NO_INIT	initializer method does not guarantee @NonNull fields accelerationChannel (line 297), positionChannel (line 298) are initialized along all control-flow paths (remember to check for exceptions or early returns).	com.badlogic.gdx.graphics.g3d.particles.influencers.DynamicsModifier$CentripetalAcceleration	CentripetalAcceleration(com.badlogic.gdx.graphics.g3d.particles.influencers.DynamicsModifier.CentripetalAcceleration)	11294	/home/nima/Desktop/docker/benchmarks/libgdx/gdx/src/com/badlogic/gdx/graphics/g3d/particles/influencers/DynamicsModifier.java	null	null	null	null	null	null
DEREFERENCE_NULLABLE	dereferenced expression directionalVelocityChannel is @Nullable	com.badlogic.gdx.graphics.g3d.particles.influencers.DynamicsModifier$PolarAcceleration	update()	13657	/home/nima/Desktop/docker/benchmarks/libgdx/gdx/src/com/badlogic/gdx/graphics/g3d/particles/influencers/DynamicsModifier.java	null	null	null	null	null	null
DEREFERENCE_NULLABLE	dereferenced expression directionalVelocityChannel is @Nullable	com.badlogic.gdx.graphics.g3d.particles.influencers.DynamicsModifier$TangentialAcceleration	update()	15850	/home/nima/Desktop/docker/benchmarks/libgdx/gdx/src/com/badlogic/gdx/graphics/g3d/particles/influencers/DynamicsModifier.java	null	null	null	null	null	null
DEREFERENCE_NULLABLE	dereferenced expression positionChannel is @Nullable	com.badlogic.gdx.graphics.g3d.particles.influencers.DynamicsModifier$TangentialAcceleration	update()	16052	/home/nima/Desktop/docker/benchmarks/libgdx/gdx/src/com/badlogic/gdx/graphics/g3d/particles/influencers/DynamicsModifier.java	null	null	null	null	null	null
DEREFERENCE_NULLABLE	dereferenced expression accelerationChannel is @Nullable	com.badlogic.gdx.graphics.g3d.particles.influencers.DynamicsModifier$BrownianAcceleration	update()	18424	/home/nima/Desktop/docker/benchmarks/libgdx/gdx/src/com/badlogic/gdx/graphics/g3d/particles/influencers/DynamicsModifier.java	null	null	null	null	null	null
METHOD_NO_INIT	initializer method does not guarantee @NonNull field regionChannel (line 208) is initialized along all control-flow paths (remember to check for exceptions or early returns).	com.badlogic.gdx.graphics.g3d.particles.influencers.RegionInfluencer	RegionInfluencer(int)	7078	/home/nima/Desktop/docker/benchmarks/libgdx/gdx/src/com/badlogic/gdx/graphics/g3d/particles/influencers/RegionInfluencer.java	null	null	null	null	null	null
METHOD_NO_INIT	initializer method does not guarantee @NonNull field regionChannel (line 208) is initialized along all control-flow paths (remember to check for exceptions or early returns).	com.badlogic.gdx.graphics.g3d.particles.influencers.RegionInfluencer	RegionInfluencer(com.badlogic.gdx.graphics.g2d.TextureRegion...)	7546	/home/nima/Desktop/docker/benchmarks/libgdx/gdx/src/com/badlogic/gdx/graphics/g3d/particles/influencers/RegionInfluencer.java	null	null	null	null	null	null
DEREFERENCE_NULLABLE	dereferenced expression lifeChannel is @Nullable	com.badlogic.gdx.graphics.g3d.particles.influencers.RegionInfluencer$Animated	update()	4807	/home/nima/Desktop/docker/benchmarks/libgdx/gdx/src/com/badlogic/gdx/graphics/g3d/particles/influencers/RegionInfluencer.java	null	null	null	null	null	null
METHOD_NO_INIT	initializer method does not guarantee @NonNull fields accellerationChannel (line 34), positionChannel (line 34), previousPositionChannel (line 34), rotationChannel (line 34), angularVelocityChannel (line 34) are initialized along all control-flow paths (remember to check for exceptions or early returns).	com.badlogic.gdx.graphics.g3d.particles.influencers.DynamicsInfluencer	DynamicsInfluencer()	1652	/home/nima/Desktop/docker/benchmarks/libgdx/gdx/src/com/badlogic/gdx/graphics/g3d/particles/influencers/DynamicsInfluencer.java	null	null	null	null	null	null
METHOD_NO_INIT	initializer method does not guarantee @NonNull fields accellerationChannel (line 34), positionChannel (line 34), previousPositionChannel (line 34), rotationChannel (line 34), angularVelocityChannel (line 34) are initialized along all control-flow paths (remember to check for exceptions or early returns).	com.badlogic.gdx.graphics.g3d.particles.influencers.DynamicsInfluencer	DynamicsInfluencer(com.badlogic.gdx.graphics.g3d.particles.influencers.DynamicsModifier...)	1770	/home/nima/Desktop/docker/benchmarks/libgdx/gdx/src/com/badlogic/gdx/graphics/g3d/particles/influencers/DynamicsInfluencer.java	null	null	null	null	null	null
METHOD_NO_INIT	initializer method does not guarantee @NonNull fields positionChannel (line 30), scaleChannel (line 30), rotationChannel (line 30), controllerChannel (line 31) are initialized along all control-flow paths (remember to check for exceptions or early returns).	com.badlogic.gdx.graphics.g3d.particles.influencers.ParticleControllerFinalizerInfluencer	ParticleControllerFinalizerInfluencer()	1695	/home/nima/Desktop/docker/benchmarks/libgdx/gdx/src/com/badlogic/gdx/graphics/g3d/particles/influencers/ParticleControllerFinalizerInfluencer.java	null	null	null	null	null	null
METHOD_NO_INIT	initializer method does not guarantee @NonNull fields positionChannel (line 34), rotationChannel (line 35) are initialized along all control-flow paths (remember to check for exceptions or early returns).	com.badlogic.gdx.graphics.g3d.particles.influencers.SpawnInfluencer	SpawnInfluencer()	1586	/home/nima/Desktop/docker/benchmarks/libgdx/gdx/src/com/badlogic/gdx/graphics/g3d/particles/influencers/SpawnInfluencer.java	null	null	null	null	null	null
METHOD_NO_INIT	initializer method does not guarantee @NonNull fields positionChannel (line 34), rotationChannel (line 35) are initialized along all control-flow paths (remember to check for exceptions or early returns).	com.badlogic.gdx.graphics.g3d.particles.influencers.SpawnInfluencer	SpawnInfluencer(com.badlogic.gdx.graphics.g3d.particles.values.SpawnShapeValue)	1667	/home/nima/Desktop/docker/benchmarks/libgdx/gdx/src/com/badlogic/gdx/graphics/g3d/particles/influencers/SpawnInfluencer.java	null	null	null	null	null	null
METHOD_NO_INIT	initializer method does not guarantee @NonNull fields positionChannel (line 34), rotationChannel (line 35) are initialized along all control-flow paths (remember to check for exceptions or early returns).	com.badlogic.gdx.graphics.g3d.particles.influencers.SpawnInfluencer	SpawnInfluencer(com.badlogic.gdx.graphics.g3d.particles.influencers.SpawnInfluencer)	1773	/home/nima/Desktop/docker/benchmarks/libgdx/gdx/src/com/badlogic/gdx/graphics/g3d/particles/influencers/SpawnInfluencer.java	null	null	null	null	null	null
FIELD_NO_INIT	@NonNull field colorChannel not initialized	com.badlogic.gdx.graphics.g3d.particles.influencers.ColorInfluencer	colorChannel	5508	/home/nima/Desktop/docker/benchmarks/libgdx/gdx/src/com/badlogic/gdx/graphics/g3d/particles/influencers/ColorInfluencer.java	FIELD	com.badlogic.gdx.graphics.g3d.particles.influencers.ColorInfluencer	null	colorChannel	null	/home/nima/Desktop/docker/benchmarks/libgdx/gdx/src/com/badlogic/gdx/graphics/g3d/particles/influencers/ColorInfluencer.java
METHOD_NO_INIT	initializer method does not guarantee @NonNull fields alphaInterpolationChannel (line 62), lifeChannel (line 63) are initialized along all control-flow paths (remember to check for exceptions or early returns).	com.badlogic.gdx.graphics.g3d.particles.influencers.ColorInfluencer$Single	Single()	2679	/home/nima/Desktop/docker/benchmarks/libgdx/gdx/src/com/badlogic/gdx/graphics/g3d/particles/influencers/ColorInfluencer.java	null	null	null	null	null	null
DEREFERENCE_NULLABLE	dereferenced expression effectData is @Nullable	com.badlogic.gdx.graphics.g3d.particles.ParticleEffectLoader	loadSync(com.badlogic.gdx.assets.AssetManager,java.lang.String,com.badlogic.gdx.files.FileHandle,com.badlogic.gdx.graphics.g3d.particles.ParticleEffectLoader.ParticleEffectLoadParameter)	5090	/home/nima/Desktop/docker/benchmarks/libgdx/gdx/src/com/badlogic/gdx/graphics/g3d/particles/ParticleEffectLoader.java	null	null	null	null	null	null
METHOD_NO_INIT	initializer method does not guarantee @NonNull fields mesh (line 63), model (line 65) are initialized along all control-flow paths (remember to check for exceptions or early returns).	com.badlogic.gdx.graphics.g3d.particles.values.MeshSpawnShapeValue	MeshSpawnShapeValue(com.badlogic.gdx.graphics.g3d.particles.values.MeshSpawnShapeValue)	2628	/home/nima/Desktop/docker/benchmarks/libgdx/gdx/src/com/badlogic/gdx/graphics/g3d/particles/values/MeshSpawnShapeValue.java	null	null	null	null	null	null
METHOD_NO_INIT	initializer method does not guarantee @NonNull fields mesh (line 63), model (line 65) are initialized along all control-flow paths (remember to check for exceptions or early returns).	com.badlogic.gdx.graphics.g3d.particles.values.MeshSpawnShapeValue	MeshSpawnShapeValue()	2706	/home/nima/Desktop/docker/benchmarks/libgdx/gdx/src/com/badlogic/gdx/graphics/g3d/particles/values/MeshSpawnShapeValue.java	null	null	null	null	null	null
PASS_NULLABLE	passing @Nullable parameter 'null' where @NonNull is required	com.badlogic.gdx.graphics.g3d.particles.values.MeshSpawnShapeValue	setMesh(com.badlogic.gdx.graphics.Mesh)	3206	/home/nima/Desktop/docker/benchmarks/libgdx/gdx/src/com/badlogic/gdx/graphics/g3d/particles/values/MeshSpawnShapeValue.java	PARAMETER	com.badlogic.gdx.graphics.g3d.particles.values.MeshSpawnShapeValue	setMesh(com.badlogic.gdx.graphics.Mesh,com.badlogic.gdx.graphics.g3d.Model)	model	1	/home/nima/Desktop/docker/benchmarks/libgdx/gdx/src/com/badlogic/gdx/graphics/g3d/particles/values/MeshSpawnShapeValue.java
FIELD_NO_INIT	@NonNull field ParticleSorter$Distance.distances not initialized	com.badlogic.gdx.graphics.g3d.particles.ParticleSorter$Distance	distances	1929	/home/nima/Desktop/docker/benchmarks/libgdx/gdx/src/com/badlogic/gdx/graphics/g3d/particles/ParticleSorter.java	FIELD	com.badlogic.gdx.graphics.g3d.particles.ParticleSorter$Distance	null	distances	null	/home/nima/Desktop/docker/benchmarks/libgdx/gdx/src/com/badlogic/gdx/graphics/g3d/particles/ParticleSorter.java
FIELD_NO_INIT	@NonNull field ParticleSorter$Distance.particleIndices not initialized	com.badlogic.gdx.graphics.g3d.particles.ParticleSorter$Distance	particleIndices	1958	/home/nima/Desktop/docker/benchmarks/libgdx/gdx/src/com/badlogic/gdx/graphics/g3d/particles/ParticleSorter.java	FIELD	com.badlogic.gdx.graphics.g3d.particles.ParticleSorter$Distance	null	particleIndices	null	/home/nima/Desktop/docker/benchmarks/libgdx/gdx/src/com/badlogic/gdx/graphics/g3d/particles/ParticleSorter.java
FIELD_NO_INIT	@NonNull field ParticleSorter$Distance.particleOffsets not initialized	com.badlogic.gdx.graphics.g3d.particles.ParticleSorter$Distance	particleOffsets	1958	/home/nima/Desktop/docker/benchmarks/libgdx/gdx/src/com/badlogic/gdx/graphics/g3d/particles/ParticleSorter.java	FIELD	com.badlogic.gdx.graphics.g3d.particles.ParticleSorter$Distance	null	particleOffsets	null	/home/nima/Desktop/docker/benchmarks/libgdx/gdx/src/com/badlogic/gdx/graphics/g3d/particles/ParticleSorter.java
METHOD_NO_INIT	initializer method does not guarantee @NonNull field camera (line 31) is initialized along all control-flow paths (remember to check for exceptions or early returns).	com.badlogic.gdx.graphics.g3d.particles.batches.BufferedParticleBatch	BufferedParticleBatch(java.lang.Class<T>)	1460	/home/nima/Desktop/docker/benchmarks/libgdx/gdx/src/com/badlogic/gdx/graphics/g3d/particles/batches/BufferedParticleBatch.java	null	null	null	null	null	null
PASS_NULLABLE	passing @Nullable parameter 'sorter.sort(renderData)' where @NonNull is required	com.badlogic.gdx.graphics.g3d.particles.batches.BufferedParticleBatch	end()	2000	/home/nima/Desktop/docker/benchmarks/libgdx/gdx/src/com/badlogic/gdx/graphics/g3d/particles/batches/BufferedParticleBatch.java	PARAMETER	com.badlogic.gdx.graphics.g3d.particles.batches.BufferedParticleBatch	flush(int[])	offsets	0	/home/nima/Desktop/docker/benchmarks/libgdx/gdx/src/com/badlogic/gdx/graphics/g3d/particles/batches/BufferedParticleBatch.java
FIELD_NO_INIT	@NonNull field modelInstanceChannel not initialized	com.badlogic.gdx.graphics.g3d.particles.renderers.ModelInstanceControllerRenderData	modelInstanceChannel	1221	/home/nima/Desktop/docker/benchmarks/libgdx/gdx/src/com/badlogic/gdx/graphics/g3d/particles/renderers/ModelInstanceControllerRenderData.java	FIELD	com.badlogic.gdx.graphics.g3d.particles.renderers.ModelInstanceControllerRenderData	null	modelInstanceChannel	null	/home/nima/Desktop/docker/benchmarks/libgdx/gdx/src/com/badlogic/gdx/graphics/g3d/particles/renderers/ModelInstanceControllerRenderData.java
ASSIGN_FIELD_NULLABLE	assigning @Nullable expression to @NonNull field	com.badlogic.gdx.graphics.g3d.particles.ParticleShader	init()	9159	/home/nima/Desktop/docker/benchmarks/libgdx/gdx/src/com/badlogic/gdx/graphics/g3d/particles/ParticleShader.java	FIELD	com.badlogic.gdx.graphics.g3d.shaders.BaseShader	null	program	null	/home/nima/Desktop/docker/benchmarks/libgdx/gdx/src/com/badlogic/gdx/graphics/g3d/shaders/BaseShader.java
METHOD_NO_INIT	initializer method does not guarantee @NonNull field vertices (line 71) is initialized along all control-flow paths (remember to check for exceptions or early returns).	com.badlogic.gdx.graphics.g3d.particles.batches.PointSpriteParticleBatch	PointSpriteParticleBatch(int,com.badlogic.gdx.graphics.g3d.particles.ParticleShader.Config,com.badlogic.gdx.graphics.g3d.attributes.BlendingAttribute,com.badlogic.gdx.graphics.g3d.attributes.DepthTestAttribute)	4109	/home/nima/Desktop/docker/benchmarks/libgdx/gdx/src/com/badlogic/gdx/graphics/g3d/particles/batches/PointSpriteParticleBatch.java	null	null	null	null	null	null
ASSIGN_FIELD_NULLABLE	assigning @Nullable expression to @NonNull field	com.badlogic.gdx.graphics.g3d.particles.batches.PointSpriteParticleBatch	PointSpriteParticleBatch(int,com.badlogic.gdx.graphics.g3d.particles.ParticleShader.Config,com.badlogic.gdx.graphics.g3d.attributes.BlendingAttribute,com.badlogic.gdx.graphics.g3d.attributes.DepthTestAttribute)	4394	/home/nima/Desktop/docker/benchmarks/libgdx/gdx/src/com/badlogic/gdx/graphics/g3d/particles/batches/PointSpriteParticleBatch.java	FIELD	com.badlogic.gdx.graphics.g3d.particles.batches.PointSpriteParticleBatch	null	blendingAttribute	null	/home/nima/Desktop/docker/benchmarks/libgdx/gdx/src/com/badlogic/gdx/graphics/g3d/particles/batches/PointSpriteParticleBatch.java
NONNULL_FIELD_READ_BEFORE_INIT	read of @NonNull field renderable before initialization	com.badlogic.gdx.graphics.g3d.particles.batches.PointSpriteParticleBatch	PointSpriteParticleBatch(int,com.badlogic.gdx.graphics.g3d.particles.ParticleShader.Config,com.badlogic.gdx.graphics.g3d.attributes.BlendingAttribute,com.badlogic.gdx.graphics.g3d.attributes.DepthTestAttribute)	4786	/home/nima/Desktop/docker/benchmarks/libgdx/gdx/src/com/badlogic/gdx/graphics/g3d/particles/batches/PointSpriteParticleBatch.java	null	null	null	null	null	null
NONNULL_FIELD_READ_BEFORE_INIT	read of @NonNull field renderable before initialization	com.badlogic.gdx.graphics.g3d.particles.batches.PointSpriteParticleBatch	PointSpriteParticleBatch(int,com.badlogic.gdx.graphics.g3d.particles.ParticleShader.Config,com.badlogic.gdx.graphics.g3d.attributes.BlendingAttribute,com.badlogic.gdx.graphics.g3d.attributes.DepthTestAttribute)	4825	/home/nima/Desktop/docker/benchmarks/libgdx/gdx/src/com/badlogic/gdx/graphics/g3d/particles/batches/PointSpriteParticleBatch.java	null	null	null	null	null	null
METHOD_NO_INIT	initializer method does not guarantee @NonNull fields vertices (line 120), currentAttributes (line 123), texture (line 126), shader (line 129) are initialized along all control-flow paths (remember to check for exceptions or early returns).	com.badlogic.gdx.graphics.g3d.particles.batches.BillboardParticleBatch	BillboardParticleBatch(com.badlogic.gdx.graphics.g3d.particles.ParticleShader.AlignMode,boolean,int,com.badlogic.gdx.graphics.g3d.attributes.BlendingAttribute,com.badlogic.gdx.graphics.g3d.attributes.DepthTestAttribute)	6536	/home/nima/Desktop/docker/benchmarks/libgdx/gdx/src/com/badlogic/gdx/graphics/g3d/particles/batches/BillboardParticleBatch.java	null	null	null	null	null	null
ASSIGN_FIELD_NULLABLE	assigning @Nullable expression to @NonNull field	com.badlogic.gdx.graphics.g3d.particles.batches.BillboardParticleBatch	BillboardParticleBatch(com.badlogic.gdx.graphics.g3d.particles.ParticleShader.AlignMode,boolean,int,com.badlogic.gdx.graphics.g3d.attributes.BlendingAttribute,com.badlogic.gdx.graphics.g3d.attributes.DepthTestAttribute)	6843	/home/nima/Desktop/docker/benchmarks/libgdx/gdx/src/com/badlogic/gdx/graphics/g3d/particles/batches/BillboardParticleBatch.java	FIELD	com.badlogic.gdx.graphics.g3d.particles.batches.BillboardParticleBatch	null	blendingAttribute	null	/home/nima/Desktop/docker/benchmarks/libgdx/gdx/src/com/badlogic/gdx/graphics/g3d/particles/batches/BillboardParticleBatch.java
ASSIGN_FIELD_NULLABLE	assigning @Nullable expression to @NonNull field	com.badlogic.gdx.graphics.g3d.particles.batches.BillboardParticleBatch	setAlignMode(com.badlogic.gdx.graphics.g3d.particles.ParticleShader.AlignMode)	10619	/home/nima/Desktop/docker/benchmarks/libgdx/gdx/src/com/badlogic/gdx/graphics/g3d/particles/batches/BillboardParticleBatch.java	FIELD	com.badlogic.gdx.graphics.g3d.particles.batches.BillboardParticleBatch	null	mode	null	/home/nima/Desktop/docker/benchmarks/libgdx/gdx/src/com/badlogic/gdx/graphics/g3d/particles/batches/BillboardParticleBatch.java
FIELD_NO_INIT	@NonNull field regionChannel not initialized	com.badlogic.gdx.graphics.g3d.particles.renderers.BillboardControllerRenderData	regionChannel	1084	/home/nima/Desktop/docker/benchmarks/libgdx/gdx/src/com/badlogic/gdx/graphics/g3d/particles/renderers/BillboardControllerRenderData.java	FIELD	com.badlogic.gdx.graphics.g3d.particles.renderers.BillboardControllerRenderData	null	regionChannel	null	/home/nima/Desktop/docker/benchmarks/libgdx/gdx/src/com/badlogic/gdx/graphics/g3d/particles/renderers/BillboardControllerRenderData.java
FIELD_NO_INIT	@NonNull field colorChannel not initialized	com.badlogic.gdx.graphics.g3d.particles.renderers.BillboardControllerRenderData	colorChannel	1084	/home/nima/Desktop/docker/benchmarks/libgdx/gdx/src/com/badlogic/gdx/graphics/g3d/particles/renderers/BillboardControllerRenderData.java	FIELD	com.badlogic.gdx.graphics.g3d.particles.renderers.BillboardControllerRenderData	null	colorChannel	null	/home/nima/Desktop/docker/benchmarks/libgdx/gdx/src/com/badlogic/gdx/graphics/g3d/particles/renderers/BillboardControllerRenderData.java
FIELD_NO_INIT	@NonNull field scaleChannel not initialized	com.badlogic.gdx.graphics.g3d.particles.renderers.BillboardControllerRenderData	scaleChannel	1084	/home/nima/Desktop/docker/benchmarks/libgdx/gdx/src/com/badlogic/gdx/graphics/g3d/particles/renderers/BillboardControllerRenderData.java	FIELD	com.badlogic.gdx.graphics.g3d.particles.renderers.BillboardControllerRenderData	null	scaleChannel	null	/home/nima/Desktop/docker/benchmarks/libgdx/gdx/src/com/badlogic/gdx/graphics/g3d/particles/renderers/BillboardControllerRenderData.java
FIELD_NO_INIT	@NonNull field rotationChannel not initialized	com.badlogic.gdx.graphics.g3d.particles.renderers.BillboardControllerRenderData	rotationChannel	1084	/home/nima/Desktop/docker/benchmarks/libgdx/gdx/src/com/badlogic/gdx/graphics/g3d/particles/renderers/BillboardControllerRenderData.java	FIELD	com.badlogic.gdx.graphics.g3d.particles.renderers.BillboardControllerRenderData	null	rotationChannel	null	/home/nima/Desktop/docker/benchmarks/libgdx/gdx/src/com/badlogic/gdx/graphics/g3d/particles/renderers/BillboardControllerRenderData.java
DEREFERENCE_NULLABLE	dereferenced expression renderData.scaleChannel is @Nullable	com.badlogic.gdx.graphics.g3d.particles.renderers.ModelInstanceRenderer	update()	2795	/home/nima/Desktop/docker/benchmarks/libgdx/gdx/src/com/badlogic/gdx/graphics/g3d/particles/renderers/ModelInstanceRenderer.java	null	null	null	null	null	null
DEREFERENCE_NULLABLE	dereferenced expression renderData.rotationChannel is @Nullable	com.badlogic.gdx.graphics.g3d.particles.renderers.ModelInstanceRenderer	update()	3013	/home/nima/Desktop/docker/benchmarks/libgdx/gdx/src/com/badlogic/gdx/graphics/g3d/particles/renderers/ModelInstanceRenderer.java	null	null	null	null	null	null
DEREFERENCE_NULLABLE	dereferenced expression renderData.colorChannel is @Nullable	com.badlogic.gdx.graphics.g3d.particles.renderers.ModelInstanceRenderer	update()	4021	/home/nima/Desktop/docker/benchmarks/libgdx/gdx/src/com/badlogic/gdx/graphics/g3d/particles/renderers/ModelInstanceRenderer.java	null	null	null	null	null	null
METHOD_NO_INIT	initializer method does not guarantee @NonNull field lifeChannel (line 52) is initialized along all control-flow paths (remember to check for exceptions or early returns).	com.badlogic.gdx.graphics.g3d.particles.emitters.RegularEmitter	RegularEmitter()	2314	/home/nima/Desktop/docker/benchmarks/libgdx/gdx/src/com/badlogic/gdx/graphics/g3d/particles/emitters/RegularEmitter.java	null	null	null	null	null	null
METHOD_NO_INIT	initializer method does not guarantee @NonNull fields diffuseColor (line 432), specularColor (line 433) are initialized along all control-flow paths (remember to check for exceptions or early returns).	com.badlogic.gdx.graphics.g3d.loader.MtlLoader$ObjMaterial	ObjMaterial()	15937	/home/nima/Desktop/docker/benchmarks/libgdx/gdx/src/com/badlogic/gdx/graphics/g3d/loader/ObjLoader.java	null	null	null	null	null	null
ASSIGN_FIELD_NULLABLE	assigning @Nullable expression to @NonNull field	com.badlogic.gdx.graphics.g3d.ModelCache	obtainRenderable(com.badlogic.gdx.graphics.g3d.Material,int)	9721	/home/nima/Desktop/docker/benchmarks/libgdx/gdx/src/com/badlogic/gdx/graphics/g3d/ModelCache.java	FIELD	com.badlogic.gdx.graphics.g3d.model.MeshPart	null	mesh	null	/home/nima/Desktop/docker/benchmarks/libgdx/gdx/src/com/badlogic/gdx/graphics/g3d/model/MeshPart.java
PASS_NULLABLE	passing @Nullable parameter 'camera' where @NonNull is required	com.badlogic.gdx.graphics.g3d.ModelCache	end()	10543	/home/nima/Desktop/docker/benchmarks/libgdx/gdx/src/com/badlogic/gdx/graphics/g3d/ModelCache.java	PARAMETER	com.badlogic.gdx.graphics.g3d.utils.RenderableSorter	sort(com.badlogic.gdx.graphics.Camera,com.badlogic.gdx.utils.Array<com.badlogic.gdx.graphics.g3d.Renderable>)	camera	0	/home/nima/Desktop/docker/benchmarks/libgdx/gdx/src/com/badlogic/gdx/graphics/g3d/utils/RenderableSorter.java
RETURN_NULLABLE	returning @Nullable expression from method with @NonNull return type	com.badlogic.gdx.maps.tiled.TiledMapTileLayer	getCell(int,int)	2039	/home/nima/Desktop/docker/benchmarks/libgdx/gdx/src/com/badlogic/gdx/maps/tiled/TiledMapTileLayer.java	METHOD	com.badlogic.gdx.maps.tiled.TiledMapTileLayer	getCell(int,int)	null	null	/home/nima/Desktop/docker/benchmarks/libgdx/gdx/src/com/badlogic/gdx/maps/tiled/TiledMapTileLayer.java
RETURN_NULLABLE	returning @Nullable expression from method with @NonNull return type	com.badlogic.gdx.maps.tiled.TiledMapTileLayer	getCell(int,int)	2080	/home/nima/Desktop/docker/benchmarks/libgdx/gdx/src/com/badlogic/gdx/maps/tiled/TiledMapTileLayer.java	METHOD	com.badlogic.gdx.maps.tiled.TiledMapTileLayer	getCell(int,int)	null	null	/home/nima/Desktop/docker/benchmarks/libgdx/gdx/src/com/badlogic/gdx/maps/tiled/TiledMapTileLayer.java
METHOD_NO_INIT	initializer method does not guarantee @NonNull fields root (line 58), map (line 67) are initialized along all control-flow paths (remember to check for exceptions or early returns).	com.badlogic.gdx.maps.tiled.BaseTmxMapLoader	BaseTmxMapLoader(com.badlogic.gdx.assets.loaders.FileHandleResolver)	2938	/home/nima/Desktop/docker/benchmarks/libgdx/gdx/src/com/badlogic/gdx/maps/tiled/BaseTmxMapLoader.java	null	null	null	null	null	null
PASS_NULLABLE	passing @Nullable parameter 'texture' where @NonNull is required	com.badlogic.gdx.maps.tiled.BaseTmxMapLoader	loadImageLayer(com.badlogic.gdx.maps.tiled.TiledMap,com.badlogic.gdx.maps.MapLayers,com.badlogic.gdx.utils.XmlReader.Element,com.badlogic.gdx.files.FileHandle,com.badlogic.gdx.maps.ImageResolver)	10523	/home/nima/Desktop/docker/benchmarks/libgdx/gdx/src/com/badlogic/gdx/maps/tiled/BaseTmxMapLoader.java	PARAMETER	com.badlogic.gdx.maps.tiled.TiledMapImageLayer	TiledMapImageLayer(com.badlogic.gdx.graphics.g2d.TextureRegion,float,float)	region	0	/home/nima/Desktop/docker/benchmarks/libgdx/gdx/src/com/badlogic/gdx/maps/tiled/TiledMapImageLayer.java
PASS_NULLABLE	passing @Nullable parameter 'tile' where @NonNull is required	com.badlogic.gdx.maps.tiled.BaseTmxMapLoader	loadObject(com.badlogic.gdx.maps.tiled.TiledMap,com.badlogic.gdx.maps.MapObjects,com.badlogic.gdx.utils.XmlReader.Element,float)	14015	/home/nima/Desktop/docker/benchmarks/libgdx/gdx/src/com/badlogic/gdx/maps/tiled/BaseTmxMapLoader.java	PARAMETER	com.badlogic.gdx.maps.tiled.objects.TiledMapTileMapObject	TiledMapTileMapObject(com.badlogic.gdx.maps.tiled.TiledMapTile,boolean,boolean)	tile	0	/home/nima/Desktop/docker/benchmarks/libgdx/gdx/src/com/badlogic/gdx/maps/tiled/objects/TiledMapTileMapObject.java
DEREFERENCE_NULLABLE	dereferenced expression textureRegion is @Nullable	com.badlogic.gdx.maps.tiled.BaseTmxMapLoader	loadObject(com.badlogic.gdx.maps.tiled.TiledMap,com.badlogic.gdx.maps.MapObjects,com.badlogic.gdx.utils.XmlReader.Element,float)	14371	/home/nima/Desktop/docker/benchmarks/libgdx/gdx/src/com/badlogic/gdx/maps/tiled/BaseTmxMapLoader.java	null	null	null	null	null	null
PASS_NULLABLE	passing @Nullable parameter 'name' where @NonNull is required	com.badlogic.gdx.maps.tiled.BaseTmxMapLoader	loadTileSet(com.badlogic.gdx.utils.XmlReader.Element,com.badlogic.gdx.files.FileHandle,com.badlogic.gdx.maps.ImageResolver)	22862	/home/nima/Desktop/docker/benchmarks/libgdx/gdx/src/com/badlogic/gdx/maps/tiled/BaseTmxMapLoader.java	PARAMETER	com.badlogic.gdx.maps.tiled.BaseTmxMapLoader	addStaticTiles(com.badlogic.gdx.files.FileHandle,com.badlogic.gdx.maps.ImageResolver,com.badlogic.gdx.maps.tiled.TiledMapTileSet,com.badlogic.gdx.utils.XmlReader.Element,com.badlogic.gdx.utils.Array<com.badlogic.gdx.utils.XmlReader.Element>,java.lang.String,int,int,int,int,int,java.lang.String,int,int,java.lang.String,int,int,com.badlogic.gdx.files.FileHandle)	name	5	/home/nima/Desktop/docker/benchmarks/libgdx/gdx/src/com/badlogic/gdx/maps/tiled/BaseTmxMapLoader.java
PASS_NULLABLE	passing @Nullable parameter 'image' where @NonNull is required	com.badlogic.gdx.maps.tiled.BaseTmxMapLoader	loadTileSet(com.badlogic.gdx.utils.XmlReader.Element,com.badlogic.gdx.files.FileHandle,com.badlogic.gdx.maps.ImageResolver)	22862	/home/nima/Desktop/docker/benchmarks/libgdx/gdx/src/com/badlogic/gdx/maps/tiled/BaseTmxMapLoader.java	PARAMETER	com.badlogic.gdx.maps.tiled.BaseTmxMapLoader	addStaticTiles(com.badlogic.gdx.files.FileHandle,com.badlogic.gdx.maps.ImageResolver,com.badlogic.gdx.maps.tiled.TiledMapTileSet,com.badlogic.gdx.utils.XmlReader.Element,com.badlogic.gdx.utils.Array<com.badlogic.gdx.utils.XmlReader.Element>,java.lang.String,int,int,int,int,int,java.lang.String,int,int,java.lang.String,int,int,com.badlogic.gdx.files.FileHandle)	image	17	/home/nima/Desktop/docker/benchmarks/libgdx/gdx/src/com/badlogic/gdx/maps/tiled/BaseTmxMapLoader.java
RETURN_NULLABLE	returning @Nullable expression from method with @NonNull return type	com.badlogic.gdx.maps.tiled.TiledMapTileSets	getTileSet(java.lang.String)	1676	/home/nima/Desktop/docker/benchmarks/libgdx/gdx/src/com/badlogic/gdx/maps/tiled/TiledMapTileSets.java	METHOD	com.badlogic.gdx.maps.tiled.TiledMapTileSets	getTileSet(java.lang.String)	null	null	/home/nima/Desktop/docker/benchmarks/libgdx/gdx/src/com/badlogic/gdx/maps/tiled/TiledMapTileSets.java
DEREFERENCE_NULLABLE	dereferenced expression currentTileSet is @Nullable	com.badlogic.gdx.maps.tiled.TideMapLoader	loadLayer(com.badlogic.gdx.maps.tiled.TiledMap,com.badlogic.gdx.utils.XmlReader.Element)	9652	/home/nima/Desktop/docker/benchmarks/libgdx/gdx/src/com/badlogic/gdx/maps/tiled/TideMapLoader.java	null	null	null	null	null	null
DEREFERENCE_NULLABLE	dereferenced expression currentTileSet is @Nullable	com.badlogic.gdx.maps.tiled.TideMapLoader	loadLayer(com.badlogic.gdx.maps.tiled.TiledMap,com.badlogic.gdx.utils.XmlReader.Element)	10535	/home/nima/Desktop/docker/benchmarks/libgdx/gdx/src/com/badlogic/gdx/maps/tiled/TideMapLoader.java	null	null	null	null	null	null
METHOD_NO_INIT	initializer method does not guarantee @NonNull field style (line 46) is initialized along all control-flow paths (remember to check for exceptions or early returns).	com.badlogic.gdx.scenes.scene2d.ui.ProgressBar	ProgressBar(float,float,float,boolean,com.badlogic.gdx.scenes.scene2d.ui.ProgressBar.ProgressBarStyle)	3818	/home/nima/Desktop/docker/benchmarks/libgdx/gdx/src/com/badlogic/gdx/scenes/scene2d/ui/ProgressBar.java	null	null	null	null	null	null
METHOD_NO_INIT	initializer method does not guarantee @NonNull fields background (line 387), disabledBackground (line 387), knob (line 388), disabledKnob (line 388), knobBefore (line 389), disabledKnobBefore (line 389), knobAfter (line 390), disabledKnobAfter (line 390) are initialized along all control-flow paths (remember to check for exceptions or early returns).	com.badlogic.gdx.scenes.scene2d.ui.ProgressBar$ProgressBarStyle	ProgressBarStyle()	14374	/home/nima/Desktop/docker/benchmarks/libgdx/gdx/src/com/badlogic/gdx/scenes/scene2d/ui/ProgressBar.java	null	null	null	null	null	null
METHOD_NO_INIT	initializer method does not guarantee @NonNull fields disabledBackground (line 387), disabledKnob (line 388), knobBefore (line 389), disabledKnobBefore (line 389), knobAfter (line 390), disabledKnobAfter (line 390) are initialized along all control-flow paths (remember to check for exceptions or early returns).	com.badlogic.gdx.scenes.scene2d.ui.ProgressBar$ProgressBarStyle	ProgressBarStyle(com.badlogic.gdx.scenes.scene2d.utils.Drawable,com.badlogic.gdx.scenes.scene2d.utils.Drawable)	14410	/home/nima/Desktop/docker/benchmarks/libgdx/gdx/src/com/badlogic/gdx/scenes/scene2d/ui/ProgressBar.java	null	null	null	null	null	null
METHOD_NO_INIT	initializer method does not guarantee @NonNull field style (line 32) is initialized along all control-flow paths (remember to check for exceptions or early returns).	com.badlogic.gdx.scenes.scene2d.ui.ImageButton	ImageButton(com.badlogic.gdx.scenes.scene2d.ui.ImageButton.ImageButtonStyle)	1771	/home/nima/Desktop/docker/benchmarks/libgdx/gdx/src/com/badlogic/gdx/scenes/scene2d/ui/ImageButton.java	null	null	null	null	null	null
METHOD_NO_INIT	initializer method does not guarantee @NonNull fields imageUp (line 132), imageDown (line 132), imageOver (line 132), imageDisabled (line 132) are initialized along all control-flow paths (remember to check for exceptions or early returns).	com.badlogic.gdx.scenes.scene2d.ui.ImageButton$ImageButtonStyle	ImageButtonStyle()	4679	/home/nima/Desktop/docker/benchmarks/libgdx/gdx/src/com/badlogic/gdx/scenes/scene2d/ui/ImageButton.java	null	null	null	null	null	null
METHOD_NO_INIT	initializer method does not guarantee @NonNull fields imageUp (line 132), imageDown (line 132), imageOver (line 132), imageDisabled (line 132) are initialized along all control-flow paths (remember to check for exceptions or early returns).	com.badlogic.gdx.scenes.scene2d.ui.ImageButton$ImageButtonStyle	ImageButtonStyle(com.badlogic.gdx.scenes.scene2d.ui.Button.ButtonStyle)	5407	/home/nima/Desktop/docker/benchmarks/libgdx/gdx/src/com/badlogic/gdx/scenes/scene2d/ui/ImageButton.java	null	null	null	null	null	null
METHOD_NO_INIT	initializer method does not guarantee @NonNull fields imageDown (line 132), imageOver (line 132), imageDisabled (line 132) are initialized along all control-flow paths (remember to check for exceptions or early returns).	com.badlogic.gdx.scenes.scene2d.ui.ImageButton$ImageButtonStyle	ImageButtonStyle(com.badlogic.gdx.scenes.scene2d.utils.Drawable,com.badlogic.gdx.scenes.scene2d.utils.Drawable,com.badlogic.gdx.scenes.scene2d.utils.Drawable,com.badlogic.gdx.scenes.scene2d.utils.Drawable,com.badlogic.gdx.scenes.scene2d.utils.Drawable,com.badlogic.gdx.scenes.scene2d.utils.Drawable)	4715	/home/nima/Desktop/docker/benchmarks/libgdx/gdx/src/com/badlogic/gdx/scenes/scene2d/ui/ImageButton.java	null	null	null	null	null	null
ASSIGN_FIELD_NULLABLE	assigning @Nullable expression to @NonNull field	com.badlogic.gdx.scenes.scene2d.ui.ImageButton$ImageButtonStyle	ImageButtonStyle(com.badlogic.gdx.scenes.scene2d.utils.Drawable,com.badlogic.gdx.scenes.scene2d.utils.Drawable,com.badlogic.gdx.scenes.scene2d.utils.Drawable,com.badlogic.gdx.scenes.scene2d.utils.Drawable,com.badlogic.gdx.scenes.scene2d.utils.Drawable,com.badlogic.gdx.scenes.scene2d.utils.Drawable)	4997	/home/nima/Desktop/docker/benchmarks/libgdx/gdx/src/com/badlogic/gdx/scenes/scene2d/ui/ImageButton.java	FIELD	com.badlogic.gdx.scenes.scene2d.ui.ImageButton$ImageButtonStyle	null	imageDown	null	/home/nima/Desktop/docker/benchmarks/libgdx/gdx/src/com/badlogic/gdx/scenes/scene2d/ui/ImageButton.java
METHOD_NO_INIT	initializer method does not guarantee @NonNull field style (line 46) is initialized along all control-flow paths (remember to check for exceptions or early returns).	com.badlogic.gdx.scenes.scene2d.ui.Button	Button(com.badlogic.gdx.scenes.scene2d.ui.Skin)	2448	/home/nima/Desktop/docker/benchmarks/libgdx/gdx/src/com/badlogic/gdx/scenes/scene2d/ui/Button.java	null	null	null	null	null	null
METHOD_NO_INIT	initializer method does not guarantee @NonNull field style (line 46) is initialized along all control-flow paths (remember to check for exceptions or early returns).	com.badlogic.gdx.scenes.scene2d.ui.Button	Button(com.badlogic.gdx.scenes.scene2d.ui.Skin,java.lang.String)	2597	/home/nima/Desktop/docker/benchmarks/libgdx/gdx/src/com/badlogic/gdx/scenes/scene2d/ui/Button.java	null	null	null	null	null	null
METHOD_NO_INIT	initializer method does not guarantee @NonNull field style (line 46) is initialized along all control-flow paths (remember to check for exceptions or early returns).	com.badlogic.gdx.scenes.scene2d.ui.Button	Button(com.badlogic.gdx.scenes.scene2d.Actor,com.badlogic.gdx.scenes.scene2d.ui.Button.ButtonStyle)	2911	/home/nima/Desktop/docker/benchmarks/libgdx/gdx/src/com/badlogic/gdx/scenes/scene2d/ui/Button.java	null	null	null	null	null	null
METHOD_NO_INIT	initializer method does not guarantee @NonNull field style (line 46) is initialized along all control-flow paths (remember to check for exceptions or early returns).	com.badlogic.gdx.scenes.scene2d.ui.Button	Button(com.badlogic.gdx.scenes.scene2d.ui.Button.ButtonStyle)	3058	/home/nima/Desktop/docker/benchmarks/libgdx/gdx/src/com/badlogic/gdx/scenes/scene2d/ui/Button.java	null	null	null	null	null	null
METHOD_NO_INIT	initializer method does not guarantee @NonNull field style (line 46) is initialized along all control-flow paths (remember to check for exceptions or early returns).	com.badlogic.gdx.scenes.scene2d.ui.Button	Button()	3293	/home/nima/Desktop/docker/benchmarks/libgdx/gdx/src/com/badlogic/gdx/scenes/scene2d/ui/Button.java	null	null	null	null	null	null
METHOD_NO_INIT	initializer method does not guarantee @NonNull fields up (line 271), down (line 271), over (line 271), focused (line 271), disabled (line 271) are initialized along all control-flow paths (remember to check for exceptions or early returns).	com.badlogic.gdx.scenes.scene2d.ui.Button$ButtonStyle	ButtonStyle()	9076	/home/nima/Desktop/docker/benchmarks/libgdx/gdx/src/com/badlogic/gdx/scenes/scene2d/ui/Button.java	null	null	null	null	null	null
METHOD_NO_INIT	initializer method does not guarantee @NonNull fields up (line 271), down (line 271), over (line 271), focused (line 271), disabled (line 271) are initialized along all control-flow paths (remember to check for exceptions or early returns).	com.badlogic.gdx.scenes.scene2d.ui.Button$ButtonStyle	ButtonStyle(com.badlogic.gdx.scenes.scene2d.utils.Drawable,com.badlogic.gdx.scenes.scene2d.utils.Drawable,com.badlogic.gdx.scenes.scene2d.utils.Drawable)	9107	/home/nima/Desktop/docker/benchmarks/libgdx/gdx/src/com/badlogic/gdx/scenes/scene2d/ui/Button.java	null	null	null	null	null	null
ASSIGN_FIELD_NULLABLE	assigning @Nullable expression to @NonNull field	com.badlogic.gdx.scenes.scene2d.ui.Button$ButtonStyle	ButtonStyle(com.badlogic.gdx.scenes.scene2d.utils.Drawable,com.badlogic.gdx.scenes.scene2d.utils.Drawable,com.badlogic.gdx.scenes.scene2d.utils.Drawable)	9226	/home/nima/Desktop/docker/benchmarks/libgdx/gdx/src/com/badlogic/gdx/scenes/scene2d/ui/Button.java	FIELD	com.badlogic.gdx.scenes.scene2d.ui.Button$ButtonStyle	null	up	null	/home/nima/Desktop/docker/benchmarks/libgdx/gdx/src/com/badlogic/gdx/scenes/scene2d/ui/Button.java
ASSIGN_FIELD_NULLABLE	assigning @Nullable expression to @NonNull field	com.badlogic.gdx.scenes.scene2d.ui.Button$ButtonStyle	ButtonStyle(com.badlogic.gdx.scenes.scene2d.utils.Drawable,com.badlogic.gdx.scenes.scene2d.utils.Drawable,com.badlogic.gdx.scenes.scene2d.utils.Drawable)	9243	/home/nima/Desktop/docker/benchmarks/libgdx/gdx/src/com/badlogic/gdx/scenes/scene2d/ui/Button.java	FIELD	com.badlogic.gdx.scenes.scene2d.ui.Button$ButtonStyle	null	down	null	/home/nima/Desktop/docker/benchmarks/libgdx/gdx/src/com/badlogic/gdx/scenes/scene2d/ui/Button.java
DEREFERENCE_NULLABLE	dereferenced expression lastChecked is @Nullable	com.badlogic.gdx.scenes.scene2d.ui.ButtonGroup	canCheck(T,boolean)	3938	/home/nima/Desktop/docker/benchmarks/libgdx/gdx/src/com/badlogic/gdx/scenes/scene2d/ui/ButtonGroup.java	null	null	null	null	null	null
METHOD_NO_INIT	initializer method does not guarantee @NonNull fields style (line 49), cullingArea (line 52) are initialized along all control-flow paths (remember to check for exceptions or early returns).	com.badlogic.gdx.scenes.scene2d.ui.List	List(com.badlogic.gdx.scenes.scene2d.ui.List.ListStyle)	2677	/home/nima/Desktop/docker/benchmarks/libgdx/gdx/src/com/badlogic/gdx/scenes/scene2d/ui/List.java	null	null	null	null	null	null
METHOD_NO_INIT	initializer method does not guarantee @NonNull fields font (line 443), selection (line 446) are initialized along all control-flow paths (remember to check for exceptions or early returns).	com.badlogic.gdx.scenes.scene2d.ui.List$ListStyle	ListStyle()	14507	/home/nima/Desktop/docker/benchmarks/libgdx/gdx/src/com/badlogic/gdx/scenes/scene2d/ui/List.java	null	null	null	null	null	null
METHOD_NO_INIT	initializer method does not guarantee @NonNull field style (line 60) is initialized along all control-flow paths (remember to check for exceptions or early returns).	com.badlogic.gdx.scenes.scene2d.ui.SelectBox	SelectBox(com.badlogic.gdx.scenes.scene2d.ui.SelectBox.SelectBoxStyle)	3357	/home/nima/Desktop/docker/benchmarks/libgdx/gdx/src/com/badlogic/gdx/scenes/scene2d/ui/SelectBox.java	null	null	null	null	null	null
METHOD_NO_INIT	initializer method does not guarantee @NonNull fields font (line 607), background (line 610), scrollStyle (line 611), listStyle (line 612) are initialized along all control-flow paths (remember to check for exceptions or early returns).	com.badlogic.gdx.scenes.scene2d.ui.SelectBox$SelectBoxStyle	SelectBoxStyle()	20304	/home/nima/Desktop/docker/benchmarks/libgdx/gdx/src/com/badlogic/gdx/scenes/scene2d/ui/SelectBox.java	null	null	null	null	null	null
RETURN_NULLABLE	returning @Nullable expression from method with @NonNull return type	com.badlogic.gdx.scenes.scene2d.utils.Selection	first()	2441	/home/nima/Desktop/docker/benchmarks/libgdx/gdx/src/com/badlogic/gdx/scenes/scene2d/utils/Selection.java	METHOD	com.badlogic.gdx.scenes.scene2d.utils.Selection	first()	null	null	/home/nima/Desktop/docker/benchmarks/libgdx/gdx/src/com/badlogic/gdx/scenes/scene2d/utils/Selection.java
FIELD_NO_INIT	@NonNull field color not initialized	com.badlogic.gdx.scenes.scene2d.actions.ColorAction	color	1277	/home/nima/Desktop/docker/benchmarks/libgdx/gdx/src/com/badlogic/gdx/scenes/scene2d/actions/ColorAction.java	FIELD	com.badlogic.gdx.scenes.scene2d.actions.ColorAction	null	color	null	/home/nima/Desktop/docker/benchmarks/libgdx/gdx/src/com/badlogic/gdx/scenes/scene2d/actions/ColorAction.java
ASSIGN_FIELD_NULLABLE	assigning @Nullable expression to @NonNull field	com.badlogic.gdx.scenes.scene2d.actions.ColorAction	reset()	1941	/home/nima/Desktop/docker/benchmarks/libgdx/gdx/src/com/badlogic/gdx/scenes/scene2d/actions/ColorAction.java	FIELD	com.badlogic.gdx.scenes.scene2d.actions.ColorAction	null	color	null	/home/nima/Desktop/docker/benchmarks/libgdx/gdx/src/com/badlogic/gdx/scenes/scene2d/actions/ColorAction.java
FIELD_NO_INIT	@NonNull field color not initialized	com.badlogic.gdx.scenes.scene2d.actions.AlphaAction	color	1276	/home/nima/Desktop/docker/benchmarks/libgdx/gdx/src/com/badlogic/gdx/scenes/scene2d/actions/AlphaAction.java	FIELD	com.badlogic.gdx.scenes.scene2d.actions.AlphaAction	null	color	null	/home/nima/Desktop/docker/benchmarks/libgdx/gdx/src/com/badlogic/gdx/scenes/scene2d/actions/AlphaAction.java
ASSIGN_FIELD_NULLABLE	assigning @Nullable expression to @NonNull field	com.badlogic.gdx.scenes.scene2d.actions.AlphaAction	reset()	1626	/home/nima/Desktop/docker/benchmarks/libgdx/gdx/src/com/badlogic/gdx/scenes/scene2d/actions/AlphaAction.java	FIELD	com.badlogic.gdx.scenes.scene2d.actions.AlphaAction	null	color	null	/home/nima/Desktop/docker/benchmarks/libgdx/gdx/src/com/badlogic/gdx/scenes/scene2d/actions/AlphaAction.java
FIELD_NO_INIT	@NonNull field touchable not initialized	com.badlogic.gdx.scenes.scene2d.actions.TouchableAction	touchable	1133	/home/nima/Desktop/docker/benchmarks/libgdx/gdx/src/com/badlogic/gdx/scenes/scene2d/actions/TouchableAction.java	FIELD	com.badlogic.gdx.scenes.scene2d.actions.TouchableAction	null	touchable	null	/home/nima/Desktop/docker/benchmarks/libgdx/gdx/src/com/badlogic/gdx/scenes/scene2d/actions/TouchableAction.java
FIELD_NO_INIT	@NonNull field action not initialized	com.badlogic.gdx.scenes.scene2d.actions.DelegateAction	action	1110	/home/nima/Desktop/docker/benchmarks/libgdx/gdx/src/com/badlogic/gdx/scenes/scene2d/actions/DelegateAction.java	FIELD	com.badlogic.gdx.scenes.scene2d.actions.DelegateAction	null	action	null	/home/nima/Desktop/docker/benchmarks/libgdx/gdx/src/com/badlogic/gdx/scenes/scene2d/actions/DelegateAction.java
ASSIGN_FIELD_NULLABLE	assigning @Nullable expression to @NonNull field	com.badlogic.gdx.scenes.scene2d.actions.DelegateAction	reset()	1694	/home/nima/Desktop/docker/benchmarks/libgdx/gdx/src/com/badlogic/gdx/scenes/scene2d/actions/DelegateAction.java	FIELD	com.badlogic.gdx.scenes.scene2d.actions.DelegateAction	null	action	null	/home/nima/Desktop/docker/benchmarks/libgdx/gdx/src/com/badlogic/gdx/scenes/scene2d/actions/DelegateAction.java
DEREFERENCE_NULLABLE	dereferenced expression runnable is @Nullable	com.badlogic.gdx.scenes.scene2d.actions.RunnableAction	run()	1479	/home/nima/Desktop/docker/benchmarks/libgdx/gdx/src/com/badlogic/gdx/scenes/scene2d/actions/RunnableAction.java	null	null	null	null	null	null
FIELD_NO_INIT	@NonNull field listener not initialized	com.badlogic.gdx.scenes.scene2d.actions.AddListenerAction	listener	1053	/home/nima/Desktop/docker/benchmarks/libgdx/gdx/src/com/badlogic/gdx/scenes/scene2d/actions/AddListenerAction.java	FIELD	com.badlogic.gdx.scenes.scene2d.actions.AddListenerAction	null	listener	null	/home/nima/Desktop/docker/benchmarks/libgdx/gdx/src/com/badlogic/gdx/scenes/scene2d/actions/AddListenerAction.java
ASSIGN_FIELD_NULLABLE	assigning @Nullable expression to @NonNull field	com.badlogic.gdx.scenes.scene2d.actions.AddListenerAction	reset()	1579	/home/nima/Desktop/docker/benchmarks/libgdx/gdx/src/com/badlogic/gdx/scenes/scene2d/actions/AddListenerAction.java	FIELD	com.badlogic.gdx.scenes.scene2d.actions.AddListenerAction	null	listener	null	/home/nima/Desktop/docker/benchmarks/libgdx/gdx/src/com/badlogic/gdx/scenes/scene2d/actions/AddListenerAction.java
FIELD_NO_INIT	@NonNull field listener not initialized	com.badlogic.gdx.scenes.scene2d.actions.RemoveListenerAction	listener	1061	/home/nima/Desktop/docker/benchmarks/libgdx/gdx/src/com/badlogic/gdx/scenes/scene2d/actions/RemoveListenerAction.java	FIELD	com.badlogic.gdx.scenes.scene2d.actions.RemoveListenerAction	null	listener	null	/home/nima/Desktop/docker/benchmarks/libgdx/gdx/src/com/badlogic/gdx/scenes/scene2d/actions/RemoveListenerAction.java
ASSIGN_FIELD_NULLABLE	assigning @Nullable expression to @NonNull field	com.badlogic.gdx.scenes.scene2d.actions.RemoveListenerAction	reset()	1593	/home/nima/Desktop/docker/benchmarks/libgdx/gdx/src/com/badlogic/gdx/scenes/scene2d/actions/RemoveListenerAction.java	FIELD	com.badlogic.gdx.scenes.scene2d.actions.RemoveListenerAction	null	listener	null	/home/nima/Desktop/docker/benchmarks/libgdx/gdx/src/com/badlogic/gdx/scenes/scene2d/actions/RemoveListenerAction.java
METHOD_NO_INIT	initializer method does not guarantee @NonNull fields event (line 37), actor (line 38), touchDownTarget (line 38) are initialized along all control-flow paths (remember to check for exceptions or early returns).	com.badlogic.gdx.scenes.scene2d.utils.ActorGestureListener	ActorGestureListener(float,float,float,float)	1963	/home/nima/Desktop/docker/benchmarks/libgdx/gdx/src/com/badlogic/gdx/scenes/scene2d/utils/ActorGestureListener.java	null	null	null	null	null	null
METHOD_NO_INIT	initializer method does not guarantee @NonNull field style (line 46) is initialized along all control-flow paths (remember to check for exceptions or early returns).	com.badlogic.gdx.scenes.scene2d.ui.Window	Window(java.lang.String,com.badlogic.gdx.scenes.scene2d.ui.Window.WindowStyle)	2621	/home/nima/Desktop/docker/benchmarks/libgdx/gdx/src/com/badlogic/gdx/scenes/scene2d/ui/Window.java	null	null	null	null	null	null
METHOD_NO_INIT	initializer method does not guarantee @NonNull fields background (line 346), titleFont (line 347) are initialized along all control-flow paths (remember to check for exceptions or early returns).	com.badlogic.gdx.scenes.scene2d.ui.Window$WindowStyle	WindowStyle()	12348	/home/nima/Desktop/docker/benchmarks/libgdx/gdx/src/com/badlogic/gdx/scenes/scene2d/ui/Window.java	null	null	null	null	null	null
METHOD_NO_INIT	initializer method does not guarantee @NonNull fields label (line 75), background (line 76) are initialized along all control-flow paths (remember to check for exceptions or early returns).	com.badlogic.gdx.scenes.scene2d.ui.TextTooltip$TextTooltipStyle	TextTooltipStyle()	2738	/home/nima/Desktop/docker/benchmarks/libgdx/gdx/src/com/badlogic/gdx/scenes/scene2d/ui/TextTooltip.java	null	null	null	null	null	null
RETURN_NULLABLE	returning @Nullable expression from method with @NonNull return type	com.badlogic.gdx.scenes.scene2d.ui.TooltipManager	getInstance()	5288	/home/nima/Desktop/docker/benchmarks/libgdx/gdx/src/com/badlogic/gdx/scenes/scene2d/ui/TooltipManager.java	METHOD	com.badlogic.gdx.scenes.scene2d.ui.TooltipManager	getInstance()	null	null	/home/nima/Desktop/docker/benchmarks/libgdx/gdx/src/com/badlogic/gdx/scenes/scene2d/ui/TooltipManager.java
METHOD_NO_INIT	initializer method does not guarantee @NonNull fields actor (line 22), background (line 29) are initialized along all control-flow paths (remember to check for exceptions or early returns).	com.badlogic.gdx.scenes.scene2d.ui.Container	Container()	1439	/home/nima/Desktop/docker/benchmarks/libgdx/gdx/src/com/badlogic/gdx/scenes/scene2d/ui/Container.java	null	null	null	null	null	null
ASSIGN_FIELD_NULLABLE	assigning @Nullable expression to @NonNull field	com.badlogic.gdx.scenes.scene2d.ui.Container	setActor(T)	5926	/home/nima/Desktop/docker/benchmarks/libgdx/gdx/src/com/badlogic/gdx/scenes/scene2d/ui/Container.java	FIELD	com.badlogic.gdx.scenes.scene2d.ui.Container	null	actor	null	/home/nima/Desktop/docker/benchmarks/libgdx/gdx/src/com/badlogic/gdx/scenes/scene2d/ui/Container.java
ASSIGN_FIELD_NULLABLE	assigning @Nullable expression to @NonNull field	com.badlogic.gdx.scenes.scene2d.ui.Container	removeActor(com.badlogic.gdx.scenes.scene2d.Actor,boolean)	7368	/home/nima/Desktop/docker/benchmarks/libgdx/gdx/src/com/badlogic/gdx/scenes/scene2d/ui/Container.java	FIELD	com.badlogic.gdx.scenes.scene2d.ui.Container	null	actor	null	/home/nima/Desktop/docker/benchmarks/libgdx/gdx/src/com/badlogic/gdx/scenes/scene2d/ui/Container.java
ASSIGN_FIELD_NULLABLE	assigning @Nullable expression to @NonNull field	com.badlogic.gdx.scenes.scene2d.ui.Container	removeActorAt(int,boolean)	7574	/home/nima/Desktop/docker/benchmarks/libgdx/gdx/src/com/badlogic/gdx/scenes/scene2d/ui/Container.java	FIELD	com.badlogic.gdx.scenes.scene2d.ui.Container	null	actor	null	/home/nima/Desktop/docker/benchmarks/libgdx/gdx/src/com/badlogic/gdx/scenes/scene2d/ui/Container.java
METHOD_NO_INIT	initializer method does not guarantee @NonNull field linesBreak (line 38) is initialized along all control-flow paths (remember to check for exceptions or early returns).	com.badlogic.gdx.scenes.scene2d.ui.TextArea	TextArea(java.lang.String,com.badlogic.gdx.scenes.scene2d.ui.Skin)	2113	/home/nima/Desktop/docker/benchmarks/libgdx/gdx/src/com/badlogic/gdx/scenes/scene2d/ui/TextArea.java	null	null	null	null	null	null
METHOD_NO_INIT	initializer method does not guarantee @NonNull field linesBreak (line 38) is initialized along all control-flow paths (remember to check for exceptions or early returns).	com.badlogic.gdx.scenes.scene2d.ui.TextArea	TextArea(java.lang.String,com.badlogic.gdx.scenes.scene2d.ui.Skin,java.lang.String)	2182	/home/nima/Desktop/docker/benchmarks/libgdx/gdx/src/com/badlogic/gdx/scenes/scene2d/ui/TextArea.java	null	null	null	null	null	null
METHOD_NO_INIT	initializer method does not guarantee @NonNull field linesBreak (line 38) is initialized along all control-flow paths (remember to check for exceptions or early returns).	com.badlogic.gdx.scenes.scene2d.ui.TextArea	TextArea(java.lang.String,com.badlogic.gdx.scenes.scene2d.ui.TextField.TextFieldStyle)	2280	/home/nima/Desktop/docker/benchmarks/libgdx/gdx/src/com/badlogic/gdx/scenes/scene2d/ui/TextArea.java	null	null	null	null	null	null
METHOD_NO_INIT	initializer method does not guarantee @NonNull fields text (line 81), style (line 88), messageText (line 89), displayText (line 90), inputListener (line 92), filter (line 96) are initialized along all control-flow paths (remember to check for exceptions or early returns).	com.badlogic.gdx.scenes.scene2d.ui.TextField	TextField(java.lang.String,com.badlogic.gdx.scenes.scene2d.ui.TextField.TextFieldStyle)	5443	/home/nima/Desktop/docker/benchmarks/libgdx/gdx/src/com/badlogic/gdx/scenes/scene2d/ui/TextField.java	null	null	null	null	null	null
PASS_NULLABLE	passing @Nullable parameter 'null' where @NonNull is required	com.badlogic.gdx.scenes.scene2d.ui.TextField$KeyRepeatTask	run()	27329	/home/nima/Desktop/docker/benchmarks/libgdx/gdx/src/com/badlogic/gdx/scenes/scene2d/ui/TextField.java	PARAMETER	com.badlogic.gdx.scenes.scene2d.InputListener	keyDown(com.badlogic.gdx.scenes.scene2d.InputEvent,int)	event	0	/home/nima/Desktop/docker/benchmarks/libgdx/gdx/src/com/badlogic/gdx/scenes/scene2d/InputListener.java
METHOD_NO_INIT	initializer method does not guarantee @NonNull fields font (line 1094), fontColor (line 1095), background (line 1097), focusedBackground (line 1097), disabledBackground (line 1097), cursor (line 1097), selection (line 1097) are initialized along all control-flow paths (remember to check for exceptions or early returns).	com.badlogic.gdx.scenes.scene2d.ui.TextField$TextFieldStyle	TextFieldStyle()	36104	/home/nima/Desktop/docker/benchmarks/libgdx/gdx/src/com/badlogic/gdx/scenes/scene2d/ui/TextField.java	null	null	null	null	null	null
METHOD_NO_INIT	initializer method does not guarantee @NonNull field fontColor (line 1095) is initialized along all control-flow paths (remember to check for exceptions or early returns).	com.badlogic.gdx.scenes.scene2d.ui.TextField$TextFieldStyle	TextFieldStyle(com.badlogic.gdx.scenes.scene2d.ui.TextField.TextFieldStyle)	36424	/home/nima/Desktop/docker/benchmarks/libgdx/gdx/src/com/badlogic/gdx/scenes/scene2d/ui/TextField.java	null	null	null	null	null	null
METHOD_NO_INIT	initializer method does not guarantee @NonNull fields focusedBackground (line 1097), disabledBackground (line 1097) are initialized along all control-flow paths (remember to check for exceptions or early returns).	com.badlogic.gdx.scenes.scene2d.ui.TextField$TextFieldStyle	TextFieldStyle(com.badlogic.gdx.graphics.g2d.BitmapFont,com.badlogic.gdx.graphics.Color,com.badlogic.gdx.scenes.scene2d.utils.Drawable,com.badlogic.gdx.scenes.scene2d.utils.Drawable,com.badlogic.gdx.scenes.scene2d.utils.Drawable)	36138	/home/nima/Desktop/docker/benchmarks/libgdx/gdx/src/com/badlogic/gdx/scenes/scene2d/ui/TextField.java	null	null	null	null	null	null
METHOD_NO_INIT	initializer method does not guarantee @NonNull field style (line 42) is initialized along all control-flow paths (remember to check for exceptions or early returns).	com.badlogic.gdx.scenes.scene2d.ui.Touchpad	Touchpad(float,com.badlogic.gdx.scenes.scene2d.ui.Touchpad.TouchpadStyle)	2851	/home/nima/Desktop/docker/benchmarks/libgdx/gdx/src/com/badlogic/gdx/scenes/scene2d/ui/Touchpad.java	null	null	null	null	null	null
METHOD_NO_INIT	initializer method does not guarantee @NonNull field style (line 50) is initialized along all control-flow paths (remember to check for exceptions or early returns).	com.badlogic.gdx.scenes.scene2d.ui.Tree	Tree(com.badlogic.gdx.scenes.scene2d.ui.Tree.TreeStyle)	2729	/home/nima/Desktop/docker/benchmarks/libgdx/gdx/src/com/badlogic/gdx/scenes/scene2d/ui/Tree.java	null	null	null	null	null	null
DEREFERENCE_NULLABLE	dereferenced expression rangeStart is @Nullable	com.badlogic.gdx.scenes.scene2d.ui.Tree$2	clicked(com.badlogic.gdx.scenes.scene2d.InputEvent,float,float)	3578	/home/nima/Desktop/docker/benchmarks/libgdx/gdx/src/com/badlogic/gdx/scenes/scene2d/ui/Tree.java	null	null	null	null	null	null
RETURN_NULLABLE	returning @Nullable expression from method with @NonNull return type	com.badlogic.gdx.scenes.scene2d.ui.Tree	findNode(com.badlogic.gdx.utils.Array<? extends com.badlogic.gdx.scenes.scene2d.ui.Tree.Node>,java.lang.Object)	18210	/home/nima/Desktop/docker/benchmarks/libgdx/gdx/src/com/badlogic/gdx/scenes/scene2d/ui/Tree.java	METHOD	com.badlogic.gdx.scenes.scene2d.ui.Tree	findNode(com.badlogic.gdx.utils.Array<? extends com.badlogic.gdx.scenes.scene2d.ui.Tree.Node>,java.lang.Object)	null	null	/home/nima/Desktop/docker/benchmarks/libgdx/gdx/src/com/badlogic/gdx/scenes/scene2d/ui/Tree.java
METHOD_NO_INIT	initializer method does not guarantee @NonNull fields icon (line 600), value (line 602) are initialized along all control-flow paths (remember to check for exceptions or early returns).	com.badlogic.gdx.scenes.scene2d.ui.Tree$Node	Node(A)	19427	/home/nima/Desktop/docker/benchmarks/libgdx/gdx/src/com/badlogic/gdx/scenes/scene2d/ui/Tree.java	null	null	null	null	null	null
METHOD_NO_INIT	initializer method does not guarantee @NonNull fields icon (line 600), value (line 602), actor (line 595) are initialized along all control-flow paths (remember to check for exceptions or early returns).	com.badlogic.gdx.scenes.scene2d.ui.Tree$Node	Node()	19689	/home/nima/Desktop/docker/benchmarks/libgdx/gdx/src/com/badlogic/gdx/scenes/scene2d/ui/Tree.java	null	null	null	null	null	null
METHOD_NO_INIT	initializer method does not guarantee @NonNull fields plus (line 892), minus (line 892) are initialized along all control-flow paths (remember to check for exceptions or early returns).	com.badlogic.gdx.scenes.scene2d.ui.Tree$TreeStyle	TreeStyle()	28138	/home/nima/Desktop/docker/benchmarks/libgdx/gdx/src/com/badlogic/gdx/scenes/scene2d/ui/Tree.java	null	null	null	null	null	null
METHOD_NO_INIT	initializer method does not guarantee @NonNull field style (line 48) is initialized along all control-flow paths (remember to check for exceptions or early returns).	com.badlogic.gdx.scenes.scene2d.ui.SplitPane	SplitPane(com.badlogic.gdx.scenes.scene2d.Actor,com.badlogic.gdx.scenes.scene2d.Actor,boolean,com.badlogic.gdx.scenes.scene2d.ui.SplitPane.SplitPaneStyle)	3687	/home/nima/Desktop/docker/benchmarks/libgdx/gdx/src/com/badlogic/gdx/scenes/scene2d/ui/SplitPane.java	null	null	null	null	null	null
METHOD_NO_INIT	initializer method does not guarantee @NonNull field handle (line 411) is initialized along all control-flow paths (remember to check for exceptions or early returns).	com.badlogic.gdx.scenes.scene2d.ui.SplitPane$SplitPaneStyle	SplitPaneStyle()	15111	/home/nima/Desktop/docker/benchmarks/libgdx/gdx/src/com/badlogic/gdx/scenes/scene2d/ui/SplitPane.java	null	null	null	null	null	null
METHOD_NO_INIT	initializer method does not guarantee @NonNull field columnSizes (line 44) is initialized along all control-flow paths (remember to check for exceptions or early returns).	com.badlogic.gdx.scenes.scene2d.ui.VerticalGroup	VerticalGroup()	2517	/home/nima/Desktop/docker/benchmarks/libgdx/gdx/src/com/badlogic/gdx/scenes/scene2d/ui/VerticalGroup.java	null	null	null	null	null	null
METHOD_NO_INIT	initializer method does not guarantee @NonNull field style (line 32) is initialized along all control-flow paths (remember to check for exceptions or early returns).	com.badlogic.gdx.scenes.scene2d.ui.TextButton	TextButton(java.lang.String,com.badlogic.gdx.scenes.scene2d.ui.TextButton.TextButtonStyle)	1609	/home/nima/Desktop/docker/benchmarks/libgdx/gdx/src/com/badlogic/gdx/scenes/scene2d/ui/TextButton.java	null	null	null	null	null	null
METHOD_NO_INIT	initializer method does not guarantee @NonNull fields font (line 139), fontColor (line 140), downFontColor (line 140), overFontColor (line 140), focusedFontColor (line 140), disabledFontColor (line 140) are initialized along all control-flow paths (remember to check for exceptions or early returns).	com.badlogic.gdx.scenes.scene2d.ui.TextButton$TextButtonStyle	TextButtonStyle()	4944	/home/nima/Desktop/docker/benchmarks/libgdx/gdx/src/com/badlogic/gdx/scenes/scene2d/ui/TextButton.java	null	null	null	null	null	null
METHOD_NO_INIT	initializer method does not guarantee @NonNull fields fontColor (line 140), downFontColor (line 140), overFontColor (line 140), focusedFontColor (line 140), disabledFontColor (line 140) are initialized along all control-flow paths (remember to check for exceptions or early returns).	com.badlogic.gdx.scenes.scene2d.ui.TextButton$TextButtonStyle	TextButtonStyle(com.badlogic.gdx.scenes.scene2d.utils.Drawable,com.badlogic.gdx.scenes.scene2d.utils.Drawable,com.badlogic.gdx.scenes.scene2d.utils.Drawable,com.badlogic.gdx.graphics.g2d.BitmapFont)	4979	/home/nima/Desktop/docker/benchmarks/libgdx/gdx/src/com/badlogic/gdx/scenes/scene2d/ui/TextButton.java	null	null	null	null	null	null
METHOD_NO_INIT	initializer method does not guarantee @NonNull fields fontColor (line 140), downFontColor (line 140), overFontColor (line 140), focusedFontColor (line 140), disabledFontColor (line 140) are initialized along all control-flow paths (remember to check for exceptions or early returns).	com.badlogic.gdx.scenes.scene2d.ui.TextButton$TextButtonStyle	TextButtonStyle(com.badlogic.gdx.scenes.scene2d.ui.TextButton.TextButtonStyle)	5149	/home/nima/Desktop/docker/benchmarks/libgdx/gdx/src/com/badlogic/gdx/scenes/scene2d/ui/TextButton.java	null	null	null	null	null	null
METHOD_NO_INIT	initializer method does not guarantee @NonNull fields imageUp (line 196), imageDown (line 196), imageOver (line 196), imageDisabled (line 196) are initialized along all control-flow paths (remember to check for exceptions or early returns).	com.badlogic.gdx.scenes.scene2d.ui.ImageTextButton$ImageTextButtonStyle	ImageTextButtonStyle()	6317	/home/nima/Desktop/docker/benchmarks/libgdx/gdx/src/com/badlogic/gdx/scenes/scene2d/ui/ImageTextButton.java	null	null	null	null	null	null
METHOD_NO_INIT	initializer method does not guarantee @NonNull fields imageUp (line 196), imageDown (line 196), imageOver (line 196), imageDisabled (line 196) are initialized along all control-flow paths (remember to check for exceptions or early returns).	com.badlogic.gdx.scenes.scene2d.ui.ImageTextButton$ImageTextButtonStyle	ImageTextButtonStyle(com.badlogic.gdx.scenes.scene2d.utils.Drawable,com.badlogic.gdx.scenes.scene2d.utils.Drawable,com.badlogic.gdx.scenes.scene2d.utils.Drawable,com.badlogic.gdx.graphics.g2d.BitmapFont)	6357	/home/nima/Desktop/docker/benchmarks/libgdx/gdx/src/com/badlogic/gdx/scenes/scene2d/ui/ImageTextButton.java	null	null	null	null	null	null
METHOD_NO_INIT	initializer method does not guarantee @NonNull fields imageUp (line 196), imageDown (line 196), imageOver (line 196), imageDisabled (line 196) are initialized along all control-flow paths (remember to check for exceptions or early returns).	com.badlogic.gdx.scenes.scene2d.ui.ImageTextButton$ImageTextButtonStyle	ImageTextButtonStyle(com.badlogic.gdx.scenes.scene2d.ui.TextButton.TextButtonStyle)	6857	/home/nima/Desktop/docker/benchmarks/libgdx/gdx/src/com/badlogic/gdx/scenes/scene2d/ui/ImageTextButton.java	null	null	null	null	null	null
METHOD_NO_INIT	initializer method does not guarantee @NonNull field skin (line 44) is initialized along all control-flow paths (remember to check for exceptions or early returns).	com.badlogic.gdx.scenes.scene2d.ui.Dialog	Dialog(java.lang.String,com.badlogic.gdx.scenes.scene2d.ui.Window.WindowStyle)	2783	/home/nima/Desktop/docker/benchmarks/libgdx/gdx/src/com/badlogic/gdx/scenes/scene2d/ui/Dialog.java	null	null	null	null	null	null
METHOD_NO_INIT	initializer method does not guarantee @NonNull field rowSizes (line 44) is initialized along all control-flow paths (remember to check for exceptions or early returns).	com.badlogic.gdx.scenes.scene2d.ui.HorizontalGroup	HorizontalGroup()	2588	/home/nima/Desktop/docker/benchmarks/libgdx/gdx/src/com/badlogic/gdx/scenes/scene2d/ui/HorizontalGroup.java	null	null	null	null	null	null
METHOD_NO_INIT	initializer method does not guarantee @NonNull field style (line 33) is initialized along all control-flow paths (remember to check for exceptions or early returns).	com.badlogic.gdx.scenes.scene2d.ui.CheckBox	CheckBox(java.lang.String,com.badlogic.gdx.scenes.scene2d.ui.CheckBox.CheckBoxStyle)	1619	/home/nima/Desktop/docker/benchmarks/libgdx/gdx/src/com/badlogic/gdx/scenes/scene2d/ui/CheckBox.java	null	null	null	null	null	null
METHOD_NO_INIT	initializer method does not guarantee @NonNull fields checkboxOn (line 102), checkboxOff (line 102) are initialized along all control-flow paths (remember to check for exceptions or early returns).	com.badlogic.gdx.scenes.scene2d.ui.CheckBox$CheckBoxStyle	CheckBoxStyle()	3456	/home/nima/Desktop/docker/benchmarks/libgdx/gdx/src/com/badlogic/gdx/scenes/scene2d/ui/CheckBox.java	null	null	null	null	null	null
METHOD_NO_INIT	initializer method does not guarantee @NonNull field sprite (line 28) is initialized along all control-flow paths (remember to check for exceptions or early returns).	com.badlogic.gdx.scenes.scene2d.utils.SpriteDrawable	SpriteDrawable()	1285	/home/nima/Desktop/docker/benchmarks/libgdx/gdx/src/com/badlogic/gdx/scenes/scene2d/utils/SpriteDrawable.java	null	null	null	null	null	null
METHOD_NO_INIT	initializer method does not guarantee @NonNull field sprite (line 28) is initialized along all control-flow paths (remember to check for exceptions or early returns).	com.badlogic.gdx.scenes.scene2d.utils.SpriteDrawable	SpriteDrawable(com.badlogic.gdx.graphics.g2d.Sprite)	1317	/home/nima/Desktop/docker/benchmarks/libgdx/gdx/src/com/badlogic/gdx/scenes/scene2d/utils/SpriteDrawable.java	null	null	null	null	null	null
METHOD_NO_INIT	initializer method does not guarantee @NonNull field sprite (line 28) is initialized along all control-flow paths (remember to check for exceptions or early returns).	com.badlogic.gdx.scenes.scene2d.utils.SpriteDrawable	SpriteDrawable(com.badlogic.gdx.scenes.scene2d.utils.SpriteDrawable)	1383	/home/nima/Desktop/docker/benchmarks/libgdx/gdx/src/com/badlogic/gdx/scenes/scene2d/utils/SpriteDrawable.java	null	null	null	null	null	null
DEREFERENCE_NULLABLE	dereferenced expression target is @Nullable	com.badlogic.gdx.scenes.scene2d.utils.DragAndDrop$1	dragStop(com.badlogic.gdx.scenes.scene2d.InputEvent,float,float,int)	6137	/home/nima/Desktop/docker/benchmarks/libgdx/gdx/src/com/badlogic/gdx/scenes/scene2d/utils/DragAndDrop.java	null	null	null	null	null	null
FIELD_NO_INIT	@NonNull field DragAndDrop$Payload.dragActor not initialized	com.badlogic.gdx.scenes.scene2d.utils.DragAndDrop$Payload	dragActor	12806	/home/nima/Desktop/docker/benchmarks/libgdx/gdx/src/com/badlogic/gdx/scenes/scene2d/utils/DragAndDrop.java	FIELD	com.badlogic.gdx.scenes.scene2d.utils.DragAndDrop$Payload	null	dragActor	null	/home/nima/Desktop/docker/benchmarks/libgdx/gdx/src/com/badlogic/gdx/scenes/scene2d/utils/DragAndDrop.java
FIELD_NO_INIT	@NonNull field DragAndDrop$Payload.validDragActor not initialized	com.badlogic.gdx.scenes.scene2d.utils.DragAndDrop$Payload	validDragActor	12806	/home/nima/Desktop/docker/benchmarks/libgdx/gdx/src/com/badlogic/gdx/scenes/scene2d/utils/DragAndDrop.java	FIELD	com.badlogic.gdx.scenes.scene2d.utils.DragAndDrop$Payload	null	validDragActor	null	/home/nima/Desktop/docker/benchmarks/libgdx/gdx/src/com/badlogic/gdx/scenes/scene2d/utils/DragAndDrop.java
FIELD_NO_INIT	@NonNull field DragAndDrop$Payload.invalidDragActor not initialized	com.badlogic.gdx.scenes.scene2d.utils.DragAndDrop$Payload	invalidDragActor	12806	/home/nima/Desktop/docker/benchmarks/libgdx/gdx/src/com/badlogic/gdx/scenes/scene2d/utils/DragAndDrop.java	FIELD	com.badlogic.gdx.scenes.scene2d.utils.DragAndDrop$Payload	null	invalidDragActor	null	/home/nima/Desktop/docker/benchmarks/libgdx/gdx/src/com/badlogic/gdx/scenes/scene2d/utils/DragAndDrop.java
METHOD_NO_INIT	initializer method does not guarantee @NonNull field patch (line 34) is initialized along all control-flow paths (remember to check for exceptions or early returns).	com.badlogic.gdx.scenes.scene2d.utils.NinePatchDrawable	NinePatchDrawable()	1756	/home/nima/Desktop/docker/benchmarks/libgdx/gdx/src/com/badlogic/gdx/scenes/scene2d/utils/NinePatchDrawable.java	null	null	null	null	null	null
METHOD_NO_INIT	initializer method does not guarantee @NonNull field patch (line 34) is initialized along all control-flow paths (remember to check for exceptions or early returns).	com.badlogic.gdx.scenes.scene2d.utils.NinePatchDrawable	NinePatchDrawable(com.badlogic.gdx.graphics.g2d.NinePatch)	1791	/home/nima/Desktop/docker/benchmarks/libgdx/gdx/src/com/badlogic/gdx/scenes/scene2d/utils/NinePatchDrawable.java	null	null	null	null	null	null
DEREFERENCE_NULLABLE	dereferenced expression method is @Nullable	com.badlogic.gdx.net.NetJavaImpl	sendHttpRequest(com.badlogic.gdx.Net.HttpRequest,com.badlogic.gdx.Net.HttpResponseListener)	5114	/home/nima/Desktop/docker/benchmarks/libgdx/gdx/src/com/badlogic/gdx/net/NetJavaImpl.java	null	null	null	null	null	null
FIELD_NO_INIT	@NonNull field httpRequest not initialized	com.badlogic.gdx.net.HttpRequestBuilder	httpRequest	1811	/home/nima/Desktop/docker/benchmarks/libgdx/gdx/src/com/badlogic/gdx/net/HttpRequestBuilder.java	FIELD	com.badlogic.gdx.net.HttpRequestBuilder	null	httpRequest	null	/home/nima/Desktop/docker/benchmarks/libgdx/gdx/src/com/badlogic/gdx/net/HttpRequestBuilder.java
ASSIGN_FIELD_NULLABLE	assigning @Nullable expression to @NonNull field	com.badlogic.gdx.net.HttpRequestBuilder	build()	5332	/home/nima/Desktop/docker/benchmarks/libgdx/gdx/src/com/badlogic/gdx/net/HttpRequestBuilder.java	FIELD	com.badlogic.gdx.net.HttpRequestBuilder	null	httpRequest	null	/home/nima/Desktop/docker/benchmarks/libgdx/gdx/src/com/badlogic/gdx/net/HttpRequestBuilder.java
DEREFERENCE_NULLABLE	dereferenced expression server is @Nullable	com.badlogic.gdx.net.NetJavaServerSocketImpl	accept(com.badlogic.gdx.net.SocketHints)	2529	/home/nima/Desktop/docker/benchmarks/libgdx/gdx/src/com/badlogic/gdx/net/NetJavaServerSocketImpl.java	null	null	null	null	null	null
ASSIGN_FIELD_NULLABLE	assigning @Nullable expression to @NonNull field	com.badlogic.gdx.net.NetJavaSocketImpl	dispose()	3345	/home/nima/Desktop/docker/benchmarks/libgdx/gdx/src/com/badlogic/gdx/net/NetJavaSocketImpl.java	FIELD	com.badlogic.gdx.net.NetJavaSocketImpl	null	socket	null	/home/nima/Desktop/docker/benchmarks/libgdx/gdx/src/com/badlogic/gdx/net/NetJavaSocketImpl.java
