kind	class	method	param	index	uri	reason	annotation	rootClass	rootMethod
FIELD	com.badlogic.gdx.files.FileHandle	null	file	null	/home/nima/Desktop/docker/benchmarks/libgdx/gdx/src/com/badlogic/gdx/files/FileHandle.java	METHOD_NO_INIT	nullable	com.badlogic.gdx.files.FileHandle	null
FIELD	com.badlogic.gdx.files.FileHandle	null	type	null	/home/nima/Desktop/docker/benchmarks/libgdx/gdx/src/com/badlogic/gdx/files/FileHandle.java	METHOD_NO_INIT	nullable	com.badlogic.gdx.files.FileHandle	null
METHOD	com.badlogic.gdx.utils.Array	random()	null	null	/home/nima/Desktop/docker/benchmarks/libgdx/gdx/src/com/badlogic/gdx/utils/Array.java	RETURN_NULLABLE	nullable	com.badlogic.gdx.utils.Array	random()
FIELD	com.badlogic.gdx.utils.Array$ArrayIterable	null	iterator1	null	/home/nima/Desktop/docker/benchmarks/libgdx/gdx/src/com/badlogic/gdx/utils/Array.java	METHOD_NO_INIT	nullable	com.badlogic.gdx.utils.Array$ArrayIterable	null
FIELD	com.badlogic.gdx.utils.Array$ArrayIterable	null	iterator2	null	/home/nima/Desktop/docker/benchmarks/libgdx/gdx/src/com/badlogic/gdx/utils/Array.java	METHOD_NO_INIT	nullable	com.badlogic.gdx.utils.Array$ArrayIterable	null
FIELD	com.badlogic.gdx.utils.Predicate$PredicateIterator	null	iterator	null	/home/nima/Desktop/docker/benchmarks/libgdx/gdx/src/com/badlogic/gdx/utils/Predicate.java	METHOD_NO_INIT	nullable	com.badlogic.gdx.utils.Predicate$PredicateIterator	null
FIELD	com.badlogic.gdx.utils.Predicate$PredicateIterator	null	predicate	null	/home/nima/Desktop/docker/benchmarks/libgdx/gdx/src/com/badlogic/gdx/utils/Predicate.java	METHOD_NO_INIT	nullable	com.badlogic.gdx.utils.Predicate$PredicateIterator	null
FIELD	com.badlogic.gdx.utils.Predicate$PredicateIterable	null	iterable	null	/home/nima/Desktop/docker/benchmarks/libgdx/gdx/src/com/badlogic/gdx/utils/Predicate.java	METHOD_NO_INIT	nullable	com.badlogic.gdx.utils.Predicate$PredicateIterable	null
FIELD	com.badlogic.gdx.utils.Predicate$PredicateIterable	null	predicate	null	/home/nima/Desktop/docker/benchmarks/libgdx/gdx/src/com/badlogic/gdx/utils/Predicate.java	METHOD_NO_INIT	nullable	com.badlogic.gdx.utils.Predicate$PredicateIterable	null
FIELD	com.badlogic.gdx.utils.ObjectSet	null	iterator1	null	/home/nima/Desktop/docker/benchmarks/libgdx/gdx/src/com/badlogic/gdx/utils/ObjectSet.java	METHOD_NO_INIT	nullable	com.badlogic.gdx.utils.ObjectSet	null
FIELD	com.badlogic.gdx.utils.ObjectSet	null	iterator2	null	/home/nima/Desktop/docker/benchmarks/libgdx/gdx/src/com/badlogic/gdx/utils/ObjectSet.java	METHOD_NO_INIT	nullable	com.badlogic.gdx.utils.ObjectSet	null
FIELD	com.badlogic.gdx.utils.IntSet	null	iterator1	null	/home/nima/Desktop/docker/benchmarks/libgdx/gdx/src/com/badlogic/gdx/utils/IntSet.java	METHOD_NO_INIT	nullable	com.badlogic.gdx.utils.IntSet	null
FIELD	com.badlogic.gdx.utils.IntSet	null	iterator2	null	/home/nima/Desktop/docker/benchmarks/libgdx/gdx/src/com/badlogic/gdx/utils/IntSet.java	METHOD_NO_INIT	nullable	com.badlogic.gdx.utils.IntSet	null
FIELD	com.badlogic.gdx.utils.LongMap	null	zeroValue	null	/home/nima/Desktop/docker/benchmarks/libgdx/gdx/src/com/badlogic/gdx/utils/LongMap.java	METHOD_NO_INIT	nullable	com.badlogic.gdx.utils.LongMap	null
FIELD	com.badlogic.gdx.utils.LongMap	null	entries1	null	/home/nima/Desktop/docker/benchmarks/libgdx/gdx/src/com/badlogic/gdx/utils/LongMap.java	METHOD_NO_INIT	nullable	com.badlogic.gdx.utils.LongMap	null
FIELD	com.badlogic.gdx.utils.LongMap	null	entries2	null	/home/nima/Desktop/docker/benchmarks/libgdx/gdx/src/com/badlogic/gdx/utils/LongMap.java	METHOD_NO_INIT	nullable	com.badlogic.gdx.utils.LongMap	null
FIELD	com.badlogic.gdx.utils.LongMap	null	values1	null	/home/nima/Desktop/docker/benchmarks/libgdx/gdx/src/com/badlogic/gdx/utils/LongMap.java	METHOD_NO_INIT	nullable	com.badlogic.gdx.utils.LongMap	null
FIELD	com.badlogic.gdx.utils.LongMap	null	values2	null	/home/nima/Desktop/docker/benchmarks/libgdx/gdx/src/com/badlogic/gdx/utils/LongMap.java	METHOD_NO_INIT	nullable	com.badlogic.gdx.utils.LongMap	null
FIELD	com.badlogic.gdx.utils.LongMap	null	keys1	null	/home/nima/Desktop/docker/benchmarks/libgdx/gdx/src/com/badlogic/gdx/utils/LongMap.java	METHOD_NO_INIT	nullable	com.badlogic.gdx.utils.LongMap	null
FIELD	com.badlogic.gdx.utils.LongMap	null	keys2	null	/home/nima/Desktop/docker/benchmarks/libgdx/gdx/src/com/badlogic/gdx/utils/LongMap.java	METHOD_NO_INIT	nullable	com.badlogic.gdx.utils.LongMap	null
FIELD	com.badlogic.gdx.utils.LongMap	null	zeroValue	null	/home/nima/Desktop/docker/benchmarks/libgdx/gdx/src/com/badlogic/gdx/utils/LongMap.java	ASSIGN_FIELD_NULLABLE	nullable	com.badlogic.gdx.utils.LongMap	remove(long)
FIELD	com.badlogic.gdx.utils.LongMap	null	zeroValue	null	/home/nima/Desktop/docker/benchmarks/libgdx/gdx/src/com/badlogic/gdx/utils/LongMap.java	ASSIGN_FIELD_NULLABLE	nullable	com.badlogic.gdx.utils.LongMap	clear(int)
FIELD	com.badlogic.gdx.utils.LongMap	null	zeroValue	null	/home/nima/Desktop/docker/benchmarks/libgdx/gdx/src/com/badlogic/gdx/utils/LongMap.java	ASSIGN_FIELD_NULLABLE	nullable	com.badlogic.gdx.utils.LongMap	clear()
FIELD	com.badlogic.gdx.utils.LongMap	null	zeroValue	null	/home/nima/Desktop/docker/benchmarks/libgdx/gdx/src/com/badlogic/gdx/utils/LongMap.java	ASSIGN_FIELD_NULLABLE	nullable	com.badlogic.gdx.utils.LongMap$MapIterator	remove()
FIELD	com.badlogic.gdx.utils.ObjectMap	null	entries1	null	/home/nima/Desktop/docker/benchmarks/libgdx/gdx/src/com/badlogic/gdx/utils/ObjectMap.java	METHOD_NO_INIT	nullable	com.badlogic.gdx.utils.ObjectMap	null
FIELD	com.badlogic.gdx.utils.ObjectMap	null	entries2	null	/home/nima/Desktop/docker/benchmarks/libgdx/gdx/src/com/badlogic/gdx/utils/ObjectMap.java	METHOD_NO_INIT	nullable	com.badlogic.gdx.utils.ObjectMap	null
FIELD	com.badlogic.gdx.utils.ObjectMap	null	values1	null	/home/nima/Desktop/docker/benchmarks/libgdx/gdx/src/com/badlogic/gdx/utils/ObjectMap.java	METHOD_NO_INIT	nullable	com.badlogic.gdx.utils.ObjectMap	null
FIELD	com.badlogic.gdx.utils.ObjectMap	null	values2	null	/home/nima/Desktop/docker/benchmarks/libgdx/gdx/src/com/badlogic/gdx/utils/ObjectMap.java	METHOD_NO_INIT	nullable	com.badlogic.gdx.utils.ObjectMap	null
FIELD	com.badlogic.gdx.utils.ObjectMap	null	keys1	null	/home/nima/Desktop/docker/benchmarks/libgdx/gdx/src/com/badlogic/gdx/utils/ObjectMap.java	METHOD_NO_INIT	nullable	com.badlogic.gdx.utils.ObjectMap	null
FIELD	com.badlogic.gdx.utils.ObjectMap	null	keys2	null	/home/nima/Desktop/docker/benchmarks/libgdx/gdx/src/com/badlogic/gdx/utils/ObjectMap.java	METHOD_NO_INIT	nullable	com.badlogic.gdx.utils.ObjectMap	null
METHOD	com.badlogic.gdx.utils.ObjectMap	<T>get(T)	null	null	/home/nima/Desktop/docker/benchmarks/libgdx/gdx/src/com/badlogic/gdx/utils/ObjectMap.java	RETURN_NULLABLE	nullable	com.badlogic.gdx.utils.ObjectMap	<T>get(T)
METHOD	com.badlogic.gdx.utils.ObjectMap	remove(K)	null	null	/home/nima/Desktop/docker/benchmarks/libgdx/gdx/src/com/badlogic/gdx/utils/ObjectMap.java	RETURN_NULLABLE	nullable	com.badlogic.gdx.utils.ObjectMap	remove(K)
FIELD	com.badlogic.gdx.utils.ObjectMap$Entry	null	key	null	/home/nima/Desktop/docker/benchmarks/libgdx/gdx/src/com/badlogic/gdx/utils/ObjectMap.java	FIELD_NO_INIT	nullable	com.badlogic.gdx.utils.ObjectMap$Entry	null
FIELD	com.badlogic.gdx.utils.ObjectMap$Entry	null	value	null	/home/nima/Desktop/docker/benchmarks/libgdx/gdx/src/com/badlogic/gdx/utils/ObjectMap.java	FIELD_NO_INIT	nullable	com.badlogic.gdx.utils.ObjectMap$Entry	null
FIELD	com.badlogic.gdx.utils.ArrayMap	null	entries1	null	/home/nima/Desktop/docker/benchmarks/libgdx/gdx/src/com/badlogic/gdx/utils/ArrayMap.java	METHOD_NO_INIT	nullable	com.badlogic.gdx.utils.ArrayMap	null
FIELD	com.badlogic.gdx.utils.ArrayMap	null	entries2	null	/home/nima/Desktop/docker/benchmarks/libgdx/gdx/src/com/badlogic/gdx/utils/ArrayMap.java	METHOD_NO_INIT	nullable	com.badlogic.gdx.utils.ArrayMap	null
FIELD	com.badlogic.gdx.utils.ArrayMap	null	values1	null	/home/nima/Desktop/docker/benchmarks/libgdx/gdx/src/com/badlogic/gdx/utils/ArrayMap.java	METHOD_NO_INIT	nullable	com.badlogic.gdx.utils.ArrayMap	null
FIELD	com.badlogic.gdx.utils.ArrayMap	null	values2	null	/home/nima/Desktop/docker/benchmarks/libgdx/gdx/src/com/badlogic/gdx/utils/ArrayMap.java	METHOD_NO_INIT	nullable	com.badlogic.gdx.utils.ArrayMap	null
FIELD	com.badlogic.gdx.utils.ArrayMap	null	keys1	null	/home/nima/Desktop/docker/benchmarks/libgdx/gdx/src/com/badlogic/gdx/utils/ArrayMap.java	METHOD_NO_INIT	nullable	com.badlogic.gdx.utils.ArrayMap	null
FIELD	com.badlogic.gdx.utils.ArrayMap	null	keys2	null	/home/nima/Desktop/docker/benchmarks/libgdx/gdx/src/com/badlogic/gdx/utils/ArrayMap.java	METHOD_NO_INIT	nullable	com.badlogic.gdx.utils.ArrayMap	null
FIELD	com.badlogic.gdx.utils.ArrayMap	null	entries1	null	/home/nima/Desktop/docker/benchmarks/libgdx/gdx/src/com/badlogic/gdx/utils/ArrayMap.java	METHOD_NO_INIT	nullable	com.badlogic.gdx.utils.ArrayMap	null
FIELD	com.badlogic.gdx.utils.ArrayMap	null	entries2	null	/home/nima/Desktop/docker/benchmarks/libgdx/gdx/src/com/badlogic/gdx/utils/ArrayMap.java	METHOD_NO_INIT	nullable	com.badlogic.gdx.utils.ArrayMap	null
FIELD	com.badlogic.gdx.utils.ArrayMap	null	values1	null	/home/nima/Desktop/docker/benchmarks/libgdx/gdx/src/com/badlogic/gdx/utils/ArrayMap.java	METHOD_NO_INIT	nullable	com.badlogic.gdx.utils.ArrayMap	null
FIELD	com.badlogic.gdx.utils.ArrayMap	null	values2	null	/home/nima/Desktop/docker/benchmarks/libgdx/gdx/src/com/badlogic/gdx/utils/ArrayMap.java	METHOD_NO_INIT	nullable	com.badlogic.gdx.utils.ArrayMap	null
FIELD	com.badlogic.gdx.utils.ArrayMap	null	keys1	null	/home/nima/Desktop/docker/benchmarks/libgdx/gdx/src/com/badlogic/gdx/utils/ArrayMap.java	METHOD_NO_INIT	nullable	com.badlogic.gdx.utils.ArrayMap	null
FIELD	com.badlogic.gdx.utils.ArrayMap	null	keys2	null	/home/nima/Desktop/docker/benchmarks/libgdx/gdx/src/com/badlogic/gdx/utils/ArrayMap.java	METHOD_NO_INIT	nullable	com.badlogic.gdx.utils.ArrayMap	null
FIELD	com.badlogic.gdx.utils.TimSort	null	a	null	/home/nima/Desktop/docker/benchmarks/libgdx/gdx/src/com/badlogic/gdx/utils/TimSort.java	METHOD_NO_INIT	nullable	com.badlogic.gdx.utils.TimSort	null
FIELD	com.badlogic.gdx.utils.TimSort	null	c	null	/home/nima/Desktop/docker/benchmarks/libgdx/gdx/src/com/badlogic/gdx/utils/TimSort.java	METHOD_NO_INIT	nullable	com.badlogic.gdx.utils.TimSort	null
FIELD	com.badlogic.gdx.utils.TimSort	null	a	null	/home/nima/Desktop/docker/benchmarks/libgdx/gdx/src/com/badlogic/gdx/utils/TimSort.java	ASSIGN_FIELD_NULLABLE	nullable	com.badlogic.gdx.utils.TimSort	doSort(T[],java.util.Comparator<T>,int,int)
FIELD	com.badlogic.gdx.utils.TimSort	null	c	null	/home/nima/Desktop/docker/benchmarks/libgdx/gdx/src/com/badlogic/gdx/utils/TimSort.java	ASSIGN_FIELD_NULLABLE	nullable	com.badlogic.gdx.utils.TimSort	doSort(T[],java.util.Comparator<T>,int,int)
FIELD	com.badlogic.gdx.utils.ObjectFloatMap	null	entries1	null	/home/nima/Desktop/docker/benchmarks/libgdx/gdx/src/com/badlogic/gdx/utils/ObjectFloatMap.java	METHOD_NO_INIT	nullable	com.badlogic.gdx.utils.ObjectFloatMap	null
FIELD	com.badlogic.gdx.utils.ObjectFloatMap	null	entries2	null	/home/nima/Desktop/docker/benchmarks/libgdx/gdx/src/com/badlogic/gdx/utils/ObjectFloatMap.java	METHOD_NO_INIT	nullable	com.badlogic.gdx.utils.ObjectFloatMap	null
FIELD	com.badlogic.gdx.utils.ObjectFloatMap	null	values1	null	/home/nima/Desktop/docker/benchmarks/libgdx/gdx/src/com/badlogic/gdx/utils/ObjectFloatMap.java	METHOD_NO_INIT	nullable	com.badlogic.gdx.utils.ObjectFloatMap	null
FIELD	com.badlogic.gdx.utils.ObjectFloatMap	null	values2	null	/home/nima/Desktop/docker/benchmarks/libgdx/gdx/src/com/badlogic/gdx/utils/ObjectFloatMap.java	METHOD_NO_INIT	nullable	com.badlogic.gdx.utils.ObjectFloatMap	null
FIELD	com.badlogic.gdx.utils.ObjectFloatMap	null	keys1	null	/home/nima/Desktop/docker/benchmarks/libgdx/gdx/src/com/badlogic/gdx/utils/ObjectFloatMap.java	METHOD_NO_INIT	nullable	com.badlogic.gdx.utils.ObjectFloatMap	null
FIELD	com.badlogic.gdx.utils.ObjectFloatMap	null	keys2	null	/home/nima/Desktop/docker/benchmarks/libgdx/gdx/src/com/badlogic/gdx/utils/ObjectFloatMap.java	METHOD_NO_INIT	nullable	com.badlogic.gdx.utils.ObjectFloatMap	null
FIELD	com.badlogic.gdx.utils.SortedIntList	null	first	null	/home/nima/Desktop/docker/benchmarks/libgdx/gdx/src/com/badlogic/gdx/utils/SortedIntList.java	METHOD_NO_INIT	nullable	com.badlogic.gdx.utils.SortedIntList	null
FIELD	com.badlogic.gdx.utils.SortedIntList$Iterator	null	position	null	/home/nima/Desktop/docker/benchmarks/libgdx/gdx/src/com/badlogic/gdx/utils/SortedIntList.java	METHOD_NO_INIT	nullable	com.badlogic.gdx.utils.SortedIntList$Iterator	null
FIELD	com.badlogic.gdx.utils.SortedIntList$Node	null	n	null	/home/nima/Desktop/docker/benchmarks/libgdx/gdx/src/com/badlogic/gdx/utils/SortedIntList.java	FIELD_NO_INIT	nullable	com.badlogic.gdx.utils.SortedIntList$Node	null
FIELD	com.badlogic.gdx.utils.SortedIntList$Node	null	value	null	/home/nima/Desktop/docker/benchmarks/libgdx/gdx/src/com/badlogic/gdx/utils/SortedIntList.java	FIELD_NO_INIT	nullable	com.badlogic.gdx.utils.SortedIntList$Node	null
FIELD	com.badlogic.gdx.utils.SortedIntList$Node	null	n	null	/home/nima/Desktop/docker/benchmarks/libgdx/gdx/src/com/badlogic/gdx/utils/SortedIntList.java	ASSIGN_FIELD_NULLABLE	nullable	com.badlogic.gdx.utils.SortedIntList$NodePool	obtain(com.badlogic.gdx.utils.SortedIntList.Node<E>,com.badlogic.gdx.utils.SortedIntList.Node<E>,E,int)
FIELD	com.badlogic.gdx.utils.viewport.Viewport	null	camera	null	/home/nima/Desktop/docker/benchmarks/libgdx/gdx/src/com/badlogic/gdx/utils/viewport/Viewport.java	FIELD_NO_INIT	nullable	com.badlogic.gdx.utils.viewport.Viewport	null
FIELD	com.badlogic.gdx.utils.JsonValue	null	stringValue	null	/home/nima/Desktop/docker/benchmarks/libgdx/gdx/src/com/badlogic/gdx/utils/JsonValue.java	METHOD_NO_INIT	nullable	com.badlogic.gdx.utils.JsonValue	null
FIELD	com.badlogic.gdx.utils.JsonValue	null	name	null	/home/nima/Desktop/docker/benchmarks/libgdx/gdx/src/com/badlogic/gdx/utils/JsonValue.java	METHOD_NO_INIT	nullable	com.badlogic.gdx.utils.JsonValue	null
FIELD	com.badlogic.gdx.utils.JsonValue	null	child	null	/home/nima/Desktop/docker/benchmarks/libgdx/gdx/src/com/badlogic/gdx/utils/JsonValue.java	METHOD_NO_INIT	nullable	com.badlogic.gdx.utils.JsonValue	null
FIELD	com.badlogic.gdx.utils.JsonValue	null	parent	null	/home/nima/Desktop/docker/benchmarks/libgdx/gdx/src/com/badlogic/gdx/utils/JsonValue.java	METHOD_NO_INIT	nullable	com.badlogic.gdx.utils.JsonValue	null
FIELD	com.badlogic.gdx.utils.JsonValue	null	next	null	/home/nima/Desktop/docker/benchmarks/libgdx/gdx/src/com/badlogic/gdx/utils/JsonValue.java	METHOD_NO_INIT	nullable	com.badlogic.gdx.utils.JsonValue	null
FIELD	com.badlogic.gdx.utils.JsonValue	null	prev	null	/home/nima/Desktop/docker/benchmarks/libgdx/gdx/src/com/badlogic/gdx/utils/JsonValue.java	METHOD_NO_INIT	nullable	com.badlogic.gdx.utils.JsonValue	null
FIELD	com.badlogic.gdx.utils.JsonValue	null	stringValue	null	/home/nima/Desktop/docker/benchmarks/libgdx/gdx/src/com/badlogic/gdx/utils/JsonValue.java	METHOD_NO_INIT	nullable	com.badlogic.gdx.utils.JsonValue	null
FIELD	com.badlogic.gdx.utils.JsonValue	null	name	null	/home/nima/Desktop/docker/benchmarks/libgdx/gdx/src/com/badlogic/gdx/utils/JsonValue.java	METHOD_NO_INIT	nullable	com.badlogic.gdx.utils.JsonValue	null
FIELD	com.badlogic.gdx.utils.JsonValue	null	child	null	/home/nima/Desktop/docker/benchmarks/libgdx/gdx/src/com/badlogic/gdx/utils/JsonValue.java	METHOD_NO_INIT	nullable	com.badlogic.gdx.utils.JsonValue	null
FIELD	com.badlogic.gdx.utils.JsonValue	null	parent	null	/home/nima/Desktop/docker/benchmarks/libgdx/gdx/src/com/badlogic/gdx/utils/JsonValue.java	METHOD_NO_INIT	nullable	com.badlogic.gdx.utils.JsonValue	null
FIELD	com.badlogic.gdx.utils.JsonValue	null	next	null	/home/nima/Desktop/docker/benchmarks/libgdx/gdx/src/com/badlogic/gdx/utils/JsonValue.java	METHOD_NO_INIT	nullable	com.badlogic.gdx.utils.JsonValue	null
FIELD	com.badlogic.gdx.utils.JsonValue	null	prev	null	/home/nima/Desktop/docker/benchmarks/libgdx/gdx/src/com/badlogic/gdx/utils/JsonValue.java	METHOD_NO_INIT	nullable	com.badlogic.gdx.utils.JsonValue	null
FIELD	com.badlogic.gdx.utils.JsonValue	null	type	null	/home/nima/Desktop/docker/benchmarks/libgdx/gdx/src/com/badlogic/gdx/utils/JsonValue.java	METHOD_NO_INIT	nullable	com.badlogic.gdx.utils.JsonValue	null
FIELD	com.badlogic.gdx.utils.JsonValue	null	stringValue	null	/home/nima/Desktop/docker/benchmarks/libgdx/gdx/src/com/badlogic/gdx/utils/JsonValue.java	METHOD_NO_INIT	nullable	com.badlogic.gdx.utils.JsonValue	null
FIELD	com.badlogic.gdx.utils.JsonValue	null	name	null	/home/nima/Desktop/docker/benchmarks/libgdx/gdx/src/com/badlogic/gdx/utils/JsonValue.java	METHOD_NO_INIT	nullable	com.badlogic.gdx.utils.JsonValue	null
FIELD	com.badlogic.gdx.utils.JsonValue	null	child	null	/home/nima/Desktop/docker/benchmarks/libgdx/gdx/src/com/badlogic/gdx/utils/JsonValue.java	METHOD_NO_INIT	nullable	com.badlogic.gdx.utils.JsonValue	null
FIELD	com.badlogic.gdx.utils.JsonValue	null	parent	null	/home/nima/Desktop/docker/benchmarks/libgdx/gdx/src/com/badlogic/gdx/utils/JsonValue.java	METHOD_NO_INIT	nullable	com.badlogic.gdx.utils.JsonValue	null
FIELD	com.badlogic.gdx.utils.JsonValue	null	next	null	/home/nima/Desktop/docker/benchmarks/libgdx/gdx/src/com/badlogic/gdx/utils/JsonValue.java	METHOD_NO_INIT	nullable	com.badlogic.gdx.utils.JsonValue	null
FIELD	com.badlogic.gdx.utils.JsonValue	null	prev	null	/home/nima/Desktop/docker/benchmarks/libgdx/gdx/src/com/badlogic/gdx/utils/JsonValue.java	METHOD_NO_INIT	nullable	com.badlogic.gdx.utils.JsonValue	null
FIELD	com.badlogic.gdx.utils.JsonValue	null	type	null	/home/nima/Desktop/docker/benchmarks/libgdx/gdx/src/com/badlogic/gdx/utils/JsonValue.java	METHOD_NO_INIT	nullable	com.badlogic.gdx.utils.JsonValue	null
FIELD	com.badlogic.gdx.utils.JsonValue	null	stringValue	null	/home/nima/Desktop/docker/benchmarks/libgdx/gdx/src/com/badlogic/gdx/utils/JsonValue.java	METHOD_NO_INIT	nullable	com.badlogic.gdx.utils.JsonValue	null
FIELD	com.badlogic.gdx.utils.JsonValue	null	name	null	/home/nima/Desktop/docker/benchmarks/libgdx/gdx/src/com/badlogic/gdx/utils/JsonValue.java	METHOD_NO_INIT	nullable	com.badlogic.gdx.utils.JsonValue	null
FIELD	com.badlogic.gdx.utils.JsonValue	null	child	null	/home/nima/Desktop/docker/benchmarks/libgdx/gdx/src/com/badlogic/gdx/utils/JsonValue.java	METHOD_NO_INIT	nullable	com.badlogic.gdx.utils.JsonValue	null
FIELD	com.badlogic.gdx.utils.JsonValue	null	parent	null	/home/nima/Desktop/docker/benchmarks/libgdx/gdx/src/com/badlogic/gdx/utils/JsonValue.java	METHOD_NO_INIT	nullable	com.badlogic.gdx.utils.JsonValue	null
FIELD	com.badlogic.gdx.utils.JsonValue	null	next	null	/home/nima/Desktop/docker/benchmarks/libgdx/gdx/src/com/badlogic/gdx/utils/JsonValue.java	METHOD_NO_INIT	nullable	com.badlogic.gdx.utils.JsonValue	null
FIELD	com.badlogic.gdx.utils.JsonValue	null	prev	null	/home/nima/Desktop/docker/benchmarks/libgdx/gdx/src/com/badlogic/gdx/utils/JsonValue.java	METHOD_NO_INIT	nullable	com.badlogic.gdx.utils.JsonValue	null
FIELD	com.badlogic.gdx.utils.JsonValue	null	type	null	/home/nima/Desktop/docker/benchmarks/libgdx/gdx/src/com/badlogic/gdx/utils/JsonValue.java	METHOD_NO_INIT	nullable	com.badlogic.gdx.utils.JsonValue	null
FIELD	com.badlogic.gdx.utils.JsonValue	null	stringValue	null	/home/nima/Desktop/docker/benchmarks/libgdx/gdx/src/com/badlogic/gdx/utils/JsonValue.java	METHOD_NO_INIT	nullable	com.badlogic.gdx.utils.JsonValue	null
FIELD	com.badlogic.gdx.utils.JsonValue	null	name	null	/home/nima/Desktop/docker/benchmarks/libgdx/gdx/src/com/badlogic/gdx/utils/JsonValue.java	METHOD_NO_INIT	nullable	com.badlogic.gdx.utils.JsonValue	null
FIELD	com.badlogic.gdx.utils.JsonValue	null	child	null	/home/nima/Desktop/docker/benchmarks/libgdx/gdx/src/com/badlogic/gdx/utils/JsonValue.java	METHOD_NO_INIT	nullable	com.badlogic.gdx.utils.JsonValue	null
FIELD	com.badlogic.gdx.utils.JsonValue	null	parent	null	/home/nima/Desktop/docker/benchmarks/libgdx/gdx/src/com/badlogic/gdx/utils/JsonValue.java	METHOD_NO_INIT	nullable	com.badlogic.gdx.utils.JsonValue	null
FIELD	com.badlogic.gdx.utils.JsonValue	null	next	null	/home/nima/Desktop/docker/benchmarks/libgdx/gdx/src/com/badlogic/gdx/utils/JsonValue.java	METHOD_NO_INIT	nullable	com.badlogic.gdx.utils.JsonValue	null
FIELD	com.badlogic.gdx.utils.JsonValue	null	prev	null	/home/nima/Desktop/docker/benchmarks/libgdx/gdx/src/com/badlogic/gdx/utils/JsonValue.java	METHOD_NO_INIT	nullable	com.badlogic.gdx.utils.JsonValue	null
FIELD	com.badlogic.gdx.utils.JsonValue	null	type	null	/home/nima/Desktop/docker/benchmarks/libgdx/gdx/src/com/badlogic/gdx/utils/JsonValue.java	METHOD_NO_INIT	nullable	com.badlogic.gdx.utils.JsonValue	null
FIELD	com.badlogic.gdx.utils.JsonValue	null	stringValue	null	/home/nima/Desktop/docker/benchmarks/libgdx/gdx/src/com/badlogic/gdx/utils/JsonValue.java	METHOD_NO_INIT	nullable	com.badlogic.gdx.utils.JsonValue	null
FIELD	com.badlogic.gdx.utils.JsonValue	null	name	null	/home/nima/Desktop/docker/benchmarks/libgdx/gdx/src/com/badlogic/gdx/utils/JsonValue.java	METHOD_NO_INIT	nullable	com.badlogic.gdx.utils.JsonValue	null
FIELD	com.badlogic.gdx.utils.JsonValue	null	child	null	/home/nima/Desktop/docker/benchmarks/libgdx/gdx/src/com/badlogic/gdx/utils/JsonValue.java	METHOD_NO_INIT	nullable	com.badlogic.gdx.utils.JsonValue	null
FIELD	com.badlogic.gdx.utils.JsonValue	null	parent	null	/home/nima/Desktop/docker/benchmarks/libgdx/gdx/src/com/badlogic/gdx/utils/JsonValue.java	METHOD_NO_INIT	nullable	com.badlogic.gdx.utils.JsonValue	null
FIELD	com.badlogic.gdx.utils.JsonValue	null	next	null	/home/nima/Desktop/docker/benchmarks/libgdx/gdx/src/com/badlogic/gdx/utils/JsonValue.java	METHOD_NO_INIT	nullable	com.badlogic.gdx.utils.JsonValue	null
FIELD	com.badlogic.gdx.utils.JsonValue	null	prev	null	/home/nima/Desktop/docker/benchmarks/libgdx/gdx/src/com/badlogic/gdx/utils/JsonValue.java	METHOD_NO_INIT	nullable	com.badlogic.gdx.utils.JsonValue	null
FIELD	com.badlogic.gdx.utils.JsonValue	null	type	null	/home/nima/Desktop/docker/benchmarks/libgdx/gdx/src/com/badlogic/gdx/utils/JsonValue.java	METHOD_NO_INIT	nullable	com.badlogic.gdx.utils.JsonValue	null
FIELD	com.badlogic.gdx.utils.JsonValue	null	stringValue	null	/home/nima/Desktop/docker/benchmarks/libgdx/gdx/src/com/badlogic/gdx/utils/JsonValue.java	METHOD_NO_INIT	nullable	com.badlogic.gdx.utils.JsonValue	null
FIELD	com.badlogic.gdx.utils.JsonValue	null	name	null	/home/nima/Desktop/docker/benchmarks/libgdx/gdx/src/com/badlogic/gdx/utils/JsonValue.java	METHOD_NO_INIT	nullable	com.badlogic.gdx.utils.JsonValue	null
FIELD	com.badlogic.gdx.utils.JsonValue	null	child	null	/home/nima/Desktop/docker/benchmarks/libgdx/gdx/src/com/badlogic/gdx/utils/JsonValue.java	METHOD_NO_INIT	nullable	com.badlogic.gdx.utils.JsonValue	null
FIELD	com.badlogic.gdx.utils.JsonValue	null	parent	null	/home/nima/Desktop/docker/benchmarks/libgdx/gdx/src/com/badlogic/gdx/utils/JsonValue.java	METHOD_NO_INIT	nullable	com.badlogic.gdx.utils.JsonValue	null
FIELD	com.badlogic.gdx.utils.JsonValue	null	next	null	/home/nima/Desktop/docker/benchmarks/libgdx/gdx/src/com/badlogic/gdx/utils/JsonValue.java	METHOD_NO_INIT	nullable	com.badlogic.gdx.utils.JsonValue	null
FIELD	com.badlogic.gdx.utils.JsonValue	null	prev	null	/home/nima/Desktop/docker/benchmarks/libgdx/gdx/src/com/badlogic/gdx/utils/JsonValue.java	METHOD_NO_INIT	nullable	com.badlogic.gdx.utils.JsonValue	null
FIELD	com.badlogic.gdx.utils.JsonValue	null	type	null	/home/nima/Desktop/docker/benchmarks/libgdx/gdx/src/com/badlogic/gdx/utils/JsonValue.java	METHOD_NO_INIT	nullable	com.badlogic.gdx.utils.JsonValue	null
FIELD	com.badlogic.gdx.utils.JsonValue	null	prev	null	/home/nima/Desktop/docker/benchmarks/libgdx/gdx/src/com/badlogic/gdx/utils/JsonValue.java	ASSIGN_FIELD_NULLABLE	nullable	com.badlogic.gdx.utils.JsonValue	remove(int)
FIELD	com.badlogic.gdx.utils.JsonValue	null	prev	null	/home/nima/Desktop/docker/benchmarks/libgdx/gdx/src/com/badlogic/gdx/utils/JsonValue.java	ASSIGN_FIELD_NULLABLE	nullable	com.badlogic.gdx.utils.JsonValue	remove(java.lang.String)
FIELD	com.badlogic.gdx.utils.JsonValue	null	prev	null	/home/nima/Desktop/docker/benchmarks/libgdx/gdx/src/com/badlogic/gdx/utils/JsonValue.java	ASSIGN_FIELD_NULLABLE	nullable	com.badlogic.gdx.utils.JsonValue	remove()
METHOD	com.badlogic.gdx.utils.JsonValue	asString()	null	null	/home/nima/Desktop/docker/benchmarks/libgdx/gdx/src/com/badlogic/gdx/utils/JsonValue.java	RETURN_NULLABLE	nullable	com.badlogic.gdx.utils.JsonValue	asString()
FIELD	com.badlogic.gdx.utils.JsonValue	null	name	null	/home/nima/Desktop/docker/benchmarks/libgdx/gdx/src/com/badlogic/gdx/utils/JsonValue.java	ASSIGN_FIELD_NULLABLE	nullable	com.badlogic.gdx.utils.JsonValue	setName(java.lang.String)
FIELD	com.badlogic.gdx.utils.JsonValue	null	stringValue	null	/home/nima/Desktop/docker/benchmarks/libgdx/gdx/src/com/badlogic/gdx/utils/JsonValue.java	ASSIGN_FIELD_NULLABLE	nullable	com.badlogic.gdx.utils.JsonValue	set(java.lang.String)
FIELD	com.badlogic.gdx.utils.JsonValue	null	stringValue	null	/home/nima/Desktop/docker/benchmarks/libgdx/gdx/src/com/badlogic/gdx/utils/JsonValue.java	ASSIGN_FIELD_NULLABLE	nullable	com.badlogic.gdx.utils.JsonValue	set(double,java.lang.String)
FIELD	com.badlogic.gdx.utils.JsonValue	null	stringValue	null	/home/nima/Desktop/docker/benchmarks/libgdx/gdx/src/com/badlogic/gdx/utils/JsonValue.java	ASSIGN_FIELD_NULLABLE	nullable	com.badlogic.gdx.utils.JsonValue	set(long,java.lang.String)
FIELD	com.badlogic.gdx.utils.JsonValue	null	prev	null	/home/nima/Desktop/docker/benchmarks/libgdx/gdx/src/com/badlogic/gdx/utils/JsonValue.java	ASSIGN_FIELD_NULLABLE	nullable	com.badlogic.gdx.utils.JsonValue$JsonIterator	remove()
FIELD	com.badlogic.gdx.utils.JsonValue$PrettyPrintSettings	null	outputType	null	/home/nima/Desktop/docker/benchmarks/libgdx/gdx/src/com/badlogic/gdx/utils/JsonValue.java	FIELD_NO_INIT	nullable	com.badlogic.gdx.utils.JsonValue$PrettyPrintSettings	null
METHOD	com.badlogic.gdx.utils.JsonReader	parse(char[],int,int)	null	null	/home/nima/Desktop/docker/benchmarks/libgdx/gdx/src/com/badlogic/gdx/utils/JsonReader.java	RETURN_NULLABLE	nullable	com.badlogic.gdx.utils.JsonReader	parse(char[],int,int)
FIELD	com.badlogic.gdx.utils.IntMap	null	zeroValue	null	/home/nima/Desktop/docker/benchmarks/libgdx/gdx/src/com/badlogic/gdx/utils/IntMap.java	METHOD_NO_INIT	nullable	com.badlogic.gdx.utils.IntMap	null
FIELD	com.badlogic.gdx.utils.IntMap	null	entries1	null	/home/nima/Desktop/docker/benchmarks/libgdx/gdx/src/com/badlogic/gdx/utils/IntMap.java	METHOD_NO_INIT	nullable	com.badlogic.gdx.utils.IntMap	null
FIELD	com.badlogic.gdx.utils.IntMap	null	entries2	null	/home/nima/Desktop/docker/benchmarks/libgdx/gdx/src/com/badlogic/gdx/utils/IntMap.java	METHOD_NO_INIT	nullable	com.badlogic.gdx.utils.IntMap	null
FIELD	com.badlogic.gdx.utils.IntMap	null	values1	null	/home/nima/Desktop/docker/benchmarks/libgdx/gdx/src/com/badlogic/gdx/utils/IntMap.java	METHOD_NO_INIT	nullable	com.badlogic.gdx.utils.IntMap	null
FIELD	com.badlogic.gdx.utils.IntMap	null	values2	null	/home/nima/Desktop/docker/benchmarks/libgdx/gdx/src/com/badlogic/gdx/utils/IntMap.java	METHOD_NO_INIT	nullable	com.badlogic.gdx.utils.IntMap	null
FIELD	com.badlogic.gdx.utils.IntMap	null	keys1	null	/home/nima/Desktop/docker/benchmarks/libgdx/gdx/src/com/badlogic/gdx/utils/IntMap.java	METHOD_NO_INIT	nullable	com.badlogic.gdx.utils.IntMap	null
FIELD	com.badlogic.gdx.utils.IntMap	null	keys2	null	/home/nima/Desktop/docker/benchmarks/libgdx/gdx/src/com/badlogic/gdx/utils/IntMap.java	METHOD_NO_INIT	nullable	com.badlogic.gdx.utils.IntMap	null
METHOD	com.badlogic.gdx.utils.IntMap	get(int)	null	null	/home/nima/Desktop/docker/benchmarks/libgdx/gdx/src/com/badlogic/gdx/utils/IntMap.java	RETURN_NULLABLE	nullable	com.badlogic.gdx.utils.IntMap	get(int)
METHOD	com.badlogic.gdx.utils.IntMap	get(int)	null	null	/home/nima/Desktop/docker/benchmarks/libgdx/gdx/src/com/badlogic/gdx/utils/IntMap.java	RETURN_NULLABLE	nullable	com.badlogic.gdx.utils.IntMap	get(int)
FIELD	com.badlogic.gdx.utils.IntMap	null	zeroValue	null	/home/nima/Desktop/docker/benchmarks/libgdx/gdx/src/com/badlogic/gdx/utils/IntMap.java	ASSIGN_FIELD_NULLABLE	nullable	com.badlogic.gdx.utils.IntMap	remove(int)
FIELD	com.badlogic.gdx.utils.IntMap	null	zeroValue	null	/home/nima/Desktop/docker/benchmarks/libgdx/gdx/src/com/badlogic/gdx/utils/IntMap.java	ASSIGN_FIELD_NULLABLE	nullable	com.badlogic.gdx.utils.IntMap	clear(int)
FIELD	com.badlogic.gdx.utils.IntMap	null	zeroValue	null	/home/nima/Desktop/docker/benchmarks/libgdx/gdx/src/com/badlogic/gdx/utils/IntMap.java	ASSIGN_FIELD_NULLABLE	nullable	com.badlogic.gdx.utils.IntMap	clear()
FIELD	com.badlogic.gdx.utils.IntMap	null	zeroValue	null	/home/nima/Desktop/docker/benchmarks/libgdx/gdx/src/com/badlogic/gdx/utils/IntMap.java	ASSIGN_FIELD_NULLABLE	nullable	com.badlogic.gdx.utils.IntMap$MapIterator	remove()
FIELD	com.badlogic.gdx.graphics.g2d.TextureRegion	null	texture	null	/home/nima/Desktop/docker/benchmarks/libgdx/gdx/src/com/badlogic/gdx/graphics/g2d/TextureRegion.java	METHOD_NO_INIT	nullable	com.badlogic.gdx.graphics.g2d.TextureRegion	null
FIELD	com.badlogic.gdx.graphics.g2d.TextureRegion	null	texture	null	/home/nima/Desktop/docker/benchmarks/libgdx/gdx/src/com/badlogic/gdx/graphics/g2d/TextureRegion.java	METHOD_NO_INIT	nullable	com.badlogic.gdx.graphics.g2d.TextureRegion	null
FIELD	com.badlogic.gdx.graphics.g2d.TextureRegion	null	texture	null	/home/nima/Desktop/docker/benchmarks/libgdx/gdx/src/com/badlogic/gdx/graphics/g2d/TextureRegion.java	METHOD_NO_INIT	nullable	com.badlogic.gdx.graphics.g2d.TextureRegion	null
FIELD	com.badlogic.gdx.assets.loaders.TextureLoader$TextureLoaderInfo	null	data	null	/home/nima/Desktop/docker/benchmarks/libgdx/gdx/src/com/badlogic/gdx/assets/loaders/TextureLoader.java	FIELD_NO_INIT	nullable	com.badlogic.gdx.assets.loaders.TextureLoader$TextureLoaderInfo	null
FIELD	com.badlogic.gdx.assets.loaders.TextureLoader$TextureParameter	null	texture	null	/home/nima/Desktop/docker/benchmarks/libgdx/gdx/src/com/badlogic/gdx/assets/loaders/TextureLoader.java	ASSIGN_FIELD_NULLABLE	nullable	com.badlogic.gdx.assets.loaders.TextureLoader$TextureParameter	texture
FIELD	com.badlogic.gdx.graphics.Texture	null	data	null	/home/nima/Desktop/docker/benchmarks/libgdx/gdx/src/com/badlogic/gdx/graphics/Texture.java	METHOD_NO_INIT	nullable	com.badlogic.gdx.graphics.Texture	null
METHOD	com.badlogic.gdx.graphics.TextureData$Factory	loadFromFile(com.badlogic.gdx.files.FileHandle,com.badlogic.gdx.graphics.Pixmap.Format,boolean)	null	null	/home/nima/Desktop/docker/benchmarks/libgdx/gdx/src/com/badlogic/gdx/graphics/TextureData.java	RETURN_NULLABLE	nullable	com.badlogic.gdx.graphics.TextureData$Factory	loadFromFile(com.badlogic.gdx.files.FileHandle,com.badlogic.gdx.graphics.Pixmap.Format,boolean)
PARAMETER	com.badlogic.gdx.assets.loaders.AssetLoader	AssetLoader(com.badlogic.gdx.assets.loaders.FileHandleResolver)	resolver	0	/home/nima/Desktop/docker/benchmarks/libgdx/gdx/src/com/badlogic/gdx/assets/loaders/AssetLoader.java	PASS_NULLABLE	nullable	com.badlogic.gdx.assets.loaders.AsynchronousAssetLoader	AsynchronousAssetLoader(com.badlogic.gdx.assets.loaders.FileHandleResolver)
METHOD	com.badlogic.gdx.assets.AssetManager	<T>get(java.lang.String,java.lang.Class<T>,boolean)	null	null	/home/nima/Desktop/docker/benchmarks/libgdx/gdx/src/com/badlogic/gdx/assets/AssetManager.java	RETURN_NULLABLE	nullable	com.badlogic.gdx.assets.AssetManager	<T>get(java.lang.String,java.lang.Class<T>,boolean)
METHOD	com.badlogic.gdx.assets.AssetManager	<T>getAssetFileName(T)	null	null	/home/nima/Desktop/docker/benchmarks/libgdx/gdx/src/com/badlogic/gdx/assets/AssetManager.java	RETURN_NULLABLE	nullable	com.badlogic.gdx.assets.AssetManager	<T>getAssetFileName(T)
FIELD	com.badlogic.gdx.assets.AssetManager$RefCountedContainer	null	object	null	/home/nima/Desktop/docker/benchmarks/libgdx/gdx/src/com/badlogic/gdx/assets/AssetManager.java	FIELD_NO_INIT	nullable	com.badlogic.gdx.assets.AssetManager$RefCountedContainer	null
FIELD	com.badlogic.gdx.assets.AssetDescriptor	null	params	null	/home/nima/Desktop/docker/benchmarks/libgdx/gdx/src/com/badlogic/gdx/assets/AssetDescriptor.java	ASSIGN_FIELD_NULLABLE	nullable	com.badlogic.gdx.assets.AssetDescriptor	AssetDescriptor(java.lang.String,java.lang.Class<T>,com.badlogic.gdx.assets.AssetLoaderParameters<T>)
FIELD	com.badlogic.gdx.assets.AssetDescriptor	null	params	null	/home/nima/Desktop/docker/benchmarks/libgdx/gdx/src/com/badlogic/gdx/assets/AssetDescriptor.java	ASSIGN_FIELD_NULLABLE	nullable	com.badlogic.gdx.assets.AssetDescriptor	AssetDescriptor(com.badlogic.gdx.files.FileHandle,java.lang.Class<T>,com.badlogic.gdx.assets.AssetLoaderParameters<T>)
FIELD	com.badlogic.gdx.assets.AssetLoadingTask	null	loadFuture	null	/home/nima/Desktop/docker/benchmarks/libgdx/gdx/src/com/badlogic/gdx/assets/AssetLoadingTask.java	METHOD_NO_INIT	nullable	com.badlogic.gdx.assets.AssetLoadingTask	null
FIELD	com.badlogic.gdx.assets.AssetLoadingTask	null	asset	null	/home/nima/Desktop/docker/benchmarks/libgdx/gdx/src/com/badlogic/gdx/assets/AssetLoadingTask.java	METHOD_NO_INIT	nullable	com.badlogic.gdx.assets.AssetLoadingTask	null
FIELD	com.badlogic.gdx.assets.AssetLoadingTask	null	asset	null	/home/nima/Desktop/docker/benchmarks/libgdx/gdx/src/com/badlogic/gdx/assets/AssetLoadingTask.java	ASSIGN_FIELD_NULLABLE	nullable	com.badlogic.gdx.assets.AssetLoadingTask	handleAsyncLoader()
FIELD	com.badlogic.gdx.assets.AssetLoadingTask	null	asset	null	/home/nima/Desktop/docker/benchmarks/libgdx/gdx/src/com/badlogic/gdx/assets/AssetLoadingTask.java	ASSIGN_FIELD_NULLABLE	nullable	com.badlogic.gdx.assets.AssetLoadingTask	handleAsyncLoader()
FIELD	com.badlogic.gdx.assets.AssetLoadingTask	null	asset	null	/home/nima/Desktop/docker/benchmarks/libgdx/gdx/src/com/badlogic/gdx/assets/AssetLoadingTask.java	ASSIGN_FIELD_NULLABLE	nullable	com.badlogic.gdx.assets.AssetLoadingTask	handleAsyncLoader()
FIELD	com.badlogic.gdx.utils.ObjectLongMap	null	entries1	null	/home/nima/Desktop/docker/benchmarks/libgdx/gdx/src/com/badlogic/gdx/utils/ObjectLongMap.java	METHOD_NO_INIT	nullable	com.badlogic.gdx.utils.ObjectLongMap	null
FIELD	com.badlogic.gdx.utils.ObjectLongMap	null	entries2	null	/home/nima/Desktop/docker/benchmarks/libgdx/gdx/src/com/badlogic/gdx/utils/ObjectLongMap.java	METHOD_NO_INIT	nullable	com.badlogic.gdx.utils.ObjectLongMap	null
FIELD	com.badlogic.gdx.utils.ObjectLongMap	null	values1	null	/home/nima/Desktop/docker/benchmarks/libgdx/gdx/src/com/badlogic/gdx/utils/ObjectLongMap.java	METHOD_NO_INIT	nullable	com.badlogic.gdx.utils.ObjectLongMap	null
FIELD	com.badlogic.gdx.utils.ObjectLongMap	null	values2	null	/home/nima/Desktop/docker/benchmarks/libgdx/gdx/src/com/badlogic/gdx/utils/ObjectLongMap.java	METHOD_NO_INIT	nullable	com.badlogic.gdx.utils.ObjectLongMap	null
FIELD	com.badlogic.gdx.utils.ObjectLongMap	null	keys1	null	/home/nima/Desktop/docker/benchmarks/libgdx/gdx/src/com/badlogic/gdx/utils/ObjectLongMap.java	METHOD_NO_INIT	nullable	com.badlogic.gdx.utils.ObjectLongMap	null
FIELD	com.badlogic.gdx.utils.ObjectLongMap	null	keys2	null	/home/nima/Desktop/docker/benchmarks/libgdx/gdx/src/com/badlogic/gdx/utils/ObjectLongMap.java	METHOD_NO_INIT	nullable	com.badlogic.gdx.utils.ObjectLongMap	null
METHOD	com.badlogic.gdx.utils.reflect.Field	getElementType(int)	null	null	/home/nima/Desktop/docker/benchmarks/libgdx/gdx/src/com/badlogic/gdx/utils/reflect/Field.java	RETURN_NULLABLE	nullable	com.badlogic.gdx.utils.reflect.Field	getElementType(int)
FIELD	com.badlogic.gdx.utils.Json	null	writer	null	/home/nima/Desktop/docker/benchmarks/libgdx/gdx/src/com/badlogic/gdx/utils/Json.java	METHOD_NO_INIT	nullable	com.badlogic.gdx.utils.Json	null
FIELD	com.badlogic.gdx.utils.Json	null	writer	null	/home/nima/Desktop/docker/benchmarks/libgdx/gdx/src/com/badlogic/gdx/utils/Json.java	METHOD_NO_INIT	nullable	com.badlogic.gdx.utils.Json	null
PARAMETER	com.badlogic.gdx.utils.Json	writeValue(java.lang.Object,java.lang.Class,java.lang.Class)	knownType	1	/home/nima/Desktop/docker/benchmarks/libgdx/gdx/src/com/badlogic/gdx/utils/Json.java	PASS_NULLABLE	nullable	com.badlogic.gdx.utils.Json	toJson(java.lang.Object,java.lang.Class,java.lang.Class,java.io.Writer)
FIELD	com.badlogic.gdx.utils.Json	null	writer	null	/home/nima/Desktop/docker/benchmarks/libgdx/gdx/src/com/badlogic/gdx/utils/Json.java	ASSIGN_FIELD_NULLABLE	nullable	com.badlogic.gdx.utils.Json	toJson(java.lang.Object,java.lang.Class,java.lang.Class,java.io.Writer)
PARAMETER	com.badlogic.gdx.utils.Json	writeValue(java.lang.Object,java.lang.Class,java.lang.Class)	knownType	1	/home/nima/Desktop/docker/benchmarks/libgdx/gdx/src/com/badlogic/gdx/utils/Json.java	PASS_NULLABLE	nullable	com.badlogic.gdx.utils.Json	writeValue(java.lang.String,java.lang.Object)
PARAMETER	com.badlogic.gdx.utils.Json	writeValue(java.lang.Object,java.lang.Class,java.lang.Class)	knownType	1	/home/nima/Desktop/docker/benchmarks/libgdx/gdx/src/com/badlogic/gdx/utils/Json.java	PASS_NULLABLE	nullable	com.badlogic.gdx.utils.Json	writeValue(java.lang.String,java.lang.Object,java.lang.Class)
PARAMETER	com.badlogic.gdx.utils.Json	writeValue(java.lang.Object,java.lang.Class,java.lang.Class)	knownType	1	/home/nima/Desktop/docker/benchmarks/libgdx/gdx/src/com/badlogic/gdx/utils/Json.java	PASS_NULLABLE	nullable	com.badlogic.gdx.utils.Json	writeValue(java.lang.Object)
PARAMETER	com.badlogic.gdx.utils.Json	writeValue(java.lang.Object,java.lang.Class,java.lang.Class)	knownType	1	/home/nima/Desktop/docker/benchmarks/libgdx/gdx/src/com/badlogic/gdx/utils/Json.java	PASS_NULLABLE	nullable	com.badlogic.gdx.utils.Json	writeValue(java.lang.Object,java.lang.Class,java.lang.Class)
PARAMETER	com.badlogic.gdx.utils.Json	writeValue(java.lang.Object,java.lang.Class,java.lang.Class)	knownType	1	/home/nima/Desktop/docker/benchmarks/libgdx/gdx/src/com/badlogic/gdx/utils/Json.java	PASS_NULLABLE	nullable	com.badlogic.gdx.utils.Json	writeValue(java.lang.Object,java.lang.Class,java.lang.Class)
PARAMETER	com.badlogic.gdx.utils.Json	writeValue(java.lang.Object,java.lang.Class,java.lang.Class)	knownType	1	/home/nima/Desktop/docker/benchmarks/libgdx/gdx/src/com/badlogic/gdx/utils/Json.java	PASS_NULLABLE	nullable	com.badlogic.gdx.utils.Json	writeValue(java.lang.Object,java.lang.Class,java.lang.Class)
PARAMETER	com.badlogic.gdx.utils.Json	writeValue(java.lang.Object,java.lang.Class,java.lang.Class)	knownType	1	/home/nima/Desktop/docker/benchmarks/libgdx/gdx/src/com/badlogic/gdx/utils/Json.java	PASS_NULLABLE	nullable	com.badlogic.gdx.utils.Json	writeValue(java.lang.Object,java.lang.Class,java.lang.Class)
PARAMETER	com.badlogic.gdx.utils.Json	writeValue(java.lang.Object,java.lang.Class,java.lang.Class)	knownType	1	/home/nima/Desktop/docker/benchmarks/libgdx/gdx/src/com/badlogic/gdx/utils/Json.java	PASS_NULLABLE	nullable	com.badlogic.gdx.utils.Json	writeValue(java.lang.Object,java.lang.Class,java.lang.Class)
PARAMETER	com.badlogic.gdx.utils.Json	writeValue(java.lang.Object,java.lang.Class,java.lang.Class)	knownType	1	/home/nima/Desktop/docker/benchmarks/libgdx/gdx/src/com/badlogic/gdx/utils/Json.java	PASS_NULLABLE	nullable	com.badlogic.gdx.utils.Json	writeValue(java.lang.Object,java.lang.Class,java.lang.Class)
PARAMETER	com.badlogic.gdx.utils.Json	writeValue(java.lang.Object,java.lang.Class,java.lang.Class)	knownType	1	/home/nima/Desktop/docker/benchmarks/libgdx/gdx/src/com/badlogic/gdx/utils/Json.java	PASS_NULLABLE	nullable	com.badlogic.gdx.utils.Json	writeValue(java.lang.Object,java.lang.Class,java.lang.Class)
PARAMETER	com.badlogic.gdx.utils.Json	writeValue(java.lang.Object,java.lang.Class,java.lang.Class)	knownType	1	/home/nima/Desktop/docker/benchmarks/libgdx/gdx/src/com/badlogic/gdx/utils/Json.java	PASS_NULLABLE	nullable	com.badlogic.gdx.utils.Json	writeValue(java.lang.Object,java.lang.Class,java.lang.Class)
PARAMETER	com.badlogic.gdx.utils.Json	writeValue(java.lang.Object,java.lang.Class,java.lang.Class)	knownType	1	/home/nima/Desktop/docker/benchmarks/libgdx/gdx/src/com/badlogic/gdx/utils/Json.java	PASS_NULLABLE	nullable	com.badlogic.gdx.utils.Json	writeValue(java.lang.Object,java.lang.Class,java.lang.Class)
PARAMETER	com.badlogic.gdx.utils.Json	writeValue(java.lang.Object,java.lang.Class,java.lang.Class)	knownType	1	/home/nima/Desktop/docker/benchmarks/libgdx/gdx/src/com/badlogic/gdx/utils/Json.java	PASS_NULLABLE	nullable	com.badlogic.gdx.utils.Json	writeValue(java.lang.Object,java.lang.Class,java.lang.Class)
METHOD	com.badlogic.gdx.utils.Json	<T>readValue(java.lang.String,java.lang.Class<T>,T,com.badlogic.gdx.utils.JsonValue)	null	null	/home/nima/Desktop/docker/benchmarks/libgdx/gdx/src/com/badlogic/gdx/utils/Json.java	RETURN_NULLABLE	nullable	com.badlogic.gdx.utils.Json	<T>readValue(java.lang.String,java.lang.Class<T>,T,com.badlogic.gdx.utils.JsonValue)
METHOD	com.badlogic.gdx.utils.Json	<T>readValue(java.lang.Class<T>,java.lang.Class,com.badlogic.gdx.utils.JsonValue)	null	null	/home/nima/Desktop/docker/benchmarks/libgdx/gdx/src/com/badlogic/gdx/utils/Json.java	RETURN_NULLABLE	nullable	com.badlogic.gdx.utils.Json	<T>readValue(java.lang.Class<T>,java.lang.Class,com.badlogic.gdx.utils.JsonValue)
METHOD	com.badlogic.gdx.utils.Json	<T>readValue(java.lang.Class<T>,java.lang.Class,com.badlogic.gdx.utils.JsonValue)	null	null	/home/nima/Desktop/docker/benchmarks/libgdx/gdx/src/com/badlogic/gdx/utils/Json.java	RETURN_NULLABLE	nullable	com.badlogic.gdx.utils.Json	<T>readValue(java.lang.Class<T>,java.lang.Class,com.badlogic.gdx.utils.JsonValue)
PARAMETER	com.badlogic.gdx.utils.Json$ReadOnlySerializer	read(com.badlogic.gdx.utils.Json,com.badlogic.gdx.utils.JsonValue,java.lang.Class)	type	2	/home/nima/Desktop/docker/benchmarks/libgdx/gdx/src/com/badlogic/gdx/utils/Json.java	WRONG_OVERRIDE_PARAM	nullable	com.badlogic.gdx.utils.Json$ReadOnlySerializer	read(com.badlogic.gdx.utils.Json,com.badlogic.gdx.utils.JsonValue,java.lang.Class)
FIELD	com.badlogic.gdx.utils.ObjectIntMap	null	entries1	null	/home/nima/Desktop/docker/benchmarks/libgdx/gdx/src/com/badlogic/gdx/utils/ObjectIntMap.java	METHOD_NO_INIT	nullable	com.badlogic.gdx.utils.ObjectIntMap	null
FIELD	com.badlogic.gdx.utils.ObjectIntMap	null	entries2	null	/home/nima/Desktop/docker/benchmarks/libgdx/gdx/src/com/badlogic/gdx/utils/ObjectIntMap.java	METHOD_NO_INIT	nullable	com.badlogic.gdx.utils.ObjectIntMap	null
FIELD	com.badlogic.gdx.utils.ObjectIntMap	null	values1	null	/home/nima/Desktop/docker/benchmarks/libgdx/gdx/src/com/badlogic/gdx/utils/ObjectIntMap.java	METHOD_NO_INIT	nullable	com.badlogic.gdx.utils.ObjectIntMap	null
FIELD	com.badlogic.gdx.utils.ObjectIntMap	null	values2	null	/home/nima/Desktop/docker/benchmarks/libgdx/gdx/src/com/badlogic/gdx/utils/ObjectIntMap.java	METHOD_NO_INIT	nullable	com.badlogic.gdx.utils.ObjectIntMap	null
FIELD	com.badlogic.gdx.utils.ObjectIntMap	null	keys1	null	/home/nima/Desktop/docker/benchmarks/libgdx/gdx/src/com/badlogic/gdx/utils/ObjectIntMap.java	METHOD_NO_INIT	nullable	com.badlogic.gdx.utils.ObjectIntMap	null
FIELD	com.badlogic.gdx.utils.ObjectIntMap	null	keys2	null	/home/nima/Desktop/docker/benchmarks/libgdx/gdx/src/com/badlogic/gdx/utils/ObjectIntMap.java	METHOD_NO_INIT	nullable	com.badlogic.gdx.utils.ObjectIntMap	null
FIELD	com.badlogic.gdx.utils.PooledLinkedList	null	tail	null	/home/nima/Desktop/docker/benchmarks/libgdx/gdx/src/com/badlogic/gdx/utils/PooledLinkedList.java	METHOD_NO_INIT	nullable	com.badlogic.gdx.utils.PooledLinkedList	null
FIELD	com.badlogic.gdx.utils.PooledLinkedList$Item	null	payload	null	/home/nima/Desktop/docker/benchmarks/libgdx/gdx/src/com/badlogic/gdx/utils/PooledLinkedList.java	FIELD_NO_INIT	nullable	com.badlogic.gdx.utils.PooledLinkedList$Item	null
FIELD	com.badlogic.gdx.utils.PooledLinkedList	null	tail	null	/home/nima/Desktop/docker/benchmarks/libgdx/gdx/src/com/badlogic/gdx/utils/PooledLinkedList.java	ASSIGN_FIELD_NULLABLE	nullable	com.badlogic.gdx.utils.PooledLinkedList	remove()
FIELD	com.badlogic.gdx.utils.PooledLinkedList	null	tail	null	/home/nima/Desktop/docker/benchmarks/libgdx/gdx/src/com/badlogic/gdx/utils/PooledLinkedList.java	ASSIGN_FIELD_NULLABLE	nullable	com.badlogic.gdx.utils.PooledLinkedList	removeLast()
FIELD	com.badlogic.gdx.utils.PooledLinkedList	null	tail	null	/home/nima/Desktop/docker/benchmarks/libgdx/gdx/src/com/badlogic/gdx/utils/PooledLinkedList.java	ASSIGN_FIELD_NULLABLE	nullable	com.badlogic.gdx.utils.PooledLinkedList	removeLast()
FIELD	com.badlogic.gdx.utils.IntFloatMap	null	entries1	null	/home/nima/Desktop/docker/benchmarks/libgdx/gdx/src/com/badlogic/gdx/utils/IntFloatMap.java	METHOD_NO_INIT	nullable	com.badlogic.gdx.utils.IntFloatMap	null
FIELD	com.badlogic.gdx.utils.IntFloatMap	null	entries2	null	/home/nima/Desktop/docker/benchmarks/libgdx/gdx/src/com/badlogic/gdx/utils/IntFloatMap.java	METHOD_NO_INIT	nullable	com.badlogic.gdx.utils.IntFloatMap	null
FIELD	com.badlogic.gdx.utils.IntFloatMap	null	values1	null	/home/nima/Desktop/docker/benchmarks/libgdx/gdx/src/com/badlogic/gdx/utils/IntFloatMap.java	METHOD_NO_INIT	nullable	com.badlogic.gdx.utils.IntFloatMap	null
FIELD	com.badlogic.gdx.utils.IntFloatMap	null	values2	null	/home/nima/Desktop/docker/benchmarks/libgdx/gdx/src/com/badlogic/gdx/utils/IntFloatMap.java	METHOD_NO_INIT	nullable	com.badlogic.gdx.utils.IntFloatMap	null
FIELD	com.badlogic.gdx.utils.IntFloatMap	null	keys1	null	/home/nima/Desktop/docker/benchmarks/libgdx/gdx/src/com/badlogic/gdx/utils/IntFloatMap.java	METHOD_NO_INIT	nullable	com.badlogic.gdx.utils.IntFloatMap	null
FIELD	com.badlogic.gdx.utils.IntFloatMap	null	keys2	null	/home/nima/Desktop/docker/benchmarks/libgdx/gdx/src/com/badlogic/gdx/utils/IntFloatMap.java	METHOD_NO_INIT	nullable	com.badlogic.gdx.utils.IntFloatMap	null
FIELD	com.badlogic.gdx.utils.Queue$QueueIterable	null	iterator1	null	/home/nima/Desktop/docker/benchmarks/libgdx/gdx/src/com/badlogic/gdx/utils/Queue.java	METHOD_NO_INIT	nullable	com.badlogic.gdx.utils.Queue$QueueIterable	null
FIELD	com.badlogic.gdx.utils.Queue$QueueIterable	null	iterator2	null	/home/nima/Desktop/docker/benchmarks/libgdx/gdx/src/com/badlogic/gdx/utils/Queue.java	METHOD_NO_INIT	nullable	com.badlogic.gdx.utils.Queue$QueueIterable	null
FIELD	com.badlogic.gdx.utils.ComparableTimSort	null	a	null	/home/nima/Desktop/docker/benchmarks/libgdx/gdx/src/com/badlogic/gdx/utils/ComparableTimSort.java	METHOD_NO_INIT	nullable	com.badlogic.gdx.utils.ComparableTimSort	null
FIELD	com.badlogic.gdx.utils.ComparableTimSort	null	a	null	/home/nima/Desktop/docker/benchmarks/libgdx/gdx/src/com/badlogic/gdx/utils/ComparableTimSort.java	ASSIGN_FIELD_NULLABLE	nullable	com.badlogic.gdx.utils.ComparableTimSort	doSort(java.lang.Object[],int,int)
FIELD	com.badlogic.gdx.utils.IntIntMap	null	entries1	null	/home/nima/Desktop/docker/benchmarks/libgdx/gdx/src/com/badlogic/gdx/utils/IntIntMap.java	METHOD_NO_INIT	nullable	com.badlogic.gdx.utils.IntIntMap	null
FIELD	com.badlogic.gdx.utils.IntIntMap	null	entries2	null	/home/nima/Desktop/docker/benchmarks/libgdx/gdx/src/com/badlogic/gdx/utils/IntIntMap.java	METHOD_NO_INIT	nullable	com.badlogic.gdx.utils.IntIntMap	null
FIELD	com.badlogic.gdx.utils.IntIntMap	null	values1	null	/home/nima/Desktop/docker/benchmarks/libgdx/gdx/src/com/badlogic/gdx/utils/IntIntMap.java	METHOD_NO_INIT	nullable	com.badlogic.gdx.utils.IntIntMap	null
FIELD	com.badlogic.gdx.utils.IntIntMap	null	values2	null	/home/nima/Desktop/docker/benchmarks/libgdx/gdx/src/com/badlogic/gdx/utils/IntIntMap.java	METHOD_NO_INIT	nullable	com.badlogic.gdx.utils.IntIntMap	null
FIELD	com.badlogic.gdx.utils.IntIntMap	null	keys1	null	/home/nima/Desktop/docker/benchmarks/libgdx/gdx/src/com/badlogic/gdx/utils/IntIntMap.java	METHOD_NO_INIT	nullable	com.badlogic.gdx.utils.IntIntMap	null
FIELD	com.badlogic.gdx.utils.IntIntMap	null	keys2	null	/home/nima/Desktop/docker/benchmarks/libgdx/gdx/src/com/badlogic/gdx/utils/IntIntMap.java	METHOD_NO_INIT	nullable	com.badlogic.gdx.utils.IntIntMap	null
FIELD	com.badlogic.gdx.utils.compression.lz.BinTree	null	_son	null	/home/nima/Desktop/docker/benchmarks/libgdx/gdx/src/com/badlogic/gdx/utils/compression/lz/BinTree.java	FIELD_NO_INIT	nullable	com.badlogic.gdx.utils.compression.lz.BinTree	null
FIELD	com.badlogic.gdx.utils.compression.lz.BinTree	null	_hash	null	/home/nima/Desktop/docker/benchmarks/libgdx/gdx/src/com/badlogic/gdx/utils/compression/lz/BinTree.java	FIELD_NO_INIT	nullable	com.badlogic.gdx.utils.compression.lz.BinTree	null
FIELD	com.badlogic.gdx.utils.compression.lz.InWindow	null	_bufferBase	null	/home/nima/Desktop/docker/benchmarks/libgdx/gdx/src/com/badlogic/gdx/utils/compression/lz/InWindow.java	FIELD_NO_INIT	nullable	com.badlogic.gdx.utils.compression.lz.InWindow	null
FIELD	com.badlogic.gdx.utils.compression.lz.InWindow	null	_bufferBase	null	/home/nima/Desktop/docker/benchmarks/libgdx/gdx/src/com/badlogic/gdx/utils/compression/lz/InWindow.java	ASSIGN_FIELD_NULLABLE	nullable	com.badlogic.gdx.utils.compression.lz.InWindow	Free()
FIELD	com.badlogic.gdx.utils.compression.lz.OutWindow	null	_buffer	null	/home/nima/Desktop/docker/benchmarks/libgdx/gdx/src/com/badlogic/gdx/utils/compression/lz/OutWindow.java	FIELD_NO_INIT	nullable	com.badlogic.gdx.utils.compression.lz.OutWindow	null
FIELD	com.badlogic.gdx.utils.compression.rangecoder.Decoder	null	Stream	null	/home/nima/Desktop/docker/benchmarks/libgdx/gdx/src/com/badlogic/gdx/utils/compression/rangecoder/Decoder.java	FIELD_NO_INIT	nullable	com.badlogic.gdx.utils.compression.rangecoder.Decoder	null
FIELD	com.badlogic.gdx.utils.compression.rangecoder.Decoder	null	Stream	null	/home/nima/Desktop/docker/benchmarks/libgdx/gdx/src/com/badlogic/gdx/utils/compression/rangecoder/Decoder.java	ASSIGN_FIELD_NULLABLE	nullable	com.badlogic.gdx.utils.compression.rangecoder.Decoder	ReleaseStream()
FIELD	com.badlogic.gdx.utils.compression.lzma.Decoder$LiteralDecoder	null	m_Coders	null	/home/nima/Desktop/docker/benchmarks/libgdx/gdx/src/com/badlogic/gdx/utils/compression/lzma/Decoder.java	FIELD_NO_INIT	nullable	com.badlogic.gdx.utils.compression.lzma.Decoder$LiteralDecoder	null
FIELD	com.badlogic.gdx.utils.compression.lzma.Encoder$LiteralEncoder	null	m_Coders	null	/home/nima/Desktop/docker/benchmarks/libgdx/gdx/src/com/badlogic/gdx/utils/compression/lzma/Encoder.java	FIELD_NO_INIT	nullable	com.badlogic.gdx.utils.compression.lzma.Encoder$LiteralEncoder	null
FIELD	com.badlogic.gdx.utils.compression.lzma.Encoder	null	_matchFinder	null	/home/nima/Desktop/docker/benchmarks/libgdx/gdx/src/com/badlogic/gdx/utils/compression/lzma/Encoder.java	ASSIGN_FIELD_NULLABLE	nullable	com.badlogic.gdx.utils.compression.lzma.Encoder	_matchFinder
FIELD	com.badlogic.gdx.utils.compression.lzma.Encoder	null	_matchFinder	null	/home/nima/Desktop/docker/benchmarks/libgdx/gdx/src/com/badlogic/gdx/utils/compression/lzma/Encoder.java	ASSIGN_FIELD_NULLABLE	nullable	com.badlogic.gdx.utils.compression.lzma.Encoder	SetMatchFinder(int)
FIELD	com.badlogic.gdx.utils.I18NBundle	null	properties	null	/home/nima/Desktop/docker/benchmarks/libgdx/gdx/src/com/badlogic/gdx/utils/I18NBundle.java	METHOD_NO_INIT	nullable	com.badlogic.gdx.utils.I18NBundle	null
METHOD	com.badlogic.gdx.utils.XmlReader	parse(char[],int,int)	null	null	/home/nima/Desktop/docker/benchmarks/libgdx/gdx/src/com/badlogic/gdx/utils/XmlReader.java	RETURN_NULLABLE	nullable	com.badlogic.gdx.utils.XmlReader	parse(char[],int,int)
FIELD	com.badlogic.gdx.utils.XmlReader$Element	null	attributes	null	/home/nima/Desktop/docker/benchmarks/libgdx/gdx/src/com/badlogic/gdx/utils/XmlReader.java	METHOD_NO_INIT	nullable	com.badlogic.gdx.utils.XmlReader$Element	null
FIELD	com.badlogic.gdx.utils.XmlReader$Element	null	text	null	/home/nima/Desktop/docker/benchmarks/libgdx/gdx/src/com/badlogic/gdx/utils/XmlReader.java	METHOD_NO_INIT	nullable	com.badlogic.gdx.utils.XmlReader$Element	null
FIELD	com.badlogic.gdx.utils.XmlReader$Element	null	parent	null	/home/nima/Desktop/docker/benchmarks/libgdx/gdx/src/com/badlogic/gdx/utils/XmlReader.java	METHOD_NO_INIT	nullable	com.badlogic.gdx.utils.XmlReader$Element	null
FIELD	com.badlogic.gdx.utils.XmlReader$Element	null	parent	null	/home/nima/Desktop/docker/benchmarks/libgdx/gdx/src/com/badlogic/gdx/utils/XmlReader.java	ASSIGN_FIELD_NULLABLE	nullable	com.badlogic.gdx.utils.XmlReader$Element	Element(java.lang.String,com.badlogic.gdx.utils.XmlReader.Element)
METHOD	com.badlogic.gdx.utils.XmlReader$Element	getAttribute(java.lang.String,java.lang.String)	null	null	/home/nima/Desktop/docker/benchmarks/libgdx/gdx/src/com/badlogic/gdx/utils/XmlReader.java	RETURN_NULLABLE	nullable	com.badlogic.gdx.utils.XmlReader$Element	getAttribute(java.lang.String,java.lang.String)
METHOD	com.badlogic.gdx.utils.XmlReader$Element	getAttribute(java.lang.String,java.lang.String)	null	null	/home/nima/Desktop/docker/benchmarks/libgdx/gdx/src/com/badlogic/gdx/utils/XmlReader.java	RETURN_NULLABLE	nullable	com.badlogic.gdx.utils.XmlReader$Element	getAttribute(java.lang.String,java.lang.String)
PARAMETER	com.badlogic.gdx.utils.ObjectMap	put(K,V)	key	0	/home/nima/Desktop/docker/benchmarks/libgdx/gdx/src/com/badlogic/gdx/utils/ObjectMap.java	PASS_NULLABLE	nullable	com.badlogic.gdx.utils.XmlReader$Element	setAttribute(java.lang.String,java.lang.String)
FIELD	com.badlogic.gdx.utils.XmlReader$Element	null	text	null	/home/nima/Desktop/docker/benchmarks/libgdx/gdx/src/com/badlogic/gdx/utils/XmlReader.java	ASSIGN_FIELD_NULLABLE	nullable	com.badlogic.gdx.utils.XmlReader$Element	setText(java.lang.String)
METHOD	com.badlogic.gdx.utils.XmlReader$Element	getChildByName(java.lang.String)	null	null	/home/nima/Desktop/docker/benchmarks/libgdx/gdx/src/com/badlogic/gdx/utils/XmlReader.java	RETURN_NULLABLE	nullable	com.badlogic.gdx.utils.XmlReader$Element	getChildByName(java.lang.String)
METHOD	com.badlogic.gdx.utils.XmlReader$Element	getChildByName(java.lang.String)	null	null	/home/nima/Desktop/docker/benchmarks/libgdx/gdx/src/com/badlogic/gdx/utils/XmlReader.java	RETURN_NULLABLE	nullable	com.badlogic.gdx.utils.XmlReader$Element	getChildByName(java.lang.String)
FIELD	com.badlogic.gdx.Gdx	null	app	null	/home/nima/Desktop/docker/benchmarks/libgdx/gdx/src/com/badlogic/gdx/Gdx.java	FIELD_NO_INIT	nullable	com.badlogic.gdx.Gdx	null
FIELD	com.badlogic.gdx.Gdx	null	graphics	null	/home/nima/Desktop/docker/benchmarks/libgdx/gdx/src/com/badlogic/gdx/Gdx.java	FIELD_NO_INIT	nullable	com.badlogic.gdx.Gdx	null
FIELD	com.badlogic.gdx.Gdx	null	audio	null	/home/nima/Desktop/docker/benchmarks/libgdx/gdx/src/com/badlogic/gdx/Gdx.java	FIELD_NO_INIT	nullable	com.badlogic.gdx.Gdx	null
FIELD	com.badlogic.gdx.Gdx	null	input	null	/home/nima/Desktop/docker/benchmarks/libgdx/gdx/src/com/badlogic/gdx/Gdx.java	FIELD_NO_INIT	nullable	com.badlogic.gdx.Gdx	null
FIELD	com.badlogic.gdx.Gdx	null	files	null	/home/nima/Desktop/docker/benchmarks/libgdx/gdx/src/com/badlogic/gdx/Gdx.java	FIELD_NO_INIT	nullable	com.badlogic.gdx.Gdx	null
FIELD	com.badlogic.gdx.Gdx	null	gl	null	/home/nima/Desktop/docker/benchmarks/libgdx/gdx/src/com/badlogic/gdx/Gdx.java	FIELD_NO_INIT	nullable	com.badlogic.gdx.Gdx	null
FIELD	com.badlogic.gdx.Gdx	null	gl20	null	/home/nima/Desktop/docker/benchmarks/libgdx/gdx/src/com/badlogic/gdx/Gdx.java	FIELD_NO_INIT	nullable	com.badlogic.gdx.Gdx	null
FIELD	com.badlogic.gdx.Gdx	null	gl30	null	/home/nima/Desktop/docker/benchmarks/libgdx/gdx/src/com/badlogic/gdx/Gdx.java	FIELD_NO_INIT	nullable	com.badlogic.gdx.Gdx	null
FIELD	com.badlogic.gdx.input.RemoteSender	null	out	null	/home/nima/Desktop/docker/benchmarks/libgdx/gdx/src/com/badlogic/gdx/input/RemoteSender.java	METHOD_NO_INIT	nullable	com.badlogic.gdx.input.RemoteSender	null
FIELD	com.badlogic.gdx.input.RemoteSender	null	out	null	/home/nima/Desktop/docker/benchmarks/libgdx/gdx/src/com/badlogic/gdx/input/RemoteSender.java	ASSIGN_FIELD_NULLABLE	nullable	com.badlogic.gdx.input.RemoteSender	sendUpdate()
PARAMETER	com.badlogic.gdx.input.RemoteInput	RemoteInput(int,com.badlogic.gdx.input.RemoteInput.RemoteInputListener)	listener	1	/home/nima/Desktop/docker/benchmarks/libgdx/gdx/src/com/badlogic/gdx/input/RemoteInput.java	PASS_NULLABLE	nullable	com.badlogic.gdx.input.RemoteInput	RemoteInput(int)
PARAMETER	com.badlogic.gdx.input.RemoteInput$EventTrigger	EventTrigger(com.badlogic.gdx.input.RemoteInput.TouchEvent,com.badlogic.gdx.input.RemoteInput.KeyEvent)	touchEvent	0	/home/nima/Desktop/docker/benchmarks/libgdx/gdx/src/com/badlogic/gdx/input/RemoteInput.java	PASS_NULLABLE	nullable	com.badlogic.gdx.input.RemoteInput	run()
PARAMETER	com.badlogic.gdx.input.RemoteInput$EventTrigger	EventTrigger(com.badlogic.gdx.input.RemoteInput.TouchEvent,com.badlogic.gdx.input.RemoteInput.KeyEvent)	keyEvent	1	/home/nima/Desktop/docker/benchmarks/libgdx/gdx/src/com/badlogic/gdx/input/RemoteInput.java	PASS_NULLABLE	nullable	com.badlogic.gdx.input.RemoteInput	run()
PARAMETER	com.badlogic.gdx.assets.loaders.ModelLoader	loadModelData(com.badlogic.gdx.files.FileHandle,P)	parameters	1	/home/nima/Desktop/docker/benchmarks/libgdx/gdx/src/com/badlogic/gdx/assets/loaders/ModelLoader.java	PASS_NULLABLE	nullable	com.badlogic.gdx.assets.loaders.ModelLoader	loadModelData(com.badlogic.gdx.files.FileHandle)
PARAMETER	com.badlogic.gdx.assets.loaders.ModelLoader	loadModelData(com.badlogic.gdx.files.FileHandle,P)	parameters	1	/home/nima/Desktop/docker/benchmarks/libgdx/gdx/src/com/badlogic/gdx/assets/loaders/ModelLoader.java	PASS_NULLABLE	nullable	com.badlogic.gdx.assets.loaders.ModelLoader	loadModel(com.badlogic.gdx.files.FileHandle,com.badlogic.gdx.graphics.g3d.utils.TextureProvider,P)
METHOD	com.badlogic.gdx.assets.loaders.ModelLoader	loadModel(com.badlogic.gdx.files.FileHandle,com.badlogic.gdx.graphics.g3d.utils.TextureProvider,P)	null	null	/home/nima/Desktop/docker/benchmarks/libgdx/gdx/src/com/badlogic/gdx/assets/loaders/ModelLoader.java	RETURN_NULLABLE	nullable	com.badlogic.gdx.assets.loaders.ModelLoader	loadModel(com.badlogic.gdx.files.FileHandle,com.badlogic.gdx.graphics.g3d.utils.TextureProvider,P)
FIELD	com.badlogic.gdx.graphics.g3d.model.Animation	null	id	null	/home/nima/Desktop/docker/benchmarks/libgdx/gdx/src/com/badlogic/gdx/graphics/g3d/model/Animation.java	ASSIGN_FIELD_NULLABLE	nullable	com.badlogic.gdx.graphics.g3d.Model	loadAnimations(java.lang.Iterable<com.badlogic.gdx.graphics.g3d.model.data.ModelAnimation>)
FIELD	com.badlogic.gdx.graphics.g3d.model.Node	null	id	null	/home/nima/Desktop/docker/benchmarks/libgdx/gdx/src/com/badlogic/gdx/graphics/g3d/model/Node.java	ASSIGN_FIELD_NULLABLE	nullable	com.badlogic.gdx.graphics.g3d.Model	loadNode(com.badlogic.gdx.graphics.g3d.model.data.ModelNode)
FIELD	com.badlogic.gdx.graphics.g3d.model.data.ModelMesh	null	parts	null	/home/nima/Desktop/docker/benchmarks/libgdx/gdx/src/com/badlogic/gdx/graphics/g3d/model/data/ModelMesh.java	FIELD_NO_INIT	nullable	com.badlogic.gdx.graphics.g3d.model.data.ModelMesh	null
FIELD	com.badlogic.gdx.graphics.g3d.model.data.ModelMaterial	null	id	null	/home/nima/Desktop/docker/benchmarks/libgdx/gdx/src/com/badlogic/gdx/graphics/g3d/model/data/ModelMaterial.java	FIELD_NO_INIT	nullable	com.badlogic.gdx.graphics.g3d.model.data.ModelMaterial	null
FIELD	com.badlogic.gdx.graphics.g3d.model.data.ModelTexture	null	fileName	null	/home/nima/Desktop/docker/benchmarks/libgdx/gdx/src/com/badlogic/gdx/graphics/g3d/model/data/ModelTexture.java	FIELD_NO_INIT	nullable	com.badlogic.gdx.graphics.g3d.model.data.ModelTexture	null
METHOD	com.badlogic.gdx.graphics.VertexAttributes	findByUsage(int)	null	null	/home/nima/Desktop/docker/benchmarks/libgdx/gdx/src/com/badlogic/gdx/graphics/VertexAttributes.java	RETURN_NULLABLE	nullable	com.badlogic.gdx.graphics.VertexAttributes	findByUsage(int)
FIELD	com.badlogic.gdx.graphics.VertexAttributes$ReadonlyIterable	null	iterator1	null	/home/nima/Desktop/docker/benchmarks/libgdx/gdx/src/com/badlogic/gdx/graphics/VertexAttributes.java	METHOD_NO_INIT	nullable	com.badlogic.gdx.graphics.VertexAttributes$ReadonlyIterable	null
FIELD	com.badlogic.gdx.graphics.VertexAttributes$ReadonlyIterable	null	iterator2	null	/home/nima/Desktop/docker/benchmarks/libgdx/gdx/src/com/badlogic/gdx/graphics/VertexAttributes.java	METHOD_NO_INIT	nullable	com.badlogic.gdx.graphics.VertexAttributes$ReadonlyIterable	null
FIELD	com.badlogic.gdx.graphics.g3d.model.data.ModelMeshPart	null	indices	null	/home/nima/Desktop/docker/benchmarks/libgdx/gdx/src/com/badlogic/gdx/graphics/g3d/model/data/ModelMeshPart.java	FIELD_NO_INIT	nullable	com.badlogic.gdx.graphics.g3d.model.data.ModelMeshPart	null
METHOD	com.badlogic.gdx.graphics.g3d.Attributes	get(long)	null	null	/home/nima/Desktop/docker/benchmarks/libgdx/gdx/src/com/badlogic/gdx/graphics/g3d/Attributes.java	RETURN_NULLABLE	nullable	com.badlogic.gdx.graphics.g3d.Attributes	get(long)
FIELD	com.badlogic.gdx.graphics.g3d.model.Node	null	id	null	/home/nima/Desktop/docker/benchmarks/libgdx/gdx/src/com/badlogic/gdx/graphics/g3d/model/Node.java	FIELD_NO_INIT	nullable	com.badlogic.gdx.graphics.g3d.model.Node	null
METHOD	com.badlogic.gdx.graphics.g3d.model.Node	getNode(com.badlogic.gdx.utils.Array<com.badlogic.gdx.graphics.g3d.model.Node>,java.lang.String,boolean,boolean)	null	null	/home/nima/Desktop/docker/benchmarks/libgdx/gdx/src/com/badlogic/gdx/graphics/g3d/model/Node.java	RETURN_NULLABLE	nullable	com.badlogic.gdx.graphics.g3d.model.Node	getNode(com.badlogic.gdx.utils.Array<com.badlogic.gdx.graphics.g3d.model.Node>,java.lang.String,boolean,boolean)
FIELD	com.badlogic.gdx.graphics.g3d.model.Animation	null	id	null	/home/nima/Desktop/docker/benchmarks/libgdx/gdx/src/com/badlogic/gdx/graphics/g3d/model/Animation.java	FIELD_NO_INIT	nullable	com.badlogic.gdx.graphics.g3d.model.Animation	null
PARAMETER	com.badlogic.gdx.graphics.Mesh	bind(com.badlogic.gdx.graphics.glutils.ShaderProgram,int[])	locations	1	/home/nima/Desktop/docker/benchmarks/libgdx/gdx/src/com/badlogic/gdx/graphics/Mesh.java	PASS_NULLABLE	nullable	com.badlogic.gdx.graphics.Mesh	bind(com.badlogic.gdx.graphics.glutils.ShaderProgram)
PARAMETER	com.badlogic.gdx.graphics.Mesh	unbind(com.badlogic.gdx.graphics.glutils.ShaderProgram,int[])	locations	1	/home/nima/Desktop/docker/benchmarks/libgdx/gdx/src/com/badlogic/gdx/graphics/Mesh.java	PASS_NULLABLE	nullable	com.badlogic.gdx.graphics.Mesh	unbind(com.badlogic.gdx.graphics.glutils.ShaderProgram)
METHOD	com.badlogic.gdx.graphics.Mesh	getVertexAttribute(int)	null	null	/home/nima/Desktop/docker/benchmarks/libgdx/gdx/src/com/badlogic/gdx/graphics/Mesh.java	RETURN_NULLABLE	nullable	com.badlogic.gdx.graphics.Mesh	getVertexAttribute(int)
FIELD	com.badlogic.gdx.graphics.g3d.model.MeshPart	null	mesh	null	/home/nima/Desktop/docker/benchmarks/libgdx/gdx/src/com/badlogic/gdx/graphics/g3d/model/MeshPart.java	METHOD_NO_INIT	nullable	com.badlogic.gdx.graphics.g3d.model.MeshPart	null
FIELD	com.badlogic.gdx.graphics.g3d.model.MeshPart	null	mesh	null	/home/nima/Desktop/docker/benchmarks/libgdx/gdx/src/com/badlogic/gdx/graphics/g3d/model/MeshPart.java	METHOD_NO_INIT	nullable	com.badlogic.gdx.graphics.g3d.model.MeshPart	null
FIELD	com.badlogic.gdx.graphics.g3d.model.MeshPart	null	mesh	null	/home/nima/Desktop/docker/benchmarks/libgdx/gdx/src/com/badlogic/gdx/graphics/g3d/model/MeshPart.java	METHOD_NO_INIT	nullable	com.badlogic.gdx.graphics.g3d.model.MeshPart	null
FIELD	com.badlogic.gdx.graphics.g3d.model.MeshPart	null	mesh	null	/home/nima/Desktop/docker/benchmarks/libgdx/gdx/src/com/badlogic/gdx/graphics/g3d/model/MeshPart.java	ASSIGN_FIELD_NULLABLE	nullable	com.badlogic.gdx.graphics.g3d.model.MeshPart	set(java.lang.String,com.badlogic.gdx.graphics.Mesh,int,int,int)
FIELD	com.badlogic.gdx.graphics.g3d.model.NodePart	null	meshPart	null	/home/nima/Desktop/docker/benchmarks/libgdx/gdx/src/com/badlogic/gdx/graphics/g3d/model/NodePart.java	METHOD_NO_INIT	nullable	com.badlogic.gdx.graphics.g3d.model.NodePart	null
FIELD	com.badlogic.gdx.graphics.g3d.model.NodePart	null	material	null	/home/nima/Desktop/docker/benchmarks/libgdx/gdx/src/com/badlogic/gdx/graphics/g3d/model/NodePart.java	METHOD_NO_INIT	nullable	com.badlogic.gdx.graphics.g3d.model.NodePart	null
FIELD	com.badlogic.gdx.graphics.g3d.utils.TextureDescriptor	null	minFilter	null	/home/nima/Desktop/docker/benchmarks/libgdx/gdx/src/com/badlogic/gdx/graphics/g3d/utils/TextureDescriptor.java	METHOD_NO_INIT	nullable	com.badlogic.gdx.graphics.g3d.utils.TextureDescriptor	null
FIELD	com.badlogic.gdx.graphics.g3d.utils.TextureDescriptor	null	magFilter	null	/home/nima/Desktop/docker/benchmarks/libgdx/gdx/src/com/badlogic/gdx/graphics/g3d/utils/TextureDescriptor.java	METHOD_NO_INIT	nullable	com.badlogic.gdx.graphics.g3d.utils.TextureDescriptor	null
FIELD	com.badlogic.gdx.graphics.g3d.utils.TextureDescriptor	null	uWrap	null	/home/nima/Desktop/docker/benchmarks/libgdx/gdx/src/com/badlogic/gdx/graphics/g3d/utils/TextureDescriptor.java	METHOD_NO_INIT	nullable	com.badlogic.gdx.graphics.g3d.utils.TextureDescriptor	null
FIELD	com.badlogic.gdx.graphics.g3d.utils.TextureDescriptor	null	vWrap	null	/home/nima/Desktop/docker/benchmarks/libgdx/gdx/src/com/badlogic/gdx/graphics/g3d/utils/TextureDescriptor.java	METHOD_NO_INIT	nullable	com.badlogic.gdx.graphics.g3d.utils.TextureDescriptor	null
FIELD	com.badlogic.gdx.graphics.g3d.utils.TextureDescriptor	null	minFilter	null	/home/nima/Desktop/docker/benchmarks/libgdx/gdx/src/com/badlogic/gdx/graphics/g3d/utils/TextureDescriptor.java	METHOD_NO_INIT	nullable	com.badlogic.gdx.graphics.g3d.utils.TextureDescriptor	null
FIELD	com.badlogic.gdx.graphics.g3d.utils.TextureDescriptor	null	magFilter	null	/home/nima/Desktop/docker/benchmarks/libgdx/gdx/src/com/badlogic/gdx/graphics/g3d/utils/TextureDescriptor.java	METHOD_NO_INIT	nullable	com.badlogic.gdx.graphics.g3d.utils.TextureDescriptor	null
FIELD	com.badlogic.gdx.graphics.g3d.utils.TextureDescriptor	null	uWrap	null	/home/nima/Desktop/docker/benchmarks/libgdx/gdx/src/com/badlogic/gdx/graphics/g3d/utils/TextureDescriptor.java	METHOD_NO_INIT	nullable	com.badlogic.gdx.graphics.g3d.utils.TextureDescriptor	null
FIELD	com.badlogic.gdx.graphics.g3d.utils.TextureDescriptor	null	vWrap	null	/home/nima/Desktop/docker/benchmarks/libgdx/gdx/src/com/badlogic/gdx/graphics/g3d/utils/TextureDescriptor.java	METHOD_NO_INIT	nullable	com.badlogic.gdx.graphics.g3d.utils.TextureDescriptor	null
FIELD	com.badlogic.gdx.graphics.g3d.utils.TextureDescriptor	null	texture	null	/home/nima/Desktop/docker/benchmarks/libgdx/gdx/src/com/badlogic/gdx/graphics/g3d/utils/TextureDescriptor.java	ASSIGN_FIELD_NULLABLE	nullable	com.badlogic.gdx.graphics.g3d.utils.TextureDescriptor	texture
FIELD	com.badlogic.gdx.graphics.g3d.utils.TextureDescriptor	null	minFilter	null	/home/nima/Desktop/docker/benchmarks/libgdx/gdx/src/com/badlogic/gdx/graphics/g3d/utils/TextureDescriptor.java	ASSIGN_FIELD_NULLABLE	nullable	com.badlogic.gdx.graphics.g3d.utils.TextureDescriptor	set(T,com.badlogic.gdx.graphics.Texture.TextureFilter,com.badlogic.gdx.graphics.Texture.TextureFilter,com.badlogic.gdx.graphics.Texture.TextureWrap,com.badlogic.gdx.graphics.Texture.TextureWrap)
FIELD	com.badlogic.gdx.graphics.g3d.utils.TextureDescriptor	null	magFilter	null	/home/nima/Desktop/docker/benchmarks/libgdx/gdx/src/com/badlogic/gdx/graphics/g3d/utils/TextureDescriptor.java	ASSIGN_FIELD_NULLABLE	nullable	com.badlogic.gdx.graphics.g3d.utils.TextureDescriptor	set(T,com.badlogic.gdx.graphics.Texture.TextureFilter,com.badlogic.gdx.graphics.Texture.TextureFilter,com.badlogic.gdx.graphics.Texture.TextureWrap,com.badlogic.gdx.graphics.Texture.TextureWrap)
FIELD	com.badlogic.gdx.graphics.g3d.utils.TextureDescriptor	null	uWrap	null	/home/nima/Desktop/docker/benchmarks/libgdx/gdx/src/com/badlogic/gdx/graphics/g3d/utils/TextureDescriptor.java	ASSIGN_FIELD_NULLABLE	nullable	com.badlogic.gdx.graphics.g3d.utils.TextureDescriptor	set(T,com.badlogic.gdx.graphics.Texture.TextureFilter,com.badlogic.gdx.graphics.Texture.TextureFilter,com.badlogic.gdx.graphics.Texture.TextureWrap,com.badlogic.gdx.graphics.Texture.TextureWrap)
FIELD	com.badlogic.gdx.graphics.g3d.utils.TextureDescriptor	null	vWrap	null	/home/nima/Desktop/docker/benchmarks/libgdx/gdx/src/com/badlogic/gdx/graphics/g3d/utils/TextureDescriptor.java	ASSIGN_FIELD_NULLABLE	nullable	com.badlogic.gdx.graphics.g3d.utils.TextureDescriptor	set(T,com.badlogic.gdx.graphics.Texture.TextureFilter,com.badlogic.gdx.graphics.Texture.TextureFilter,com.badlogic.gdx.graphics.Texture.TextureWrap,com.badlogic.gdx.graphics.Texture.TextureWrap)
FIELD	com.badlogic.gdx.graphics.glutils.ShaderProgram	null	uniformNames	null	/home/nima/Desktop/docker/benchmarks/libgdx/gdx/src/com/badlogic/gdx/graphics/glutils/ShaderProgram.java	METHOD_NO_INIT	nullable	com.badlogic.gdx.graphics.glutils.ShaderProgram	null
FIELD	com.badlogic.gdx.graphics.glutils.ShaderProgram	null	attributeNames	null	/home/nima/Desktop/docker/benchmarks/libgdx/gdx/src/com/badlogic/gdx/graphics/glutils/ShaderProgram.java	METHOD_NO_INIT	nullable	com.badlogic.gdx.graphics.glutils.ShaderProgram	null
FIELD	com.badlogic.gdx.graphics.g3d.model.NodeAnimation	null	node	null	/home/nima/Desktop/docker/benchmarks/libgdx/gdx/src/com/badlogic/gdx/graphics/g3d/model/NodeAnimation.java	FIELD_NO_INIT	nullable	com.badlogic.gdx.graphics.g3d.model.NodeAnimation	null
FIELD	com.badlogic.gdx.graphics.g2d.ParticleEmitter	null	particles	null	/home/nima/Desktop/docker/benchmarks/libgdx/gdx/src/com/badlogic/gdx/graphics/g2d/ParticleEmitter.java	METHOD_NO_INIT	nullable	com.badlogic.gdx.graphics.g2d.ParticleEmitter	null
FIELD	com.badlogic.gdx.graphics.g2d.ParticleEmitter	null	name	null	/home/nima/Desktop/docker/benchmarks/libgdx/gdx/src/com/badlogic/gdx/graphics/g2d/ParticleEmitter.java	METHOD_NO_INIT	nullable	com.badlogic.gdx.graphics.g2d.ParticleEmitter	null
FIELD	com.badlogic.gdx.graphics.g2d.ParticleEmitter	null	active	null	/home/nima/Desktop/docker/benchmarks/libgdx/gdx/src/com/badlogic/gdx/graphics/g2d/ParticleEmitter.java	METHOD_NO_INIT	nullable	com.badlogic.gdx.graphics.g2d.ParticleEmitter	null
FIELD	com.badlogic.gdx.graphics.g2d.ParticleEmitter	null	particles	null	/home/nima/Desktop/docker/benchmarks/libgdx/gdx/src/com/badlogic/gdx/graphics/g2d/ParticleEmitter.java	METHOD_NO_INIT	nullable	com.badlogic.gdx.graphics.g2d.ParticleEmitter	null
FIELD	com.badlogic.gdx.graphics.g2d.ParticleEmitter	null	name	null	/home/nima/Desktop/docker/benchmarks/libgdx/gdx/src/com/badlogic/gdx/graphics/g2d/ParticleEmitter.java	METHOD_NO_INIT	nullable	com.badlogic.gdx.graphics.g2d.ParticleEmitter	null
FIELD	com.badlogic.gdx.graphics.g2d.ParticleEmitter	null	active	null	/home/nima/Desktop/docker/benchmarks/libgdx/gdx/src/com/badlogic/gdx/graphics/g2d/ParticleEmitter.java	METHOD_NO_INIT	nullable	com.badlogic.gdx.graphics.g2d.ParticleEmitter	null
FIELD	com.badlogic.gdx.graphics.g2d.ParticleEmitter	null	particles	null	/home/nima/Desktop/docker/benchmarks/libgdx/gdx/src/com/badlogic/gdx/graphics/g2d/ParticleEmitter.java	METHOD_NO_INIT	nullable	com.badlogic.gdx.graphics.g2d.ParticleEmitter	null
FIELD	com.badlogic.gdx.graphics.g2d.ParticleEmitter	null	active	null	/home/nima/Desktop/docker/benchmarks/libgdx/gdx/src/com/badlogic/gdx/graphics/g2d/ParticleEmitter.java	METHOD_NO_INIT	nullable	com.badlogic.gdx.graphics.g2d.ParticleEmitter	null
FIELD	com.badlogic.gdx.graphics.g2d.ParticleEmitter$Particle	null	tint	null	/home/nima/Desktop/docker/benchmarks/libgdx/gdx/src/com/badlogic/gdx/graphics/g2d/ParticleEmitter.java	METHOD_NO_INIT	nullable	com.badlogic.gdx.graphics.g2d.ParticleEmitter$Particle	null
FIELD	com.badlogic.gdx.graphics.g2d.TextureAtlas$AtlasRegion	null	name	null	/home/nima/Desktop/docker/benchmarks/libgdx/gdx/src/com/badlogic/gdx/graphics/g2d/TextureAtlas.java	ASSIGN_FIELD_NULLABLE	nullable	com.badlogic.gdx.graphics.g2d.TextureAtlas	load(com.badlogic.gdx.graphics.g2d.TextureAtlas.TextureAtlasData)
METHOD	com.badlogic.gdx.graphics.g2d.TextureAtlas	findRegion(java.lang.String)	null	null	/home/nima/Desktop/docker/benchmarks/libgdx/gdx/src/com/badlogic/gdx/graphics/g2d/TextureAtlas.java	RETURN_NULLABLE	nullable	com.badlogic.gdx.graphics.g2d.TextureAtlas	findRegion(java.lang.String)
FIELD	com.badlogic.gdx.graphics.g2d.TextureAtlas$TextureAtlasData$Page	null	textureFile	null	/home/nima/Desktop/docker/benchmarks/libgdx/gdx/src/com/badlogic/gdx/graphics/g2d/TextureAtlas.java	FIELD_NO_INIT	nullable	com.badlogic.gdx.graphics.g2d.TextureAtlas$TextureAtlasData$Page	null
FIELD	com.badlogic.gdx.graphics.g2d.TextureAtlas$TextureAtlasData$Region	null	values	null	/home/nima/Desktop/docker/benchmarks/libgdx/gdx/src/com/badlogic/gdx/graphics/g2d/TextureAtlas.java	FIELD_NO_INIT	nullable	com.badlogic.gdx.graphics.g2d.TextureAtlas$TextureAtlasData$Region	null
FIELD	com.badlogic.gdx.graphics.g2d.TextureAtlas$AtlasRegion	null	name	null	/home/nima/Desktop/docker/benchmarks/libgdx/gdx/src/com/badlogic/gdx/graphics/g2d/TextureAtlas.java	METHOD_NO_INIT	nullable	com.badlogic.gdx.graphics.g2d.TextureAtlas$AtlasRegion	null
FIELD	com.badlogic.gdx.graphics.g2d.TextureAtlas$AtlasRegion	null	values	null	/home/nima/Desktop/docker/benchmarks/libgdx/gdx/src/com/badlogic/gdx/graphics/g2d/TextureAtlas.java	METHOD_NO_INIT	nullable	com.badlogic.gdx.graphics.g2d.TextureAtlas$AtlasRegion	null
FIELD	com.badlogic.gdx.graphics.g2d.TextureAtlas$AtlasRegion	null	name	null	/home/nima/Desktop/docker/benchmarks/libgdx/gdx/src/com/badlogic/gdx/graphics/g2d/TextureAtlas.java	METHOD_NO_INIT	nullable	com.badlogic.gdx.graphics.g2d.TextureAtlas$AtlasRegion	null
FIELD	com.badlogic.gdx.graphics.g2d.TextureAtlas$AtlasRegion	null	values	null	/home/nima/Desktop/docker/benchmarks/libgdx/gdx/src/com/badlogic/gdx/graphics/g2d/TextureAtlas.java	METHOD_NO_INIT	nullable	com.badlogic.gdx.graphics.g2d.TextureAtlas$AtlasRegion	null
PARAMETER	com.badlogic.gdx.graphics.g2d.TextureRegion	TextureRegion(com.badlogic.gdx.graphics.Texture,int,int,int,int)	texture	0	/home/nima/Desktop/docker/benchmarks/libgdx/gdx/src/com/badlogic/gdx/graphics/g2d/TextureRegion.java	PASS_NULLABLE	nullable	com.badlogic.gdx.graphics.g2d.TextureAtlas$AtlasRegion	AtlasRegion(com.badlogic.gdx.graphics.Texture,int,int,int,int)
PARAMETER	com.badlogic.gdx.graphics.g2d.SpriteBatch	draw(com.badlogic.gdx.graphics.Texture,float[],int,int)	texture	0	/home/nima/Desktop/docker/benchmarks/libgdx/gdx/src/com/badlogic/gdx/graphics/g2d/SpriteBatch.java	WRONG_OVERRIDE_PARAM	nullable	com.badlogic.gdx.graphics.g2d.SpriteBatch	draw(com.badlogic.gdx.graphics.Texture,float[],int,int)
FIELD	com.badlogic.gdx.assets.loaders.CubemapLoader$CubemapLoaderInfo	null	data	null	/home/nima/Desktop/docker/benchmarks/libgdx/gdx/src/com/badlogic/gdx/assets/loaders/CubemapLoader.java	FIELD_NO_INIT	nullable	com.badlogic.gdx.assets.loaders.CubemapLoader$CubemapLoaderInfo	null
FIELD	com.badlogic.gdx.assets.loaders.CubemapLoader$CubemapParameter	null	cubemap	null	/home/nima/Desktop/docker/benchmarks/libgdx/gdx/src/com/badlogic/gdx/assets/loaders/CubemapLoader.java	ASSIGN_FIELD_NULLABLE	nullable	com.badlogic.gdx.assets.loaders.CubemapLoader$CubemapParameter	cubemap
FIELD	com.badlogic.gdx.graphics.g2d.BitmapFont$BitmapFontData	null	imagePaths	null	/home/nima/Desktop/docker/benchmarks/libgdx/gdx/src/com/badlogic/gdx/graphics/g2d/BitmapFont.java	METHOD_NO_INIT	nullable	com.badlogic.gdx.graphics.g2d.BitmapFont$BitmapFontData	null
FIELD	com.badlogic.gdx.graphics.g2d.BitmapFont$BitmapFontData	null	fontFile	null	/home/nima/Desktop/docker/benchmarks/libgdx/gdx/src/com/badlogic/gdx/graphics/g2d/BitmapFont.java	METHOD_NO_INIT	nullable	com.badlogic.gdx.graphics.g2d.BitmapFont$BitmapFontData	null
FIELD	com.badlogic.gdx.graphics.g2d.BitmapFont$BitmapFontData	null	imagePaths	null	/home/nima/Desktop/docker/benchmarks/libgdx/gdx/src/com/badlogic/gdx/graphics/g2d/BitmapFont.java	METHOD_NO_INIT	nullable	com.badlogic.gdx.graphics.g2d.BitmapFont$BitmapFontData	null
PARAMETER	com.badlogic.gdx.scenes.scene2d.ui.Skin$1	<T>readValue(java.lang.Class<T>,java.lang.Class,com.badlogic.gdx.utils.JsonValue)	type	0	/home/nima/Desktop/docker/benchmarks/libgdx/gdx/src/com/badlogic/gdx/scenes/scene2d/ui/Skin.java	WRONG_OVERRIDE_PARAM	nullable	com.badlogic.gdx.scenes.scene2d.ui.Skin$1	<T>readValue(java.lang.Class<T>,java.lang.Class,com.badlogic.gdx.utils.JsonValue)
FIELD	com.badlogic.gdx.scenes.scene2d.utils.TextureRegionDrawable	null	region	null	/home/nima/Desktop/docker/benchmarks/libgdx/gdx/src/com/badlogic/gdx/scenes/scene2d/utils/TextureRegionDrawable.java	METHOD_NO_INIT	nullable	com.badlogic.gdx.scenes.scene2d.utils.TextureRegionDrawable	null
FIELD	com.badlogic.gdx.scenes.scene2d.utils.TextureRegionDrawable	null	region	null	/home/nima/Desktop/docker/benchmarks/libgdx/gdx/src/com/badlogic/gdx/scenes/scene2d/utils/TextureRegionDrawable.java	METHOD_NO_INIT	nullable	com.badlogic.gdx.scenes.scene2d.utils.TextureRegionDrawable	null
FIELD	com.badlogic.gdx.scenes.scene2d.utils.TextureRegionDrawable	null	region	null	/home/nima/Desktop/docker/benchmarks/libgdx/gdx/src/com/badlogic/gdx/scenes/scene2d/utils/TextureRegionDrawable.java	METHOD_NO_INIT	nullable	com.badlogic.gdx.scenes.scene2d.utils.TextureRegionDrawable	null
FIELD	com.badlogic.gdx.scenes.scene2d.utils.TextureRegionDrawable	null	region	null	/home/nima/Desktop/docker/benchmarks/libgdx/gdx/src/com/badlogic/gdx/scenes/scene2d/utils/TextureRegionDrawable.java	METHOD_NO_INIT	nullable	com.badlogic.gdx.scenes.scene2d.utils.TextureRegionDrawable	null
FIELD	com.badlogic.gdx.scenes.scene2d.Actor	null	stage	null	/home/nima/Desktop/docker/benchmarks/libgdx/gdx/src/com/badlogic/gdx/scenes/scene2d/Actor.java	FIELD_NO_INIT	nullable	com.badlogic.gdx.scenes.scene2d.Actor	null
PARAMETER	com.badlogic.gdx.scenes.scene2d.Action	setActor(com.badlogic.gdx.scenes.scene2d.Actor)	actor	0	/home/nima/Desktop/docker/benchmarks/libgdx/gdx/src/com/badlogic/gdx/scenes/scene2d/Action.java	PASS_NULLABLE	nullable	com.badlogic.gdx.scenes.scene2d.Actor	act(float)
PARAMETER	com.badlogic.gdx.scenes.scene2d.Action	setActor(com.badlogic.gdx.scenes.scene2d.Actor)	actor	0	/home/nima/Desktop/docker/benchmarks/libgdx/gdx/src/com/badlogic/gdx/scenes/scene2d/Action.java	PASS_NULLABLE	nullable	com.badlogic.gdx.scenes.scene2d.Actor	removeAction(com.badlogic.gdx.scenes.scene2d.Action)
PARAMETER	com.badlogic.gdx.scenes.scene2d.Action	setActor(com.badlogic.gdx.scenes.scene2d.Actor)	actor	0	/home/nima/Desktop/docker/benchmarks/libgdx/gdx/src/com/badlogic/gdx/scenes/scene2d/Action.java	PASS_NULLABLE	nullable	com.badlogic.gdx.scenes.scene2d.Actor	clearActions()
METHOD	com.badlogic.gdx.scenes.scene2d.Actor	getParent()	null	null	/home/nima/Desktop/docker/benchmarks/libgdx/gdx/src/com/badlogic/gdx/scenes/scene2d/Actor.java	RETURN_NULLABLE	nullable	com.badlogic.gdx.scenes.scene2d.Actor	getParent()
FIELD	com.badlogic.gdx.scenes.scene2d.InputEvent	null	type	null	/home/nima/Desktop/docker/benchmarks/libgdx/gdx/src/com/badlogic/gdx/scenes/scene2d/InputEvent.java	FIELD_NO_INIT	nullable	com.badlogic.gdx.scenes.scene2d.InputEvent	null
METHOD	com.badlogic.gdx.scenes.scene2d.InputEvent	getRelatedActor()	null	null	/home/nima/Desktop/docker/benchmarks/libgdx/gdx/src/com/badlogic/gdx/scenes/scene2d/InputEvent.java	RETURN_NULLABLE	nullable	com.badlogic.gdx.scenes.scene2d.InputEvent	getRelatedActor()
FIELD	com.badlogic.gdx.scenes.scene2d.ui.Label	null	style	null	/home/nima/Desktop/docker/benchmarks/libgdx/gdx/src/com/badlogic/gdx/scenes/scene2d/ui/Label.java	METHOD_NO_INIT	nullable	com.badlogic.gdx.scenes.scene2d.ui.Label	null
FIELD	com.badlogic.gdx.scenes.scene2d.ui.Label	null	cache	null	/home/nima/Desktop/docker/benchmarks/libgdx/gdx/src/com/badlogic/gdx/scenes/scene2d/ui/Label.java	METHOD_NO_INIT	nullable	com.badlogic.gdx.scenes.scene2d.ui.Label	null
FIELD	com.badlogic.gdx.scenes.scene2d.ui.Label	null	ellipsis	null	/home/nima/Desktop/docker/benchmarks/libgdx/gdx/src/com/badlogic/gdx/scenes/scene2d/ui/Label.java	METHOD_NO_INIT	nullable	com.badlogic.gdx.scenes.scene2d.ui.Label	null
FIELD	com.badlogic.gdx.scenes.scene2d.ui.Label	null	ellipsis	null	/home/nima/Desktop/docker/benchmarks/libgdx/gdx/src/com/badlogic/gdx/scenes/scene2d/ui/Label.java	ASSIGN_FIELD_NULLABLE	nullable	com.badlogic.gdx.scenes.scene2d.ui.Label	setEllipsis(boolean)
FIELD	com.badlogic.gdx.scenes.scene2d.ui.Label$LabelStyle	null	font	null	/home/nima/Desktop/docker/benchmarks/libgdx/gdx/src/com/badlogic/gdx/scenes/scene2d/ui/Label.java	METHOD_NO_INIT	nullable	com.badlogic.gdx.scenes.scene2d.ui.Label$LabelStyle	null
PARAMETER	com.badlogic.gdx.scenes.scene2d.ui.Value	get(com.badlogic.gdx.scenes.scene2d.Actor)	context	0	/home/nima/Desktop/docker/benchmarks/libgdx/gdx/src/com/badlogic/gdx/scenes/scene2d/ui/Value.java	PASS_NULLABLE	nullable	com.badlogic.gdx.scenes.scene2d.ui.Value	get()
FIELD	com.badlogic.gdx.scenes.scene2d.ui.Table	null	rowDefaults	null	/home/nima/Desktop/docker/benchmarks/libgdx/gdx/src/com/badlogic/gdx/scenes/scene2d/ui/Table.java	METHOD_NO_INIT	nullable	com.badlogic.gdx.scenes.scene2d.ui.Table	null
FIELD	com.badlogic.gdx.scenes.scene2d.ui.Table	null	columnMinWidth	null	/home/nima/Desktop/docker/benchmarks/libgdx/gdx/src/com/badlogic/gdx/scenes/scene2d/ui/Table.java	METHOD_NO_INIT	nullable	com.badlogic.gdx.scenes.scene2d.ui.Table	null
FIELD	com.badlogic.gdx.scenes.scene2d.ui.Table	null	rowMinHeight	null	/home/nima/Desktop/docker/benchmarks/libgdx/gdx/src/com/badlogic/gdx/scenes/scene2d/ui/Table.java	METHOD_NO_INIT	nullable	com.badlogic.gdx.scenes.scene2d.ui.Table	null
FIELD	com.badlogic.gdx.scenes.scene2d.ui.Table	null	columnPrefWidth	null	/home/nima/Desktop/docker/benchmarks/libgdx/gdx/src/com/badlogic/gdx/scenes/scene2d/ui/Table.java	METHOD_NO_INIT	nullable	com.badlogic.gdx.scenes.scene2d.ui.Table	null
FIELD	com.badlogic.gdx.scenes.scene2d.ui.Table	null	rowPrefHeight	null	/home/nima/Desktop/docker/benchmarks/libgdx/gdx/src/com/badlogic/gdx/scenes/scene2d/ui/Table.java	METHOD_NO_INIT	nullable	com.badlogic.gdx.scenes.scene2d.ui.Table	null
FIELD	com.badlogic.gdx.scenes.scene2d.ui.Table	null	columnWidth	null	/home/nima/Desktop/docker/benchmarks/libgdx/gdx/src/com/badlogic/gdx/scenes/scene2d/ui/Table.java	METHOD_NO_INIT	nullable	com.badlogic.gdx.scenes.scene2d.ui.Table	null
FIELD	com.badlogic.gdx.scenes.scene2d.ui.Table	null	rowHeight	null	/home/nima/Desktop/docker/benchmarks/libgdx/gdx/src/com/badlogic/gdx/scenes/scene2d/ui/Table.java	METHOD_NO_INIT	nullable	com.badlogic.gdx.scenes.scene2d.ui.Table	null
FIELD	com.badlogic.gdx.scenes.scene2d.ui.Table	null	expandWidth	null	/home/nima/Desktop/docker/benchmarks/libgdx/gdx/src/com/badlogic/gdx/scenes/scene2d/ui/Table.java	METHOD_NO_INIT	nullable	com.badlogic.gdx.scenes.scene2d.ui.Table	null
FIELD	com.badlogic.gdx.scenes.scene2d.ui.Table	null	expandHeight	null	/home/nima/Desktop/docker/benchmarks/libgdx/gdx/src/com/badlogic/gdx/scenes/scene2d/ui/Table.java	METHOD_NO_INIT	nullable	com.badlogic.gdx.scenes.scene2d.ui.Table	null
FIELD	com.badlogic.gdx.scenes.scene2d.ui.Table	null	debugRects	null	/home/nima/Desktop/docker/benchmarks/libgdx/gdx/src/com/badlogic/gdx/scenes/scene2d/ui/Table.java	METHOD_NO_INIT	nullable	com.badlogic.gdx.scenes.scene2d.ui.Table	null
FIELD	com.badlogic.gdx.scenes.scene2d.ui.Table	null	background	null	/home/nima/Desktop/docker/benchmarks/libgdx/gdx/src/com/badlogic/gdx/scenes/scene2d/ui/Table.java	METHOD_NO_INIT	nullable	com.badlogic.gdx.scenes.scene2d.ui.Table	null
FIELD	com.badlogic.gdx.scenes.scene2d.ui.Cell	null	actor	null	/home/nima/Desktop/docker/benchmarks/libgdx/gdx/src/com/badlogic/gdx/scenes/scene2d/ui/Cell.java	ASSIGN_FIELD_NULLABLE	nullable	com.badlogic.gdx.scenes.scene2d.ui.Table	<T>add(T)
FIELD	com.badlogic.gdx.scenes.scene2d.ui.Cell	null	actor	null	/home/nima/Desktop/docker/benchmarks/libgdx/gdx/src/com/badlogic/gdx/scenes/scene2d/ui/Cell.java	ASSIGN_FIELD_NULLABLE	nullable	com.badlogic.gdx.scenes.scene2d.ui.Table	removeActor(com.badlogic.gdx.scenes.scene2d.Actor,boolean)
FIELD	com.badlogic.gdx.scenes.scene2d.ui.Cell	null	actor	null	/home/nima/Desktop/docker/benchmarks/libgdx/gdx/src/com/badlogic/gdx/scenes/scene2d/ui/Cell.java	ASSIGN_FIELD_NULLABLE	nullable	com.badlogic.gdx.scenes.scene2d.ui.Table	removeActorAt(int,boolean)
FIELD	com.badlogic.gdx.scenes.scene2d.ui.Table	null	rowDefaults	null	/home/nima/Desktop/docker/benchmarks/libgdx/gdx/src/com/badlogic/gdx/scenes/scene2d/ui/Table.java	ASSIGN_FIELD_NULLABLE	nullable	com.badlogic.gdx.scenes.scene2d.ui.Table	clearChildren(boolean)
METHOD	com.badlogic.gdx.scenes.scene2d.ui.Table	<T>getCell(T)	null	null	/home/nima/Desktop/docker/benchmarks/libgdx/gdx/src/com/badlogic/gdx/scenes/scene2d/ui/Table.java	RETURN_NULLABLE	nullable	com.badlogic.gdx.scenes.scene2d.ui.Table	<T>getCell(T)
FIELD	com.badlogic.gdx.scenes.scene2d.Stage	null	keyboardFocus	null	/home/nima/Desktop/docker/benchmarks/libgdx/gdx/src/com/badlogic/gdx/scenes/scene2d/Stage.java	METHOD_NO_INIT	nullable	com.badlogic.gdx.scenes.scene2d.Stage	null
FIELD	com.badlogic.gdx.scenes.scene2d.Stage	null	scrollFocus	null	/home/nima/Desktop/docker/benchmarks/libgdx/gdx/src/com/badlogic/gdx/scenes/scene2d/Stage.java	METHOD_NO_INIT	nullable	com.badlogic.gdx.scenes.scene2d.Stage	null
FIELD	com.badlogic.gdx.scenes.scene2d.Stage	null	keyboardFocus	null	/home/nima/Desktop/docker/benchmarks/libgdx/gdx/src/com/badlogic/gdx/scenes/scene2d/Stage.java	ASSIGN_FIELD_NULLABLE	nullable	com.badlogic.gdx.scenes.scene2d.Stage	setKeyboardFocus(com.badlogic.gdx.scenes.scene2d.Actor)
FIELD	com.badlogic.gdx.scenes.scene2d.Stage	null	scrollFocus	null	/home/nima/Desktop/docker/benchmarks/libgdx/gdx/src/com/badlogic/gdx/scenes/scene2d/Stage.java	ASSIGN_FIELD_NULLABLE	nullable	com.badlogic.gdx.scenes.scene2d.Stage	setScrollFocus(com.badlogic.gdx.scenes.scene2d.Actor)
FIELD	com.badlogic.gdx.scenes.scene2d.Stage$TouchFocus	null	listener	null	/home/nima/Desktop/docker/benchmarks/libgdx/gdx/src/com/badlogic/gdx/scenes/scene2d/Stage.java	FIELD_NO_INIT	nullable	com.badlogic.gdx.scenes.scene2d.Stage$TouchFocus	null
FIELD	com.badlogic.gdx.scenes.scene2d.Stage$TouchFocus	null	listenerActor	null	/home/nima/Desktop/docker/benchmarks/libgdx/gdx/src/com/badlogic/gdx/scenes/scene2d/Stage.java	FIELD_NO_INIT	nullable	com.badlogic.gdx.scenes.scene2d.Stage$TouchFocus	null
FIELD	com.badlogic.gdx.scenes.scene2d.Stage$TouchFocus	null	target	null	/home/nima/Desktop/docker/benchmarks/libgdx/gdx/src/com/badlogic/gdx/scenes/scene2d/Stage.java	FIELD_NO_INIT	nullable	com.badlogic.gdx.scenes.scene2d.Stage$TouchFocus	null
FIELD	com.badlogic.gdx.scenes.scene2d.Stage$TouchFocus	null	listenerActor	null	/home/nima/Desktop/docker/benchmarks/libgdx/gdx/src/com/badlogic/gdx/scenes/scene2d/Stage.java	ASSIGN_FIELD_NULLABLE	nullable	com.badlogic.gdx.scenes.scene2d.Stage$TouchFocus	reset()
FIELD	com.badlogic.gdx.scenes.scene2d.Stage$TouchFocus	null	listener	null	/home/nima/Desktop/docker/benchmarks/libgdx/gdx/src/com/badlogic/gdx/scenes/scene2d/Stage.java	ASSIGN_FIELD_NULLABLE	nullable	com.badlogic.gdx.scenes.scene2d.Stage$TouchFocus	reset()
FIELD	com.badlogic.gdx.scenes.scene2d.Stage$TouchFocus	null	target	null	/home/nima/Desktop/docker/benchmarks/libgdx/gdx/src/com/badlogic/gdx/scenes/scene2d/Stage.java	ASSIGN_FIELD_NULLABLE	nullable	com.badlogic.gdx.scenes.scene2d.Stage$TouchFocus	reset()
METHOD	com.badlogic.gdx.scenes.scene2d.Event	getTarget()	null	null	/home/nima/Desktop/docker/benchmarks/libgdx/gdx/src/com/badlogic/gdx/scenes/scene2d/Event.java	RETURN_NULLABLE	nullable	com.badlogic.gdx.scenes.scene2d.Event	getTarget()
METHOD	com.badlogic.gdx.scenes.scene2d.Event	getListenerActor()	null	null	/home/nima/Desktop/docker/benchmarks/libgdx/gdx/src/com/badlogic/gdx/scenes/scene2d/Event.java	RETURN_NULLABLE	nullable	com.badlogic.gdx.scenes.scene2d.Event	getListenerActor()
METHOD	com.badlogic.gdx.scenes.scene2d.Event	getStage()	null	null	/home/nima/Desktop/docker/benchmarks/libgdx/gdx/src/com/badlogic/gdx/scenes/scene2d/Event.java	RETURN_NULLABLE	nullable	com.badlogic.gdx.scenes.scene2d.Event	getStage()
METHOD	com.badlogic.gdx.scenes.scene2d.Group	hit(float,float,boolean)	null	null	/home/nima/Desktop/docker/benchmarks/libgdx/gdx/src/com/badlogic/gdx/scenes/scene2d/Group.java	WRONG_OVERRIDE_RETURN	nullable	com.badlogic.gdx.scenes.scene2d.ui.WidgetGroup	hit(float,float,boolean)
METHOD	com.badlogic.gdx.scenes.scene2d.Group	hit(float,float,boolean)	null	null	/home/nima/Desktop/docker/benchmarks/libgdx/gdx/src/com/badlogic/gdx/scenes/scene2d/Group.java	RETURN_NULLABLE	nullable	com.badlogic.gdx.scenes.scene2d.Group	hit(float,float,boolean)
METHOD	com.badlogic.gdx.scenes.scene2d.Group	hit(float,float,boolean)	null	null	/home/nima/Desktop/docker/benchmarks/libgdx/gdx/src/com/badlogic/gdx/scenes/scene2d/Group.java	RETURN_NULLABLE	nullable	com.badlogic.gdx.scenes.scene2d.Group	hit(float,float,boolean)
METHOD	com.badlogic.gdx.scenes.scene2d.Group	hit(float,float,boolean)	null	null	/home/nima/Desktop/docker/benchmarks/libgdx/gdx/src/com/badlogic/gdx/scenes/scene2d/Group.java	RETURN_NULLABLE	nullable	com.badlogic.gdx.scenes.scene2d.Group	hit(float,float,boolean)
PARAMETER	com.badlogic.gdx.scenes.scene2d.Actor	setStage(com.badlogic.gdx.scenes.scene2d.Stage)	stage	0	/home/nima/Desktop/docker/benchmarks/libgdx/gdx/src/com/badlogic/gdx/scenes/scene2d/Actor.java	PASS_NULLABLE	nullable	com.badlogic.gdx.scenes.scene2d.Group	removeActorAt(int,boolean)
PARAMETER	com.badlogic.gdx.scenes.scene2d.Actor	setStage(com.badlogic.gdx.scenes.scene2d.Stage)	stage	0	/home/nima/Desktop/docker/benchmarks/libgdx/gdx/src/com/badlogic/gdx/scenes/scene2d/Actor.java	PASS_NULLABLE	nullable	com.badlogic.gdx.scenes.scene2d.Group	clearChildren(boolean)
FIELD	com.badlogic.gdx.scenes.scene2d.Action	null	target	null	/home/nima/Desktop/docker/benchmarks/libgdx/gdx/src/com/badlogic/gdx/scenes/scene2d/Action.java	FIELD_NO_INIT	nullable	com.badlogic.gdx.scenes.scene2d.Action	null
FIELD	com.badlogic.gdx.scenes.scene2d.Action	null	target	null	/home/nima/Desktop/docker/benchmarks/libgdx/gdx/src/com/badlogic/gdx/scenes/scene2d/Action.java	ASSIGN_FIELD_NULLABLE	nullable	com.badlogic.gdx.scenes.scene2d.Action	reset()
FIELD	com.badlogic.gdx.scenes.scene2d.ui.Cell	null	minWidth	null	/home/nima/Desktop/docker/benchmarks/libgdx/gdx/src/com/badlogic/gdx/scenes/scene2d/ui/Cell.java	METHOD_NO_INIT	nullable	com.badlogic.gdx.scenes.scene2d.ui.Cell	null
FIELD	com.badlogic.gdx.scenes.scene2d.ui.Cell	null	minHeight	null	/home/nima/Desktop/docker/benchmarks/libgdx/gdx/src/com/badlogic/gdx/scenes/scene2d/ui/Cell.java	METHOD_NO_INIT	nullable	com.badlogic.gdx.scenes.scene2d.ui.Cell	null
FIELD	com.badlogic.gdx.scenes.scene2d.ui.Cell	null	prefWidth	null	/home/nima/Desktop/docker/benchmarks/libgdx/gdx/src/com/badlogic/gdx/scenes/scene2d/ui/Cell.java	METHOD_NO_INIT	nullable	com.badlogic.gdx.scenes.scene2d.ui.Cell	null
FIELD	com.badlogic.gdx.scenes.scene2d.ui.Cell	null	prefHeight	null	/home/nima/Desktop/docker/benchmarks/libgdx/gdx/src/com/badlogic/gdx/scenes/scene2d/ui/Cell.java	METHOD_NO_INIT	nullable	com.badlogic.gdx.scenes.scene2d.ui.Cell	null
FIELD	com.badlogic.gdx.scenes.scene2d.ui.Cell	null	maxWidth	null	/home/nima/Desktop/docker/benchmarks/libgdx/gdx/src/com/badlogic/gdx/scenes/scene2d/ui/Cell.java	METHOD_NO_INIT	nullable	com.badlogic.gdx.scenes.scene2d.ui.Cell	null
FIELD	com.badlogic.gdx.scenes.scene2d.ui.Cell	null	maxHeight	null	/home/nima/Desktop/docker/benchmarks/libgdx/gdx/src/com/badlogic/gdx/scenes/scene2d/ui/Cell.java	METHOD_NO_INIT	nullable	com.badlogic.gdx.scenes.scene2d.ui.Cell	null
FIELD	com.badlogic.gdx.scenes.scene2d.ui.Cell	null	spaceTop	null	/home/nima/Desktop/docker/benchmarks/libgdx/gdx/src/com/badlogic/gdx/scenes/scene2d/ui/Cell.java	METHOD_NO_INIT	nullable	com.badlogic.gdx.scenes.scene2d.ui.Cell	null
FIELD	com.badlogic.gdx.scenes.scene2d.ui.Cell	null	spaceLeft	null	/home/nima/Desktop/docker/benchmarks/libgdx/gdx/src/com/badlogic/gdx/scenes/scene2d/ui/Cell.java	METHOD_NO_INIT	nullable	com.badlogic.gdx.scenes.scene2d.ui.Cell	null
FIELD	com.badlogic.gdx.scenes.scene2d.ui.Cell	null	spaceBottom	null	/home/nima/Desktop/docker/benchmarks/libgdx/gdx/src/com/badlogic/gdx/scenes/scene2d/ui/Cell.java	METHOD_NO_INIT	nullable	com.badlogic.gdx.scenes.scene2d.ui.Cell	null
FIELD	com.badlogic.gdx.scenes.scene2d.ui.Cell	null	spaceRight	null	/home/nima/Desktop/docker/benchmarks/libgdx/gdx/src/com/badlogic/gdx/scenes/scene2d/ui/Cell.java	METHOD_NO_INIT	nullable	com.badlogic.gdx.scenes.scene2d.ui.Cell	null
FIELD	com.badlogic.gdx.scenes.scene2d.ui.Cell	null	padTop	null	/home/nima/Desktop/docker/benchmarks/libgdx/gdx/src/com/badlogic/gdx/scenes/scene2d/ui/Cell.java	METHOD_NO_INIT	nullable	com.badlogic.gdx.scenes.scene2d.ui.Cell	null
FIELD	com.badlogic.gdx.scenes.scene2d.ui.Cell	null	padLeft	null	/home/nima/Desktop/docker/benchmarks/libgdx/gdx/src/com/badlogic/gdx/scenes/scene2d/ui/Cell.java	METHOD_NO_INIT	nullable	com.badlogic.gdx.scenes.scene2d.ui.Cell	null
FIELD	com.badlogic.gdx.scenes.scene2d.ui.Cell	null	padBottom	null	/home/nima/Desktop/docker/benchmarks/libgdx/gdx/src/com/badlogic/gdx/scenes/scene2d/ui/Cell.java	METHOD_NO_INIT	nullable	com.badlogic.gdx.scenes.scene2d.ui.Cell	null
FIELD	com.badlogic.gdx.scenes.scene2d.ui.Cell	null	padRight	null	/home/nima/Desktop/docker/benchmarks/libgdx/gdx/src/com/badlogic/gdx/scenes/scene2d/ui/Cell.java	METHOD_NO_INIT	nullable	com.badlogic.gdx.scenes.scene2d.ui.Cell	null
FIELD	com.badlogic.gdx.scenes.scene2d.ui.Cell	null	fillX	null	/home/nima/Desktop/docker/benchmarks/libgdx/gdx/src/com/badlogic/gdx/scenes/scene2d/ui/Cell.java	METHOD_NO_INIT	nullable	com.badlogic.gdx.scenes.scene2d.ui.Cell	null
FIELD	com.badlogic.gdx.scenes.scene2d.ui.Cell	null	fillY	null	/home/nima/Desktop/docker/benchmarks/libgdx/gdx/src/com/badlogic/gdx/scenes/scene2d/ui/Cell.java	METHOD_NO_INIT	nullable	com.badlogic.gdx.scenes.scene2d.ui.Cell	null
FIELD	com.badlogic.gdx.scenes.scene2d.ui.Cell	null	align	null	/home/nima/Desktop/docker/benchmarks/libgdx/gdx/src/com/badlogic/gdx/scenes/scene2d/ui/Cell.java	METHOD_NO_INIT	nullable	com.badlogic.gdx.scenes.scene2d.ui.Cell	null
FIELD	com.badlogic.gdx.scenes.scene2d.ui.Cell	null	expandX	null	/home/nima/Desktop/docker/benchmarks/libgdx/gdx/src/com/badlogic/gdx/scenes/scene2d/ui/Cell.java	METHOD_NO_INIT	nullable	com.badlogic.gdx.scenes.scene2d.ui.Cell	null
FIELD	com.badlogic.gdx.scenes.scene2d.ui.Cell	null	expandY	null	/home/nima/Desktop/docker/benchmarks/libgdx/gdx/src/com/badlogic/gdx/scenes/scene2d/ui/Cell.java	METHOD_NO_INIT	nullable	com.badlogic.gdx.scenes.scene2d.ui.Cell	null
FIELD	com.badlogic.gdx.scenes.scene2d.ui.Cell	null	actor	null	/home/nima/Desktop/docker/benchmarks/libgdx/gdx/src/com/badlogic/gdx/scenes/scene2d/ui/Cell.java	METHOD_NO_INIT	nullable	com.badlogic.gdx.scenes.scene2d.ui.Cell	null
FIELD	com.badlogic.gdx.scenes.scene2d.ui.Cell	null	table	null	/home/nima/Desktop/docker/benchmarks/libgdx/gdx/src/com/badlogic/gdx/scenes/scene2d/ui/Cell.java	METHOD_NO_INIT	nullable	com.badlogic.gdx.scenes.scene2d.ui.Cell	null
FIELD	com.badlogic.gdx.scenes.scene2d.ui.Cell	null	actor	null	/home/nima/Desktop/docker/benchmarks/libgdx/gdx/src/com/badlogic/gdx/scenes/scene2d/ui/Cell.java	ASSIGN_FIELD_NULLABLE	nullable	com.badlogic.gdx.scenes.scene2d.ui.Cell	<A>setActor(A)
METHOD	com.badlogic.gdx.scenes.scene2d.ui.Cell	getColspan()	null	null	/home/nima/Desktop/docker/benchmarks/libgdx/gdx/src/com/badlogic/gdx/scenes/scene2d/ui/Cell.java	RETURN_NULLABLE	nullable	com.badlogic.gdx.scenes.scene2d.ui.Cell	getColspan()
FIELD	com.badlogic.gdx.scenes.scene2d.ui.Cell	null	minWidth	null	/home/nima/Desktop/docker/benchmarks/libgdx/gdx/src/com/badlogic/gdx/scenes/scene2d/ui/Cell.java	ASSIGN_FIELD_NULLABLE	nullable	com.badlogic.gdx.scenes.scene2d.ui.Cell	clear()
FIELD	com.badlogic.gdx.scenes.scene2d.ui.Cell	null	minHeight	null	/home/nima/Desktop/docker/benchmarks/libgdx/gdx/src/com/badlogic/gdx/scenes/scene2d/ui/Cell.java	ASSIGN_FIELD_NULLABLE	nullable	com.badlogic.gdx.scenes.scene2d.ui.Cell	clear()
FIELD	com.badlogic.gdx.scenes.scene2d.ui.Cell	null	prefWidth	null	/home/nima/Desktop/docker/benchmarks/libgdx/gdx/src/com/badlogic/gdx/scenes/scene2d/ui/Cell.java	ASSIGN_FIELD_NULLABLE	nullable	com.badlogic.gdx.scenes.scene2d.ui.Cell	clear()
FIELD	com.badlogic.gdx.scenes.scene2d.ui.Cell	null	prefHeight	null	/home/nima/Desktop/docker/benchmarks/libgdx/gdx/src/com/badlogic/gdx/scenes/scene2d/ui/Cell.java	ASSIGN_FIELD_NULLABLE	nullable	com.badlogic.gdx.scenes.scene2d.ui.Cell	clear()
FIELD	com.badlogic.gdx.scenes.scene2d.ui.Cell	null	maxWidth	null	/home/nima/Desktop/docker/benchmarks/libgdx/gdx/src/com/badlogic/gdx/scenes/scene2d/ui/Cell.java	ASSIGN_FIELD_NULLABLE	nullable	com.badlogic.gdx.scenes.scene2d.ui.Cell	clear()
FIELD	com.badlogic.gdx.scenes.scene2d.ui.Cell	null	maxHeight	null	/home/nima/Desktop/docker/benchmarks/libgdx/gdx/src/com/badlogic/gdx/scenes/scene2d/ui/Cell.java	ASSIGN_FIELD_NULLABLE	nullable	com.badlogic.gdx.scenes.scene2d.ui.Cell	clear()
FIELD	com.badlogic.gdx.scenes.scene2d.ui.Cell	null	spaceTop	null	/home/nima/Desktop/docker/benchmarks/libgdx/gdx/src/com/badlogic/gdx/scenes/scene2d/ui/Cell.java	ASSIGN_FIELD_NULLABLE	nullable	com.badlogic.gdx.scenes.scene2d.ui.Cell	clear()
FIELD	com.badlogic.gdx.scenes.scene2d.ui.Cell	null	spaceLeft	null	/home/nima/Desktop/docker/benchmarks/libgdx/gdx/src/com/badlogic/gdx/scenes/scene2d/ui/Cell.java	ASSIGN_FIELD_NULLABLE	nullable	com.badlogic.gdx.scenes.scene2d.ui.Cell	clear()
FIELD	com.badlogic.gdx.scenes.scene2d.ui.Cell	null	spaceBottom	null	/home/nima/Desktop/docker/benchmarks/libgdx/gdx/src/com/badlogic/gdx/scenes/scene2d/ui/Cell.java	ASSIGN_FIELD_NULLABLE	nullable	com.badlogic.gdx.scenes.scene2d.ui.Cell	clear()
FIELD	com.badlogic.gdx.scenes.scene2d.ui.Cell	null	spaceRight	null	/home/nima/Desktop/docker/benchmarks/libgdx/gdx/src/com/badlogic/gdx/scenes/scene2d/ui/Cell.java	ASSIGN_FIELD_NULLABLE	nullable	com.badlogic.gdx.scenes.scene2d.ui.Cell	clear()
FIELD	com.badlogic.gdx.scenes.scene2d.ui.Cell	null	padTop	null	/home/nima/Desktop/docker/benchmarks/libgdx/gdx/src/com/badlogic/gdx/scenes/scene2d/ui/Cell.java	ASSIGN_FIELD_NULLABLE	nullable	com.badlogic.gdx.scenes.scene2d.ui.Cell	clear()
FIELD	com.badlogic.gdx.scenes.scene2d.ui.Cell	null	padLeft	null	/home/nima/Desktop/docker/benchmarks/libgdx/gdx/src/com/badlogic/gdx/scenes/scene2d/ui/Cell.java	ASSIGN_FIELD_NULLABLE	nullable	com.badlogic.gdx.scenes.scene2d.ui.Cell	clear()
FIELD	com.badlogic.gdx.scenes.scene2d.ui.Cell	null	padBottom	null	/home/nima/Desktop/docker/benchmarks/libgdx/gdx/src/com/badlogic/gdx/scenes/scene2d/ui/Cell.java	ASSIGN_FIELD_NULLABLE	nullable	com.badlogic.gdx.scenes.scene2d.ui.Cell	clear()
FIELD	com.badlogic.gdx.scenes.scene2d.ui.Cell	null	padRight	null	/home/nima/Desktop/docker/benchmarks/libgdx/gdx/src/com/badlogic/gdx/scenes/scene2d/ui/Cell.java	ASSIGN_FIELD_NULLABLE	nullable	com.badlogic.gdx.scenes.scene2d.ui.Cell	clear()
FIELD	com.badlogic.gdx.scenes.scene2d.ui.Cell	null	fillX	null	/home/nima/Desktop/docker/benchmarks/libgdx/gdx/src/com/badlogic/gdx/scenes/scene2d/ui/Cell.java	ASSIGN_FIELD_NULLABLE	nullable	com.badlogic.gdx.scenes.scene2d.ui.Cell	clear()
FIELD	com.badlogic.gdx.scenes.scene2d.ui.Cell	null	fillY	null	/home/nima/Desktop/docker/benchmarks/libgdx/gdx/src/com/badlogic/gdx/scenes/scene2d/ui/Cell.java	ASSIGN_FIELD_NULLABLE	nullable	com.badlogic.gdx.scenes.scene2d.ui.Cell	clear()
FIELD	com.badlogic.gdx.scenes.scene2d.ui.Cell	null	align	null	/home/nima/Desktop/docker/benchmarks/libgdx/gdx/src/com/badlogic/gdx/scenes/scene2d/ui/Cell.java	ASSIGN_FIELD_NULLABLE	nullable	com.badlogic.gdx.scenes.scene2d.ui.Cell	clear()
FIELD	com.badlogic.gdx.scenes.scene2d.ui.Cell	null	expandX	null	/home/nima/Desktop/docker/benchmarks/libgdx/gdx/src/com/badlogic/gdx/scenes/scene2d/ui/Cell.java	ASSIGN_FIELD_NULLABLE	nullable	com.badlogic.gdx.scenes.scene2d.ui.Cell	clear()
FIELD	com.badlogic.gdx.scenes.scene2d.ui.Cell	null	expandY	null	/home/nima/Desktop/docker/benchmarks/libgdx/gdx/src/com/badlogic/gdx/scenes/scene2d/ui/Cell.java	ASSIGN_FIELD_NULLABLE	nullable	com.badlogic.gdx.scenes.scene2d.ui.Cell	clear()
FIELD	com.badlogic.gdx.scenes.scene2d.ui.Cell	null	actor	null	/home/nima/Desktop/docker/benchmarks/libgdx/gdx/src/com/badlogic/gdx/scenes/scene2d/ui/Cell.java	ASSIGN_FIELD_NULLABLE	nullable	com.badlogic.gdx.scenes.scene2d.ui.Cell	reset()
FIELD	com.badlogic.gdx.scenes.scene2d.ui.Cell	null	table	null	/home/nima/Desktop/docker/benchmarks/libgdx/gdx/src/com/badlogic/gdx/scenes/scene2d/ui/Cell.java	ASSIGN_FIELD_NULLABLE	nullable	com.badlogic.gdx.scenes.scene2d.ui.Cell	reset()
FIELD	com.badlogic.gdx.graphics.g2d.BitmapFontCache	null	pageGlyphIndices	null	/home/nima/Desktop/docker/benchmarks/libgdx/gdx/src/com/badlogic/gdx/graphics/g2d/BitmapFontCache.java	METHOD_NO_INIT	nullable	com.badlogic.gdx.graphics.g2d.BitmapFontCache	null
FIELD	com.badlogic.gdx.assets.loaders.BitmapFontLoader	null	data	null	/home/nima/Desktop/docker/benchmarks/libgdx/gdx/src/com/badlogic/gdx/assets/loaders/BitmapFontLoader.java	METHOD_NO_INIT	nullable	com.badlogic.gdx.assets.loaders.BitmapFontLoader	null
PARAMETER	com.badlogic.gdx.math.Intersector	overlapConvexPolygons(float[],int,int,float[],int,int,com.badlogic.gdx.math.Intersector.MinimumTranslationVector)	mtv	6	/home/nima/Desktop/docker/benchmarks/libgdx/gdx/src/com/badlogic/gdx/math/Intersector.java	PASS_NULLABLE	nullable	com.badlogic.gdx.math.Intersector	overlapConvexPolygons(float[],float[],com.badlogic.gdx.math.Intersector.MinimumTranslationVector)
FIELD	com.badlogic.gdx.math.Polygon	null	worldVertices	null	/home/nima/Desktop/docker/benchmarks/libgdx/gdx/src/com/badlogic/gdx/math/Polygon.java	METHOD_NO_INIT	nullable	com.badlogic.gdx.math.Polygon	null
FIELD	com.badlogic.gdx.math.Polygon	null	worldVertices	null	/home/nima/Desktop/docker/benchmarks/libgdx/gdx/src/com/badlogic/gdx/math/Polygon.java	METHOD_NO_INIT	nullable	com.badlogic.gdx.math.Polygon	null
FIELD	com.badlogic.gdx.math.Polyline	null	worldVertices	null	/home/nima/Desktop/docker/benchmarks/libgdx/gdx/src/com/badlogic/gdx/math/Polyline.java	METHOD_NO_INIT	nullable	com.badlogic.gdx.math.Polyline	null
FIELD	com.badlogic.gdx.math.Polyline	null	worldVertices	null	/home/nima/Desktop/docker/benchmarks/libgdx/gdx/src/com/badlogic/gdx/math/Polyline.java	METHOD_NO_INIT	nullable	com.badlogic.gdx.math.Polyline	null
FIELD	com.badlogic.gdx.math.CatmullRomSpline	null	controlPoints	null	/home/nima/Desktop/docker/benchmarks/libgdx/gdx/src/com/badlogic/gdx/math/CatmullRomSpline.java	METHOD_NO_INIT	nullable	com.badlogic.gdx.math.CatmullRomSpline	null
FIELD	com.badlogic.gdx.math.CatmullRomSpline	null	tmp	null	/home/nima/Desktop/docker/benchmarks/libgdx/gdx/src/com/badlogic/gdx/math/CatmullRomSpline.java	METHOD_NO_INIT	nullable	com.badlogic.gdx.math.CatmullRomSpline	null
FIELD	com.badlogic.gdx.math.CatmullRomSpline	null	tmp2	null	/home/nima/Desktop/docker/benchmarks/libgdx/gdx/src/com/badlogic/gdx/math/CatmullRomSpline.java	METHOD_NO_INIT	nullable	com.badlogic.gdx.math.CatmullRomSpline	null
FIELD	com.badlogic.gdx.math.CatmullRomSpline	null	tmp3	null	/home/nima/Desktop/docker/benchmarks/libgdx/gdx/src/com/badlogic/gdx/math/CatmullRomSpline.java	METHOD_NO_INIT	nullable	com.badlogic.gdx.math.CatmullRomSpline	null
FIELD	com.badlogic.gdx.math.CatmullRomSpline	null	controlPoints	null	/home/nima/Desktop/docker/benchmarks/libgdx/gdx/src/com/badlogic/gdx/math/CatmullRomSpline.java	METHOD_NO_INIT	nullable	com.badlogic.gdx.math.CatmullRomSpline	null
FIELD	com.badlogic.gdx.math.CatmullRomSpline	null	tmp	null	/home/nima/Desktop/docker/benchmarks/libgdx/gdx/src/com/badlogic/gdx/math/CatmullRomSpline.java	METHOD_NO_INIT	nullable	com.badlogic.gdx.math.CatmullRomSpline	null
FIELD	com.badlogic.gdx.math.CatmullRomSpline	null	tmp2	null	/home/nima/Desktop/docker/benchmarks/libgdx/gdx/src/com/badlogic/gdx/math/CatmullRomSpline.java	METHOD_NO_INIT	nullable	com.badlogic.gdx.math.CatmullRomSpline	null
FIELD	com.badlogic.gdx.math.CatmullRomSpline	null	tmp3	null	/home/nima/Desktop/docker/benchmarks/libgdx/gdx/src/com/badlogic/gdx/math/CatmullRomSpline.java	METHOD_NO_INIT	nullable	com.badlogic.gdx.math.CatmullRomSpline	null
FIELD	com.badlogic.gdx.math.Octree$OctreeNode	null	children	null	/home/nima/Desktop/docker/benchmarks/libgdx/gdx/src/com/badlogic/gdx/math/Octree.java	FIELD_NO_INIT	nullable	com.badlogic.gdx.math.Octree$OctreeNode	null
FIELD	com.badlogic.gdx.math.BSpline	null	controlPoints	null	/home/nima/Desktop/docker/benchmarks/libgdx/gdx/src/com/badlogic/gdx/math/BSpline.java	METHOD_NO_INIT	nullable	com.badlogic.gdx.math.BSpline	null
FIELD	com.badlogic.gdx.math.BSpline	null	knots	null	/home/nima/Desktop/docker/benchmarks/libgdx/gdx/src/com/badlogic/gdx/math/BSpline.java	METHOD_NO_INIT	nullable	com.badlogic.gdx.math.BSpline	null
FIELD	com.badlogic.gdx.math.BSpline	null	tmp	null	/home/nima/Desktop/docker/benchmarks/libgdx/gdx/src/com/badlogic/gdx/math/BSpline.java	METHOD_NO_INIT	nullable	com.badlogic.gdx.math.BSpline	null
FIELD	com.badlogic.gdx.math.BSpline	null	tmp2	null	/home/nima/Desktop/docker/benchmarks/libgdx/gdx/src/com/badlogic/gdx/math/BSpline.java	METHOD_NO_INIT	nullable	com.badlogic.gdx.math.BSpline	null
FIELD	com.badlogic.gdx.math.BSpline	null	tmp3	null	/home/nima/Desktop/docker/benchmarks/libgdx/gdx/src/com/badlogic/gdx/math/BSpline.java	METHOD_NO_INIT	nullable	com.badlogic.gdx.math.BSpline	null
FIELD	com.badlogic.gdx.math.BSpline	null	controlPoints	null	/home/nima/Desktop/docker/benchmarks/libgdx/gdx/src/com/badlogic/gdx/math/BSpline.java	METHOD_NO_INIT	nullable	com.badlogic.gdx.math.BSpline	null
FIELD	com.badlogic.gdx.math.BSpline	null	knots	null	/home/nima/Desktop/docker/benchmarks/libgdx/gdx/src/com/badlogic/gdx/math/BSpline.java	METHOD_NO_INIT	nullable	com.badlogic.gdx.math.BSpline	null
FIELD	com.badlogic.gdx.math.BSpline	null	tmp	null	/home/nima/Desktop/docker/benchmarks/libgdx/gdx/src/com/badlogic/gdx/math/BSpline.java	METHOD_NO_INIT	nullable	com.badlogic.gdx.math.BSpline	null
FIELD	com.badlogic.gdx.math.BSpline	null	tmp2	null	/home/nima/Desktop/docker/benchmarks/libgdx/gdx/src/com/badlogic/gdx/math/BSpline.java	METHOD_NO_INIT	nullable	com.badlogic.gdx.math.BSpline	null
FIELD	com.badlogic.gdx.math.BSpline	null	tmp3	null	/home/nima/Desktop/docker/benchmarks/libgdx/gdx/src/com/badlogic/gdx/math/BSpline.java	METHOD_NO_INIT	nullable	com.badlogic.gdx.math.BSpline	null
FIELD	com.badlogic.gdx.math.Bezier	null	tmp	null	/home/nima/Desktop/docker/benchmarks/libgdx/gdx/src/com/badlogic/gdx/math/Bezier.java	METHOD_NO_INIT	nullable	com.badlogic.gdx.math.Bezier	null
FIELD	com.badlogic.gdx.math.Bezier	null	tmp2	null	/home/nima/Desktop/docker/benchmarks/libgdx/gdx/src/com/badlogic/gdx/math/Bezier.java	METHOD_NO_INIT	nullable	com.badlogic.gdx.math.Bezier	null
FIELD	com.badlogic.gdx.math.Bezier	null	tmp3	null	/home/nima/Desktop/docker/benchmarks/libgdx/gdx/src/com/badlogic/gdx/math/Bezier.java	METHOD_NO_INIT	nullable	com.badlogic.gdx.math.Bezier	null
FIELD	com.badlogic.gdx.math.Bezier	null	tmp	null	/home/nima/Desktop/docker/benchmarks/libgdx/gdx/src/com/badlogic/gdx/math/Bezier.java	METHOD_NO_INIT	nullable	com.badlogic.gdx.math.Bezier	null
FIELD	com.badlogic.gdx.math.Bezier	null	tmp2	null	/home/nima/Desktop/docker/benchmarks/libgdx/gdx/src/com/badlogic/gdx/math/Bezier.java	METHOD_NO_INIT	nullable	com.badlogic.gdx.math.Bezier	null
FIELD	com.badlogic.gdx.math.Bezier	null	tmp3	null	/home/nima/Desktop/docker/benchmarks/libgdx/gdx/src/com/badlogic/gdx/math/Bezier.java	METHOD_NO_INIT	nullable	com.badlogic.gdx.math.Bezier	null
FIELD	com.badlogic.gdx.math.Bezier	null	tmp	null	/home/nima/Desktop/docker/benchmarks/libgdx/gdx/src/com/badlogic/gdx/math/Bezier.java	METHOD_NO_INIT	nullable	com.badlogic.gdx.math.Bezier	null
FIELD	com.badlogic.gdx.math.Bezier	null	tmp2	null	/home/nima/Desktop/docker/benchmarks/libgdx/gdx/src/com/badlogic/gdx/math/Bezier.java	METHOD_NO_INIT	nullable	com.badlogic.gdx.math.Bezier	null
FIELD	com.badlogic.gdx.math.Bezier	null	tmp3	null	/home/nima/Desktop/docker/benchmarks/libgdx/gdx/src/com/badlogic/gdx/math/Bezier.java	METHOD_NO_INIT	nullable	com.badlogic.gdx.math.Bezier	null
FIELD	com.badlogic.gdx.math.Bezier	null	tmp	null	/home/nima/Desktop/docker/benchmarks/libgdx/gdx/src/com/badlogic/gdx/math/Bezier.java	METHOD_NO_INIT	nullable	com.badlogic.gdx.math.Bezier	null
FIELD	com.badlogic.gdx.math.Bezier	null	tmp2	null	/home/nima/Desktop/docker/benchmarks/libgdx/gdx/src/com/badlogic/gdx/math/Bezier.java	METHOD_NO_INIT	nullable	com.badlogic.gdx.math.Bezier	null
FIELD	com.badlogic.gdx.math.Bezier	null	tmp3	null	/home/nima/Desktop/docker/benchmarks/libgdx/gdx/src/com/badlogic/gdx/math/Bezier.java	METHOD_NO_INIT	nullable	com.badlogic.gdx.math.Bezier	null
FIELD	com.badlogic.gdx.graphics.PixmapIO$PNG	null	lineOutBytes	null	/home/nima/Desktop/docker/benchmarks/libgdx/gdx/src/com/badlogic/gdx/graphics/PixmapIO.java	METHOD_NO_INIT	nullable	com.badlogic.gdx.graphics.PixmapIO$PNG	null
FIELD	com.badlogic.gdx.graphics.PixmapIO$PNG	null	curLineBytes	null	/home/nima/Desktop/docker/benchmarks/libgdx/gdx/src/com/badlogic/gdx/graphics/PixmapIO.java	METHOD_NO_INIT	nullable	com.badlogic.gdx.graphics.PixmapIO$PNG	null
FIELD	com.badlogic.gdx.graphics.PixmapIO$PNG	null	prevLineBytes	null	/home/nima/Desktop/docker/benchmarks/libgdx/gdx/src/com/badlogic/gdx/graphics/PixmapIO.java	METHOD_NO_INIT	nullable	com.badlogic.gdx.graphics.PixmapIO$PNG	null
FIELD	com.badlogic.gdx.graphics.g2d.PolygonSprite	null	region	null	/home/nima/Desktop/docker/benchmarks/libgdx/gdx/src/com/badlogic/gdx/graphics/g2d/PolygonSprite.java	METHOD_NO_INIT	nullable	com.badlogic.gdx.graphics.g2d.PolygonSprite	null
FIELD	com.badlogic.gdx.graphics.g2d.PolygonSprite	null	vertices	null	/home/nima/Desktop/docker/benchmarks/libgdx/gdx/src/com/badlogic/gdx/graphics/g2d/PolygonSprite.java	METHOD_NO_INIT	nullable	com.badlogic.gdx.graphics.g2d.PolygonSprite	null
FIELD	com.badlogic.gdx.graphics.g2d.PolygonSprite	null	region	null	/home/nima/Desktop/docker/benchmarks/libgdx/gdx/src/com/badlogic/gdx/graphics/g2d/PolygonSprite.java	METHOD_NO_INIT	nullable	com.badlogic.gdx.graphics.g2d.PolygonSprite	null
FIELD	com.badlogic.gdx.graphics.g2d.PolygonSprite	null	vertices	null	/home/nima/Desktop/docker/benchmarks/libgdx/gdx/src/com/badlogic/gdx/graphics/g2d/PolygonSprite.java	METHOD_NO_INIT	nullable	com.badlogic.gdx.graphics.g2d.PolygonSprite	null
PARAMETER	com.badlogic.gdx.graphics.g2d.PixmapPacker$PackStrategy	pack(com.badlogic.gdx.graphics.g2d.PixmapPacker,java.lang.String,com.badlogic.gdx.math.Rectangle)	name	1	/home/nima/Desktop/docker/benchmarks/libgdx/gdx/src/com/badlogic/gdx/graphics/g2d/PixmapPacker.java	PASS_NULLABLE	nullable	com.badlogic.gdx.graphics.g2d.PixmapPacker	pack(java.lang.String,com.badlogic.gdx.graphics.Pixmap)
FIELD	com.badlogic.gdx.graphics.g2d.PixmapPacker$Page	null	texture	null	/home/nima/Desktop/docker/benchmarks/libgdx/gdx/src/com/badlogic/gdx/graphics/g2d/PixmapPacker.java	METHOD_NO_INIT	nullable	com.badlogic.gdx.graphics.g2d.PixmapPacker$Page	null
FIELD	com.badlogic.gdx.graphics.g2d.SpriteCache$Cache	null	textures	null	/home/nima/Desktop/docker/benchmarks/libgdx/gdx/src/com/badlogic/gdx/graphics/g2d/SpriteCache.java	METHOD_NO_INIT	nullable	com.badlogic.gdx.graphics.g2d.SpriteCache$Cache	null
FIELD	com.badlogic.gdx.graphics.g2d.SpriteCache$Cache	null	counts	null	/home/nima/Desktop/docker/benchmarks/libgdx/gdx/src/com/badlogic/gdx/graphics/g2d/SpriteCache.java	METHOD_NO_INIT	nullable	com.badlogic.gdx.graphics.g2d.SpriteCache$Cache	null
FIELD	com.badlogic.gdx.graphics.g2d.Animation	null	keyFrames	null	/home/nima/Desktop/docker/benchmarks/libgdx/gdx/src/com/badlogic/gdx/graphics/g2d/Animation.java	METHOD_NO_INIT	nullable	com.badlogic.gdx.graphics.g2d.Animation	null
FIELD	com.badlogic.gdx.graphics.g2d.Animation	null	keyFrames	null	/home/nima/Desktop/docker/benchmarks/libgdx/gdx/src/com/badlogic/gdx/graphics/g2d/Animation.java	METHOD_NO_INIT	nullable	com.badlogic.gdx.graphics.g2d.Animation	null
FIELD	com.badlogic.gdx.graphics.g2d.RepeatablePolygonSprite	null	region	null	/home/nima/Desktop/docker/benchmarks/libgdx/gdx/src/com/badlogic/gdx/graphics/g2d/RepeatablePolygonSprite.java	FIELD_NO_INIT	nullable	com.badlogic.gdx.graphics.g2d.RepeatablePolygonSprite	null
FIELD	com.badlogic.gdx.graphics.glutils.VertexBufferObject	null	attributes	null	/home/nima/Desktop/docker/benchmarks/libgdx/gdx/src/com/badlogic/gdx/graphics/glutils/VertexBufferObject.java	METHOD_NO_INIT	nullable	com.badlogic.gdx.graphics.glutils.VertexBufferObject	null
FIELD	com.badlogic.gdx.graphics.glutils.VertexBufferObject	null	buffer	null	/home/nima/Desktop/docker/benchmarks/libgdx/gdx/src/com/badlogic/gdx/graphics/glutils/VertexBufferObject.java	METHOD_NO_INIT	nullable	com.badlogic.gdx.graphics.glutils.VertexBufferObject	null
FIELD	com.badlogic.gdx.graphics.glutils.VertexBufferObject	null	byteBuffer	null	/home/nima/Desktop/docker/benchmarks/libgdx/gdx/src/com/badlogic/gdx/graphics/glutils/VertexBufferObject.java	METHOD_NO_INIT	nullable	com.badlogic.gdx.graphics.glutils.VertexBufferObject	null
FIELD	com.badlogic.gdx.graphics.glutils.VertexBufferObject	null	attributes	null	/home/nima/Desktop/docker/benchmarks/libgdx/gdx/src/com/badlogic/gdx/graphics/glutils/VertexBufferObject.java	METHOD_NO_INIT	nullable	com.badlogic.gdx.graphics.glutils.VertexBufferObject	null
FIELD	com.badlogic.gdx.graphics.glutils.VertexBufferObject	null	buffer	null	/home/nima/Desktop/docker/benchmarks/libgdx/gdx/src/com/badlogic/gdx/graphics/glutils/VertexBufferObject.java	METHOD_NO_INIT	nullable	com.badlogic.gdx.graphics.glutils.VertexBufferObject	null
FIELD	com.badlogic.gdx.graphics.glutils.VertexBufferObject	null	byteBuffer	null	/home/nima/Desktop/docker/benchmarks/libgdx/gdx/src/com/badlogic/gdx/graphics/glutils/VertexBufferObject.java	METHOD_NO_INIT	nullable	com.badlogic.gdx.graphics.glutils.VertexBufferObject	null
FIELD	com.badlogic.gdx.graphics.glutils.GLFrameBuffer	null	bufferBuilder	null	/home/nima/Desktop/docker/benchmarks/libgdx/gdx/src/com/badlogic/gdx/graphics/glutils/GLFrameBuffer.java	METHOD_NO_INIT	nullable	com.badlogic.gdx.graphics.glutils.GLFrameBuffer	null
FIELD	com.badlogic.gdx.graphics.glutils.GLFrameBuffer$GLFrameBufferBuilder	null	stencilRenderBufferSpec	null	/home/nima/Desktop/docker/benchmarks/libgdx/gdx/src/com/badlogic/gdx/graphics/glutils/GLFrameBuffer.java	METHOD_NO_INIT	nullable	com.badlogic.gdx.graphics.glutils.GLFrameBuffer$GLFrameBufferBuilder	null
FIELD	com.badlogic.gdx.graphics.glutils.GLFrameBuffer$GLFrameBufferBuilder	null	depthRenderBufferSpec	null	/home/nima/Desktop/docker/benchmarks/libgdx/gdx/src/com/badlogic/gdx/graphics/glutils/GLFrameBuffer.java	METHOD_NO_INIT	nullable	com.badlogic.gdx.graphics.glutils.GLFrameBuffer$GLFrameBufferBuilder	null
FIELD	com.badlogic.gdx.graphics.glutils.GLFrameBuffer$GLFrameBufferBuilder	null	packedStencilDepthRenderBufferSpec	null	/home/nima/Desktop/docker/benchmarks/libgdx/gdx/src/com/badlogic/gdx/graphics/glutils/GLFrameBuffer.java	METHOD_NO_INIT	nullable	com.badlogic.gdx.graphics.glutils.GLFrameBuffer$GLFrameBufferBuilder	null
FIELD	com.badlogic.gdx.graphics.glutils.InstanceBufferObject	null	attributes	null	/home/nima/Desktop/docker/benchmarks/libgdx/gdx/src/com/badlogic/gdx/graphics/glutils/InstanceBufferObject.java	METHOD_NO_INIT	nullable	com.badlogic.gdx.graphics.glutils.InstanceBufferObject	null
FIELD	com.badlogic.gdx.graphics.glutils.InstanceBufferObject	null	buffer	null	/home/nima/Desktop/docker/benchmarks/libgdx/gdx/src/com/badlogic/gdx/graphics/glutils/InstanceBufferObject.java	METHOD_NO_INIT	nullable	com.badlogic.gdx.graphics.glutils.InstanceBufferObject	null
FIELD	com.badlogic.gdx.graphics.glutils.InstanceBufferObject	null	byteBuffer	null	/home/nima/Desktop/docker/benchmarks/libgdx/gdx/src/com/badlogic/gdx/graphics/glutils/InstanceBufferObject.java	METHOD_NO_INIT	nullable	com.badlogic.gdx.graphics.glutils.InstanceBufferObject	null
METHOD	com.badlogic.gdx.graphics.TextureData	consumePixmap()	null	null	/home/nima/Desktop/docker/benchmarks/libgdx/gdx/src/com/badlogic/gdx/graphics/TextureData.java	WRONG_OVERRIDE_RETURN	nullable	com.badlogic.gdx.graphics.glutils.FileTextureData	consumePixmap()
METHOD	com.badlogic.gdx.graphics.TextureData	getFormat()	null	null	/home/nima/Desktop/docker/benchmarks/libgdx/gdx/src/com/badlogic/gdx/graphics/TextureData.java	WRONG_OVERRIDE_RETURN	nullable	com.badlogic.gdx.graphics.glutils.FileTextureData	getFormat()
FIELD	com.badlogic.gdx.graphics.glutils.ETC1TextureData	null	data	null	/home/nima/Desktop/docker/benchmarks/libgdx/gdx/src/com/badlogic/gdx/graphics/glutils/ETC1TextureData.java	METHOD_NO_INIT	nullable	com.badlogic.gdx.graphics.glutils.ETC1TextureData	null
FIELD	com.badlogic.gdx.graphics.glutils.ETC1TextureData	null	data	null	/home/nima/Desktop/docker/benchmarks/libgdx/gdx/src/com/badlogic/gdx/graphics/glutils/ETC1TextureData.java	ASSIGN_FIELD_NULLABLE	nullable	com.badlogic.gdx.graphics.glutils.ETC1TextureData	consumeCustomData(int)
FIELD	com.badlogic.gdx.graphics.glutils.FloatTextureData	null	buffer	null	/home/nima/Desktop/docker/benchmarks/libgdx/gdx/src/com/badlogic/gdx/graphics/glutils/FloatTextureData.java	METHOD_NO_INIT	nullable	com.badlogic.gdx.graphics.glutils.FloatTextureData	null
PARAMETER	com.badlogic.gdx.graphics.GL20	glTexImage2D(int,int,int,int,int,int,int,int,java.nio.Buffer)	pixels	8	/home/nima/Desktop/docker/benchmarks/libgdx/gdx/src/com/badlogic/gdx/graphics/GL20.java	PASS_NULLABLE	nullable	com.badlogic.gdx.graphics.glutils.GLOnlyTextureData	consumeCustomData(int)
FIELD	com.badlogic.gdx.graphics.g3d.environment.DirectionalShadowLight	null	fbo	null	/home/nima/Desktop/docker/benchmarks/libgdx/gdx/src/com/badlogic/gdx/graphics/g3d/environment/DirectionalShadowLight.java	ASSIGN_FIELD_NULLABLE	nullable	com.badlogic.gdx.graphics.g3d.environment.DirectionalShadowLight	dispose()
FIELD	com.badlogic.gdx.graphics.g3d.ModelBatch	null	camera	null	/home/nima/Desktop/docker/benchmarks/libgdx/gdx/src/com/badlogic/gdx/graphics/g3d/ModelBatch.java	METHOD_NO_INIT	nullable	com.badlogic.gdx.graphics.g3d.ModelBatch	null
FIELD	com.badlogic.gdx.graphics.g3d.Renderable	null	material	null	/home/nima/Desktop/docker/benchmarks/libgdx/gdx/src/com/badlogic/gdx/graphics/g3d/Renderable.java	ASSIGN_FIELD_NULLABLE	nullable	com.badlogic.gdx.graphics.g3d.ModelBatch$RenderablePool	obtain()
FIELD	com.badlogic.gdx.graphics.g3d.ModelBatch	null	camera	null	/home/nima/Desktop/docker/benchmarks/libgdx/gdx/src/com/badlogic/gdx/graphics/g3d/ModelBatch.java	ASSIGN_FIELD_NULLABLE	nullable	com.badlogic.gdx.graphics.g3d.ModelBatch	end()
FIELD	com.badlogic.gdx.graphics.g3d.decals.DecalMaterial	null	textureRegion	null	/home/nima/Desktop/docker/benchmarks/libgdx/gdx/src/com/badlogic/gdx/graphics/g3d/decals/DecalMaterial.java	FIELD_NO_INIT	nullable	com.badlogic.gdx.graphics.g3d.decals.DecalMaterial	null
FIELD	com.badlogic.gdx.graphics.g3d.decals.DecalBatch	null	vertices	null	/home/nima/Desktop/docker/benchmarks/libgdx/gdx/src/com/badlogic/gdx/graphics/g3d/decals/DecalBatch.java	METHOD_NO_INIT	nullable	com.badlogic.gdx.graphics.g3d.decals.DecalBatch	null
FIELD	com.badlogic.gdx.graphics.g3d.decals.DecalBatch	null	mesh	null	/home/nima/Desktop/docker/benchmarks/libgdx/gdx/src/com/badlogic/gdx/graphics/g3d/decals/DecalBatch.java	METHOD_NO_INIT	nullable	com.badlogic.gdx.graphics.g3d.decals.DecalBatch	null
FIELD	com.badlogic.gdx.graphics.g3d.decals.DecalBatch	null	groupStrategy	null	/home/nima/Desktop/docker/benchmarks/libgdx/gdx/src/com/badlogic/gdx/graphics/g3d/decals/DecalBatch.java	METHOD_NO_INIT	nullable	com.badlogic.gdx.graphics.g3d.decals.DecalBatch	null
PARAMETER	com.badlogic.gdx.graphics.g3d.decals.DecalBatch	render(com.badlogic.gdx.graphics.glutils.ShaderProgram,com.badlogic.gdx.utils.Array<com.badlogic.gdx.graphics.g3d.decals.Decal>)	shader	0	/home/nima/Desktop/docker/benchmarks/libgdx/gdx/src/com/badlogic/gdx/graphics/g3d/decals/DecalBatch.java	PASS_NULLABLE	nullable	com.badlogic.gdx.graphics.g3d.decals.DecalBatch	render()
FIELD	com.badlogic.gdx.graphics.g3d.decals.DecalBatch	null	vertices	null	/home/nima/Desktop/docker/benchmarks/libgdx/gdx/src/com/badlogic/gdx/graphics/g3d/decals/DecalBatch.java	ASSIGN_FIELD_NULLABLE	nullable	com.badlogic.gdx.graphics.g3d.decals.DecalBatch	dispose()
FIELD	com.badlogic.gdx.graphics.g3d.utils.shapebuilders.RenderableShapeBuilder	null	indices	null	/home/nima/Desktop/docker/benchmarks/libgdx/gdx/src/com/badlogic/gdx/graphics/g3d/utils/shapebuilders/RenderableShapeBuilder.java	FIELD_NO_INIT	nullable	com.badlogic.gdx.graphics.g3d.utils.shapebuilders.RenderableShapeBuilder	null
FIELD	com.badlogic.gdx.graphics.g3d.utils.shapebuilders.RenderableShapeBuilder	null	vertices	null	/home/nima/Desktop/docker/benchmarks/libgdx/gdx/src/com/badlogic/gdx/graphics/g3d/utils/shapebuilders/RenderableShapeBuilder.java	FIELD_NO_INIT	nullable	com.badlogic.gdx.graphics.g3d.utils.shapebuilders.RenderableShapeBuilder	null
FIELD	com.badlogic.gdx.graphics.g3d.Renderable	null	material	null	/home/nima/Desktop/docker/benchmarks/libgdx/gdx/src/com/badlogic/gdx/graphics/g3d/Renderable.java	ASSIGN_FIELD_NULLABLE	nullable	com.badlogic.gdx.graphics.g3d.utils.shapebuilders.RenderableShapeBuilder$RenderablePool	obtain()
PARAMETER	com.badlogic.gdx.graphics.g3d.utils.BaseAnimationController	applyNodeAnimationBlending(com.badlogic.gdx.graphics.g3d.model.NodeAnimation,com.badlogic.gdx.utils.ObjectMap<com.badlogic.gdx.graphics.g3d.model.Node,com.badlogic.gdx.graphics.g3d.utils.BaseAnimationController.Transform>,com.badlogic.gdx.utils.Pool<com.badlogic.gdx.graphics.g3d.utils.BaseAnimationController.Transform>,float,float)	pool	2	/home/nima/Desktop/docker/benchmarks/libgdx/gdx/src/com/badlogic/gdx/graphics/g3d/utils/BaseAnimationController.java	PASS_NULLABLE	nullable	com.badlogic.gdx.graphics.g3d.utils.BaseAnimationController	applyAnimation(com.badlogic.gdx.utils.ObjectMap<com.badlogic.gdx.graphics.g3d.model.Node,com.badlogic.gdx.graphics.g3d.utils.BaseAnimationController.Transform>,com.badlogic.gdx.utils.Pool<com.badlogic.gdx.graphics.g3d.utils.BaseAnimationController.Transform>,float,com.badlogic.gdx.graphics.g3d.model.Animation,float)
FIELD	com.badlogic.gdx.graphics.g3d.utils.MeshBuilder	null	attributes	null	/home/nima/Desktop/docker/benchmarks/libgdx/gdx/src/com/badlogic/gdx/graphics/g3d/utils/MeshBuilder.java	ASSIGN_FIELD_NULLABLE	nullable	com.badlogic.gdx.graphics.g3d.utils.MeshBuilder	end(com.badlogic.gdx.graphics.Mesh)
FIELD	com.badlogic.gdx.graphics.g3d.shaders.BaseShader	null	program	null	/home/nima/Desktop/docker/benchmarks/libgdx/gdx/src/com/badlogic/gdx/graphics/g3d/shaders/BaseShader.java	ASSIGN_FIELD_NULLABLE	nullable	com.badlogic.gdx.graphics.g3d.shaders.DefaultShader	init()
FIELD	com.badlogic.gdx.graphics.g3d.shaders.BaseShader	null	context	null	/home/nima/Desktop/docker/benchmarks/libgdx/gdx/src/com/badlogic/gdx/graphics/g3d/shaders/BaseShader.java	METHOD_NO_INIT	nullable	com.badlogic.gdx.graphics.g3d.shaders.BaseShader	null
FIELD	com.badlogic.gdx.graphics.g3d.shaders.BaseShader	null	camera	null	/home/nima/Desktop/docker/benchmarks/libgdx/gdx/src/com/badlogic/gdx/graphics/g3d/shaders/BaseShader.java	METHOD_NO_INIT	nullable	com.badlogic.gdx.graphics.g3d.shaders.BaseShader	null
PARAMETER	com.badlogic.gdx.graphics.g3d.shaders.BaseShader$Setter	set(com.badlogic.gdx.graphics.g3d.shaders.BaseShader,int,com.badlogic.gdx.graphics.g3d.Renderable,com.badlogic.gdx.graphics.g3d.Attributes)	renderable	2	/home/nima/Desktop/docker/benchmarks/libgdx/gdx/src/com/badlogic/gdx/graphics/g3d/shaders/BaseShader.java	PASS_NULLABLE	nullable	com.badlogic.gdx.graphics.g3d.shaders.BaseShader	begin(com.badlogic.gdx.graphics.Camera,com.badlogic.gdx.graphics.g3d.utils.RenderContext)
PARAMETER	com.badlogic.gdx.graphics.g3d.shaders.BaseShader$Setter	set(com.badlogic.gdx.graphics.g3d.shaders.BaseShader,int,com.badlogic.gdx.graphics.g3d.Renderable,com.badlogic.gdx.graphics.g3d.Attributes)	combinedAttributes	3	/home/nima/Desktop/docker/benchmarks/libgdx/gdx/src/com/badlogic/gdx/graphics/g3d/shaders/BaseShader.java	PASS_NULLABLE	nullable	com.badlogic.gdx.graphics.g3d.shaders.BaseShader	begin(com.badlogic.gdx.graphics.Camera,com.badlogic.gdx.graphics.g3d.utils.RenderContext)
FIELD	com.badlogic.gdx.graphics.g3d.shaders.BaseShader	null	program	null	/home/nima/Desktop/docker/benchmarks/libgdx/gdx/src/com/badlogic/gdx/graphics/g3d/shaders/BaseShader.java	ASSIGN_FIELD_NULLABLE	nullable	com.badlogic.gdx.graphics.g3d.shaders.BaseShader	dispose()
FIELD	com.badlogic.gdx.graphics.g3d.shaders.BaseShader	null	locations	null	/home/nima/Desktop/docker/benchmarks/libgdx/gdx/src/com/badlogic/gdx/graphics/g3d/shaders/BaseShader.java	ASSIGN_FIELD_NULLABLE	nullable	com.badlogic.gdx.graphics.g3d.shaders.BaseShader	dispose()
FIELD	com.badlogic.gdx.graphics.g3d.utils.AnimationController$AnimationDesc	null	listener	null	/home/nima/Desktop/docker/benchmarks/libgdx/gdx/src/com/badlogic/gdx/graphics/g3d/utils/AnimationController.java	METHOD_NO_INIT	nullable	com.badlogic.gdx.graphics.g3d.utils.AnimationController$AnimationDesc	null
FIELD	com.badlogic.gdx.graphics.g3d.utils.AnimationController$AnimationDesc	null	animation	null	/home/nima/Desktop/docker/benchmarks/libgdx/gdx/src/com/badlogic/gdx/graphics/g3d/utils/AnimationController.java	METHOD_NO_INIT	nullable	com.badlogic.gdx.graphics.g3d.utils.AnimationController$AnimationDesc	null
FIELD	com.badlogic.gdx.graphics.g3d.utils.AnimationController$AnimationDesc	null	listener	null	/home/nima/Desktop/docker/benchmarks/libgdx/gdx/src/com/badlogic/gdx/graphics/g3d/utils/AnimationController.java	ASSIGN_FIELD_NULLABLE	nullable	com.badlogic.gdx.graphics.g3d.utils.AnimationController	obtain(com.badlogic.gdx.graphics.g3d.model.Animation,float,float,int,float,com.badlogic.gdx.graphics.g3d.utils.AnimationController.AnimationListener)
METHOD	com.badlogic.gdx.graphics.g3d.utils.AnimationController	obtain(java.lang.String,float,float,int,float,com.badlogic.gdx.graphics.g3d.utils.AnimationController.AnimationListener)	null	null	/home/nima/Desktop/docker/benchmarks/libgdx/gdx/src/com/badlogic/gdx/graphics/g3d/utils/AnimationController.java	RETURN_NULLABLE	nullable	com.badlogic.gdx.graphics.g3d.utils.AnimationController	obtain(java.lang.String,float,float,int,float,com.badlogic.gdx.graphics.g3d.utils.AnimationController.AnimationListener)
METHOD	com.badlogic.gdx.graphics.g3d.particles.ParallelArray	<T>getChannel(com.badlogic.gdx.graphics.g3d.particles.ParallelArray.ChannelDescriptor)	null	null	/home/nima/Desktop/docker/benchmarks/libgdx/gdx/src/com/badlogic/gdx/graphics/g3d/particles/ParallelArray.java	RETURN_NULLABLE	nullable	com.badlogic.gdx.graphics.g3d.particles.ParallelArray	<T>getChannel(com.badlogic.gdx.graphics.g3d.particles.ParallelArray.ChannelDescriptor)
FIELD	com.badlogic.gdx.graphics.g3d.particles.ResourceData	null	resource	null	/home/nima/Desktop/docker/benchmarks/libgdx/gdx/src/com/badlogic/gdx/graphics/g3d/particles/ResourceData.java	METHOD_NO_INIT	nullable	com.badlogic.gdx.graphics.g3d.particles.ResourceData	null
FIELD	com.badlogic.gdx.graphics.g3d.particles.ResourceData$SaveData	null	resources	null	/home/nima/Desktop/docker/benchmarks/libgdx/gdx/src/com/badlogic/gdx/graphics/g3d/particles/ResourceData.java	METHOD_NO_INIT	nullable	com.badlogic.gdx.graphics.g3d.particles.ResourceData$SaveData	null
METHOD	com.badlogic.gdx.graphics.g3d.particles.ResourceData$SaveData	loadAsset()	null	null	/home/nima/Desktop/docker/benchmarks/libgdx/gdx/src/com/badlogic/gdx/graphics/g3d/particles/ResourceData.java	RETURN_NULLABLE	nullable	com.badlogic.gdx.graphics.g3d.particles.ResourceData$SaveData	loadAsset()
FIELD	com.badlogic.gdx.graphics.g3d.particles.ResourceData$AssetData	null	filename	null	/home/nima/Desktop/docker/benchmarks/libgdx/gdx/src/com/badlogic/gdx/graphics/g3d/particles/ResourceData.java	METHOD_NO_INIT	nullable	com.badlogic.gdx.graphics.g3d.particles.ResourceData$AssetData	null
FIELD	com.badlogic.gdx.graphics.g3d.particles.ResourceData$AssetData	null	type	null	/home/nima/Desktop/docker/benchmarks/libgdx/gdx/src/com/badlogic/gdx/graphics/g3d/particles/ResourceData.java	METHOD_NO_INIT	nullable	com.badlogic.gdx.graphics.g3d.particles.ResourceData$AssetData	null
FIELD	com.badlogic.gdx.graphics.g3d.particles.influencers.ModelInfluencer	null	modelChannel	null	/home/nima/Desktop/docker/benchmarks/libgdx/gdx/src/com/badlogic/gdx/graphics/g3d/particles/influencers/ModelInfluencer.java	METHOD_NO_INIT	nullable	com.badlogic.gdx.graphics.g3d.particles.influencers.ModelInfluencer	null
FIELD	com.badlogic.gdx.graphics.g3d.particles.influencers.ModelInfluencer	null	modelChannel	null	/home/nima/Desktop/docker/benchmarks/libgdx/gdx/src/com/badlogic/gdx/graphics/g3d/particles/influencers/ModelInfluencer.java	METHOD_NO_INIT	nullable	com.badlogic.gdx.graphics.g3d.particles.influencers.ModelInfluencer	null
FIELD	com.badlogic.gdx.graphics.g3d.particles.ParticleControllerComponent	null	controller	null	/home/nima/Desktop/docker/benchmarks/libgdx/gdx/src/com/badlogic/gdx/graphics/g3d/particles/ParticleControllerComponent.java	FIELD_NO_INIT	nullable	com.badlogic.gdx.graphics.g3d.particles.ParticleControllerComponent	null
FIELD	com.badlogic.gdx.graphics.g3d.particles.ParticleController	null	name	null	/home/nima/Desktop/docker/benchmarks/libgdx/gdx/src/com/badlogic/gdx/graphics/g3d/particles/ParticleController.java	METHOD_NO_INIT	nullable	com.badlogic.gdx.graphics.g3d.particles.ParticleController	null
FIELD	com.badlogic.gdx.graphics.g3d.particles.ParticleController	null	emitter	null	/home/nima/Desktop/docker/benchmarks/libgdx/gdx/src/com/badlogic/gdx/graphics/g3d/particles/ParticleController.java	METHOD_NO_INIT	nullable	com.badlogic.gdx.graphics.g3d.particles.ParticleController	null
FIELD	com.badlogic.gdx.graphics.g3d.particles.ParticleController	null	renderer	null	/home/nima/Desktop/docker/benchmarks/libgdx/gdx/src/com/badlogic/gdx/graphics/g3d/particles/ParticleController.java	METHOD_NO_INIT	nullable	com.badlogic.gdx.graphics.g3d.particles.ParticleController	null
FIELD	com.badlogic.gdx.graphics.g3d.particles.ParticleController	null	particles	null	/home/nima/Desktop/docker/benchmarks/libgdx/gdx/src/com/badlogic/gdx/graphics/g3d/particles/ParticleController.java	METHOD_NO_INIT	nullable	com.badlogic.gdx.graphics.g3d.particles.ParticleController	null
FIELD	com.badlogic.gdx.graphics.g3d.particles.ParticleController	null	particleChannels	null	/home/nima/Desktop/docker/benchmarks/libgdx/gdx/src/com/badlogic/gdx/graphics/g3d/particles/ParticleController.java	METHOD_NO_INIT	nullable	com.badlogic.gdx.graphics.g3d.particles.ParticleController	null
FIELD	com.badlogic.gdx.graphics.g3d.particles.ParticleController	null	boundingBox	null	/home/nima/Desktop/docker/benchmarks/libgdx/gdx/src/com/badlogic/gdx/graphics/g3d/particles/ParticleController.java	METHOD_NO_INIT	nullable	com.badlogic.gdx.graphics.g3d.particles.ParticleController	null
FIELD	com.badlogic.gdx.graphics.g3d.particles.renderers.ParticleControllerRenderer	null	batch	null	/home/nima/Desktop/docker/benchmarks/libgdx/gdx/src/com/badlogic/gdx/graphics/g3d/particles/renderers/ParticleControllerRenderer.java	METHOD_NO_INIT	nullable	com.badlogic.gdx.graphics.g3d.particles.renderers.ParticleControllerRenderer	null
FIELD	com.badlogic.gdx.graphics.g3d.particles.renderers.ParticleControllerRenderer	null	renderData	null	/home/nima/Desktop/docker/benchmarks/libgdx/gdx/src/com/badlogic/gdx/graphics/g3d/particles/renderers/ParticleControllerRenderer.java	METHOD_NO_INIT	nullable	com.badlogic.gdx.graphics.g3d.particles.renderers.ParticleControllerRenderer	null
FIELD	com.badlogic.gdx.graphics.g3d.particles.renderers.ParticleControllerRenderer	null	batch	null	/home/nima/Desktop/docker/benchmarks/libgdx/gdx/src/com/badlogic/gdx/graphics/g3d/particles/renderers/ParticleControllerRenderer.java	METHOD_NO_INIT	nullable	com.badlogic.gdx.graphics.g3d.particles.renderers.ParticleControllerRenderer	null
FIELD	com.badlogic.gdx.graphics.g3d.particles.renderers.ParticleControllerRenderData	null	controller	null	/home/nima/Desktop/docker/benchmarks/libgdx/gdx/src/com/badlogic/gdx/graphics/g3d/particles/renderers/ParticleControllerRenderData.java	FIELD_NO_INIT	nullable	com.badlogic.gdx.graphics.g3d.particles.renderers.ParticleControllerRenderData	null
FIELD	com.badlogic.gdx.graphics.g3d.particles.renderers.ParticleControllerRenderData	null	positionChannel	null	/home/nima/Desktop/docker/benchmarks/libgdx/gdx/src/com/badlogic/gdx/graphics/g3d/particles/renderers/ParticleControllerRenderData.java	FIELD_NO_INIT	nullable	com.badlogic.gdx.graphics.g3d.particles.renderers.ParticleControllerRenderData	null
FIELD	com.badlogic.gdx.graphics.g3d.particles.influencers.ParticleControllerInfluencer	null	particleControllerChannel	null	/home/nima/Desktop/docker/benchmarks/libgdx/gdx/src/com/badlogic/gdx/graphics/g3d/particles/influencers/ParticleControllerInfluencer.java	METHOD_NO_INIT	nullable	com.badlogic.gdx.graphics.g3d.particles.influencers.ParticleControllerInfluencer	null
FIELD	com.badlogic.gdx.graphics.g3d.particles.influencers.ParticleControllerInfluencer	null	particleControllerChannel	null	/home/nima/Desktop/docker/benchmarks/libgdx/gdx/src/com/badlogic/gdx/graphics/g3d/particles/influencers/ParticleControllerInfluencer.java	METHOD_NO_INIT	nullable	com.badlogic.gdx.graphics.g3d.particles.influencers.ParticleControllerInfluencer	null
FIELD	com.badlogic.gdx.graphics.g3d.particles.influencers.SimpleInfluencer	null	valueChannel	null	/home/nima/Desktop/docker/benchmarks/libgdx/gdx/src/com/badlogic/gdx/graphics/g3d/particles/influencers/SimpleInfluencer.java	METHOD_NO_INIT	nullable	com.badlogic.gdx.graphics.g3d.particles.influencers.SimpleInfluencer	null
FIELD	com.badlogic.gdx.graphics.g3d.particles.influencers.SimpleInfluencer	null	interpolationChannel	null	/home/nima/Desktop/docker/benchmarks/libgdx/gdx/src/com/badlogic/gdx/graphics/g3d/particles/influencers/SimpleInfluencer.java	METHOD_NO_INIT	nullable	com.badlogic.gdx.graphics.g3d.particles.influencers.SimpleInfluencer	null
FIELD	com.badlogic.gdx.graphics.g3d.particles.influencers.SimpleInfluencer	null	lifeChannel	null	/home/nima/Desktop/docker/benchmarks/libgdx/gdx/src/com/badlogic/gdx/graphics/g3d/particles/influencers/SimpleInfluencer.java	METHOD_NO_INIT	nullable	com.badlogic.gdx.graphics.g3d.particles.influencers.SimpleInfluencer	null
FIELD	com.badlogic.gdx.graphics.g3d.particles.influencers.SimpleInfluencer	null	valueChannelDescriptor	null	/home/nima/Desktop/docker/benchmarks/libgdx/gdx/src/com/badlogic/gdx/graphics/g3d/particles/influencers/SimpleInfluencer.java	METHOD_NO_INIT	nullable	com.badlogic.gdx.graphics.g3d.particles.influencers.SimpleInfluencer	null
FIELD	com.badlogic.gdx.graphics.g3d.particles.influencers.DynamicsModifier	null	lifeChannel	null	/home/nima/Desktop/docker/benchmarks/libgdx/gdx/src/com/badlogic/gdx/graphics/g3d/particles/influencers/DynamicsModifier.java	METHOD_NO_INIT	nullable	com.badlogic.gdx.graphics.g3d.particles.influencers.DynamicsModifier	null
FIELD	com.badlogic.gdx.graphics.g3d.particles.influencers.DynamicsModifier	null	lifeChannel	null	/home/nima/Desktop/docker/benchmarks/libgdx/gdx/src/com/badlogic/gdx/graphics/g3d/particles/influencers/DynamicsModifier.java	METHOD_NO_INIT	nullable	com.badlogic.gdx.graphics.g3d.particles.influencers.DynamicsModifier	null
FIELD	com.badlogic.gdx.graphics.g3d.particles.influencers.DynamicsModifier$Strength	null	strengthChannel	null	/home/nima/Desktop/docker/benchmarks/libgdx/gdx/src/com/badlogic/gdx/graphics/g3d/particles/influencers/DynamicsModifier.java	METHOD_NO_INIT	nullable	com.badlogic.gdx.graphics.g3d.particles.influencers.DynamicsModifier$Strength	null
FIELD	com.badlogic.gdx.graphics.g3d.particles.influencers.DynamicsModifier$Strength	null	strengthChannel	null	/home/nima/Desktop/docker/benchmarks/libgdx/gdx/src/com/badlogic/gdx/graphics/g3d/particles/influencers/DynamicsModifier.java	METHOD_NO_INIT	nullable	com.badlogic.gdx.graphics.g3d.particles.influencers.DynamicsModifier$Strength	null
FIELD	com.badlogic.gdx.graphics.g3d.particles.influencers.DynamicsModifier$Angular	null	angularChannel	null	/home/nima/Desktop/docker/benchmarks/libgdx/gdx/src/com/badlogic/gdx/graphics/g3d/particles/influencers/DynamicsModifier.java	METHOD_NO_INIT	nullable	com.badlogic.gdx.graphics.g3d.particles.influencers.DynamicsModifier$Angular	null
FIELD	com.badlogic.gdx.graphics.g3d.particles.influencers.DynamicsModifier$Angular	null	angularChannel	null	/home/nima/Desktop/docker/benchmarks/libgdx/gdx/src/com/badlogic/gdx/graphics/g3d/particles/influencers/DynamicsModifier.java	METHOD_NO_INIT	nullable	com.badlogic.gdx.graphics.g3d.particles.influencers.DynamicsModifier$Angular	null
FIELD	com.badlogic.gdx.graphics.g3d.particles.influencers.DynamicsModifier$CentripetalAcceleration	null	accelerationChannel	null	/home/nima/Desktop/docker/benchmarks/libgdx/gdx/src/com/badlogic/gdx/graphics/g3d/particles/influencers/DynamicsModifier.java	METHOD_NO_INIT	nullable	com.badlogic.gdx.graphics.g3d.particles.influencers.DynamicsModifier$CentripetalAcceleration	null
FIELD	com.badlogic.gdx.graphics.g3d.particles.influencers.DynamicsModifier$CentripetalAcceleration	null	positionChannel	null	/home/nima/Desktop/docker/benchmarks/libgdx/gdx/src/com/badlogic/gdx/graphics/g3d/particles/influencers/DynamicsModifier.java	METHOD_NO_INIT	nullable	com.badlogic.gdx.graphics.g3d.particles.influencers.DynamicsModifier$CentripetalAcceleration	null
FIELD	com.badlogic.gdx.graphics.g3d.particles.influencers.DynamicsModifier$CentripetalAcceleration	null	accelerationChannel	null	/home/nima/Desktop/docker/benchmarks/libgdx/gdx/src/com/badlogic/gdx/graphics/g3d/particles/influencers/DynamicsModifier.java	METHOD_NO_INIT	nullable	com.badlogic.gdx.graphics.g3d.particles.influencers.DynamicsModifier$CentripetalAcceleration	null
FIELD	com.badlogic.gdx.graphics.g3d.particles.influencers.DynamicsModifier$CentripetalAcceleration	null	positionChannel	null	/home/nima/Desktop/docker/benchmarks/libgdx/gdx/src/com/badlogic/gdx/graphics/g3d/particles/influencers/DynamicsModifier.java	METHOD_NO_INIT	nullable	com.badlogic.gdx.graphics.g3d.particles.influencers.DynamicsModifier$CentripetalAcceleration	null
FIELD	com.badlogic.gdx.graphics.g3d.particles.influencers.RegionInfluencer	null	regionChannel	null	/home/nima/Desktop/docker/benchmarks/libgdx/gdx/src/com/badlogic/gdx/graphics/g3d/particles/influencers/RegionInfluencer.java	METHOD_NO_INIT	nullable	com.badlogic.gdx.graphics.g3d.particles.influencers.RegionInfluencer	null
FIELD	com.badlogic.gdx.graphics.g3d.particles.influencers.RegionInfluencer	null	regionChannel	null	/home/nima/Desktop/docker/benchmarks/libgdx/gdx/src/com/badlogic/gdx/graphics/g3d/particles/influencers/RegionInfluencer.java	METHOD_NO_INIT	nullable	com.badlogic.gdx.graphics.g3d.particles.influencers.RegionInfluencer	null
FIELD	com.badlogic.gdx.graphics.g3d.particles.influencers.DynamicsInfluencer	null	accellerationChannel	null	/home/nima/Desktop/docker/benchmarks/libgdx/gdx/src/com/badlogic/gdx/graphics/g3d/particles/influencers/DynamicsInfluencer.java	METHOD_NO_INIT	nullable	com.badlogic.gdx.graphics.g3d.particles.influencers.DynamicsInfluencer	null
FIELD	com.badlogic.gdx.graphics.g3d.particles.influencers.DynamicsInfluencer	null	positionChannel	null	/home/nima/Desktop/docker/benchmarks/libgdx/gdx/src/com/badlogic/gdx/graphics/g3d/particles/influencers/DynamicsInfluencer.java	METHOD_NO_INIT	nullable	com.badlogic.gdx.graphics.g3d.particles.influencers.DynamicsInfluencer	null
FIELD	com.badlogic.gdx.graphics.g3d.particles.influencers.DynamicsInfluencer	null	previousPositionChannel	null	/home/nima/Desktop/docker/benchmarks/libgdx/gdx/src/com/badlogic/gdx/graphics/g3d/particles/influencers/DynamicsInfluencer.java	METHOD_NO_INIT	nullable	com.badlogic.gdx.graphics.g3d.particles.influencers.DynamicsInfluencer	null
FIELD	com.badlogic.gdx.graphics.g3d.particles.influencers.DynamicsInfluencer	null	rotationChannel	null	/home/nima/Desktop/docker/benchmarks/libgdx/gdx/src/com/badlogic/gdx/graphics/g3d/particles/influencers/DynamicsInfluencer.java	METHOD_NO_INIT	nullable	com.badlogic.gdx.graphics.g3d.particles.influencers.DynamicsInfluencer	null
FIELD	com.badlogic.gdx.graphics.g3d.particles.influencers.DynamicsInfluencer	null	angularVelocityChannel	null	/home/nima/Desktop/docker/benchmarks/libgdx/gdx/src/com/badlogic/gdx/graphics/g3d/particles/influencers/DynamicsInfluencer.java	METHOD_NO_INIT	nullable	com.badlogic.gdx.graphics.g3d.particles.influencers.DynamicsInfluencer	null
FIELD	com.badlogic.gdx.graphics.g3d.particles.influencers.DynamicsInfluencer	null	accellerationChannel	null	/home/nima/Desktop/docker/benchmarks/libgdx/gdx/src/com/badlogic/gdx/graphics/g3d/particles/influencers/DynamicsInfluencer.java	METHOD_NO_INIT	nullable	com.badlogic.gdx.graphics.g3d.particles.influencers.DynamicsInfluencer	null
FIELD	com.badlogic.gdx.graphics.g3d.particles.influencers.DynamicsInfluencer	null	positionChannel	null	/home/nima/Desktop/docker/benchmarks/libgdx/gdx/src/com/badlogic/gdx/graphics/g3d/particles/influencers/DynamicsInfluencer.java	METHOD_NO_INIT	nullable	com.badlogic.gdx.graphics.g3d.particles.influencers.DynamicsInfluencer	null
FIELD	com.badlogic.gdx.graphics.g3d.particles.influencers.DynamicsInfluencer	null	previousPositionChannel	null	/home/nima/Desktop/docker/benchmarks/libgdx/gdx/src/com/badlogic/gdx/graphics/g3d/particles/influencers/DynamicsInfluencer.java	METHOD_NO_INIT	nullable	com.badlogic.gdx.graphics.g3d.particles.influencers.DynamicsInfluencer	null
FIELD	com.badlogic.gdx.graphics.g3d.particles.influencers.DynamicsInfluencer	null	rotationChannel	null	/home/nima/Desktop/docker/benchmarks/libgdx/gdx/src/com/badlogic/gdx/graphics/g3d/particles/influencers/DynamicsInfluencer.java	METHOD_NO_INIT	nullable	com.badlogic.gdx.graphics.g3d.particles.influencers.DynamicsInfluencer	null
FIELD	com.badlogic.gdx.graphics.g3d.particles.influencers.DynamicsInfluencer	null	angularVelocityChannel	null	/home/nima/Desktop/docker/benchmarks/libgdx/gdx/src/com/badlogic/gdx/graphics/g3d/particles/influencers/DynamicsInfluencer.java	METHOD_NO_INIT	nullable	com.badlogic.gdx.graphics.g3d.particles.influencers.DynamicsInfluencer	null
FIELD	com.badlogic.gdx.graphics.g3d.particles.influencers.ParticleControllerFinalizerInfluencer	null	positionChannel	null	/home/nima/Desktop/docker/benchmarks/libgdx/gdx/src/com/badlogic/gdx/graphics/g3d/particles/influencers/ParticleControllerFinalizerInfluencer.java	METHOD_NO_INIT	nullable	com.badlogic.gdx.graphics.g3d.particles.influencers.ParticleControllerFinalizerInfluencer	null
FIELD	com.badlogic.gdx.graphics.g3d.particles.influencers.ParticleControllerFinalizerInfluencer	null	scaleChannel	null	/home/nima/Desktop/docker/benchmarks/libgdx/gdx/src/com/badlogic/gdx/graphics/g3d/particles/influencers/ParticleControllerFinalizerInfluencer.java	METHOD_NO_INIT	nullable	com.badlogic.gdx.graphics.g3d.particles.influencers.ParticleControllerFinalizerInfluencer	null
FIELD	com.badlogic.gdx.graphics.g3d.particles.influencers.ParticleControllerFinalizerInfluencer	null	rotationChannel	null	/home/nima/Desktop/docker/benchmarks/libgdx/gdx/src/com/badlogic/gdx/graphics/g3d/particles/influencers/ParticleControllerFinalizerInfluencer.java	METHOD_NO_INIT	nullable	com.badlogic.gdx.graphics.g3d.particles.influencers.ParticleControllerFinalizerInfluencer	null
FIELD	com.badlogic.gdx.graphics.g3d.particles.influencers.ParticleControllerFinalizerInfluencer	null	controllerChannel	null	/home/nima/Desktop/docker/benchmarks/libgdx/gdx/src/com/badlogic/gdx/graphics/g3d/particles/influencers/ParticleControllerFinalizerInfluencer.java	METHOD_NO_INIT	nullable	com.badlogic.gdx.graphics.g3d.particles.influencers.ParticleControllerFinalizerInfluencer	null
FIELD	com.badlogic.gdx.graphics.g3d.particles.influencers.SpawnInfluencer	null	positionChannel	null	/home/nima/Desktop/docker/benchmarks/libgdx/gdx/src/com/badlogic/gdx/graphics/g3d/particles/influencers/SpawnInfluencer.java	METHOD_NO_INIT	nullable	com.badlogic.gdx.graphics.g3d.particles.influencers.SpawnInfluencer	null
FIELD	com.badlogic.gdx.graphics.g3d.particles.influencers.SpawnInfluencer	null	rotationChannel	null	/home/nima/Desktop/docker/benchmarks/libgdx/gdx/src/com/badlogic/gdx/graphics/g3d/particles/influencers/SpawnInfluencer.java	METHOD_NO_INIT	nullable	com.badlogic.gdx.graphics.g3d.particles.influencers.SpawnInfluencer	null
FIELD	com.badlogic.gdx.graphics.g3d.particles.influencers.SpawnInfluencer	null	positionChannel	null	/home/nima/Desktop/docker/benchmarks/libgdx/gdx/src/com/badlogic/gdx/graphics/g3d/particles/influencers/SpawnInfluencer.java	METHOD_NO_INIT	nullable	com.badlogic.gdx.graphics.g3d.particles.influencers.SpawnInfluencer	null
FIELD	com.badlogic.gdx.graphics.g3d.particles.influencers.SpawnInfluencer	null	rotationChannel	null	/home/nima/Desktop/docker/benchmarks/libgdx/gdx/src/com/badlogic/gdx/graphics/g3d/particles/influencers/SpawnInfluencer.java	METHOD_NO_INIT	nullable	com.badlogic.gdx.graphics.g3d.particles.influencers.SpawnInfluencer	null
FIELD	com.badlogic.gdx.graphics.g3d.particles.influencers.SpawnInfluencer	null	positionChannel	null	/home/nima/Desktop/docker/benchmarks/libgdx/gdx/src/com/badlogic/gdx/graphics/g3d/particles/influencers/SpawnInfluencer.java	METHOD_NO_INIT	nullable	com.badlogic.gdx.graphics.g3d.particles.influencers.SpawnInfluencer	null
FIELD	com.badlogic.gdx.graphics.g3d.particles.influencers.SpawnInfluencer	null	rotationChannel	null	/home/nima/Desktop/docker/benchmarks/libgdx/gdx/src/com/badlogic/gdx/graphics/g3d/particles/influencers/SpawnInfluencer.java	METHOD_NO_INIT	nullable	com.badlogic.gdx.graphics.g3d.particles.influencers.SpawnInfluencer	null
FIELD	com.badlogic.gdx.graphics.g3d.particles.influencers.ColorInfluencer	null	colorChannel	null	/home/nima/Desktop/docker/benchmarks/libgdx/gdx/src/com/badlogic/gdx/graphics/g3d/particles/influencers/ColorInfluencer.java	FIELD_NO_INIT	nullable	com.badlogic.gdx.graphics.g3d.particles.influencers.ColorInfluencer	null
FIELD	com.badlogic.gdx.graphics.g3d.particles.influencers.ColorInfluencer$Single	null	alphaInterpolationChannel	null	/home/nima/Desktop/docker/benchmarks/libgdx/gdx/src/com/badlogic/gdx/graphics/g3d/particles/influencers/ColorInfluencer.java	METHOD_NO_INIT	nullable	com.badlogic.gdx.graphics.g3d.particles.influencers.ColorInfluencer$Single	null
FIELD	com.badlogic.gdx.graphics.g3d.particles.influencers.ColorInfluencer$Single	null	lifeChannel	null	/home/nima/Desktop/docker/benchmarks/libgdx/gdx/src/com/badlogic/gdx/graphics/g3d/particles/influencers/ColorInfluencer.java	METHOD_NO_INIT	nullable	com.badlogic.gdx.graphics.g3d.particles.influencers.ColorInfluencer$Single	null
FIELD	com.badlogic.gdx.graphics.g3d.particles.values.MeshSpawnShapeValue	null	mesh	null	/home/nima/Desktop/docker/benchmarks/libgdx/gdx/src/com/badlogic/gdx/graphics/g3d/particles/values/MeshSpawnShapeValue.java	METHOD_NO_INIT	nullable	com.badlogic.gdx.graphics.g3d.particles.values.MeshSpawnShapeValue	null
FIELD	com.badlogic.gdx.graphics.g3d.particles.values.MeshSpawnShapeValue	null	model	null	/home/nima/Desktop/docker/benchmarks/libgdx/gdx/src/com/badlogic/gdx/graphics/g3d/particles/values/MeshSpawnShapeValue.java	METHOD_NO_INIT	nullable	com.badlogic.gdx.graphics.g3d.particles.values.MeshSpawnShapeValue	null
FIELD	com.badlogic.gdx.graphics.g3d.particles.values.MeshSpawnShapeValue	null	mesh	null	/home/nima/Desktop/docker/benchmarks/libgdx/gdx/src/com/badlogic/gdx/graphics/g3d/particles/values/MeshSpawnShapeValue.java	METHOD_NO_INIT	nullable	com.badlogic.gdx.graphics.g3d.particles.values.MeshSpawnShapeValue	null
FIELD	com.badlogic.gdx.graphics.g3d.particles.values.MeshSpawnShapeValue	null	model	null	/home/nima/Desktop/docker/benchmarks/libgdx/gdx/src/com/badlogic/gdx/graphics/g3d/particles/values/MeshSpawnShapeValue.java	METHOD_NO_INIT	nullable	com.badlogic.gdx.graphics.g3d.particles.values.MeshSpawnShapeValue	null
PARAMETER	com.badlogic.gdx.graphics.g3d.particles.values.MeshSpawnShapeValue	setMesh(com.badlogic.gdx.graphics.Mesh,com.badlogic.gdx.graphics.g3d.Model)	model	1	/home/nima/Desktop/docker/benchmarks/libgdx/gdx/src/com/badlogic/gdx/graphics/g3d/particles/values/MeshSpawnShapeValue.java	PASS_NULLABLE	nullable	com.badlogic.gdx.graphics.g3d.particles.values.MeshSpawnShapeValue	setMesh(com.badlogic.gdx.graphics.Mesh)
FIELD	com.badlogic.gdx.graphics.g3d.particles.ParticleSorter$Distance	null	distances	null	/home/nima/Desktop/docker/benchmarks/libgdx/gdx/src/com/badlogic/gdx/graphics/g3d/particles/ParticleSorter.java	FIELD_NO_INIT	nullable	com.badlogic.gdx.graphics.g3d.particles.ParticleSorter$Distance	null
FIELD	com.badlogic.gdx.graphics.g3d.particles.ParticleSorter$Distance	null	particleIndices	null	/home/nima/Desktop/docker/benchmarks/libgdx/gdx/src/com/badlogic/gdx/graphics/g3d/particles/ParticleSorter.java	FIELD_NO_INIT	nullable	com.badlogic.gdx.graphics.g3d.particles.ParticleSorter$Distance	null
FIELD	com.badlogic.gdx.graphics.g3d.particles.ParticleSorter$Distance	null	particleOffsets	null	/home/nima/Desktop/docker/benchmarks/libgdx/gdx/src/com/badlogic/gdx/graphics/g3d/particles/ParticleSorter.java	FIELD_NO_INIT	nullable	com.badlogic.gdx.graphics.g3d.particles.ParticleSorter$Distance	null
FIELD	com.badlogic.gdx.graphics.g3d.particles.batches.BufferedParticleBatch	null	camera	null	/home/nima/Desktop/docker/benchmarks/libgdx/gdx/src/com/badlogic/gdx/graphics/g3d/particles/batches/BufferedParticleBatch.java	METHOD_NO_INIT	nullable	com.badlogic.gdx.graphics.g3d.particles.batches.BufferedParticleBatch	null
PARAMETER	com.badlogic.gdx.graphics.g3d.particles.batches.BufferedParticleBatch	flush(int[])	offsets	0	/home/nima/Desktop/docker/benchmarks/libgdx/gdx/src/com/badlogic/gdx/graphics/g3d/particles/batches/BufferedParticleBatch.java	PASS_NULLABLE	nullable	com.badlogic.gdx.graphics.g3d.particles.batches.BufferedParticleBatch	end()
FIELD	com.badlogic.gdx.graphics.g3d.particles.renderers.ModelInstanceControllerRenderData	null	modelInstanceChannel	null	/home/nima/Desktop/docker/benchmarks/libgdx/gdx/src/com/badlogic/gdx/graphics/g3d/particles/renderers/ModelInstanceControllerRenderData.java	FIELD_NO_INIT	nullable	com.badlogic.gdx.graphics.g3d.particles.renderers.ModelInstanceControllerRenderData	null
FIELD	com.badlogic.gdx.graphics.g3d.shaders.BaseShader	null	program	null	/home/nima/Desktop/docker/benchmarks/libgdx/gdx/src/com/badlogic/gdx/graphics/g3d/shaders/BaseShader.java	ASSIGN_FIELD_NULLABLE	nullable	com.badlogic.gdx.graphics.g3d.particles.ParticleShader	init()
FIELD	com.badlogic.gdx.graphics.g3d.particles.batches.PointSpriteParticleBatch	null	vertices	null	/home/nima/Desktop/docker/benchmarks/libgdx/gdx/src/com/badlogic/gdx/graphics/g3d/particles/batches/PointSpriteParticleBatch.java	METHOD_NO_INIT	nullable	com.badlogic.gdx.graphics.g3d.particles.batches.PointSpriteParticleBatch	null
FIELD	com.badlogic.gdx.graphics.g3d.particles.batches.PointSpriteParticleBatch	null	blendingAttribute	null	/home/nima/Desktop/docker/benchmarks/libgdx/gdx/src/com/badlogic/gdx/graphics/g3d/particles/batches/PointSpriteParticleBatch.java	ASSIGN_FIELD_NULLABLE	nullable	com.badlogic.gdx.graphics.g3d.particles.batches.PointSpriteParticleBatch	PointSpriteParticleBatch(int,com.badlogic.gdx.graphics.g3d.particles.ParticleShader.Config,com.badlogic.gdx.graphics.g3d.attributes.BlendingAttribute,com.badlogic.gdx.graphics.g3d.attributes.DepthTestAttribute)
FIELD	com.badlogic.gdx.graphics.g3d.particles.batches.BillboardParticleBatch	null	vertices	null	/home/nima/Desktop/docker/benchmarks/libgdx/gdx/src/com/badlogic/gdx/graphics/g3d/particles/batches/BillboardParticleBatch.java	METHOD_NO_INIT	nullable	com.badlogic.gdx.graphics.g3d.particles.batches.BillboardParticleBatch	null
FIELD	com.badlogic.gdx.graphics.g3d.particles.batches.BillboardParticleBatch	null	currentAttributes	null	/home/nima/Desktop/docker/benchmarks/libgdx/gdx/src/com/badlogic/gdx/graphics/g3d/particles/batches/BillboardParticleBatch.java	METHOD_NO_INIT	nullable	com.badlogic.gdx.graphics.g3d.particles.batches.BillboardParticleBatch	null
FIELD	com.badlogic.gdx.graphics.g3d.particles.batches.BillboardParticleBatch	null	texture	null	/home/nima/Desktop/docker/benchmarks/libgdx/gdx/src/com/badlogic/gdx/graphics/g3d/particles/batches/BillboardParticleBatch.java	METHOD_NO_INIT	nullable	com.badlogic.gdx.graphics.g3d.particles.batches.BillboardParticleBatch	null
FIELD	com.badlogic.gdx.graphics.g3d.particles.batches.BillboardParticleBatch	null	shader	null	/home/nima/Desktop/docker/benchmarks/libgdx/gdx/src/com/badlogic/gdx/graphics/g3d/particles/batches/BillboardParticleBatch.java	METHOD_NO_INIT	nullable	com.badlogic.gdx.graphics.g3d.particles.batches.BillboardParticleBatch	null
FIELD	com.badlogic.gdx.graphics.g3d.particles.batches.BillboardParticleBatch	null	blendingAttribute	null	/home/nima/Desktop/docker/benchmarks/libgdx/gdx/src/com/badlogic/gdx/graphics/g3d/particles/batches/BillboardParticleBatch.java	ASSIGN_FIELD_NULLABLE	nullable	com.badlogic.gdx.graphics.g3d.particles.batches.BillboardParticleBatch	BillboardParticleBatch(com.badlogic.gdx.graphics.g3d.particles.ParticleShader.AlignMode,boolean,int,com.badlogic.gdx.graphics.g3d.attributes.BlendingAttribute,com.badlogic.gdx.graphics.g3d.attributes.DepthTestAttribute)
FIELD	com.badlogic.gdx.graphics.g3d.particles.batches.BillboardParticleBatch	null	mode	null	/home/nima/Desktop/docker/benchmarks/libgdx/gdx/src/com/badlogic/gdx/graphics/g3d/particles/batches/BillboardParticleBatch.java	ASSIGN_FIELD_NULLABLE	nullable	com.badlogic.gdx.graphics.g3d.particles.batches.BillboardParticleBatch	setAlignMode(com.badlogic.gdx.graphics.g3d.particles.ParticleShader.AlignMode)
FIELD	com.badlogic.gdx.graphics.g3d.particles.renderers.BillboardControllerRenderData	null	regionChannel	null	/home/nima/Desktop/docker/benchmarks/libgdx/gdx/src/com/badlogic/gdx/graphics/g3d/particles/renderers/BillboardControllerRenderData.java	FIELD_NO_INIT	nullable	com.badlogic.gdx.graphics.g3d.particles.renderers.BillboardControllerRenderData	null
FIELD	com.badlogic.gdx.graphics.g3d.particles.renderers.BillboardControllerRenderData	null	colorChannel	null	/home/nima/Desktop/docker/benchmarks/libgdx/gdx/src/com/badlogic/gdx/graphics/g3d/particles/renderers/BillboardControllerRenderData.java	FIELD_NO_INIT	nullable	com.badlogic.gdx.graphics.g3d.particles.renderers.BillboardControllerRenderData	null
FIELD	com.badlogic.gdx.graphics.g3d.particles.renderers.BillboardControllerRenderData	null	scaleChannel	null	/home/nima/Desktop/docker/benchmarks/libgdx/gdx/src/com/badlogic/gdx/graphics/g3d/particles/renderers/BillboardControllerRenderData.java	FIELD_NO_INIT	nullable	com.badlogic.gdx.graphics.g3d.particles.renderers.BillboardControllerRenderData	null
FIELD	com.badlogic.gdx.graphics.g3d.particles.renderers.BillboardControllerRenderData	null	rotationChannel	null	/home/nima/Desktop/docker/benchmarks/libgdx/gdx/src/com/badlogic/gdx/graphics/g3d/particles/renderers/BillboardControllerRenderData.java	FIELD_NO_INIT	nullable	com.badlogic.gdx.graphics.g3d.particles.renderers.BillboardControllerRenderData	null
FIELD	com.badlogic.gdx.graphics.g3d.particles.emitters.RegularEmitter	null	lifeChannel	null	/home/nima/Desktop/docker/benchmarks/libgdx/gdx/src/com/badlogic/gdx/graphics/g3d/particles/emitters/RegularEmitter.java	METHOD_NO_INIT	nullable	com.badlogic.gdx.graphics.g3d.particles.emitters.RegularEmitter	null
FIELD	com.badlogic.gdx.graphics.g3d.loader.MtlLoader$ObjMaterial	null	diffuseColor	null	/home/nima/Desktop/docker/benchmarks/libgdx/gdx/src/com/badlogic/gdx/graphics/g3d/loader/ObjLoader.java	METHOD_NO_INIT	nullable	com.badlogic.gdx.graphics.g3d.loader.MtlLoader$ObjMaterial	null
FIELD	com.badlogic.gdx.graphics.g3d.loader.MtlLoader$ObjMaterial	null	specularColor	null	/home/nima/Desktop/docker/benchmarks/libgdx/gdx/src/com/badlogic/gdx/graphics/g3d/loader/ObjLoader.java	METHOD_NO_INIT	nullable	com.badlogic.gdx.graphics.g3d.loader.MtlLoader$ObjMaterial	null
FIELD	com.badlogic.gdx.graphics.g3d.model.MeshPart	null	mesh	null	/home/nima/Desktop/docker/benchmarks/libgdx/gdx/src/com/badlogic/gdx/graphics/g3d/model/MeshPart.java	ASSIGN_FIELD_NULLABLE	nullable	com.badlogic.gdx.graphics.g3d.ModelCache	obtainRenderable(com.badlogic.gdx.graphics.g3d.Material,int)
PARAMETER	com.badlogic.gdx.graphics.g3d.utils.RenderableSorter	sort(com.badlogic.gdx.graphics.Camera,com.badlogic.gdx.utils.Array<com.badlogic.gdx.graphics.g3d.Renderable>)	camera	0	/home/nima/Desktop/docker/benchmarks/libgdx/gdx/src/com/badlogic/gdx/graphics/g3d/utils/RenderableSorter.java	PASS_NULLABLE	nullable	com.badlogic.gdx.graphics.g3d.ModelCache	end()
METHOD	com.badlogic.gdx.maps.tiled.TiledMapTileLayer	getCell(int,int)	null	null	/home/nima/Desktop/docker/benchmarks/libgdx/gdx/src/com/badlogic/gdx/maps/tiled/TiledMapTileLayer.java	RETURN_NULLABLE	nullable	com.badlogic.gdx.maps.tiled.TiledMapTileLayer	getCell(int,int)
METHOD	com.badlogic.gdx.maps.tiled.TiledMapTileLayer	getCell(int,int)	null	null	/home/nima/Desktop/docker/benchmarks/libgdx/gdx/src/com/badlogic/gdx/maps/tiled/TiledMapTileLayer.java	RETURN_NULLABLE	nullable	com.badlogic.gdx.maps.tiled.TiledMapTileLayer	getCell(int,int)
FIELD	com.badlogic.gdx.maps.tiled.BaseTmxMapLoader	null	root	null	/home/nima/Desktop/docker/benchmarks/libgdx/gdx/src/com/badlogic/gdx/maps/tiled/BaseTmxMapLoader.java	METHOD_NO_INIT	nullable	com.badlogic.gdx.maps.tiled.BaseTmxMapLoader	null
FIELD	com.badlogic.gdx.maps.tiled.BaseTmxMapLoader	null	map	null	/home/nima/Desktop/docker/benchmarks/libgdx/gdx/src/com/badlogic/gdx/maps/tiled/BaseTmxMapLoader.java	METHOD_NO_INIT	nullable	com.badlogic.gdx.maps.tiled.BaseTmxMapLoader	null
PARAMETER	com.badlogic.gdx.maps.tiled.TiledMapImageLayer	TiledMapImageLayer(com.badlogic.gdx.graphics.g2d.TextureRegion,float,float)	region	0	/home/nima/Desktop/docker/benchmarks/libgdx/gdx/src/com/badlogic/gdx/maps/tiled/TiledMapImageLayer.java	PASS_NULLABLE	nullable	com.badlogic.gdx.maps.tiled.BaseTmxMapLoader	loadImageLayer(com.badlogic.gdx.maps.tiled.TiledMap,com.badlogic.gdx.maps.MapLayers,com.badlogic.gdx.utils.XmlReader.Element,com.badlogic.gdx.files.FileHandle,com.badlogic.gdx.maps.ImageResolver)
PARAMETER	com.badlogic.gdx.maps.tiled.objects.TiledMapTileMapObject	TiledMapTileMapObject(com.badlogic.gdx.maps.tiled.TiledMapTile,boolean,boolean)	tile	0	/home/nima/Desktop/docker/benchmarks/libgdx/gdx/src/com/badlogic/gdx/maps/tiled/objects/TiledMapTileMapObject.java	PASS_NULLABLE	nullable	com.badlogic.gdx.maps.tiled.BaseTmxMapLoader	loadObject(com.badlogic.gdx.maps.tiled.TiledMap,com.badlogic.gdx.maps.MapObjects,com.badlogic.gdx.utils.XmlReader.Element,float)
PARAMETER	com.badlogic.gdx.maps.tiled.BaseTmxMapLoader	addStaticTiles(com.badlogic.gdx.files.FileHandle,com.badlogic.gdx.maps.ImageResolver,com.badlogic.gdx.maps.tiled.TiledMapTileSet,com.badlogic.gdx.utils.XmlReader.Element,com.badlogic.gdx.utils.Array<com.badlogic.gdx.utils.XmlReader.Element>,java.lang.String,int,int,int,int,int,java.lang.String,int,int,java.lang.String,int,int,com.badlogic.gdx.files.FileHandle)	name	5	/home/nima/Desktop/docker/benchmarks/libgdx/gdx/src/com/badlogic/gdx/maps/tiled/BaseTmxMapLoader.java	PASS_NULLABLE	nullable	com.badlogic.gdx.maps.tiled.BaseTmxMapLoader	loadTileSet(com.badlogic.gdx.utils.XmlReader.Element,com.badlogic.gdx.files.FileHandle,com.badlogic.gdx.maps.ImageResolver)
PARAMETER	com.badlogic.gdx.maps.tiled.BaseTmxMapLoader	addStaticTiles(com.badlogic.gdx.files.FileHandle,com.badlogic.gdx.maps.ImageResolver,com.badlogic.gdx.maps.tiled.TiledMapTileSet,com.badlogic.gdx.utils.XmlReader.Element,com.badlogic.gdx.utils.Array<com.badlogic.gdx.utils.XmlReader.Element>,java.lang.String,int,int,int,int,int,java.lang.String,int,int,java.lang.String,int,int,com.badlogic.gdx.files.FileHandle)	image	17	/home/nima/Desktop/docker/benchmarks/libgdx/gdx/src/com/badlogic/gdx/maps/tiled/BaseTmxMapLoader.java	PASS_NULLABLE	nullable	com.badlogic.gdx.maps.tiled.BaseTmxMapLoader	loadTileSet(com.badlogic.gdx.utils.XmlReader.Element,com.badlogic.gdx.files.FileHandle,com.badlogic.gdx.maps.ImageResolver)
METHOD	com.badlogic.gdx.maps.tiled.TiledMapTileSets	getTileSet(java.lang.String)	null	null	/home/nima/Desktop/docker/benchmarks/libgdx/gdx/src/com/badlogic/gdx/maps/tiled/TiledMapTileSets.java	RETURN_NULLABLE	nullable	com.badlogic.gdx.maps.tiled.TiledMapTileSets	getTileSet(java.lang.String)
FIELD	com.badlogic.gdx.scenes.scene2d.ui.ProgressBar	null	style	null	/home/nima/Desktop/docker/benchmarks/libgdx/gdx/src/com/badlogic/gdx/scenes/scene2d/ui/ProgressBar.java	METHOD_NO_INIT	nullable	com.badlogic.gdx.scenes.scene2d.ui.ProgressBar	null
FIELD	com.badlogic.gdx.scenes.scene2d.ui.ProgressBar$ProgressBarStyle	null	background	null	/home/nima/Desktop/docker/benchmarks/libgdx/gdx/src/com/badlogic/gdx/scenes/scene2d/ui/ProgressBar.java	METHOD_NO_INIT	nullable	com.badlogic.gdx.scenes.scene2d.ui.ProgressBar$ProgressBarStyle	null
FIELD	com.badlogic.gdx.scenes.scene2d.ui.ProgressBar$ProgressBarStyle	null	disabledBackground	null	/home/nima/Desktop/docker/benchmarks/libgdx/gdx/src/com/badlogic/gdx/scenes/scene2d/ui/ProgressBar.java	METHOD_NO_INIT	nullable	com.badlogic.gdx.scenes.scene2d.ui.ProgressBar$ProgressBarStyle	null
FIELD	com.badlogic.gdx.scenes.scene2d.ui.ProgressBar$ProgressBarStyle	null	knob	null	/home/nima/Desktop/docker/benchmarks/libgdx/gdx/src/com/badlogic/gdx/scenes/scene2d/ui/ProgressBar.java	METHOD_NO_INIT	nullable	com.badlogic.gdx.scenes.scene2d.ui.ProgressBar$ProgressBarStyle	null
FIELD	com.badlogic.gdx.scenes.scene2d.ui.ProgressBar$ProgressBarStyle	null	disabledKnob	null	/home/nima/Desktop/docker/benchmarks/libgdx/gdx/src/com/badlogic/gdx/scenes/scene2d/ui/ProgressBar.java	METHOD_NO_INIT	nullable	com.badlogic.gdx.scenes.scene2d.ui.ProgressBar$ProgressBarStyle	null
FIELD	com.badlogic.gdx.scenes.scene2d.ui.ProgressBar$ProgressBarStyle	null	knobBefore	null	/home/nima/Desktop/docker/benchmarks/libgdx/gdx/src/com/badlogic/gdx/scenes/scene2d/ui/ProgressBar.java	METHOD_NO_INIT	nullable	com.badlogic.gdx.scenes.scene2d.ui.ProgressBar$ProgressBarStyle	null
FIELD	com.badlogic.gdx.scenes.scene2d.ui.ProgressBar$ProgressBarStyle	null	disabledKnobBefore	null	/home/nima/Desktop/docker/benchmarks/libgdx/gdx/src/com/badlogic/gdx/scenes/scene2d/ui/ProgressBar.java	METHOD_NO_INIT	nullable	com.badlogic.gdx.scenes.scene2d.ui.ProgressBar$ProgressBarStyle	null
FIELD	com.badlogic.gdx.scenes.scene2d.ui.ProgressBar$ProgressBarStyle	null	knobAfter	null	/home/nima/Desktop/docker/benchmarks/libgdx/gdx/src/com/badlogic/gdx/scenes/scene2d/ui/ProgressBar.java	METHOD_NO_INIT	nullable	com.badlogic.gdx.scenes.scene2d.ui.ProgressBar$ProgressBarStyle	null
FIELD	com.badlogic.gdx.scenes.scene2d.ui.ProgressBar$ProgressBarStyle	null	disabledKnobAfter	null	/home/nima/Desktop/docker/benchmarks/libgdx/gdx/src/com/badlogic/gdx/scenes/scene2d/ui/ProgressBar.java	METHOD_NO_INIT	nullable	com.badlogic.gdx.scenes.scene2d.ui.ProgressBar$ProgressBarStyle	null
FIELD	com.badlogic.gdx.scenes.scene2d.ui.ProgressBar$ProgressBarStyle	null	disabledBackground	null	/home/nima/Desktop/docker/benchmarks/libgdx/gdx/src/com/badlogic/gdx/scenes/scene2d/ui/ProgressBar.java	METHOD_NO_INIT	nullable	com.badlogic.gdx.scenes.scene2d.ui.ProgressBar$ProgressBarStyle	null
FIELD	com.badlogic.gdx.scenes.scene2d.ui.ProgressBar$ProgressBarStyle	null	disabledKnob	null	/home/nima/Desktop/docker/benchmarks/libgdx/gdx/src/com/badlogic/gdx/scenes/scene2d/ui/ProgressBar.java	METHOD_NO_INIT	nullable	com.badlogic.gdx.scenes.scene2d.ui.ProgressBar$ProgressBarStyle	null
FIELD	com.badlogic.gdx.scenes.scene2d.ui.ProgressBar$ProgressBarStyle	null	knobBefore	null	/home/nima/Desktop/docker/benchmarks/libgdx/gdx/src/com/badlogic/gdx/scenes/scene2d/ui/ProgressBar.java	METHOD_NO_INIT	nullable	com.badlogic.gdx.scenes.scene2d.ui.ProgressBar$ProgressBarStyle	null
FIELD	com.badlogic.gdx.scenes.scene2d.ui.ProgressBar$ProgressBarStyle	null	disabledKnobBefore	null	/home/nima/Desktop/docker/benchmarks/libgdx/gdx/src/com/badlogic/gdx/scenes/scene2d/ui/ProgressBar.java	METHOD_NO_INIT	nullable	com.badlogic.gdx.scenes.scene2d.ui.ProgressBar$ProgressBarStyle	null
FIELD	com.badlogic.gdx.scenes.scene2d.ui.ProgressBar$ProgressBarStyle	null	knobAfter	null	/home/nima/Desktop/docker/benchmarks/libgdx/gdx/src/com/badlogic/gdx/scenes/scene2d/ui/ProgressBar.java	METHOD_NO_INIT	nullable	com.badlogic.gdx.scenes.scene2d.ui.ProgressBar$ProgressBarStyle	null
FIELD	com.badlogic.gdx.scenes.scene2d.ui.ProgressBar$ProgressBarStyle	null	disabledKnobAfter	null	/home/nima/Desktop/docker/benchmarks/libgdx/gdx/src/com/badlogic/gdx/scenes/scene2d/ui/ProgressBar.java	METHOD_NO_INIT	nullable	com.badlogic.gdx.scenes.scene2d.ui.ProgressBar$ProgressBarStyle	null
FIELD	com.badlogic.gdx.scenes.scene2d.ui.ImageButton	null	style	null	/home/nima/Desktop/docker/benchmarks/libgdx/gdx/src/com/badlogic/gdx/scenes/scene2d/ui/ImageButton.java	METHOD_NO_INIT	nullable	com.badlogic.gdx.scenes.scene2d.ui.ImageButton	null
FIELD	com.badlogic.gdx.scenes.scene2d.ui.ImageButton$ImageButtonStyle	null	imageUp	null	/home/nima/Desktop/docker/benchmarks/libgdx/gdx/src/com/badlogic/gdx/scenes/scene2d/ui/ImageButton.java	METHOD_NO_INIT	nullable	com.badlogic.gdx.scenes.scene2d.ui.ImageButton$ImageButtonStyle	null
FIELD	com.badlogic.gdx.scenes.scene2d.ui.ImageButton$ImageButtonStyle	null	imageDown	null	/home/nima/Desktop/docker/benchmarks/libgdx/gdx/src/com/badlogic/gdx/scenes/scene2d/ui/ImageButton.java	METHOD_NO_INIT	nullable	com.badlogic.gdx.scenes.scene2d.ui.ImageButton$ImageButtonStyle	null
FIELD	com.badlogic.gdx.scenes.scene2d.ui.ImageButton$ImageButtonStyle	null	imageOver	null	/home/nima/Desktop/docker/benchmarks/libgdx/gdx/src/com/badlogic/gdx/scenes/scene2d/ui/ImageButton.java	METHOD_NO_INIT	nullable	com.badlogic.gdx.scenes.scene2d.ui.ImageButton$ImageButtonStyle	null
FIELD	com.badlogic.gdx.scenes.scene2d.ui.ImageButton$ImageButtonStyle	null	imageDisabled	null	/home/nima/Desktop/docker/benchmarks/libgdx/gdx/src/com/badlogic/gdx/scenes/scene2d/ui/ImageButton.java	METHOD_NO_INIT	nullable	com.badlogic.gdx.scenes.scene2d.ui.ImageButton$ImageButtonStyle	null
FIELD	com.badlogic.gdx.scenes.scene2d.ui.ImageButton$ImageButtonStyle	null	imageUp	null	/home/nima/Desktop/docker/benchmarks/libgdx/gdx/src/com/badlogic/gdx/scenes/scene2d/ui/ImageButton.java	METHOD_NO_INIT	nullable	com.badlogic.gdx.scenes.scene2d.ui.ImageButton$ImageButtonStyle	null
FIELD	com.badlogic.gdx.scenes.scene2d.ui.ImageButton$ImageButtonStyle	null	imageDown	null	/home/nima/Desktop/docker/benchmarks/libgdx/gdx/src/com/badlogic/gdx/scenes/scene2d/ui/ImageButton.java	METHOD_NO_INIT	nullable	com.badlogic.gdx.scenes.scene2d.ui.ImageButton$ImageButtonStyle	null
FIELD	com.badlogic.gdx.scenes.scene2d.ui.ImageButton$ImageButtonStyle	null	imageOver	null	/home/nima/Desktop/docker/benchmarks/libgdx/gdx/src/com/badlogic/gdx/scenes/scene2d/ui/ImageButton.java	METHOD_NO_INIT	nullable	com.badlogic.gdx.scenes.scene2d.ui.ImageButton$ImageButtonStyle	null
FIELD	com.badlogic.gdx.scenes.scene2d.ui.ImageButton$ImageButtonStyle	null	imageDisabled	null	/home/nima/Desktop/docker/benchmarks/libgdx/gdx/src/com/badlogic/gdx/scenes/scene2d/ui/ImageButton.java	METHOD_NO_INIT	nullable	com.badlogic.gdx.scenes.scene2d.ui.ImageButton$ImageButtonStyle	null
FIELD	com.badlogic.gdx.scenes.scene2d.ui.ImageButton$ImageButtonStyle	null	imageDown	null	/home/nima/Desktop/docker/benchmarks/libgdx/gdx/src/com/badlogic/gdx/scenes/scene2d/ui/ImageButton.java	METHOD_NO_INIT	nullable	com.badlogic.gdx.scenes.scene2d.ui.ImageButton$ImageButtonStyle	null
FIELD	com.badlogic.gdx.scenes.scene2d.ui.ImageButton$ImageButtonStyle	null	imageOver	null	/home/nima/Desktop/docker/benchmarks/libgdx/gdx/src/com/badlogic/gdx/scenes/scene2d/ui/ImageButton.java	METHOD_NO_INIT	nullable	com.badlogic.gdx.scenes.scene2d.ui.ImageButton$ImageButtonStyle	null
FIELD	com.badlogic.gdx.scenes.scene2d.ui.ImageButton$ImageButtonStyle	null	imageDisabled	null	/home/nima/Desktop/docker/benchmarks/libgdx/gdx/src/com/badlogic/gdx/scenes/scene2d/ui/ImageButton.java	METHOD_NO_INIT	nullable	com.badlogic.gdx.scenes.scene2d.ui.ImageButton$ImageButtonStyle	null
FIELD	com.badlogic.gdx.scenes.scene2d.ui.ImageButton$ImageButtonStyle	null	imageDown	null	/home/nima/Desktop/docker/benchmarks/libgdx/gdx/src/com/badlogic/gdx/scenes/scene2d/ui/ImageButton.java	ASSIGN_FIELD_NULLABLE	nullable	com.badlogic.gdx.scenes.scene2d.ui.ImageButton$ImageButtonStyle	ImageButtonStyle(com.badlogic.gdx.scenes.scene2d.utils.Drawable,com.badlogic.gdx.scenes.scene2d.utils.Drawable,com.badlogic.gdx.scenes.scene2d.utils.Drawable,com.badlogic.gdx.scenes.scene2d.utils.Drawable,com.badlogic.gdx.scenes.scene2d.utils.Drawable,com.badlogic.gdx.scenes.scene2d.utils.Drawable)
FIELD	com.badlogic.gdx.scenes.scene2d.ui.Button	null	style	null	/home/nima/Desktop/docker/benchmarks/libgdx/gdx/src/com/badlogic/gdx/scenes/scene2d/ui/Button.java	METHOD_NO_INIT	nullable	com.badlogic.gdx.scenes.scene2d.ui.Button	null
FIELD	com.badlogic.gdx.scenes.scene2d.ui.Button	null	style	null	/home/nima/Desktop/docker/benchmarks/libgdx/gdx/src/com/badlogic/gdx/scenes/scene2d/ui/Button.java	METHOD_NO_INIT	nullable	com.badlogic.gdx.scenes.scene2d.ui.Button	null
FIELD	com.badlogic.gdx.scenes.scene2d.ui.Button	null	style	null	/home/nima/Desktop/docker/benchmarks/libgdx/gdx/src/com/badlogic/gdx/scenes/scene2d/ui/Button.java	METHOD_NO_INIT	nullable	com.badlogic.gdx.scenes.scene2d.ui.Button	null
FIELD	com.badlogic.gdx.scenes.scene2d.ui.Button	null	style	null	/home/nima/Desktop/docker/benchmarks/libgdx/gdx/src/com/badlogic/gdx/scenes/scene2d/ui/Button.java	METHOD_NO_INIT	nullable	com.badlogic.gdx.scenes.scene2d.ui.Button	null
FIELD	com.badlogic.gdx.scenes.scene2d.ui.Button	null	style	null	/home/nima/Desktop/docker/benchmarks/libgdx/gdx/src/com/badlogic/gdx/scenes/scene2d/ui/Button.java	METHOD_NO_INIT	nullable	com.badlogic.gdx.scenes.scene2d.ui.Button	null
FIELD	com.badlogic.gdx.scenes.scene2d.ui.Button$ButtonStyle	null	up	null	/home/nima/Desktop/docker/benchmarks/libgdx/gdx/src/com/badlogic/gdx/scenes/scene2d/ui/Button.java	METHOD_NO_INIT	nullable	com.badlogic.gdx.scenes.scene2d.ui.Button$ButtonStyle	null
FIELD	com.badlogic.gdx.scenes.scene2d.ui.Button$ButtonStyle	null	down	null	/home/nima/Desktop/docker/benchmarks/libgdx/gdx/src/com/badlogic/gdx/scenes/scene2d/ui/Button.java	METHOD_NO_INIT	nullable	com.badlogic.gdx.scenes.scene2d.ui.Button$ButtonStyle	null
FIELD	com.badlogic.gdx.scenes.scene2d.ui.Button$ButtonStyle	null	over	null	/home/nima/Desktop/docker/benchmarks/libgdx/gdx/src/com/badlogic/gdx/scenes/scene2d/ui/Button.java	METHOD_NO_INIT	nullable	com.badlogic.gdx.scenes.scene2d.ui.Button$ButtonStyle	null
FIELD	com.badlogic.gdx.scenes.scene2d.ui.Button$ButtonStyle	null	focused	null	/home/nima/Desktop/docker/benchmarks/libgdx/gdx/src/com/badlogic/gdx/scenes/scene2d/ui/Button.java	METHOD_NO_INIT	nullable	com.badlogic.gdx.scenes.scene2d.ui.Button$ButtonStyle	null
FIELD	com.badlogic.gdx.scenes.scene2d.ui.Button$ButtonStyle	null	disabled	null	/home/nima/Desktop/docker/benchmarks/libgdx/gdx/src/com/badlogic/gdx/scenes/scene2d/ui/Button.java	METHOD_NO_INIT	nullable	com.badlogic.gdx.scenes.scene2d.ui.Button$ButtonStyle	null
FIELD	com.badlogic.gdx.scenes.scene2d.ui.Button$ButtonStyle	null	up	null	/home/nima/Desktop/docker/benchmarks/libgdx/gdx/src/com/badlogic/gdx/scenes/scene2d/ui/Button.java	METHOD_NO_INIT	nullable	com.badlogic.gdx.scenes.scene2d.ui.Button$ButtonStyle	null
FIELD	com.badlogic.gdx.scenes.scene2d.ui.Button$ButtonStyle	null	down	null	/home/nima/Desktop/docker/benchmarks/libgdx/gdx/src/com/badlogic/gdx/scenes/scene2d/ui/Button.java	METHOD_NO_INIT	nullable	com.badlogic.gdx.scenes.scene2d.ui.Button$ButtonStyle	null
FIELD	com.badlogic.gdx.scenes.scene2d.ui.Button$ButtonStyle	null	over	null	/home/nima/Desktop/docker/benchmarks/libgdx/gdx/src/com/badlogic/gdx/scenes/scene2d/ui/Button.java	METHOD_NO_INIT	nullable	com.badlogic.gdx.scenes.scene2d.ui.Button$ButtonStyle	null
FIELD	com.badlogic.gdx.scenes.scene2d.ui.Button$ButtonStyle	null	focused	null	/home/nima/Desktop/docker/benchmarks/libgdx/gdx/src/com/badlogic/gdx/scenes/scene2d/ui/Button.java	METHOD_NO_INIT	nullable	com.badlogic.gdx.scenes.scene2d.ui.Button$ButtonStyle	null
FIELD	com.badlogic.gdx.scenes.scene2d.ui.Button$ButtonStyle	null	disabled	null	/home/nima/Desktop/docker/benchmarks/libgdx/gdx/src/com/badlogic/gdx/scenes/scene2d/ui/Button.java	METHOD_NO_INIT	nullable	com.badlogic.gdx.scenes.scene2d.ui.Button$ButtonStyle	null
FIELD	com.badlogic.gdx.scenes.scene2d.ui.Button$ButtonStyle	null	up	null	/home/nima/Desktop/docker/benchmarks/libgdx/gdx/src/com/badlogic/gdx/scenes/scene2d/ui/Button.java	ASSIGN_FIELD_NULLABLE	nullable	com.badlogic.gdx.scenes.scene2d.ui.Button$ButtonStyle	ButtonStyle(com.badlogic.gdx.scenes.scene2d.utils.Drawable,com.badlogic.gdx.scenes.scene2d.utils.Drawable,com.badlogic.gdx.scenes.scene2d.utils.Drawable)
FIELD	com.badlogic.gdx.scenes.scene2d.ui.Button$ButtonStyle	null	down	null	/home/nima/Desktop/docker/benchmarks/libgdx/gdx/src/com/badlogic/gdx/scenes/scene2d/ui/Button.java	ASSIGN_FIELD_NULLABLE	nullable	com.badlogic.gdx.scenes.scene2d.ui.Button$ButtonStyle	ButtonStyle(com.badlogic.gdx.scenes.scene2d.utils.Drawable,com.badlogic.gdx.scenes.scene2d.utils.Drawable,com.badlogic.gdx.scenes.scene2d.utils.Drawable)
FIELD	com.badlogic.gdx.scenes.scene2d.ui.List	null	style	null	/home/nima/Desktop/docker/benchmarks/libgdx/gdx/src/com/badlogic/gdx/scenes/scene2d/ui/List.java	METHOD_NO_INIT	nullable	com.badlogic.gdx.scenes.scene2d.ui.List	null
FIELD	com.badlogic.gdx.scenes.scene2d.ui.List	null	cullingArea	null	/home/nima/Desktop/docker/benchmarks/libgdx/gdx/src/com/badlogic/gdx/scenes/scene2d/ui/List.java	METHOD_NO_INIT	nullable	com.badlogic.gdx.scenes.scene2d.ui.List	null
FIELD	com.badlogic.gdx.scenes.scene2d.ui.List$ListStyle	null	font	null	/home/nima/Desktop/docker/benchmarks/libgdx/gdx/src/com/badlogic/gdx/scenes/scene2d/ui/List.java	METHOD_NO_INIT	nullable	com.badlogic.gdx.scenes.scene2d.ui.List$ListStyle	null
FIELD	com.badlogic.gdx.scenes.scene2d.ui.List$ListStyle	null	selection	null	/home/nima/Desktop/docker/benchmarks/libgdx/gdx/src/com/badlogic/gdx/scenes/scene2d/ui/List.java	METHOD_NO_INIT	nullable	com.badlogic.gdx.scenes.scene2d.ui.List$ListStyle	null
FIELD	com.badlogic.gdx.scenes.scene2d.ui.SelectBox	null	style	null	/home/nima/Desktop/docker/benchmarks/libgdx/gdx/src/com/badlogic/gdx/scenes/scene2d/ui/SelectBox.java	METHOD_NO_INIT	nullable	com.badlogic.gdx.scenes.scene2d.ui.SelectBox	null
FIELD	com.badlogic.gdx.scenes.scene2d.ui.SelectBox$SelectBoxStyle	null	font	null	/home/nima/Desktop/docker/benchmarks/libgdx/gdx/src/com/badlogic/gdx/scenes/scene2d/ui/SelectBox.java	METHOD_NO_INIT	nullable	com.badlogic.gdx.scenes.scene2d.ui.SelectBox$SelectBoxStyle	null
FIELD	com.badlogic.gdx.scenes.scene2d.ui.SelectBox$SelectBoxStyle	null	background	null	/home/nima/Desktop/docker/benchmarks/libgdx/gdx/src/com/badlogic/gdx/scenes/scene2d/ui/SelectBox.java	METHOD_NO_INIT	nullable	com.badlogic.gdx.scenes.scene2d.ui.SelectBox$SelectBoxStyle	null
FIELD	com.badlogic.gdx.scenes.scene2d.ui.SelectBox$SelectBoxStyle	null	scrollStyle	null	/home/nima/Desktop/docker/benchmarks/libgdx/gdx/src/com/badlogic/gdx/scenes/scene2d/ui/SelectBox.java	METHOD_NO_INIT	nullable	com.badlogic.gdx.scenes.scene2d.ui.SelectBox$SelectBoxStyle	null
FIELD	com.badlogic.gdx.scenes.scene2d.ui.SelectBox$SelectBoxStyle	null	listStyle	null	/home/nima/Desktop/docker/benchmarks/libgdx/gdx/src/com/badlogic/gdx/scenes/scene2d/ui/SelectBox.java	METHOD_NO_INIT	nullable	com.badlogic.gdx.scenes.scene2d.ui.SelectBox$SelectBoxStyle	null
METHOD	com.badlogic.gdx.scenes.scene2d.utils.Selection	first()	null	null	/home/nima/Desktop/docker/benchmarks/libgdx/gdx/src/com/badlogic/gdx/scenes/scene2d/utils/Selection.java	RETURN_NULLABLE	nullable	com.badlogic.gdx.scenes.scene2d.utils.Selection	first()
FIELD	com.badlogic.gdx.scenes.scene2d.actions.ColorAction	null	color	null	/home/nima/Desktop/docker/benchmarks/libgdx/gdx/src/com/badlogic/gdx/scenes/scene2d/actions/ColorAction.java	FIELD_NO_INIT	nullable	com.badlogic.gdx.scenes.scene2d.actions.ColorAction	null
FIELD	com.badlogic.gdx.scenes.scene2d.actions.ColorAction	null	color	null	/home/nima/Desktop/docker/benchmarks/libgdx/gdx/src/com/badlogic/gdx/scenes/scene2d/actions/ColorAction.java	ASSIGN_FIELD_NULLABLE	nullable	com.badlogic.gdx.scenes.scene2d.actions.ColorAction	reset()
FIELD	com.badlogic.gdx.scenes.scene2d.actions.AlphaAction	null	color	null	/home/nima/Desktop/docker/benchmarks/libgdx/gdx/src/com/badlogic/gdx/scenes/scene2d/actions/AlphaAction.java	FIELD_NO_INIT	nullable	com.badlogic.gdx.scenes.scene2d.actions.AlphaAction	null
FIELD	com.badlogic.gdx.scenes.scene2d.actions.AlphaAction	null	color	null	/home/nima/Desktop/docker/benchmarks/libgdx/gdx/src/com/badlogic/gdx/scenes/scene2d/actions/AlphaAction.java	ASSIGN_FIELD_NULLABLE	nullable	com.badlogic.gdx.scenes.scene2d.actions.AlphaAction	reset()
FIELD	com.badlogic.gdx.scenes.scene2d.actions.TouchableAction	null	touchable	null	/home/nima/Desktop/docker/benchmarks/libgdx/gdx/src/com/badlogic/gdx/scenes/scene2d/actions/TouchableAction.java	FIELD_NO_INIT	nullable	com.badlogic.gdx.scenes.scene2d.actions.TouchableAction	null
FIELD	com.badlogic.gdx.scenes.scene2d.actions.DelegateAction	null	action	null	/home/nima/Desktop/docker/benchmarks/libgdx/gdx/src/com/badlogic/gdx/scenes/scene2d/actions/DelegateAction.java	FIELD_NO_INIT	nullable	com.badlogic.gdx.scenes.scene2d.actions.DelegateAction	null
FIELD	com.badlogic.gdx.scenes.scene2d.actions.DelegateAction	null	action	null	/home/nima/Desktop/docker/benchmarks/libgdx/gdx/src/com/badlogic/gdx/scenes/scene2d/actions/DelegateAction.java	ASSIGN_FIELD_NULLABLE	nullable	com.badlogic.gdx.scenes.scene2d.actions.DelegateAction	reset()
FIELD	com.badlogic.gdx.scenes.scene2d.actions.AddListenerAction	null	listener	null	/home/nima/Desktop/docker/benchmarks/libgdx/gdx/src/com/badlogic/gdx/scenes/scene2d/actions/AddListenerAction.java	FIELD_NO_INIT	nullable	com.badlogic.gdx.scenes.scene2d.actions.AddListenerAction	null
FIELD	com.badlogic.gdx.scenes.scene2d.actions.AddListenerAction	null	listener	null	/home/nima/Desktop/docker/benchmarks/libgdx/gdx/src/com/badlogic/gdx/scenes/scene2d/actions/AddListenerAction.java	ASSIGN_FIELD_NULLABLE	nullable	com.badlogic.gdx.scenes.scene2d.actions.AddListenerAction	reset()
FIELD	com.badlogic.gdx.scenes.scene2d.actions.RemoveListenerAction	null	listener	null	/home/nima/Desktop/docker/benchmarks/libgdx/gdx/src/com/badlogic/gdx/scenes/scene2d/actions/RemoveListenerAction.java	FIELD_NO_INIT	nullable	com.badlogic.gdx.scenes.scene2d.actions.RemoveListenerAction	null
FIELD	com.badlogic.gdx.scenes.scene2d.actions.RemoveListenerAction	null	listener	null	/home/nima/Desktop/docker/benchmarks/libgdx/gdx/src/com/badlogic/gdx/scenes/scene2d/actions/RemoveListenerAction.java	ASSIGN_FIELD_NULLABLE	nullable	com.badlogic.gdx.scenes.scene2d.actions.RemoveListenerAction	reset()
FIELD	com.badlogic.gdx.scenes.scene2d.utils.ActorGestureListener	null	event	null	/home/nima/Desktop/docker/benchmarks/libgdx/gdx/src/com/badlogic/gdx/scenes/scene2d/utils/ActorGestureListener.java	METHOD_NO_INIT	nullable	com.badlogic.gdx.scenes.scene2d.utils.ActorGestureListener	null
FIELD	com.badlogic.gdx.scenes.scene2d.utils.ActorGestureListener	null	actor	null	/home/nima/Desktop/docker/benchmarks/libgdx/gdx/src/com/badlogic/gdx/scenes/scene2d/utils/ActorGestureListener.java	METHOD_NO_INIT	nullable	com.badlogic.gdx.scenes.scene2d.utils.ActorGestureListener	null
FIELD	com.badlogic.gdx.scenes.scene2d.utils.ActorGestureListener	null	touchDownTarget	null	/home/nima/Desktop/docker/benchmarks/libgdx/gdx/src/com/badlogic/gdx/scenes/scene2d/utils/ActorGestureListener.java	METHOD_NO_INIT	nullable	com.badlogic.gdx.scenes.scene2d.utils.ActorGestureListener	null
FIELD	com.badlogic.gdx.scenes.scene2d.ui.Window	null	style	null	/home/nima/Desktop/docker/benchmarks/libgdx/gdx/src/com/badlogic/gdx/scenes/scene2d/ui/Window.java	METHOD_NO_INIT	nullable	com.badlogic.gdx.scenes.scene2d.ui.Window	null
FIELD	com.badlogic.gdx.scenes.scene2d.ui.Window$WindowStyle	null	background	null	/home/nima/Desktop/docker/benchmarks/libgdx/gdx/src/com/badlogic/gdx/scenes/scene2d/ui/Window.java	METHOD_NO_INIT	nullable	com.badlogic.gdx.scenes.scene2d.ui.Window$WindowStyle	null
FIELD	com.badlogic.gdx.scenes.scene2d.ui.Window$WindowStyle	null	titleFont	null	/home/nima/Desktop/docker/benchmarks/libgdx/gdx/src/com/badlogic/gdx/scenes/scene2d/ui/Window.java	METHOD_NO_INIT	nullable	com.badlogic.gdx.scenes.scene2d.ui.Window$WindowStyle	null
FIELD	com.badlogic.gdx.scenes.scene2d.ui.TextTooltip$TextTooltipStyle	null	label	null	/home/nima/Desktop/docker/benchmarks/libgdx/gdx/src/com/badlogic/gdx/scenes/scene2d/ui/TextTooltip.java	METHOD_NO_INIT	nullable	com.badlogic.gdx.scenes.scene2d.ui.TextTooltip$TextTooltipStyle	null
FIELD	com.badlogic.gdx.scenes.scene2d.ui.TextTooltip$TextTooltipStyle	null	background	null	/home/nima/Desktop/docker/benchmarks/libgdx/gdx/src/com/badlogic/gdx/scenes/scene2d/ui/TextTooltip.java	METHOD_NO_INIT	nullable	com.badlogic.gdx.scenes.scene2d.ui.TextTooltip$TextTooltipStyle	null
METHOD	com.badlogic.gdx.scenes.scene2d.ui.TooltipManager	getInstance()	null	null	/home/nima/Desktop/docker/benchmarks/libgdx/gdx/src/com/badlogic/gdx/scenes/scene2d/ui/TooltipManager.java	RETURN_NULLABLE	nullable	com.badlogic.gdx.scenes.scene2d.ui.TooltipManager	getInstance()
FIELD	com.badlogic.gdx.scenes.scene2d.ui.Container	null	actor	null	/home/nima/Desktop/docker/benchmarks/libgdx/gdx/src/com/badlogic/gdx/scenes/scene2d/ui/Container.java	METHOD_NO_INIT	nullable	com.badlogic.gdx.scenes.scene2d.ui.Container	null
FIELD	com.badlogic.gdx.scenes.scene2d.ui.Container	null	background	null	/home/nima/Desktop/docker/benchmarks/libgdx/gdx/src/com/badlogic/gdx/scenes/scene2d/ui/Container.java	METHOD_NO_INIT	nullable	com.badlogic.gdx.scenes.scene2d.ui.Container	null
FIELD	com.badlogic.gdx.scenes.scene2d.ui.Container	null	actor	null	/home/nima/Desktop/docker/benchmarks/libgdx/gdx/src/com/badlogic/gdx/scenes/scene2d/ui/Container.java	ASSIGN_FIELD_NULLABLE	nullable	com.badlogic.gdx.scenes.scene2d.ui.Container	setActor(T)
FIELD	com.badlogic.gdx.scenes.scene2d.ui.Container	null	actor	null	/home/nima/Desktop/docker/benchmarks/libgdx/gdx/src/com/badlogic/gdx/scenes/scene2d/ui/Container.java	ASSIGN_FIELD_NULLABLE	nullable	com.badlogic.gdx.scenes.scene2d.ui.Container	removeActor(com.badlogic.gdx.scenes.scene2d.Actor,boolean)
FIELD	com.badlogic.gdx.scenes.scene2d.ui.Container	null	actor	null	/home/nima/Desktop/docker/benchmarks/libgdx/gdx/src/com/badlogic/gdx/scenes/scene2d/ui/Container.java	ASSIGN_FIELD_NULLABLE	nullable	com.badlogic.gdx.scenes.scene2d.ui.Container	removeActorAt(int,boolean)
FIELD	com.badlogic.gdx.scenes.scene2d.ui.TextArea	null	linesBreak	null	/home/nima/Desktop/docker/benchmarks/libgdx/gdx/src/com/badlogic/gdx/scenes/scene2d/ui/TextArea.java	METHOD_NO_INIT	nullable	com.badlogic.gdx.scenes.scene2d.ui.TextArea	null
FIELD	com.badlogic.gdx.scenes.scene2d.ui.TextArea	null	linesBreak	null	/home/nima/Desktop/docker/benchmarks/libgdx/gdx/src/com/badlogic/gdx/scenes/scene2d/ui/TextArea.java	METHOD_NO_INIT	nullable	com.badlogic.gdx.scenes.scene2d.ui.TextArea	null
FIELD	com.badlogic.gdx.scenes.scene2d.ui.TextArea	null	linesBreak	null	/home/nima/Desktop/docker/benchmarks/libgdx/gdx/src/com/badlogic/gdx/scenes/scene2d/ui/TextArea.java	METHOD_NO_INIT	nullable	com.badlogic.gdx.scenes.scene2d.ui.TextArea	null
FIELD	com.badlogic.gdx.scenes.scene2d.ui.TextField	null	text	null	/home/nima/Desktop/docker/benchmarks/libgdx/gdx/src/com/badlogic/gdx/scenes/scene2d/ui/TextField.java	METHOD_NO_INIT	nullable	com.badlogic.gdx.scenes.scene2d.ui.TextField	null
FIELD	com.badlogic.gdx.scenes.scene2d.ui.TextField	null	style	null	/home/nima/Desktop/docker/benchmarks/libgdx/gdx/src/com/badlogic/gdx/scenes/scene2d/ui/TextField.java	METHOD_NO_INIT	nullable	com.badlogic.gdx.scenes.scene2d.ui.TextField	null
FIELD	com.badlogic.gdx.scenes.scene2d.ui.TextField	null	messageText	null	/home/nima/Desktop/docker/benchmarks/libgdx/gdx/src/com/badlogic/gdx/scenes/scene2d/ui/TextField.java	METHOD_NO_INIT	nullable	com.badlogic.gdx.scenes.scene2d.ui.TextField	null
FIELD	com.badlogic.gdx.scenes.scene2d.ui.TextField	null	displayText	null	/home/nima/Desktop/docker/benchmarks/libgdx/gdx/src/com/badlogic/gdx/scenes/scene2d/ui/TextField.java	METHOD_NO_INIT	nullable	com.badlogic.gdx.scenes.scene2d.ui.TextField	null
FIELD	com.badlogic.gdx.scenes.scene2d.ui.TextField	null	inputListener	null	/home/nima/Desktop/docker/benchmarks/libgdx/gdx/src/com/badlogic/gdx/scenes/scene2d/ui/TextField.java	METHOD_NO_INIT	nullable	com.badlogic.gdx.scenes.scene2d.ui.TextField	null
FIELD	com.badlogic.gdx.scenes.scene2d.ui.TextField	null	filter	null	/home/nima/Desktop/docker/benchmarks/libgdx/gdx/src/com/badlogic/gdx/scenes/scene2d/ui/TextField.java	METHOD_NO_INIT	nullable	com.badlogic.gdx.scenes.scene2d.ui.TextField	null
PARAMETER	com.badlogic.gdx.scenes.scene2d.InputListener	keyDown(com.badlogic.gdx.scenes.scene2d.InputEvent,int)	event	0	/home/nima/Desktop/docker/benchmarks/libgdx/gdx/src/com/badlogic/gdx/scenes/scene2d/InputListener.java	PASS_NULLABLE	nullable	com.badlogic.gdx.scenes.scene2d.ui.TextField$KeyRepeatTask	run()
FIELD	com.badlogic.gdx.scenes.scene2d.ui.TextField$TextFieldStyle	null	font	null	/home/nima/Desktop/docker/benchmarks/libgdx/gdx/src/com/badlogic/gdx/scenes/scene2d/ui/TextField.java	METHOD_NO_INIT	nullable	com.badlogic.gdx.scenes.scene2d.ui.TextField$TextFieldStyle	null
FIELD	com.badlogic.gdx.scenes.scene2d.ui.TextField$TextFieldStyle	null	fontColor	null	/home/nima/Desktop/docker/benchmarks/libgdx/gdx/src/com/badlogic/gdx/scenes/scene2d/ui/TextField.java	METHOD_NO_INIT	nullable	com.badlogic.gdx.scenes.scene2d.ui.TextField$TextFieldStyle	null
FIELD	com.badlogic.gdx.scenes.scene2d.ui.TextField$TextFieldStyle	null	background	null	/home/nima/Desktop/docker/benchmarks/libgdx/gdx/src/com/badlogic/gdx/scenes/scene2d/ui/TextField.java	METHOD_NO_INIT	nullable	com.badlogic.gdx.scenes.scene2d.ui.TextField$TextFieldStyle	null
FIELD	com.badlogic.gdx.scenes.scene2d.ui.TextField$TextFieldStyle	null	focusedBackground	null	/home/nima/Desktop/docker/benchmarks/libgdx/gdx/src/com/badlogic/gdx/scenes/scene2d/ui/TextField.java	METHOD_NO_INIT	nullable	com.badlogic.gdx.scenes.scene2d.ui.TextField$TextFieldStyle	null
FIELD	com.badlogic.gdx.scenes.scene2d.ui.TextField$TextFieldStyle	null	disabledBackground	null	/home/nima/Desktop/docker/benchmarks/libgdx/gdx/src/com/badlogic/gdx/scenes/scene2d/ui/TextField.java	METHOD_NO_INIT	nullable	com.badlogic.gdx.scenes.scene2d.ui.TextField$TextFieldStyle	null
FIELD	com.badlogic.gdx.scenes.scene2d.ui.TextField$TextFieldStyle	null	cursor	null	/home/nima/Desktop/docker/benchmarks/libgdx/gdx/src/com/badlogic/gdx/scenes/scene2d/ui/TextField.java	METHOD_NO_INIT	nullable	com.badlogic.gdx.scenes.scene2d.ui.TextField$TextFieldStyle	null
FIELD	com.badlogic.gdx.scenes.scene2d.ui.TextField$TextFieldStyle	null	selection	null	/home/nima/Desktop/docker/benchmarks/libgdx/gdx/src/com/badlogic/gdx/scenes/scene2d/ui/TextField.java	METHOD_NO_INIT	nullable	com.badlogic.gdx.scenes.scene2d.ui.TextField$TextFieldStyle	null
FIELD	com.badlogic.gdx.scenes.scene2d.ui.TextField$TextFieldStyle	null	fontColor	null	/home/nima/Desktop/docker/benchmarks/libgdx/gdx/src/com/badlogic/gdx/scenes/scene2d/ui/TextField.java	METHOD_NO_INIT	nullable	com.badlogic.gdx.scenes.scene2d.ui.TextField$TextFieldStyle	null
FIELD	com.badlogic.gdx.scenes.scene2d.ui.TextField$TextFieldStyle	null	focusedBackground	null	/home/nima/Desktop/docker/benchmarks/libgdx/gdx/src/com/badlogic/gdx/scenes/scene2d/ui/TextField.java	METHOD_NO_INIT	nullable	com.badlogic.gdx.scenes.scene2d.ui.TextField$TextFieldStyle	null
FIELD	com.badlogic.gdx.scenes.scene2d.ui.TextField$TextFieldStyle	null	disabledBackground	null	/home/nima/Desktop/docker/benchmarks/libgdx/gdx/src/com/badlogic/gdx/scenes/scene2d/ui/TextField.java	METHOD_NO_INIT	nullable	com.badlogic.gdx.scenes.scene2d.ui.TextField$TextFieldStyle	null
FIELD	com.badlogic.gdx.scenes.scene2d.ui.Touchpad	null	style	null	/home/nima/Desktop/docker/benchmarks/libgdx/gdx/src/com/badlogic/gdx/scenes/scene2d/ui/Touchpad.java	METHOD_NO_INIT	nullable	com.badlogic.gdx.scenes.scene2d.ui.Touchpad	null
FIELD	com.badlogic.gdx.scenes.scene2d.ui.Tree	null	style	null	/home/nima/Desktop/docker/benchmarks/libgdx/gdx/src/com/badlogic/gdx/scenes/scene2d/ui/Tree.java	METHOD_NO_INIT	nullable	com.badlogic.gdx.scenes.scene2d.ui.Tree	null
METHOD	com.badlogic.gdx.scenes.scene2d.ui.Tree	findNode(com.badlogic.gdx.utils.Array<? extends com.badlogic.gdx.scenes.scene2d.ui.Tree.Node>,java.lang.Object)	null	null	/home/nima/Desktop/docker/benchmarks/libgdx/gdx/src/com/badlogic/gdx/scenes/scene2d/ui/Tree.java	RETURN_NULLABLE	nullable	com.badlogic.gdx.scenes.scene2d.ui.Tree	findNode(com.badlogic.gdx.utils.Array<? extends com.badlogic.gdx.scenes.scene2d.ui.Tree.Node>,java.lang.Object)
FIELD	com.badlogic.gdx.scenes.scene2d.ui.Tree$Node	null	icon	null	/home/nima/Desktop/docker/benchmarks/libgdx/gdx/src/com/badlogic/gdx/scenes/scene2d/ui/Tree.java	METHOD_NO_INIT	nullable	com.badlogic.gdx.scenes.scene2d.ui.Tree$Node	null
FIELD	com.badlogic.gdx.scenes.scene2d.ui.Tree$Node	null	value	null	/home/nima/Desktop/docker/benchmarks/libgdx/gdx/src/com/badlogic/gdx/scenes/scene2d/ui/Tree.java	METHOD_NO_INIT	nullable	com.badlogic.gdx.scenes.scene2d.ui.Tree$Node	null
FIELD	com.badlogic.gdx.scenes.scene2d.ui.Tree$Node	null	icon	null	/home/nima/Desktop/docker/benchmarks/libgdx/gdx/src/com/badlogic/gdx/scenes/scene2d/ui/Tree.java	METHOD_NO_INIT	nullable	com.badlogic.gdx.scenes.scene2d.ui.Tree$Node	null
FIELD	com.badlogic.gdx.scenes.scene2d.ui.Tree$Node	null	value	null	/home/nima/Desktop/docker/benchmarks/libgdx/gdx/src/com/badlogic/gdx/scenes/scene2d/ui/Tree.java	METHOD_NO_INIT	nullable	com.badlogic.gdx.scenes.scene2d.ui.Tree$Node	null
FIELD	com.badlogic.gdx.scenes.scene2d.ui.Tree$Node	null	actor	null	/home/nima/Desktop/docker/benchmarks/libgdx/gdx/src/com/badlogic/gdx/scenes/scene2d/ui/Tree.java	METHOD_NO_INIT	nullable	com.badlogic.gdx.scenes.scene2d.ui.Tree$Node	null
FIELD	com.badlogic.gdx.scenes.scene2d.ui.Tree$TreeStyle	null	plus	null	/home/nima/Desktop/docker/benchmarks/libgdx/gdx/src/com/badlogic/gdx/scenes/scene2d/ui/Tree.java	METHOD_NO_INIT	nullable	com.badlogic.gdx.scenes.scene2d.ui.Tree$TreeStyle	null
FIELD	com.badlogic.gdx.scenes.scene2d.ui.Tree$TreeStyle	null	minus	null	/home/nima/Desktop/docker/benchmarks/libgdx/gdx/src/com/badlogic/gdx/scenes/scene2d/ui/Tree.java	METHOD_NO_INIT	nullable	com.badlogic.gdx.scenes.scene2d.ui.Tree$TreeStyle	null
FIELD	com.badlogic.gdx.scenes.scene2d.ui.SplitPane	null	style	null	/home/nima/Desktop/docker/benchmarks/libgdx/gdx/src/com/badlogic/gdx/scenes/scene2d/ui/SplitPane.java	METHOD_NO_INIT	nullable	com.badlogic.gdx.scenes.scene2d.ui.SplitPane	null
FIELD	com.badlogic.gdx.scenes.scene2d.ui.SplitPane$SplitPaneStyle	null	handle	null	/home/nima/Desktop/docker/benchmarks/libgdx/gdx/src/com/badlogic/gdx/scenes/scene2d/ui/SplitPane.java	METHOD_NO_INIT	nullable	com.badlogic.gdx.scenes.scene2d.ui.SplitPane$SplitPaneStyle	null
FIELD	com.badlogic.gdx.scenes.scene2d.ui.VerticalGroup	null	columnSizes	null	/home/nima/Desktop/docker/benchmarks/libgdx/gdx/src/com/badlogic/gdx/scenes/scene2d/ui/VerticalGroup.java	METHOD_NO_INIT	nullable	com.badlogic.gdx.scenes.scene2d.ui.VerticalGroup	null
FIELD	com.badlogic.gdx.scenes.scene2d.ui.TextButton	null	style	null	/home/nima/Desktop/docker/benchmarks/libgdx/gdx/src/com/badlogic/gdx/scenes/scene2d/ui/TextButton.java	METHOD_NO_INIT	nullable	com.badlogic.gdx.scenes.scene2d.ui.TextButton	null
FIELD	com.badlogic.gdx.scenes.scene2d.ui.TextButton$TextButtonStyle	null	font	null	/home/nima/Desktop/docker/benchmarks/libgdx/gdx/src/com/badlogic/gdx/scenes/scene2d/ui/TextButton.java	METHOD_NO_INIT	nullable	com.badlogic.gdx.scenes.scene2d.ui.TextButton$TextButtonStyle	null
FIELD	com.badlogic.gdx.scenes.scene2d.ui.TextButton$TextButtonStyle	null	fontColor	null	/home/nima/Desktop/docker/benchmarks/libgdx/gdx/src/com/badlogic/gdx/scenes/scene2d/ui/TextButton.java	METHOD_NO_INIT	nullable	com.badlogic.gdx.scenes.scene2d.ui.TextButton$TextButtonStyle	null
FIELD	com.badlogic.gdx.scenes.scene2d.ui.TextButton$TextButtonStyle	null	downFontColor	null	/home/nima/Desktop/docker/benchmarks/libgdx/gdx/src/com/badlogic/gdx/scenes/scene2d/ui/TextButton.java	METHOD_NO_INIT	nullable	com.badlogic.gdx.scenes.scene2d.ui.TextButton$TextButtonStyle	null
FIELD	com.badlogic.gdx.scenes.scene2d.ui.TextButton$TextButtonStyle	null	overFontColor	null	/home/nima/Desktop/docker/benchmarks/libgdx/gdx/src/com/badlogic/gdx/scenes/scene2d/ui/TextButton.java	METHOD_NO_INIT	nullable	com.badlogic.gdx.scenes.scene2d.ui.TextButton$TextButtonStyle	null
FIELD	com.badlogic.gdx.scenes.scene2d.ui.TextButton$TextButtonStyle	null	focusedFontColor	null	/home/nima/Desktop/docker/benchmarks/libgdx/gdx/src/com/badlogic/gdx/scenes/scene2d/ui/TextButton.java	METHOD_NO_INIT	nullable	com.badlogic.gdx.scenes.scene2d.ui.TextButton$TextButtonStyle	null
FIELD	com.badlogic.gdx.scenes.scene2d.ui.TextButton$TextButtonStyle	null	disabledFontColor	null	/home/nima/Desktop/docker/benchmarks/libgdx/gdx/src/com/badlogic/gdx/scenes/scene2d/ui/TextButton.java	METHOD_NO_INIT	nullable	com.badlogic.gdx.scenes.scene2d.ui.TextButton$TextButtonStyle	null
FIELD	com.badlogic.gdx.scenes.scene2d.ui.TextButton$TextButtonStyle	null	fontColor	null	/home/nima/Desktop/docker/benchmarks/libgdx/gdx/src/com/badlogic/gdx/scenes/scene2d/ui/TextButton.java	METHOD_NO_INIT	nullable	com.badlogic.gdx.scenes.scene2d.ui.TextButton$TextButtonStyle	null
FIELD	com.badlogic.gdx.scenes.scene2d.ui.TextButton$TextButtonStyle	null	downFontColor	null	/home/nima/Desktop/docker/benchmarks/libgdx/gdx/src/com/badlogic/gdx/scenes/scene2d/ui/TextButton.java	METHOD_NO_INIT	nullable	com.badlogic.gdx.scenes.scene2d.ui.TextButton$TextButtonStyle	null
FIELD	com.badlogic.gdx.scenes.scene2d.ui.TextButton$TextButtonStyle	null	overFontColor	null	/home/nima/Desktop/docker/benchmarks/libgdx/gdx/src/com/badlogic/gdx/scenes/scene2d/ui/TextButton.java	METHOD_NO_INIT	nullable	com.badlogic.gdx.scenes.scene2d.ui.TextButton$TextButtonStyle	null
FIELD	com.badlogic.gdx.scenes.scene2d.ui.TextButton$TextButtonStyle	null	focusedFontColor	null	/home/nima/Desktop/docker/benchmarks/libgdx/gdx/src/com/badlogic/gdx/scenes/scene2d/ui/TextButton.java	METHOD_NO_INIT	nullable	com.badlogic.gdx.scenes.scene2d.ui.TextButton$TextButtonStyle	null
FIELD	com.badlogic.gdx.scenes.scene2d.ui.TextButton$TextButtonStyle	null	disabledFontColor	null	/home/nima/Desktop/docker/benchmarks/libgdx/gdx/src/com/badlogic/gdx/scenes/scene2d/ui/TextButton.java	METHOD_NO_INIT	nullable	com.badlogic.gdx.scenes.scene2d.ui.TextButton$TextButtonStyle	null
FIELD	com.badlogic.gdx.scenes.scene2d.ui.TextButton$TextButtonStyle	null	fontColor	null	/home/nima/Desktop/docker/benchmarks/libgdx/gdx/src/com/badlogic/gdx/scenes/scene2d/ui/TextButton.java	METHOD_NO_INIT	nullable	com.badlogic.gdx.scenes.scene2d.ui.TextButton$TextButtonStyle	null
FIELD	com.badlogic.gdx.scenes.scene2d.ui.TextButton$TextButtonStyle	null	downFontColor	null	/home/nima/Desktop/docker/benchmarks/libgdx/gdx/src/com/badlogic/gdx/scenes/scene2d/ui/TextButton.java	METHOD_NO_INIT	nullable	com.badlogic.gdx.scenes.scene2d.ui.TextButton$TextButtonStyle	null
FIELD	com.badlogic.gdx.scenes.scene2d.ui.TextButton$TextButtonStyle	null	overFontColor	null	/home/nima/Desktop/docker/benchmarks/libgdx/gdx/src/com/badlogic/gdx/scenes/scene2d/ui/TextButton.java	METHOD_NO_INIT	nullable	com.badlogic.gdx.scenes.scene2d.ui.TextButton$TextButtonStyle	null
FIELD	com.badlogic.gdx.scenes.scene2d.ui.TextButton$TextButtonStyle	null	focusedFontColor	null	/home/nima/Desktop/docker/benchmarks/libgdx/gdx/src/com/badlogic/gdx/scenes/scene2d/ui/TextButton.java	METHOD_NO_INIT	nullable	com.badlogic.gdx.scenes.scene2d.ui.TextButton$TextButtonStyle	null
FIELD	com.badlogic.gdx.scenes.scene2d.ui.TextButton$TextButtonStyle	null	disabledFontColor	null	/home/nima/Desktop/docker/benchmarks/libgdx/gdx/src/com/badlogic/gdx/scenes/scene2d/ui/TextButton.java	METHOD_NO_INIT	nullable	com.badlogic.gdx.scenes.scene2d.ui.TextButton$TextButtonStyle	null
FIELD	com.badlogic.gdx.scenes.scene2d.ui.ImageTextButton$ImageTextButtonStyle	null	imageUp	null	/home/nima/Desktop/docker/benchmarks/libgdx/gdx/src/com/badlogic/gdx/scenes/scene2d/ui/ImageTextButton.java	METHOD_NO_INIT	nullable	com.badlogic.gdx.scenes.scene2d.ui.ImageTextButton$ImageTextButtonStyle	null
FIELD	com.badlogic.gdx.scenes.scene2d.ui.ImageTextButton$ImageTextButtonStyle	null	imageDown	null	/home/nima/Desktop/docker/benchmarks/libgdx/gdx/src/com/badlogic/gdx/scenes/scene2d/ui/ImageTextButton.java	METHOD_NO_INIT	nullable	com.badlogic.gdx.scenes.scene2d.ui.ImageTextButton$ImageTextButtonStyle	null
FIELD	com.badlogic.gdx.scenes.scene2d.ui.ImageTextButton$ImageTextButtonStyle	null	imageOver	null	/home/nima/Desktop/docker/benchmarks/libgdx/gdx/src/com/badlogic/gdx/scenes/scene2d/ui/ImageTextButton.java	METHOD_NO_INIT	nullable	com.badlogic.gdx.scenes.scene2d.ui.ImageTextButton$ImageTextButtonStyle	null
FIELD	com.badlogic.gdx.scenes.scene2d.ui.ImageTextButton$ImageTextButtonStyle	null	imageDisabled	null	/home/nima/Desktop/docker/benchmarks/libgdx/gdx/src/com/badlogic/gdx/scenes/scene2d/ui/ImageTextButton.java	METHOD_NO_INIT	nullable	com.badlogic.gdx.scenes.scene2d.ui.ImageTextButton$ImageTextButtonStyle	null
FIELD	com.badlogic.gdx.scenes.scene2d.ui.ImageTextButton$ImageTextButtonStyle	null	imageUp	null	/home/nima/Desktop/docker/benchmarks/libgdx/gdx/src/com/badlogic/gdx/scenes/scene2d/ui/ImageTextButton.java	METHOD_NO_INIT	nullable	com.badlogic.gdx.scenes.scene2d.ui.ImageTextButton$ImageTextButtonStyle	null
FIELD	com.badlogic.gdx.scenes.scene2d.ui.ImageTextButton$ImageTextButtonStyle	null	imageDown	null	/home/nima/Desktop/docker/benchmarks/libgdx/gdx/src/com/badlogic/gdx/scenes/scene2d/ui/ImageTextButton.java	METHOD_NO_INIT	nullable	com.badlogic.gdx.scenes.scene2d.ui.ImageTextButton$ImageTextButtonStyle	null
FIELD	com.badlogic.gdx.scenes.scene2d.ui.ImageTextButton$ImageTextButtonStyle	null	imageOver	null	/home/nima/Desktop/docker/benchmarks/libgdx/gdx/src/com/badlogic/gdx/scenes/scene2d/ui/ImageTextButton.java	METHOD_NO_INIT	nullable	com.badlogic.gdx.scenes.scene2d.ui.ImageTextButton$ImageTextButtonStyle	null
FIELD	com.badlogic.gdx.scenes.scene2d.ui.ImageTextButton$ImageTextButtonStyle	null	imageDisabled	null	/home/nima/Desktop/docker/benchmarks/libgdx/gdx/src/com/badlogic/gdx/scenes/scene2d/ui/ImageTextButton.java	METHOD_NO_INIT	nullable	com.badlogic.gdx.scenes.scene2d.ui.ImageTextButton$ImageTextButtonStyle	null
FIELD	com.badlogic.gdx.scenes.scene2d.ui.ImageTextButton$ImageTextButtonStyle	null	imageUp	null	/home/nima/Desktop/docker/benchmarks/libgdx/gdx/src/com/badlogic/gdx/scenes/scene2d/ui/ImageTextButton.java	METHOD_NO_INIT	nullable	com.badlogic.gdx.scenes.scene2d.ui.ImageTextButton$ImageTextButtonStyle	null
FIELD	com.badlogic.gdx.scenes.scene2d.ui.ImageTextButton$ImageTextButtonStyle	null	imageDown	null	/home/nima/Desktop/docker/benchmarks/libgdx/gdx/src/com/badlogic/gdx/scenes/scene2d/ui/ImageTextButton.java	METHOD_NO_INIT	nullable	com.badlogic.gdx.scenes.scene2d.ui.ImageTextButton$ImageTextButtonStyle	null
FIELD	com.badlogic.gdx.scenes.scene2d.ui.ImageTextButton$ImageTextButtonStyle	null	imageOver	null	/home/nima/Desktop/docker/benchmarks/libgdx/gdx/src/com/badlogic/gdx/scenes/scene2d/ui/ImageTextButton.java	METHOD_NO_INIT	nullable	com.badlogic.gdx.scenes.scene2d.ui.ImageTextButton$ImageTextButtonStyle	null
FIELD	com.badlogic.gdx.scenes.scene2d.ui.ImageTextButton$ImageTextButtonStyle	null	imageDisabled	null	/home/nima/Desktop/docker/benchmarks/libgdx/gdx/src/com/badlogic/gdx/scenes/scene2d/ui/ImageTextButton.java	METHOD_NO_INIT	nullable	com.badlogic.gdx.scenes.scene2d.ui.ImageTextButton$ImageTextButtonStyle	null
FIELD	com.badlogic.gdx.scenes.scene2d.ui.Dialog	null	skin	null	/home/nima/Desktop/docker/benchmarks/libgdx/gdx/src/com/badlogic/gdx/scenes/scene2d/ui/Dialog.java	METHOD_NO_INIT	nullable	com.badlogic.gdx.scenes.scene2d.ui.Dialog	null
FIELD	com.badlogic.gdx.scenes.scene2d.ui.HorizontalGroup	null	rowSizes	null	/home/nima/Desktop/docker/benchmarks/libgdx/gdx/src/com/badlogic/gdx/scenes/scene2d/ui/HorizontalGroup.java	METHOD_NO_INIT	nullable	com.badlogic.gdx.scenes.scene2d.ui.HorizontalGroup	null
FIELD	com.badlogic.gdx.scenes.scene2d.ui.CheckBox	null	style	null	/home/nima/Desktop/docker/benchmarks/libgdx/gdx/src/com/badlogic/gdx/scenes/scene2d/ui/CheckBox.java	METHOD_NO_INIT	nullable	com.badlogic.gdx.scenes.scene2d.ui.CheckBox	null
FIELD	com.badlogic.gdx.scenes.scene2d.ui.CheckBox$CheckBoxStyle	null	checkboxOn	null	/home/nima/Desktop/docker/benchmarks/libgdx/gdx/src/com/badlogic/gdx/scenes/scene2d/ui/CheckBox.java	METHOD_NO_INIT	nullable	com.badlogic.gdx.scenes.scene2d.ui.CheckBox$CheckBoxStyle	null
FIELD	com.badlogic.gdx.scenes.scene2d.ui.CheckBox$CheckBoxStyle	null	checkboxOff	null	/home/nima/Desktop/docker/benchmarks/libgdx/gdx/src/com/badlogic/gdx/scenes/scene2d/ui/CheckBox.java	METHOD_NO_INIT	nullable	com.badlogic.gdx.scenes.scene2d.ui.CheckBox$CheckBoxStyle	null
FIELD	com.badlogic.gdx.scenes.scene2d.utils.SpriteDrawable	null	sprite	null	/home/nima/Desktop/docker/benchmarks/libgdx/gdx/src/com/badlogic/gdx/scenes/scene2d/utils/SpriteDrawable.java	METHOD_NO_INIT	nullable	com.badlogic.gdx.scenes.scene2d.utils.SpriteDrawable	null
FIELD	com.badlogic.gdx.scenes.scene2d.utils.SpriteDrawable	null	sprite	null	/home/nima/Desktop/docker/benchmarks/libgdx/gdx/src/com/badlogic/gdx/scenes/scene2d/utils/SpriteDrawable.java	METHOD_NO_INIT	nullable	com.badlogic.gdx.scenes.scene2d.utils.SpriteDrawable	null
FIELD	com.badlogic.gdx.scenes.scene2d.utils.SpriteDrawable	null	sprite	null	/home/nima/Desktop/docker/benchmarks/libgdx/gdx/src/com/badlogic/gdx/scenes/scene2d/utils/SpriteDrawable.java	METHOD_NO_INIT	nullable	com.badlogic.gdx.scenes.scene2d.utils.SpriteDrawable	null
FIELD	com.badlogic.gdx.scenes.scene2d.utils.DragAndDrop$Payload	null	dragActor	null	/home/nima/Desktop/docker/benchmarks/libgdx/gdx/src/com/badlogic/gdx/scenes/scene2d/utils/DragAndDrop.java	FIELD_NO_INIT	nullable	com.badlogic.gdx.scenes.scene2d.utils.DragAndDrop$Payload	null
FIELD	com.badlogic.gdx.scenes.scene2d.utils.DragAndDrop$Payload	null	validDragActor	null	/home/nima/Desktop/docker/benchmarks/libgdx/gdx/src/com/badlogic/gdx/scenes/scene2d/utils/DragAndDrop.java	FIELD_NO_INIT	nullable	com.badlogic.gdx.scenes.scene2d.utils.DragAndDrop$Payload	null
FIELD	com.badlogic.gdx.scenes.scene2d.utils.DragAndDrop$Payload	null	invalidDragActor	null	/home/nima/Desktop/docker/benchmarks/libgdx/gdx/src/com/badlogic/gdx/scenes/scene2d/utils/DragAndDrop.java	FIELD_NO_INIT	nullable	com.badlogic.gdx.scenes.scene2d.utils.DragAndDrop$Payload	null
FIELD	com.badlogic.gdx.scenes.scene2d.utils.NinePatchDrawable	null	patch	null	/home/nima/Desktop/docker/benchmarks/libgdx/gdx/src/com/badlogic/gdx/scenes/scene2d/utils/NinePatchDrawable.java	METHOD_NO_INIT	nullable	com.badlogic.gdx.scenes.scene2d.utils.NinePatchDrawable	null
FIELD	com.badlogic.gdx.scenes.scene2d.utils.NinePatchDrawable	null	patch	null	/home/nima/Desktop/docker/benchmarks/libgdx/gdx/src/com/badlogic/gdx/scenes/scene2d/utils/NinePatchDrawable.java	METHOD_NO_INIT	nullable	com.badlogic.gdx.scenes.scene2d.utils.NinePatchDrawable	null
FIELD	com.badlogic.gdx.net.HttpRequestBuilder	null	httpRequest	null	/home/nima/Desktop/docker/benchmarks/libgdx/gdx/src/com/badlogic/gdx/net/HttpRequestBuilder.java	FIELD_NO_INIT	nullable	com.badlogic.gdx.net.HttpRequestBuilder	null
FIELD	com.badlogic.gdx.net.HttpRequestBuilder	null	httpRequest	null	/home/nima/Desktop/docker/benchmarks/libgdx/gdx/src/com/badlogic/gdx/net/HttpRequestBuilder.java	ASSIGN_FIELD_NULLABLE	nullable	com.badlogic.gdx.net.HttpRequestBuilder	build()
FIELD	com.badlogic.gdx.net.NetJavaSocketImpl	null	socket	null	/home/nima/Desktop/docker/benchmarks/libgdx/gdx/src/com/badlogic/gdx/net/NetJavaSocketImpl.java	ASSIGN_FIELD_NULLABLE	nullable	com.badlogic.gdx.net.NetJavaSocketImpl	dispose()
