class	path
com.badlogic.gdx.maps.ImageResolver	/private/tmp/projects/libgdx/gdx/src/com/badlogic/gdx/maps/ImageResolver.java
com.badlogic.gdx.maps.ImageResolver$DirectImageResolver	/private/tmp/projects/libgdx/gdx/src/com/badlogic/gdx/maps/ImageResolver.java
com.badlogic.gdx.maps.ImageResolver$AssetManagerImageResolver	/private/tmp/projects/libgdx/gdx/src/com/badlogic/gdx/maps/ImageResolver.java
com.badlogic.gdx.maps.ImageResolver$TextureAtlasImageResolver	/private/tmp/projects/libgdx/gdx/src/com/badlogic/gdx/maps/ImageResolver.java
com.badlogic.gdx.graphics.g2d.TextureRegion	/private/tmp/projects/libgdx/gdx/src/com/badlogic/gdx/graphics/g2d/TextureRegion.java
com.badlogic.gdx.assets.AssetLoaderParameters	/private/tmp/projects/libgdx/gdx/src/com/badlogic/gdx/assets/AssetLoaderParameters.java
com.badlogic.gdx.assets.AssetLoaderParameters$LoadedCallback	/private/tmp/projects/libgdx/gdx/src/com/badlogic/gdx/assets/AssetLoaderParameters.java
com.badlogic.gdx.graphics.Pixmap	/private/tmp/projects/libgdx/gdx/src/com/badlogic/gdx/graphics/Pixmap.java
com.badlogic.gdx.graphics.Pixmap$Format	/private/tmp/projects/libgdx/gdx/src/com/badlogic/gdx/graphics/Pixmap.java
com.badlogic.gdx.graphics.Pixmap$Blending	/private/tmp/projects/libgdx/gdx/src/com/badlogic/gdx/graphics/Pixmap.java
com.badlogic.gdx.graphics.Pixmap$Filter	/private/tmp/projects/libgdx/gdx/src/com/badlogic/gdx/graphics/Pixmap.java
com.badlogic.gdx.graphics.Pixmap$1	/private/tmp/projects/libgdx/gdx/src/com/badlogic/gdx/graphics/Pixmap.java
com.badlogic.gdx.graphics.Pixmap$1$1	/private/tmp/projects/libgdx/gdx/src/com/badlogic/gdx/graphics/Pixmap.java
com.badlogic.gdx.graphics.Pixmap$DownloadPixmapResponseListener	/private/tmp/projects/libgdx/gdx/src/com/badlogic/gdx/graphics/Pixmap.java
com.badlogic.gdx.assets.loaders.TextureLoader	/private/tmp/projects/libgdx/gdx/src/com/badlogic/gdx/assets/loaders/TextureLoader.java
com.badlogic.gdx.assets.loaders.TextureLoader$TextureLoaderInfo	/private/tmp/projects/libgdx/gdx/src/com/badlogic/gdx/assets/loaders/TextureLoader.java
com.badlogic.gdx.assets.loaders.TextureLoader$TextureParameter	/private/tmp/projects/libgdx/gdx/src/com/badlogic/gdx/assets/loaders/TextureLoader.java
com.badlogic.gdx.graphics.Texture	/private/tmp/projects/libgdx/gdx/src/com/badlogic/gdx/graphics/Texture.java
com.badlogic.gdx.graphics.Texture$TextureFilter	/private/tmp/projects/libgdx/gdx/src/com/badlogic/gdx/graphics/Texture.java
com.badlogic.gdx.graphics.Texture$TextureWrap	/private/tmp/projects/libgdx/gdx/src/com/badlogic/gdx/graphics/Texture.java
com.badlogic.gdx.graphics.Texture$1	/private/tmp/projects/libgdx/gdx/src/com/badlogic/gdx/graphics/Texture.java
com.badlogic.gdx.graphics.TextureData	/private/tmp/projects/libgdx/gdx/src/com/badlogic/gdx/graphics/TextureData.java
com.badlogic.gdx.graphics.TextureData$TextureDataType	/private/tmp/projects/libgdx/gdx/src/com/badlogic/gdx/graphics/TextureData.java
com.badlogic.gdx.graphics.TextureData$Factory	/private/tmp/projects/libgdx/gdx/src/com/badlogic/gdx/graphics/TextureData.java
com.badlogic.gdx.graphics.GLTexture	/private/tmp/projects/libgdx/gdx/src/com/badlogic/gdx/graphics/GLTexture.java
com.badlogic.gdx.utils.Disposable	/private/tmp/projects/libgdx/gdx/src/com/badlogic/gdx/utils/Disposable.java
com.badlogic.gdx.assets.loaders.AsynchronousAssetLoader	/private/tmp/projects/libgdx/gdx/src/com/badlogic/gdx/assets/loaders/AsynchronousAssetLoader.java
com.badlogic.gdx.assets.loaders.AssetLoader	/private/tmp/projects/libgdx/gdx/src/com/badlogic/gdx/assets/loaders/AssetLoader.java
com.badlogic.gdx.utils.ObjectSet	/private/tmp/projects/libgdx/gdx/src/com/badlogic/gdx/utils/ObjectSet.java
com.badlogic.gdx.utils.ObjectSet$ObjectSetIterator	/private/tmp/projects/libgdx/gdx/src/com/badlogic/gdx/utils/ObjectSet.java
com.badlogic.gdx.utils.ObjectMap	/private/tmp/projects/libgdx/gdx/src/com/badlogic/gdx/utils/ObjectMap.java
com.badlogic.gdx.utils.ObjectMap$Entry	/private/tmp/projects/libgdx/gdx/src/com/badlogic/gdx/utils/ObjectMap.java
com.badlogic.gdx.utils.ObjectMap$MapIterator	/private/tmp/projects/libgdx/gdx/src/com/badlogic/gdx/utils/ObjectMap.java
com.badlogic.gdx.utils.ObjectMap$Entries	/private/tmp/projects/libgdx/gdx/src/com/badlogic/gdx/utils/ObjectMap.java
com.badlogic.gdx.utils.ObjectMap$Values	/private/tmp/projects/libgdx/gdx/src/com/badlogic/gdx/utils/ObjectMap.java
com.badlogic.gdx.utils.ObjectMap$Keys	/private/tmp/projects/libgdx/gdx/src/com/badlogic/gdx/utils/ObjectMap.java
com.badlogic.gdx.assets.AssetManager	/private/tmp/projects/libgdx/gdx/src/com/badlogic/gdx/assets/AssetManager.java
com.badlogic.gdx.assets.AssetManager$RefCountedContainer	/private/tmp/projects/libgdx/gdx/src/com/badlogic/gdx/assets/AssetManager.java
com.badlogic.gdx.Application	/private/tmp/projects/libgdx/gdx/src/com/badlogic/gdx/Application.java
com.badlogic.gdx.Application$ApplicationType	/private/tmp/projects/libgdx/gdx/src/com/badlogic/gdx/Application.java
com.badlogic.gdx.utils.Array	/private/tmp/projects/libgdx/gdx/src/com/badlogic/gdx/utils/Array.java
com.badlogic.gdx.utils.Array$ArrayIterator	/private/tmp/projects/libgdx/gdx/src/com/badlogic/gdx/utils/Array.java
com.badlogic.gdx.utils.Array$ArrayIterable	/private/tmp/projects/libgdx/gdx/src/com/badlogic/gdx/utils/Array.java
com.badlogic.gdx.Files	/private/tmp/projects/libgdx/gdx/src/com/badlogic/gdx/Files.java
com.badlogic.gdx.Files$FileType	/private/tmp/projects/libgdx/gdx/src/com/badlogic/gdx/Files.java
com.badlogic.gdx.files.FileHandle	/private/tmp/projects/libgdx/gdx/src/com/badlogic/gdx/files/FileHandle.java
com.badlogic.gdx.utils.Predicate	/private/tmp/projects/libgdx/gdx/src/com/badlogic/gdx/utils/Predicate.java
com.badlogic.gdx.utils.Predicate$PredicateIterator	/private/tmp/projects/libgdx/gdx/src/com/badlogic/gdx/utils/Predicate.java
com.badlogic.gdx.utils.Predicate$PredicateIterable	/private/tmp/projects/libgdx/gdx/src/com/badlogic/gdx/utils/Predicate.java
com.badlogic.gdx.ApplicationListener	/private/tmp/projects/libgdx/gdx/src/com/badlogic/gdx/ApplicationListener.java
com.badlogic.gdx.graphics.Cursor	/private/tmp/projects/libgdx/gdx/src/com/badlogic/gdx/graphics/Cursor.java
com.badlogic.gdx.graphics.Cursor$SystemCursor	/private/tmp/projects/libgdx/gdx/src/com/badlogic/gdx/graphics/Cursor.java
com.badlogic.gdx.Graphics	/private/tmp/projects/libgdx/gdx/src/com/badlogic/gdx/Graphics.java
com.badlogic.gdx.Graphics$GraphicsType	/private/tmp/projects/libgdx/gdx/src/com/badlogic/gdx/Graphics.java
com.badlogic.gdx.Graphics$DisplayMode	/private/tmp/projects/libgdx/gdx/src/com/badlogic/gdx/Graphics.java
com.badlogic.gdx.Graphics$Monitor	/private/tmp/projects/libgdx/gdx/src/com/badlogic/gdx/Graphics.java
com.badlogic.gdx.Graphics$BufferFormat	/private/tmp/projects/libgdx/gdx/src/com/badlogic/gdx/Graphics.java
com.badlogic.gdx.Audio	/private/tmp/projects/libgdx/gdx/src/com/badlogic/gdx/Audio.java
com.badlogic.gdx.Input	/private/tmp/projects/libgdx/gdx/src/com/badlogic/gdx/Input.java
com.badlogic.gdx.Input$TextInputListener	/private/tmp/projects/libgdx/gdx/src/com/badlogic/gdx/Input.java
com.badlogic.gdx.Input$Buttons	/private/tmp/projects/libgdx/gdx/src/com/badlogic/gdx/Input.java
com.badlogic.gdx.Input$Keys	/private/tmp/projects/libgdx/gdx/src/com/badlogic/gdx/Input.java
com.badlogic.gdx.Input$Peripheral	/private/tmp/projects/libgdx/gdx/src/com/badlogic/gdx/Input.java
com.badlogic.gdx.Input$OnscreenKeyboardType	/private/tmp/projects/libgdx/gdx/src/com/badlogic/gdx/Input.java
com.badlogic.gdx.Input$VibrationType	/private/tmp/projects/libgdx/gdx/src/com/badlogic/gdx/Input.java
com.badlogic.gdx.Input$Orientation	/private/tmp/projects/libgdx/gdx/src/com/badlogic/gdx/Input.java
com.badlogic.gdx.utils.Pool	/private/tmp/projects/libgdx/gdx/src/com/badlogic/gdx/utils/Pool.java
com.badlogic.gdx.utils.Pool$Poolable	/private/tmp/projects/libgdx/gdx/src/com/badlogic/gdx/utils/Pool.java
com.badlogic.gdx.Net	/private/tmp/projects/libgdx/gdx/src/com/badlogic/gdx/Net.java
com.badlogic.gdx.Net$HttpResponse	/private/tmp/projects/libgdx/gdx/src/com/badlogic/gdx/Net.java
com.badlogic.gdx.Net$HttpMethods	/private/tmp/projects/libgdx/gdx/src/com/badlogic/gdx/Net.java
com.badlogic.gdx.Net$HttpRequest	/private/tmp/projects/libgdx/gdx/src/com/badlogic/gdx/Net.java
com.badlogic.gdx.Net$HttpResponseListener	/private/tmp/projects/libgdx/gdx/src/com/badlogic/gdx/Net.java
com.badlogic.gdx.Net$Protocol	/private/tmp/projects/libgdx/gdx/src/com/badlogic/gdx/Net.java
com.badlogic.gdx.ApplicationLogger	/private/tmp/projects/libgdx/gdx/src/com/badlogic/gdx/ApplicationLogger.java
com.badlogic.gdx.Preferences	/private/tmp/projects/libgdx/gdx/src/com/badlogic/gdx/Preferences.java
com.badlogic.gdx.utils.Clipboard	/private/tmp/projects/libgdx/gdx/src/com/badlogic/gdx/utils/Clipboard.java
com.badlogic.gdx.LifecycleListener	/private/tmp/projects/libgdx/gdx/src/com/badlogic/gdx/LifecycleListener.java
com.badlogic.gdx.net.ServerSocketHints	/private/tmp/projects/libgdx/gdx/src/com/badlogic/gdx/net/ServerSocketHints.java
com.badlogic.gdx.net.ServerSocket	/private/tmp/projects/libgdx/gdx/src/com/badlogic/gdx/net/ServerSocket.java
com.badlogic.gdx.net.SocketHints	/private/tmp/projects/libgdx/gdx/src/com/badlogic/gdx/net/SocketHints.java
com.badlogic.gdx.net.Socket	/private/tmp/projects/libgdx/gdx/src/com/badlogic/gdx/net/Socket.java
com.badlogic.gdx.net.HttpStatus	/private/tmp/projects/libgdx/gdx/src/com/badlogic/gdx/net/HttpStatus.java
com.badlogic.gdx.InputProcessor	/private/tmp/projects/libgdx/gdx/src/com/badlogic/gdx/InputProcessor.java
com.badlogic.gdx.audio.AudioDevice	/private/tmp/projects/libgdx/gdx/src/com/badlogic/gdx/audio/AudioDevice.java
com.badlogic.gdx.audio.AudioRecorder	/private/tmp/projects/libgdx/gdx/src/com/badlogic/gdx/audio/AudioRecorder.java
com.badlogic.gdx.audio.Sound	/private/tmp/projects/libgdx/gdx/src/com/badlogic/gdx/audio/Sound.java
com.badlogic.gdx.audio.Music	/private/tmp/projects/libgdx/gdx/src/com/badlogic/gdx/audio/Music.java
com.badlogic.gdx.audio.Music$OnCompletionListener	/private/tmp/projects/libgdx/gdx/src/com/badlogic/gdx/audio/Music.java
com.badlogic.gdx.graphics.GL20	/private/tmp/projects/libgdx/gdx/src/com/badlogic/gdx/graphics/GL20.java
com.badlogic.gdx.graphics.GL30	/private/tmp/projects/libgdx/gdx/src/com/badlogic/gdx/graphics/GL30.java
com.badlogic.gdx.graphics.glutils.GLVersion	/private/tmp/projects/libgdx/gdx/src/com/badlogic/gdx/graphics/glutils/GLVersion.java
com.badlogic.gdx.graphics.glutils.GLVersion$Type	/private/tmp/projects/libgdx/gdx/src/com/badlogic/gdx/graphics/glutils/GLVersion.java
com.badlogic.gdx.assets.AssetDescriptor	/private/tmp/projects/libgdx/gdx/src/com/badlogic/gdx/assets/AssetDescriptor.java
com.badlogic.gdx.utils.async.AsyncExecutor	/private/tmp/projects/libgdx/gdx/src/com/badlogic/gdx/utils/async/AsyncExecutor.java
com.badlogic.gdx.utils.async.AsyncExecutor$1	/private/tmp/projects/libgdx/gdx/src/com/badlogic/gdx/utils/async/AsyncExecutor.java
com.badlogic.gdx.utils.async.AsyncExecutor$2	/private/tmp/projects/libgdx/gdx/src/com/badlogic/gdx/utils/async/AsyncExecutor.java
com.badlogic.gdx.assets.AssetLoadingTask	/private/tmp/projects/libgdx/gdx/src/com/badlogic/gdx/assets/AssetLoadingTask.java
com.badlogic.gdx.utils.async.AsyncTask	/private/tmp/projects/libgdx/gdx/src/com/badlogic/gdx/utils/async/AsyncTask.java
com.badlogic.gdx.assets.AssetErrorListener	/private/tmp/projects/libgdx/gdx/src/com/badlogic/gdx/assets/AssetErrorListener.java
com.badlogic.gdx.assets.loaders.FileHandleResolver	/private/tmp/projects/libgdx/gdx/src/com/badlogic/gdx/assets/loaders/FileHandleResolver.java
com.badlogic.gdx.utils.Logger	/private/tmp/projects/libgdx/gdx/src/com/badlogic/gdx/utils/Logger.java
com.badlogic.gdx.utils.async.AsyncResult	/private/tmp/projects/libgdx/gdx/src/com/badlogic/gdx/utils/async/AsyncResult.java
com.badlogic.gdx.graphics.g2d.Gdx2DPixmap	/private/tmp/projects/libgdx/gdx/src/com/badlogic/gdx/graphics/g2d/Gdx2DPixmap.java
com.badlogic.gdx.graphics.Color	/private/tmp/projects/libgdx/gdx/src/com/badlogic/gdx/graphics/Color.java
com.badlogic.gdx.utils.GdxRuntimeException	/private/tmp/projects/libgdx/gdx/src/com/badlogic/gdx/utils/GdxRuntimeException.java
com.badlogic.gdx.graphics.g2d.TextureAtlas	/private/tmp/projects/libgdx/gdx/src/com/badlogic/gdx/graphics/g2d/TextureAtlas.java
com.badlogic.gdx.graphics.g2d.TextureAtlas$TextureAtlasData	/private/tmp/projects/libgdx/gdx/src/com/badlogic/gdx/graphics/g2d/TextureAtlas.java
com.badlogic.gdx.graphics.g2d.TextureAtlas$TextureAtlasData$1	/private/tmp/projects/libgdx/gdx/src/com/badlogic/gdx/graphics/g2d/TextureAtlas.java
com.badlogic.gdx.graphics.g2d.TextureAtlas$TextureAtlasData$2	/private/tmp/projects/libgdx/gdx/src/com/badlogic/gdx/graphics/g2d/TextureAtlas.java
com.badlogic.gdx.graphics.g2d.TextureAtlas$TextureAtlasData$3	/private/tmp/projects/libgdx/gdx/src/com/badlogic/gdx/graphics/g2d/TextureAtlas.java
com.badlogic.gdx.graphics.g2d.TextureAtlas$TextureAtlasData$4	/private/tmp/projects/libgdx/gdx/src/com/badlogic/gdx/graphics/g2d/TextureAtlas.java
com.badlogic.gdx.graphics.g2d.TextureAtlas$TextureAtlasData$5	/private/tmp/projects/libgdx/gdx/src/com/badlogic/gdx/graphics/g2d/TextureAtlas.java
com.badlogic.gdx.graphics.g2d.TextureAtlas$TextureAtlasData$6	/private/tmp/projects/libgdx/gdx/src/com/badlogic/gdx/graphics/g2d/TextureAtlas.java
com.badlogic.gdx.graphics.g2d.TextureAtlas$TextureAtlasData$7	/private/tmp/projects/libgdx/gdx/src/com/badlogic/gdx/graphics/g2d/TextureAtlas.java
com.badlogic.gdx.graphics.g2d.TextureAtlas$TextureAtlasData$8	/private/tmp/projects/libgdx/gdx/src/com/badlogic/gdx/graphics/g2d/TextureAtlas.java
com.badlogic.gdx.graphics.g2d.TextureAtlas$TextureAtlasData$9	/private/tmp/projects/libgdx/gdx/src/com/badlogic/gdx/graphics/g2d/TextureAtlas.java
com.badlogic.gdx.graphics.g2d.TextureAtlas$TextureAtlasData$10	/private/tmp/projects/libgdx/gdx/src/com/badlogic/gdx/graphics/g2d/TextureAtlas.java
com.badlogic.gdx.graphics.g2d.TextureAtlas$TextureAtlasData$11	/private/tmp/projects/libgdx/gdx/src/com/badlogic/gdx/graphics/g2d/TextureAtlas.java
com.badlogic.gdx.graphics.g2d.TextureAtlas$TextureAtlasData$12	/private/tmp/projects/libgdx/gdx/src/com/badlogic/gdx/graphics/g2d/TextureAtlas.java
com.badlogic.gdx.graphics.g2d.TextureAtlas$TextureAtlasData$13	/private/tmp/projects/libgdx/gdx/src/com/badlogic/gdx/graphics/g2d/TextureAtlas.java
com.badlogic.gdx.graphics.g2d.TextureAtlas$TextureAtlasData$14	/private/tmp/projects/libgdx/gdx/src/com/badlogic/gdx/graphics/g2d/TextureAtlas.java
com.badlogic.gdx.graphics.g2d.TextureAtlas$TextureAtlasData$Field	/private/tmp/projects/libgdx/gdx/src/com/badlogic/gdx/graphics/g2d/TextureAtlas.java
com.badlogic.gdx.graphics.g2d.TextureAtlas$TextureAtlasData$Page	/private/tmp/projects/libgdx/gdx/src/com/badlogic/gdx/graphics/g2d/TextureAtlas.java
com.badlogic.gdx.graphics.g2d.TextureAtlas$TextureAtlasData$Region	/private/tmp/projects/libgdx/gdx/src/com/badlogic/gdx/graphics/g2d/TextureAtlas.java
com.badlogic.gdx.graphics.g2d.TextureAtlas$AtlasRegion	/private/tmp/projects/libgdx/gdx/src/com/badlogic/gdx/graphics/g2d/TextureAtlas.java
com.badlogic.gdx.graphics.g2d.TextureAtlas$AtlasSprite	/private/tmp/projects/libgdx/gdx/src/com/badlogic/gdx/graphics/g2d/TextureAtlas.java
com.badlogic.gdx.graphics.VertexAttributes	/private/tmp/projects/libgdx/gdx/src/com/badlogic/gdx/graphics/VertexAttributes.java
com.badlogic.gdx.graphics.VertexAttributes$Usage	/private/tmp/projects/libgdx/gdx/src/com/badlogic/gdx/graphics/VertexAttributes.java
com.badlogic.gdx.graphics.VertexAttributes$ReadonlyIterator	/private/tmp/projects/libgdx/gdx/src/com/badlogic/gdx/graphics/VertexAttributes.java
com.badlogic.gdx.graphics.VertexAttributes$ReadonlyIterable	/private/tmp/projects/libgdx/gdx/src/com/badlogic/gdx/graphics/VertexAttributes.java
com.badlogic.gdx.graphics.Mesh	/private/tmp/projects/libgdx/gdx/src/com/badlogic/gdx/graphics/Mesh.java
com.badlogic.gdx.graphics.Mesh$VertexDataType	/private/tmp/projects/libgdx/gdx/src/com/badlogic/gdx/graphics/Mesh.java
com.badlogic.gdx.graphics.g2d.SpriteBatch	/private/tmp/projects/libgdx/gdx/src/com/badlogic/gdx/graphics/g2d/SpriteBatch.java
com.badlogic.gdx.graphics.g2d.Sprite	/private/tmp/projects/libgdx/gdx/src/com/badlogic/gdx/graphics/g2d/Sprite.java
com.badlogic.gdx.graphics.g2d.Batch	/private/tmp/projects/libgdx/gdx/src/com/badlogic/gdx/graphics/g2d/Batch.java
com.badlogic.gdx.graphics.VertexAttribute	/private/tmp/projects/libgdx/gdx/src/com/badlogic/gdx/graphics/VertexAttribute.java
com.badlogic.gdx.graphics.g2d.NinePatch	/private/tmp/projects/libgdx/gdx/src/com/badlogic/gdx/graphics/g2d/NinePatch.java
com.badlogic.gdx.math.Rectangle	/private/tmp/projects/libgdx/gdx/src/com/badlogic/gdx/math/Rectangle.java
com.badlogic.gdx.math.Shape2D	/private/tmp/projects/libgdx/gdx/src/com/badlogic/gdx/math/Shape2D.java
com.badlogic.gdx.math.Vector2	/private/tmp/projects/libgdx/gdx/src/com/badlogic/gdx/math/Vector2.java
com.badlogic.gdx.math.Vector	/private/tmp/projects/libgdx/gdx/src/com/badlogic/gdx/math/Vector.java
com.badlogic.gdx.math.Circle	/private/tmp/projects/libgdx/gdx/src/com/badlogic/gdx/math/Circle.java
com.badlogic.gdx.math.Matrix3	/private/tmp/projects/libgdx/gdx/src/com/badlogic/gdx/math/Matrix3.java
com.badlogic.gdx.math.Interpolation	/private/tmp/projects/libgdx/gdx/src/com/badlogic/gdx/math/Interpolation.java
com.badlogic.gdx.math.Interpolation$1	/private/tmp/projects/libgdx/gdx/src/com/badlogic/gdx/math/Interpolation.java
com.badlogic.gdx.math.Interpolation$2	/private/tmp/projects/libgdx/gdx/src/com/badlogic/gdx/math/Interpolation.java
com.badlogic.gdx.math.Interpolation$3	/private/tmp/projects/libgdx/gdx/src/com/badlogic/gdx/math/Interpolation.java
com.badlogic.gdx.math.Interpolation$4	/private/tmp/projects/libgdx/gdx/src/com/badlogic/gdx/math/Interpolation.java
com.badlogic.gdx.math.Interpolation$5	/private/tmp/projects/libgdx/gdx/src/com/badlogic/gdx/math/Interpolation.java
com.badlogic.gdx.math.Interpolation$6	/private/tmp/projects/libgdx/gdx/src/com/badlogic/gdx/math/Interpolation.java
com.badlogic.gdx.math.Interpolation$7	/private/tmp/projects/libgdx/gdx/src/com/badlogic/gdx/math/Interpolation.java
com.badlogic.gdx.math.Interpolation$8	/private/tmp/projects/libgdx/gdx/src/com/badlogic/gdx/math/Interpolation.java
com.badlogic.gdx.math.Interpolation$9	/private/tmp/projects/libgdx/gdx/src/com/badlogic/gdx/math/Interpolation.java
com.badlogic.gdx.math.Interpolation$10	/private/tmp/projects/libgdx/gdx/src/com/badlogic/gdx/math/Interpolation.java
com.badlogic.gdx.math.Interpolation$11	/private/tmp/projects/libgdx/gdx/src/com/badlogic/gdx/math/Interpolation.java
com.badlogic.gdx.math.Interpolation$12	/private/tmp/projects/libgdx/gdx/src/com/badlogic/gdx/math/Interpolation.java
com.badlogic.gdx.math.Interpolation$13	/private/tmp/projects/libgdx/gdx/src/com/badlogic/gdx/math/Interpolation.java
com.badlogic.gdx.math.Interpolation$14	/private/tmp/projects/libgdx/gdx/src/com/badlogic/gdx/math/Interpolation.java
com.badlogic.gdx.math.Interpolation$Pow	/private/tmp/projects/libgdx/gdx/src/com/badlogic/gdx/math/Interpolation.java
com.badlogic.gdx.math.Interpolation$PowIn	/private/tmp/projects/libgdx/gdx/src/com/badlogic/gdx/math/Interpolation.java
com.badlogic.gdx.math.Interpolation$PowOut	/private/tmp/projects/libgdx/gdx/src/com/badlogic/gdx/math/Interpolation.java
com.badlogic.gdx.math.Interpolation$Exp	/private/tmp/projects/libgdx/gdx/src/com/badlogic/gdx/math/Interpolation.java
com.badlogic.gdx.math.Interpolation$ExpIn	/private/tmp/projects/libgdx/gdx/src/com/badlogic/gdx/math/Interpolation.java
com.badlogic.gdx.math.Interpolation$ExpOut	/private/tmp/projects/libgdx/gdx/src/com/badlogic/gdx/math/Interpolation.java
com.badlogic.gdx.math.Interpolation$Elastic	/private/tmp/projects/libgdx/gdx/src/com/badlogic/gdx/math/Interpolation.java
com.badlogic.gdx.math.Interpolation$ElasticIn	/private/tmp/projects/libgdx/gdx/src/com/badlogic/gdx/math/Interpolation.java
com.badlogic.gdx.math.Interpolation$ElasticOut	/private/tmp/projects/libgdx/gdx/src/com/badlogic/gdx/math/Interpolation.java
com.badlogic.gdx.math.Interpolation$Bounce	/private/tmp/projects/libgdx/gdx/src/com/badlogic/gdx/math/Interpolation.java
com.badlogic.gdx.math.Interpolation$BounceOut	/private/tmp/projects/libgdx/gdx/src/com/badlogic/gdx/math/Interpolation.java
com.badlogic.gdx.math.Interpolation$BounceIn	/private/tmp/projects/libgdx/gdx/src/com/badlogic/gdx/math/Interpolation.java
com.badlogic.gdx.math.Interpolation$Swing	/private/tmp/projects/libgdx/gdx/src/com/badlogic/gdx/math/Interpolation.java
com.badlogic.gdx.math.Interpolation$SwingOut	/private/tmp/projects/libgdx/gdx/src/com/badlogic/gdx/math/Interpolation.java
com.badlogic.gdx.math.Interpolation$SwingIn	/private/tmp/projects/libgdx/gdx/src/com/badlogic/gdx/math/Interpolation.java
com.badlogic.gdx.math.Vector3	/private/tmp/projects/libgdx/gdx/src/com/badlogic/gdx/math/Vector3.java
com.badlogic.gdx.math.Affine2	/private/tmp/projects/libgdx/gdx/src/com/badlogic/gdx/math/Affine2.java
com.badlogic.gdx.math.Matrix4	/private/tmp/projects/libgdx/gdx/src/com/badlogic/gdx/math/Matrix4.java
com.badlogic.gdx.math.Quaternion	/private/tmp/projects/libgdx/gdx/src/com/badlogic/gdx/math/Quaternion.java
com.badlogic.gdx.graphics.glutils.ShaderProgram	/private/tmp/projects/libgdx/gdx/src/com/badlogic/gdx/graphics/glutils/ShaderProgram.java
com.badlogic.gdx.utils.ObjectIntMap	/private/tmp/projects/libgdx/gdx/src/com/badlogic/gdx/utils/ObjectIntMap.java
com.badlogic.gdx.utils.ObjectIntMap$Entry	/private/tmp/projects/libgdx/gdx/src/com/badlogic/gdx/utils/ObjectIntMap.java
com.badlogic.gdx.utils.ObjectIntMap$MapIterator	/private/tmp/projects/libgdx/gdx/src/com/badlogic/gdx/utils/ObjectIntMap.java
com.badlogic.gdx.utils.ObjectIntMap$Entries	/private/tmp/projects/libgdx/gdx/src/com/badlogic/gdx/utils/ObjectIntMap.java
com.badlogic.gdx.utils.ObjectIntMap$Values	/private/tmp/projects/libgdx/gdx/src/com/badlogic/gdx/utils/ObjectIntMap.java
com.badlogic.gdx.utils.ObjectIntMap$Keys	/private/tmp/projects/libgdx/gdx/src/com/badlogic/gdx/utils/ObjectIntMap.java
com.badlogic.gdx.utils.IntArray	/private/tmp/projects/libgdx/gdx/src/com/badlogic/gdx/utils/IntArray.java
com.badlogic.gdx.graphics.glutils.VertexData	/private/tmp/projects/libgdx/gdx/src/com/badlogic/gdx/graphics/glutils/VertexData.java
com.badlogic.gdx.graphics.glutils.IndexData	/private/tmp/projects/libgdx/gdx/src/com/badlogic/gdx/graphics/glutils/IndexData.java
com.badlogic.gdx.graphics.glutils.InstanceData	/private/tmp/projects/libgdx/gdx/src/com/badlogic/gdx/graphics/glutils/InstanceData.java
com.badlogic.gdx.math.collision.BoundingBox	/private/tmp/projects/libgdx/gdx/src/com/badlogic/gdx/math/collision/BoundingBox.java
com.badlogic.gdx.maps.Map	/private/tmp/projects/libgdx/gdx/src/com/badlogic/gdx/maps/Map.java
com.badlogic.gdx.maps.MapLayers	/private/tmp/projects/libgdx/gdx/src/com/badlogic/gdx/maps/MapLayers.java
com.badlogic.gdx.maps.MapLayer	/private/tmp/projects/libgdx/gdx/src/com/badlogic/gdx/maps/MapLayer.java
com.badlogic.gdx.maps.MapProperties	/private/tmp/projects/libgdx/gdx/src/com/badlogic/gdx/maps/MapProperties.java
com.badlogic.gdx.maps.MapObjects	/private/tmp/projects/libgdx/gdx/src/com/badlogic/gdx/maps/MapObjects.java
com.badlogic.gdx.maps.MapObject	/private/tmp/projects/libgdx/gdx/src/com/badlogic/gdx/maps/MapObject.java
com.badlogic.gdx.utils.XmlReader	/private/tmp/projects/libgdx/gdx/src/com/badlogic/gdx/utils/XmlReader.java
com.badlogic.gdx.utils.XmlReader$Element	/private/tmp/projects/libgdx/gdx/src/com/badlogic/gdx/utils/XmlReader.java
com.badlogic.gdx.maps.tiled.AtlasTmxMapLoader	/private/tmp/projects/libgdx/gdx/src/com/badlogic/gdx/maps/tiled/AtlasTmxMapLoader.java
com.badlogic.gdx.maps.tiled.AtlasTmxMapLoader$AtlasTiledMapLoaderParameters	/private/tmp/projects/libgdx/gdx/src/com/badlogic/gdx/maps/tiled/AtlasTmxMapLoader.java
com.badlogic.gdx.maps.tiled.AtlasTmxMapLoader$AtlasResolver	/private/tmp/projects/libgdx/gdx/src/com/badlogic/gdx/maps/tiled/AtlasTmxMapLoader.java
com.badlogic.gdx.maps.tiled.AtlasTmxMapLoader$AtlasResolver$DirectAtlasResolver	/private/tmp/projects/libgdx/gdx/src/com/badlogic/gdx/maps/tiled/AtlasTmxMapLoader.java
com.badlogic.gdx.maps.tiled.AtlasTmxMapLoader$AtlasResolver$AssetManagerAtlasResolver	/private/tmp/projects/libgdx/gdx/src/com/badlogic/gdx/maps/tiled/AtlasTmxMapLoader.java
com.badlogic.gdx.maps.tiled.TiledMapTileLayer	/private/tmp/projects/libgdx/gdx/src/com/badlogic/gdx/maps/tiled/TiledMapTileLayer.java
com.badlogic.gdx.maps.tiled.TiledMapTileLayer$Cell	/private/tmp/projects/libgdx/gdx/src/com/badlogic/gdx/maps/tiled/TiledMapTileLayer.java
com.badlogic.gdx.maps.tiled.BaseTmxMapLoader	/private/tmp/projects/libgdx/gdx/src/com/badlogic/gdx/maps/tiled/BaseTmxMapLoader.java
com.badlogic.gdx.maps.tiled.BaseTmxMapLoader$Parameters	/private/tmp/projects/libgdx/gdx/src/com/badlogic/gdx/maps/tiled/BaseTmxMapLoader.java
com.badlogic.gdx.maps.tiled.TiledMap	/private/tmp/projects/libgdx/gdx/src/com/badlogic/gdx/maps/tiled/TiledMap.java
com.badlogic.gdx.maps.tiled.TiledMapTileSet	/private/tmp/projects/libgdx/gdx/src/com/badlogic/gdx/maps/tiled/TiledMapTileSet.java
com.badlogic.gdx.maps.tiled.TiledMapTile	/private/tmp/projects/libgdx/gdx/src/com/badlogic/gdx/maps/tiled/TiledMapTile.java
com.badlogic.gdx.maps.tiled.TiledMapTile$BlendMode	/private/tmp/projects/libgdx/gdx/src/com/badlogic/gdx/maps/tiled/TiledMapTile.java
com.badlogic.gdx.utils.IntMap	/private/tmp/projects/libgdx/gdx/src/com/badlogic/gdx/utils/IntMap.java
com.badlogic.gdx.utils.IntMap$Entry	/private/tmp/projects/libgdx/gdx/src/com/badlogic/gdx/utils/IntMap.java
com.badlogic.gdx.utils.IntMap$MapIterator	/private/tmp/projects/libgdx/gdx/src/com/badlogic/gdx/utils/IntMap.java
com.badlogic.gdx.utils.IntMap$Entries	/private/tmp/projects/libgdx/gdx/src/com/badlogic/gdx/utils/IntMap.java
com.badlogic.gdx.utils.IntMap$Values	/private/tmp/projects/libgdx/gdx/src/com/badlogic/gdx/utils/IntMap.java
com.badlogic.gdx.utils.IntMap$Keys	/private/tmp/projects/libgdx/gdx/src/com/badlogic/gdx/utils/IntMap.java
com.badlogic.gdx.maps.tiled.TiledMapTileSets	/private/tmp/projects/libgdx/gdx/src/com/badlogic/gdx/maps/tiled/TiledMapTileSets.java
com.badlogic.gdx.maps.tiled.tiles.AnimatedTiledMapTile	/private/tmp/projects/libgdx/gdx/src/com/badlogic/gdx/maps/tiled/tiles/AnimatedTiledMapTile.java
com.badlogic.gdx.maps.tiled.tiles.StaticTiledMapTile	/private/tmp/projects/libgdx/gdx/src/com/badlogic/gdx/maps/tiled/tiles/StaticTiledMapTile.java
com.badlogic.gdx.utils.StringBuilder	/private/tmp/projects/libgdx/gdx/src/com/badlogic/gdx/utils/StringBuilder.java
com.badlogic.gdx.maps.tiled.renderers.HexagonalTiledMapRenderer	/private/tmp/projects/libgdx/gdx/src/com/badlogic/gdx/maps/tiled/renderers/HexagonalTiledMapRenderer.java
com.badlogic.gdx.maps.tiled.renderers.BatchTiledMapRenderer	/private/tmp/projects/libgdx/gdx/src/com/badlogic/gdx/maps/tiled/renderers/BatchTiledMapRenderer.java
com.badlogic.gdx.maps.tiled.TiledMapRenderer	/private/tmp/projects/libgdx/gdx/src/com/badlogic/gdx/maps/tiled/TiledMapRenderer.java
com.badlogic.gdx.maps.MapRenderer	/private/tmp/projects/libgdx/gdx/src/com/badlogic/gdx/maps/MapRenderer.java
com.badlogic.gdx.graphics.OrthographicCamera	/private/tmp/projects/libgdx/gdx/src/com/badlogic/gdx/graphics/OrthographicCamera.java
com.badlogic.gdx.graphics.Camera	/private/tmp/projects/libgdx/gdx/src/com/badlogic/gdx/graphics/Camera.java
com.badlogic.gdx.maps.tiled.TiledMapImageLayer	/private/tmp/projects/libgdx/gdx/src/com/badlogic/gdx/maps/tiled/TiledMapImageLayer.java
com.badlogic.gdx.math.Plane	/private/tmp/projects/libgdx/gdx/src/com/badlogic/gdx/math/Plane.java
com.badlogic.gdx.math.Plane$PlaneSide	/private/tmp/projects/libgdx/gdx/src/com/badlogic/gdx/math/Plane.java
com.badlogic.gdx.math.Frustum	/private/tmp/projects/libgdx/gdx/src/com/badlogic/gdx/math/Frustum.java
com.badlogic.gdx.math.collision.Ray	/private/tmp/projects/libgdx/gdx/src/com/badlogic/gdx/math/collision/Ray.java
com.badlogic.gdx.maps.tiled.renderers.OrthogonalTiledMapRenderer	/private/tmp/projects/libgdx/gdx/src/com/badlogic/gdx/maps/tiled/renderers/OrthogonalTiledMapRenderer.java
com.badlogic.gdx.maps.tiled.renderers.OrthoCachedTiledMapRenderer	/private/tmp/projects/libgdx/gdx/src/com/badlogic/gdx/maps/tiled/renderers/OrthoCachedTiledMapRenderer.java
com.badlogic.gdx.graphics.g2d.SpriteCache	/private/tmp/projects/libgdx/gdx/src/com/badlogic/gdx/graphics/g2d/SpriteCache.java
com.badlogic.gdx.graphics.g2d.SpriteCache$Cache	/private/tmp/projects/libgdx/gdx/src/com/badlogic/gdx/graphics/g2d/SpriteCache.java
com.badlogic.gdx.maps.tiled.renderers.IsometricStaggeredTiledMapRenderer	/private/tmp/projects/libgdx/gdx/src/com/badlogic/gdx/maps/tiled/renderers/IsometricStaggeredTiledMapRenderer.java
com.badlogic.gdx.maps.tiled.renderers.IsometricTiledMapRenderer	/private/tmp/projects/libgdx/gdx/src/com/badlogic/gdx/maps/tiled/renderers/IsometricTiledMapRenderer.java
com.badlogic.gdx.maps.tiled.TideMapLoader	/private/tmp/projects/libgdx/gdx/src/com/badlogic/gdx/maps/tiled/TideMapLoader.java
com.badlogic.gdx.maps.tiled.TideMapLoader$Parameters	/private/tmp/projects/libgdx/gdx/src/com/badlogic/gdx/maps/tiled/TideMapLoader.java
com.badlogic.gdx.assets.loaders.SynchronousAssetLoader	/private/tmp/projects/libgdx/gdx/src/com/badlogic/gdx/assets/loaders/SynchronousAssetLoader.java
com.badlogic.gdx.maps.tiled.objects.TiledMapTileMapObject	/private/tmp/projects/libgdx/gdx/src/com/badlogic/gdx/maps/tiled/objects/TiledMapTileMapObject.java
com.badlogic.gdx.maps.objects.TextureMapObject	/private/tmp/projects/libgdx/gdx/src/com/badlogic/gdx/maps/objects/TextureMapObject.java
com.badlogic.gdx.maps.tiled.TmxMapLoader	/private/tmp/projects/libgdx/gdx/src/com/badlogic/gdx/maps/tiled/TmxMapLoader.java
com.badlogic.gdx.maps.tiled.TmxMapLoader$Parameters	/private/tmp/projects/libgdx/gdx/src/com/badlogic/gdx/maps/tiled/TmxMapLoader.java
com.badlogic.gdx.maps.objects.EllipseMapObject	/private/tmp/projects/libgdx/gdx/src/com/badlogic/gdx/maps/objects/EllipseMapObject.java
com.badlogic.gdx.math.Ellipse	/private/tmp/projects/libgdx/gdx/src/com/badlogic/gdx/math/Ellipse.java
com.badlogic.gdx.maps.objects.RectangleMapObject	/private/tmp/projects/libgdx/gdx/src/com/badlogic/gdx/maps/objects/RectangleMapObject.java
com.badlogic.gdx.maps.objects.PolygonMapObject	/private/tmp/projects/libgdx/gdx/src/com/badlogic/gdx/maps/objects/PolygonMapObject.java
com.badlogic.gdx.math.Polygon	/private/tmp/projects/libgdx/gdx/src/com/badlogic/gdx/math/Polygon.java
com.badlogic.gdx.maps.objects.CircleMapObject	/private/tmp/projects/libgdx/gdx/src/com/badlogic/gdx/maps/objects/CircleMapObject.java
com.badlogic.gdx.maps.objects.PolylineMapObject	/private/tmp/projects/libgdx/gdx/src/com/badlogic/gdx/maps/objects/PolylineMapObject.java
com.badlogic.gdx.math.Polyline	/private/tmp/projects/libgdx/gdx/src/com/badlogic/gdx/math/Polyline.java
com.badlogic.gdx.maps.MapGroupLayer	/private/tmp/projects/libgdx/gdx/src/com/badlogic/gdx/maps/MapGroupLayer.java
com.badlogic.gdx.InputAdapter	/private/tmp/projects/libgdx/gdx/src/com/badlogic/gdx/InputAdapter.java
com.badlogic.gdx.scenes.scene2d.ui.WidgetGroup	/private/tmp/projects/libgdx/gdx/src/com/badlogic/gdx/scenes/scene2d/ui/WidgetGroup.java
com.badlogic.gdx.scenes.scene2d.Group	/private/tmp/projects/libgdx/gdx/src/com/badlogic/gdx/scenes/scene2d/Group.java
com.badlogic.gdx.utils.Align	/private/tmp/projects/libgdx/gdx/src/com/badlogic/gdx/utils/Align.java
com.badlogic.gdx.graphics.glutils.ShapeRenderer	/private/tmp/projects/libgdx/gdx/src/com/badlogic/gdx/graphics/glutils/ShapeRenderer.java
com.badlogic.gdx.graphics.glutils.ShapeRenderer$ShapeType	/private/tmp/projects/libgdx/gdx/src/com/badlogic/gdx/graphics/glutils/ShapeRenderer.java
com.badlogic.gdx.scenes.scene2d.Actor	/private/tmp/projects/libgdx/gdx/src/com/badlogic/gdx/scenes/scene2d/Actor.java
com.badlogic.gdx.scenes.scene2d.utils.Cullable	/private/tmp/projects/libgdx/gdx/src/com/badlogic/gdx/scenes/scene2d/utils/Cullable.java
com.badlogic.gdx.scenes.scene2d.utils.Layout	/private/tmp/projects/libgdx/gdx/src/com/badlogic/gdx/scenes/scene2d/utils/Layout.java
com.badlogic.gdx.utils.SnapshotArray	/private/tmp/projects/libgdx/gdx/src/com/badlogic/gdx/utils/SnapshotArray.java
com.badlogic.gdx.scenes.scene2d.InputEvent	/private/tmp/projects/libgdx/gdx/src/com/badlogic/gdx/scenes/scene2d/InputEvent.java
com.badlogic.gdx.scenes.scene2d.InputEvent$Type	/private/tmp/projects/libgdx/gdx/src/com/badlogic/gdx/scenes/scene2d/InputEvent.java
com.badlogic.gdx.scenes.scene2d.ui.Label	/private/tmp/projects/libgdx/gdx/src/com/badlogic/gdx/scenes/scene2d/ui/Label.java
com.badlogic.gdx.scenes.scene2d.ui.Label$LabelStyle	/private/tmp/projects/libgdx/gdx/src/com/badlogic/gdx/scenes/scene2d/ui/Label.java
com.badlogic.gdx.scenes.scene2d.ui.Value	/private/tmp/projects/libgdx/gdx/src/com/badlogic/gdx/scenes/scene2d/ui/Value.java
com.badlogic.gdx.scenes.scene2d.ui.Value$Fixed	/private/tmp/projects/libgdx/gdx/src/com/badlogic/gdx/scenes/scene2d/ui/Value.java
com.badlogic.gdx.scenes.scene2d.ui.Value$1	/private/tmp/projects/libgdx/gdx/src/com/badlogic/gdx/scenes/scene2d/ui/Value.java
com.badlogic.gdx.scenes.scene2d.ui.Value$2	/private/tmp/projects/libgdx/gdx/src/com/badlogic/gdx/scenes/scene2d/ui/Value.java
com.badlogic.gdx.scenes.scene2d.ui.Value$3	/private/tmp/projects/libgdx/gdx/src/com/badlogic/gdx/scenes/scene2d/ui/Value.java
com.badlogic.gdx.scenes.scene2d.ui.Value$4	/private/tmp/projects/libgdx/gdx/src/com/badlogic/gdx/scenes/scene2d/ui/Value.java
com.badlogic.gdx.scenes.scene2d.ui.Value$5	/private/tmp/projects/libgdx/gdx/src/com/badlogic/gdx/scenes/scene2d/ui/Value.java
com.badlogic.gdx.scenes.scene2d.ui.Value$6	/private/tmp/projects/libgdx/gdx/src/com/badlogic/gdx/scenes/scene2d/ui/Value.java
com.badlogic.gdx.scenes.scene2d.ui.Value$7	/private/tmp/projects/libgdx/gdx/src/com/badlogic/gdx/scenes/scene2d/ui/Value.java
com.badlogic.gdx.scenes.scene2d.ui.Value$8	/private/tmp/projects/libgdx/gdx/src/com/badlogic/gdx/scenes/scene2d/ui/Value.java
com.badlogic.gdx.scenes.scene2d.ui.Value$9	/private/tmp/projects/libgdx/gdx/src/com/badlogic/gdx/scenes/scene2d/ui/Value.java
com.badlogic.gdx.scenes.scene2d.ui.Value$10	/private/tmp/projects/libgdx/gdx/src/com/badlogic/gdx/scenes/scene2d/ui/Value.java
com.badlogic.gdx.scenes.scene2d.ui.Table	/private/tmp/projects/libgdx/gdx/src/com/badlogic/gdx/scenes/scene2d/ui/Table.java
com.badlogic.gdx.scenes.scene2d.ui.Table$1	/private/tmp/projects/libgdx/gdx/src/com/badlogic/gdx/scenes/scene2d/ui/Table.java
com.badlogic.gdx.scenes.scene2d.ui.Table$DebugRect	/private/tmp/projects/libgdx/gdx/src/com/badlogic/gdx/scenes/scene2d/ui/Table.java
com.badlogic.gdx.scenes.scene2d.ui.Table$Debug	/private/tmp/projects/libgdx/gdx/src/com/badlogic/gdx/scenes/scene2d/ui/Table.java
com.badlogic.gdx.scenes.scene2d.ui.Table$2	/private/tmp/projects/libgdx/gdx/src/com/badlogic/gdx/scenes/scene2d/ui/Table.java
com.badlogic.gdx.scenes.scene2d.ui.Table$3	/private/tmp/projects/libgdx/gdx/src/com/badlogic/gdx/scenes/scene2d/ui/Table.java
com.badlogic.gdx.scenes.scene2d.ui.Table$4	/private/tmp/projects/libgdx/gdx/src/com/badlogic/gdx/scenes/scene2d/ui/Table.java
com.badlogic.gdx.scenes.scene2d.ui.Table$5	/private/tmp/projects/libgdx/gdx/src/com/badlogic/gdx/scenes/scene2d/ui/Table.java
com.badlogic.gdx.scenes.scene2d.utils.FocusListener	/private/tmp/projects/libgdx/gdx/src/com/badlogic/gdx/scenes/scene2d/utils/FocusListener.java
com.badlogic.gdx.scenes.scene2d.utils.FocusListener$FocusEvent	/private/tmp/projects/libgdx/gdx/src/com/badlogic/gdx/scenes/scene2d/utils/FocusListener.java
com.badlogic.gdx.scenes.scene2d.utils.FocusListener$FocusEvent$Type	/private/tmp/projects/libgdx/gdx/src/com/badlogic/gdx/scenes/scene2d/utils/FocusListener.java
com.badlogic.gdx.scenes.scene2d.Stage	/private/tmp/projects/libgdx/gdx/src/com/badlogic/gdx/scenes/scene2d/Stage.java
com.badlogic.gdx.scenes.scene2d.Stage$TouchFocus	/private/tmp/projects/libgdx/gdx/src/com/badlogic/gdx/scenes/scene2d/Stage.java
com.badlogic.gdx.scenes.scene2d.Event	/private/tmp/projects/libgdx/gdx/src/com/badlogic/gdx/scenes/scene2d/Event.java
com.badlogic.gdx.scenes.scene2d.ui.Widget	/private/tmp/projects/libgdx/gdx/src/com/badlogic/gdx/scenes/scene2d/ui/Widget.java
com.badlogic.gdx.scenes.scene2d.EventListener	/private/tmp/projects/libgdx/gdx/src/com/badlogic/gdx/scenes/scene2d/EventListener.java
com.badlogic.gdx.utils.viewport.Viewport	/private/tmp/projects/libgdx/gdx/src/com/badlogic/gdx/utils/viewport/Viewport.java
com.badlogic.gdx.scenes.scene2d.Action	/private/tmp/projects/libgdx/gdx/src/com/badlogic/gdx/scenes/scene2d/Action.java
com.badlogic.gdx.scenes.scene2d.ui.Cell	/private/tmp/projects/libgdx/gdx/src/com/badlogic/gdx/scenes/scene2d/ui/Cell.java
com.badlogic.gdx.scenes.scene2d.utils.Drawable	/private/tmp/projects/libgdx/gdx/src/com/badlogic/gdx/scenes/scene2d/utils/Drawable.java
com.badlogic.gdx.graphics.g2d.GlyphLayout	/private/tmp/projects/libgdx/gdx/src/com/badlogic/gdx/graphics/g2d/GlyphLayout.java
com.badlogic.gdx.graphics.g2d.GlyphLayout$GlyphRun	/private/tmp/projects/libgdx/gdx/src/com/badlogic/gdx/graphics/g2d/GlyphLayout.java
com.badlogic.gdx.graphics.g2d.BitmapFont	/private/tmp/projects/libgdx/gdx/src/com/badlogic/gdx/graphics/g2d/BitmapFont.java
com.badlogic.gdx.graphics.g2d.BitmapFont$Glyph	/private/tmp/projects/libgdx/gdx/src/com/badlogic/gdx/graphics/g2d/BitmapFont.java
com.badlogic.gdx.graphics.g2d.BitmapFont$BitmapFontData	/private/tmp/projects/libgdx/gdx/src/com/badlogic/gdx/graphics/g2d/BitmapFont.java
com.badlogic.gdx.utils.IntSet	/private/tmp/projects/libgdx/gdx/src/com/badlogic/gdx/utils/IntSet.java
com.badlogic.gdx.utils.IntSet$IntSetIterator	/private/tmp/projects/libgdx/gdx/src/com/badlogic/gdx/utils/IntSet.java
com.badlogic.gdx.utils.JsonWriter	/private/tmp/projects/libgdx/gdx/src/com/badlogic/gdx/utils/JsonWriter.java
com.badlogic.gdx.utils.JsonWriter$JsonObject	/private/tmp/projects/libgdx/gdx/src/com/badlogic/gdx/utils/JsonWriter.java
com.badlogic.gdx.utils.JsonWriter$OutputType	/private/tmp/projects/libgdx/gdx/src/com/badlogic/gdx/utils/JsonWriter.java
com.badlogic.gdx.utils.JsonValue	/private/tmp/projects/libgdx/gdx/src/com/badlogic/gdx/utils/JsonValue.java
com.badlogic.gdx.utils.JsonValue$JsonIterator	/private/tmp/projects/libgdx/gdx/src/com/badlogic/gdx/utils/JsonValue.java
com.badlogic.gdx.utils.JsonValue$ValueType	/private/tmp/projects/libgdx/gdx/src/com/badlogic/gdx/utils/JsonValue.java
com.badlogic.gdx.utils.JsonValue$PrettyPrintSettings	/private/tmp/projects/libgdx/gdx/src/com/badlogic/gdx/utils/JsonValue.java
com.badlogic.gdx.utils.Json	/private/tmp/projects/libgdx/gdx/src/com/badlogic/gdx/utils/Json.java
com.badlogic.gdx.utils.Json$FieldMetadata	/private/tmp/projects/libgdx/gdx/src/com/badlogic/gdx/utils/Json.java
com.badlogic.gdx.utils.Json$Serializer	/private/tmp/projects/libgdx/gdx/src/com/badlogic/gdx/utils/Json.java
com.badlogic.gdx.utils.Json$ReadOnlySerializer	/private/tmp/projects/libgdx/gdx/src/com/badlogic/gdx/utils/Json.java
com.badlogic.gdx.utils.Json$Serializable	/private/tmp/projects/libgdx/gdx/src/com/badlogic/gdx/utils/Json.java
com.badlogic.gdx.scenes.scene2d.ui.Skin	/private/tmp/projects/libgdx/gdx/src/com/badlogic/gdx/scenes/scene2d/ui/Skin.java
com.badlogic.gdx.scenes.scene2d.ui.Skin$1	/private/tmp/projects/libgdx/gdx/src/com/badlogic/gdx/scenes/scene2d/ui/Skin.java
com.badlogic.gdx.scenes.scene2d.ui.Skin$2	/private/tmp/projects/libgdx/gdx/src/com/badlogic/gdx/scenes/scene2d/ui/Skin.java
com.badlogic.gdx.scenes.scene2d.ui.Skin$3	/private/tmp/projects/libgdx/gdx/src/com/badlogic/gdx/scenes/scene2d/ui/Skin.java
com.badlogic.gdx.scenes.scene2d.ui.Skin$4	/private/tmp/projects/libgdx/gdx/src/com/badlogic/gdx/scenes/scene2d/ui/Skin.java
com.badlogic.gdx.scenes.scene2d.ui.Skin$5	/private/tmp/projects/libgdx/gdx/src/com/badlogic/gdx/scenes/scene2d/ui/Skin.java
com.badlogic.gdx.scenes.scene2d.ui.Skin$TintedDrawable	/private/tmp/projects/libgdx/gdx/src/com/badlogic/gdx/scenes/scene2d/ui/Skin.java
com.badlogic.gdx.scenes.scene2d.ui.Stack	/private/tmp/projects/libgdx/gdx/src/com/badlogic/gdx/scenes/scene2d/ui/Stack.java
com.badlogic.gdx.scenes.scene2d.utils.TiledDrawable	/private/tmp/projects/libgdx/gdx/src/com/badlogic/gdx/scenes/scene2d/utils/TiledDrawable.java
com.badlogic.gdx.scenes.scene2d.utils.TextureRegionDrawable	/private/tmp/projects/libgdx/gdx/src/com/badlogic/gdx/scenes/scene2d/utils/TextureRegionDrawable.java
com.badlogic.gdx.scenes.scene2d.utils.BaseDrawable	/private/tmp/projects/libgdx/gdx/src/com/badlogic/gdx/scenes/scene2d/utils/BaseDrawable.java
com.badlogic.gdx.scenes.scene2d.utils.TransformDrawable	/private/tmp/projects/libgdx/gdx/src/com/badlogic/gdx/scenes/scene2d/utils/TransformDrawable.java
com.badlogic.gdx.utils.reflect.Method	/private/tmp/projects/libgdx/gdx/src/com/badlogic/gdx/utils/reflect/Method.java
com.badlogic.gdx.utils.reflect.ReflectionException	/private/tmp/projects/libgdx/gdx/src/com/badlogic/gdx/utils/reflect/ReflectionException.java
com.badlogic.gdx.utils.reflect.Annotation	/private/tmp/projects/libgdx/gdx/src/com/badlogic/gdx/utils/reflect/Annotation.java
com.badlogic.gdx.graphics.g2d.BitmapFontCache	/private/tmp/projects/libgdx/gdx/src/com/badlogic/gdx/graphics/g2d/BitmapFontCache.java
com.badlogic.gdx.utils.FloatArray	/private/tmp/projects/libgdx/gdx/src/com/badlogic/gdx/utils/FloatArray.java
com.badlogic.gdx.utils.OrderedMap	/private/tmp/projects/libgdx/gdx/src/com/badlogic/gdx/utils/OrderedMap.java
com.badlogic.gdx.utils.OrderedMap$OrderedMapEntries	/private/tmp/projects/libgdx/gdx/src/com/badlogic/gdx/utils/OrderedMap.java
com.badlogic.gdx.utils.OrderedMap$OrderedMapKeys	/private/tmp/projects/libgdx/gdx/src/com/badlogic/gdx/utils/OrderedMap.java
com.badlogic.gdx.utils.OrderedMap$OrderedMapValues	/private/tmp/projects/libgdx/gdx/src/com/badlogic/gdx/utils/OrderedMap.java
com.badlogic.gdx.utils.reflect.Field	/private/tmp/projects/libgdx/gdx/src/com/badlogic/gdx/utils/reflect/Field.java
com.badlogic.gdx.utils.DelayedRemovalArray	/private/tmp/projects/libgdx/gdx/src/com/badlogic/gdx/utils/DelayedRemovalArray.java
com.badlogic.gdx.scenes.scene2d.Touchable	/private/tmp/projects/libgdx/gdx/src/com/badlogic/gdx/scenes/scene2d/Touchable.java
com.badlogic.gdx.graphics.glutils.ImmediateModeRenderer	/private/tmp/projects/libgdx/gdx/src/com/badlogic/gdx/graphics/glutils/ImmediateModeRenderer.java
com.badlogic.gdx.scenes.scene2d.utils.ChangeListener	/private/tmp/projects/libgdx/gdx/src/com/badlogic/gdx/scenes/scene2d/utils/ChangeListener.java
com.badlogic.gdx.scenes.scene2d.utils.ChangeListener$ChangeEvent	/private/tmp/projects/libgdx/gdx/src/com/badlogic/gdx/scenes/scene2d/utils/ChangeListener.java
com.badlogic.gdx.scenes.scene2d.ui.Tree	/private/tmp/projects/libgdx/gdx/src/com/badlogic/gdx/scenes/scene2d/ui/Tree.java
com.badlogic.gdx.scenes.scene2d.ui.Tree$1	/private/tmp/projects/libgdx/gdx/src/com/badlogic/gdx/scenes/scene2d/ui/Tree.java
com.badlogic.gdx.scenes.scene2d.ui.Tree$2	/private/tmp/projects/libgdx/gdx/src/com/badlogic/gdx/scenes/scene2d/ui/Tree.java
com.badlogic.gdx.scenes.scene2d.ui.Tree$Node	/private/tmp/projects/libgdx/gdx/src/com/badlogic/gdx/scenes/scene2d/ui/Tree.java
com.badlogic.gdx.scenes.scene2d.ui.Tree$TreeStyle	/private/tmp/projects/libgdx/gdx/src/com/badlogic/gdx/scenes/scene2d/ui/Tree.java
com.badlogic.gdx.scenes.scene2d.utils.Selection	/private/tmp/projects/libgdx/gdx/src/com/badlogic/gdx/scenes/scene2d/utils/Selection.java
com.badlogic.gdx.scenes.scene2d.utils.Disableable	/private/tmp/projects/libgdx/gdx/src/com/badlogic/gdx/scenes/scene2d/utils/Disableable.java
com.badlogic.gdx.scenes.scene2d.utils.ClickListener	/private/tmp/projects/libgdx/gdx/src/com/badlogic/gdx/scenes/scene2d/utils/ClickListener.java
com.badlogic.gdx.scenes.scene2d.InputListener	/private/tmp/projects/libgdx/gdx/src/com/badlogic/gdx/scenes/scene2d/InputListener.java
com.badlogic.gdx.utils.OrderedSet	/private/tmp/projects/libgdx/gdx/src/com/badlogic/gdx/utils/OrderedSet.java
com.badlogic.gdx.utils.OrderedSet$OrderedSetIterator	/private/tmp/projects/libgdx/gdx/src/com/badlogic/gdx/utils/OrderedSet.java
com.badlogic.gdx.scenes.scene2d.ui.Touchpad	/private/tmp/projects/libgdx/gdx/src/com/badlogic/gdx/scenes/scene2d/ui/Touchpad.java
com.badlogic.gdx.scenes.scene2d.ui.Touchpad$1	/private/tmp/projects/libgdx/gdx/src/com/badlogic/gdx/scenes/scene2d/ui/Touchpad.java
com.badlogic.gdx.scenes.scene2d.ui.Touchpad$TouchpadStyle	/private/tmp/projects/libgdx/gdx/src/com/badlogic/gdx/scenes/scene2d/ui/Touchpad.java
com.badlogic.gdx.scenes.scene2d.ui.Image	/private/tmp/projects/libgdx/gdx/src/com/badlogic/gdx/scenes/scene2d/ui/Image.java
com.badlogic.gdx.utils.Scaling	/private/tmp/projects/libgdx/gdx/src/com/badlogic/gdx/utils/Scaling.java
com.badlogic.gdx.utils.Scaling$1	/private/tmp/projects/libgdx/gdx/src/com/badlogic/gdx/utils/Scaling.java
com.badlogic.gdx.utils.Scaling$2	/private/tmp/projects/libgdx/gdx/src/com/badlogic/gdx/utils/Scaling.java
com.badlogic.gdx.utils.Scaling$3	/private/tmp/projects/libgdx/gdx/src/com/badlogic/gdx/utils/Scaling.java
com.badlogic.gdx.utils.Scaling$4	/private/tmp/projects/libgdx/gdx/src/com/badlogic/gdx/utils/Scaling.java
com.badlogic.gdx.utils.Scaling$5	/private/tmp/projects/libgdx/gdx/src/com/badlogic/gdx/utils/Scaling.java
com.badlogic.gdx.utils.Scaling$6	/private/tmp/projects/libgdx/gdx/src/com/badlogic/gdx/utils/Scaling.java
com.badlogic.gdx.utils.Scaling$7	/private/tmp/projects/libgdx/gdx/src/com/badlogic/gdx/utils/Scaling.java
com.badlogic.gdx.utils.Scaling$8	/private/tmp/projects/libgdx/gdx/src/com/badlogic/gdx/utils/Scaling.java
com.badlogic.gdx.utils.Scaling$9	/private/tmp/projects/libgdx/gdx/src/com/badlogic/gdx/utils/Scaling.java
com.badlogic.gdx.scenes.scene2d.ui.Window	/private/tmp/projects/libgdx/gdx/src/com/badlogic/gdx/scenes/scene2d/ui/Window.java
com.badlogic.gdx.scenes.scene2d.ui.Window$1	/private/tmp/projects/libgdx/gdx/src/com/badlogic/gdx/scenes/scene2d/ui/Window.java
com.badlogic.gdx.scenes.scene2d.ui.Window$2	/private/tmp/projects/libgdx/gdx/src/com/badlogic/gdx/scenes/scene2d/ui/Window.java
com.badlogic.gdx.scenes.scene2d.ui.Window$3	/private/tmp/projects/libgdx/gdx/src/com/badlogic/gdx/scenes/scene2d/ui/Window.java
com.badlogic.gdx.scenes.scene2d.ui.Window$WindowStyle	/private/tmp/projects/libgdx/gdx/src/com/badlogic/gdx/scenes/scene2d/ui/Window.java
com.badlogic.gdx.scenes.scene2d.ui.ScrollPane	/private/tmp/projects/libgdx/gdx/src/com/badlogic/gdx/scenes/scene2d/ui/ScrollPane.java
com.badlogic.gdx.scenes.scene2d.ui.ScrollPane$1	/private/tmp/projects/libgdx/gdx/src/com/badlogic/gdx/scenes/scene2d/ui/ScrollPane.java
com.badlogic.gdx.scenes.scene2d.ui.ScrollPane$2	/private/tmp/projects/libgdx/gdx/src/com/badlogic/gdx/scenes/scene2d/ui/ScrollPane.java
com.badlogic.gdx.scenes.scene2d.ui.ScrollPane$3	/private/tmp/projects/libgdx/gdx/src/com/badlogic/gdx/scenes/scene2d/ui/ScrollPane.java
com.badlogic.gdx.scenes.scene2d.ui.ScrollPane$ScrollPaneStyle	/private/tmp/projects/libgdx/gdx/src/com/badlogic/gdx/scenes/scene2d/ui/ScrollPane.java
com.badlogic.gdx.utils.Timer	/private/tmp/projects/libgdx/gdx/src/com/badlogic/gdx/utils/Timer.java
com.badlogic.gdx.utils.Timer$Task	/private/tmp/projects/libgdx/gdx/src/com/badlogic/gdx/utils/Timer.java
com.badlogic.gdx.utils.Timer$TimerThread	/private/tmp/projects/libgdx/gdx/src/com/badlogic/gdx/utils/Timer.java
com.badlogic.gdx.input.GestureDetector	/private/tmp/projects/libgdx/gdx/src/com/badlogic/gdx/input/GestureDetector.java
com.badlogic.gdx.input.GestureDetector$1	/private/tmp/projects/libgdx/gdx/src/com/badlogic/gdx/input/GestureDetector.java
com.badlogic.gdx.input.GestureDetector$GestureListener	/private/tmp/projects/libgdx/gdx/src/com/badlogic/gdx/input/GestureDetector.java
com.badlogic.gdx.input.GestureDetector$GestureAdapter	/private/tmp/projects/libgdx/gdx/src/com/badlogic/gdx/input/GestureDetector.java
com.badlogic.gdx.input.GestureDetector$VelocityTracker	/private/tmp/projects/libgdx/gdx/src/com/badlogic/gdx/input/GestureDetector.java
com.badlogic.gdx.scenes.scene2d.utils.ActorGestureListener	/private/tmp/projects/libgdx/gdx/src/com/badlogic/gdx/scenes/scene2d/utils/ActorGestureListener.java
com.badlogic.gdx.scenes.scene2d.utils.ActorGestureListener$1	/private/tmp/projects/libgdx/gdx/src/com/badlogic/gdx/scenes/scene2d/utils/ActorGestureListener.java
com.badlogic.gdx.scenes.scene2d.ui.TextArea	/private/tmp/projects/libgdx/gdx/src/com/badlogic/gdx/scenes/scene2d/ui/TextArea.java
com.badlogic.gdx.scenes.scene2d.ui.TextArea$TextAreaListener	/private/tmp/projects/libgdx/gdx/src/com/badlogic/gdx/scenes/scene2d/ui/TextArea.java
com.badlogic.gdx.scenes.scene2d.ui.TextField	/private/tmp/projects/libgdx/gdx/src/com/badlogic/gdx/scenes/scene2d/ui/TextField.java
com.badlogic.gdx.scenes.scene2d.ui.TextField$1	/private/tmp/projects/libgdx/gdx/src/com/badlogic/gdx/scenes/scene2d/ui/TextField.java
com.badlogic.gdx.scenes.scene2d.ui.TextField$KeyRepeatTask	/private/tmp/projects/libgdx/gdx/src/com/badlogic/gdx/scenes/scene2d/ui/TextField.java
com.badlogic.gdx.scenes.scene2d.ui.TextField$TextFieldListener	/private/tmp/projects/libgdx/gdx/src/com/badlogic/gdx/scenes/scene2d/ui/TextField.java
com.badlogic.gdx.scenes.scene2d.ui.TextField$TextFieldFilter	/private/tmp/projects/libgdx/gdx/src/com/badlogic/gdx/scenes/scene2d/ui/TextField.java
com.badlogic.gdx.scenes.scene2d.ui.TextField$TextFieldFilter$DigitsOnlyFilter	/private/tmp/projects/libgdx/gdx/src/com/badlogic/gdx/scenes/scene2d/ui/TextField.java
com.badlogic.gdx.scenes.scene2d.ui.TextField$OnscreenKeyboard	/private/tmp/projects/libgdx/gdx/src/com/badlogic/gdx/scenes/scene2d/ui/TextField.java
com.badlogic.gdx.scenes.scene2d.ui.TextField$DefaultOnscreenKeyboard	/private/tmp/projects/libgdx/gdx/src/com/badlogic/gdx/scenes/scene2d/ui/TextField.java
com.badlogic.gdx.scenes.scene2d.ui.TextField$TextFieldClickListener	/private/tmp/projects/libgdx/gdx/src/com/badlogic/gdx/scenes/scene2d/ui/TextField.java
com.badlogic.gdx.scenes.scene2d.ui.TextField$TextFieldStyle	/private/tmp/projects/libgdx/gdx/src/com/badlogic/gdx/scenes/scene2d/ui/TextField.java
com.badlogic.gdx.scenes.scene2d.ui.List	/private/tmp/projects/libgdx/gdx/src/com/badlogic/gdx/scenes/scene2d/ui/List.java
com.badlogic.gdx.scenes.scene2d.ui.List$1	/private/tmp/projects/libgdx/gdx/src/com/badlogic/gdx/scenes/scene2d/ui/List.java
com.badlogic.gdx.scenes.scene2d.ui.List$2	/private/tmp/projects/libgdx/gdx/src/com/badlogic/gdx/scenes/scene2d/ui/List.java
com.badlogic.gdx.scenes.scene2d.ui.List$ListStyle	/private/tmp/projects/libgdx/gdx/src/com/badlogic/gdx/scenes/scene2d/ui/List.java
com.badlogic.gdx.scenes.scene2d.utils.ArraySelection	/private/tmp/projects/libgdx/gdx/src/com/badlogic/gdx/scenes/scene2d/utils/ArraySelection.java
com.badlogic.gdx.scenes.scene2d.ui.VerticalGroup	/private/tmp/projects/libgdx/gdx/src/com/badlogic/gdx/scenes/scene2d/ui/VerticalGroup.java
com.badlogic.gdx.scenes.scene2d.ui.Button	/private/tmp/projects/libgdx/gdx/src/com/badlogic/gdx/scenes/scene2d/ui/Button.java
com.badlogic.gdx.scenes.scene2d.ui.Button$1	/private/tmp/projects/libgdx/gdx/src/com/badlogic/gdx/scenes/scene2d/ui/Button.java
com.badlogic.gdx.scenes.scene2d.ui.Button$ButtonStyle	/private/tmp/projects/libgdx/gdx/src/com/badlogic/gdx/scenes/scene2d/ui/Button.java
com.badlogic.gdx.scenes.scene2d.ui.ButtonGroup	/private/tmp/projects/libgdx/gdx/src/com/badlogic/gdx/scenes/scene2d/ui/ButtonGroup.java
com.badlogic.gdx.scenes.scene2d.actions.Actions	/private/tmp/projects/libgdx/gdx/src/com/badlogic/gdx/scenes/scene2d/actions/Actions.java
com.badlogic.gdx.scenes.scene2d.ui.TooltipManager	/private/tmp/projects/libgdx/gdx/src/com/badlogic/gdx/scenes/scene2d/ui/TooltipManager.java
com.badlogic.gdx.scenes.scene2d.ui.TooltipManager$1	/private/tmp/projects/libgdx/gdx/src/com/badlogic/gdx/scenes/scene2d/ui/TooltipManager.java
com.badlogic.gdx.scenes.scene2d.ui.TooltipManager$2	/private/tmp/projects/libgdx/gdx/src/com/badlogic/gdx/scenes/scene2d/ui/TooltipManager.java
com.badlogic.gdx.scenes.scene2d.ui.Tooltip	/private/tmp/projects/libgdx/gdx/src/com/badlogic/gdx/scenes/scene2d/ui/Tooltip.java
com.badlogic.gdx.scenes.scene2d.ui.Tooltip$1	/private/tmp/projects/libgdx/gdx/src/com/badlogic/gdx/scenes/scene2d/ui/Tooltip.java
com.badlogic.gdx.scenes.scene2d.ui.Container	/private/tmp/projects/libgdx/gdx/src/com/badlogic/gdx/scenes/scene2d/ui/Container.java
com.badlogic.gdx.scenes.scene2d.actions.AddAction	/private/tmp/projects/libgdx/gdx/src/com/badlogic/gdx/scenes/scene2d/actions/AddAction.java
com.badlogic.gdx.scenes.scene2d.actions.RemoveAction	/private/tmp/projects/libgdx/gdx/src/com/badlogic/gdx/scenes/scene2d/actions/RemoveAction.java
com.badlogic.gdx.scenes.scene2d.actions.MoveToAction	/private/tmp/projects/libgdx/gdx/src/com/badlogic/gdx/scenes/scene2d/actions/MoveToAction.java
com.badlogic.gdx.scenes.scene2d.actions.TemporalAction	/private/tmp/projects/libgdx/gdx/src/com/badlogic/gdx/scenes/scene2d/actions/TemporalAction.java
com.badlogic.gdx.scenes.scene2d.actions.MoveByAction	/private/tmp/projects/libgdx/gdx/src/com/badlogic/gdx/scenes/scene2d/actions/MoveByAction.java
com.badlogic.gdx.scenes.scene2d.actions.RelativeTemporalAction	/private/tmp/projects/libgdx/gdx/src/com/badlogic/gdx/scenes/scene2d/actions/RelativeTemporalAction.java
com.badlogic.gdx.scenes.scene2d.actions.SizeToAction	/private/tmp/projects/libgdx/gdx/src/com/badlogic/gdx/scenes/scene2d/actions/SizeToAction.java
com.badlogic.gdx.scenes.scene2d.actions.SizeByAction	/private/tmp/projects/libgdx/gdx/src/com/badlogic/gdx/scenes/scene2d/actions/SizeByAction.java
com.badlogic.gdx.scenes.scene2d.actions.ScaleToAction	/private/tmp/projects/libgdx/gdx/src/com/badlogic/gdx/scenes/scene2d/actions/ScaleToAction.java
com.badlogic.gdx.scenes.scene2d.actions.ScaleByAction	/private/tmp/projects/libgdx/gdx/src/com/badlogic/gdx/scenes/scene2d/actions/ScaleByAction.java
com.badlogic.gdx.scenes.scene2d.actions.RotateToAction	/private/tmp/projects/libgdx/gdx/src/com/badlogic/gdx/scenes/scene2d/actions/RotateToAction.java
com.badlogic.gdx.scenes.scene2d.actions.RotateByAction	/private/tmp/projects/libgdx/gdx/src/com/badlogic/gdx/scenes/scene2d/actions/RotateByAction.java
com.badlogic.gdx.scenes.scene2d.actions.ColorAction	/private/tmp/projects/libgdx/gdx/src/com/badlogic/gdx/scenes/scene2d/actions/ColorAction.java
com.badlogic.gdx.scenes.scene2d.actions.AlphaAction	/private/tmp/projects/libgdx/gdx/src/com/badlogic/gdx/scenes/scene2d/actions/AlphaAction.java
com.badlogic.gdx.scenes.scene2d.actions.VisibleAction	/private/tmp/projects/libgdx/gdx/src/com/badlogic/gdx/scenes/scene2d/actions/VisibleAction.java
com.badlogic.gdx.scenes.scene2d.actions.TouchableAction	/private/tmp/projects/libgdx/gdx/src/com/badlogic/gdx/scenes/scene2d/actions/TouchableAction.java
com.badlogic.gdx.scenes.scene2d.actions.RemoveActorAction	/private/tmp/projects/libgdx/gdx/src/com/badlogic/gdx/scenes/scene2d/actions/RemoveActorAction.java
com.badlogic.gdx.scenes.scene2d.actions.DelayAction	/private/tmp/projects/libgdx/gdx/src/com/badlogic/gdx/scenes/scene2d/actions/DelayAction.java
com.badlogic.gdx.scenes.scene2d.actions.DelegateAction	/private/tmp/projects/libgdx/gdx/src/com/badlogic/gdx/scenes/scene2d/actions/DelegateAction.java
com.badlogic.gdx.scenes.scene2d.actions.TimeScaleAction	/private/tmp/projects/libgdx/gdx/src/com/badlogic/gdx/scenes/scene2d/actions/TimeScaleAction.java
com.badlogic.gdx.scenes.scene2d.actions.SequenceAction	/private/tmp/projects/libgdx/gdx/src/com/badlogic/gdx/scenes/scene2d/actions/SequenceAction.java
com.badlogic.gdx.scenes.scene2d.actions.ParallelAction	/private/tmp/projects/libgdx/gdx/src/com/badlogic/gdx/scenes/scene2d/actions/ParallelAction.java
com.badlogic.gdx.scenes.scene2d.actions.RepeatAction	/private/tmp/projects/libgdx/gdx/src/com/badlogic/gdx/scenes/scene2d/actions/RepeatAction.java
com.badlogic.gdx.scenes.scene2d.actions.RunnableAction	/private/tmp/projects/libgdx/gdx/src/com/badlogic/gdx/scenes/scene2d/actions/RunnableAction.java
com.badlogic.gdx.scenes.scene2d.actions.LayoutAction	/private/tmp/projects/libgdx/gdx/src/com/badlogic/gdx/scenes/scene2d/actions/LayoutAction.java
com.badlogic.gdx.scenes.scene2d.actions.AfterAction	/private/tmp/projects/libgdx/gdx/src/com/badlogic/gdx/scenes/scene2d/actions/AfterAction.java
com.badlogic.gdx.scenes.scene2d.actions.AddListenerAction	/private/tmp/projects/libgdx/gdx/src/com/badlogic/gdx/scenes/scene2d/actions/AddListenerAction.java
com.badlogic.gdx.scenes.scene2d.actions.RemoveListenerAction	/private/tmp/projects/libgdx/gdx/src/com/badlogic/gdx/scenes/scene2d/actions/RemoveListenerAction.java
com.badlogic.gdx.scenes.scene2d.ui.SplitPane	/private/tmp/projects/libgdx/gdx/src/com/badlogic/gdx/scenes/scene2d/ui/SplitPane.java
com.badlogic.gdx.scenes.scene2d.ui.SplitPane$1	/private/tmp/projects/libgdx/gdx/src/com/badlogic/gdx/scenes/scene2d/ui/SplitPane.java
com.badlogic.gdx.scenes.scene2d.ui.SplitPane$SplitPaneStyle	/private/tmp/projects/libgdx/gdx/src/com/badlogic/gdx/scenes/scene2d/ui/SplitPane.java
com.badlogic.gdx.scenes.scene2d.ui.TextButton	/private/tmp/projects/libgdx/gdx/src/com/badlogic/gdx/scenes/scene2d/ui/TextButton.java
com.badlogic.gdx.scenes.scene2d.ui.TextButton$TextButtonStyle	/private/tmp/projects/libgdx/gdx/src/com/badlogic/gdx/scenes/scene2d/ui/TextButton.java
com.badlogic.gdx.scenes.scene2d.ui.ImageTextButton	/private/tmp/projects/libgdx/gdx/src/com/badlogic/gdx/scenes/scene2d/ui/ImageTextButton.java
com.badlogic.gdx.scenes.scene2d.ui.ImageTextButton$ImageTextButtonStyle	/private/tmp/projects/libgdx/gdx/src/com/badlogic/gdx/scenes/scene2d/ui/ImageTextButton.java
com.badlogic.gdx.scenes.scene2d.ui.SelectBox	/private/tmp/projects/libgdx/gdx/src/com/badlogic/gdx/scenes/scene2d/ui/SelectBox.java
com.badlogic.gdx.scenes.scene2d.ui.SelectBox$1	/private/tmp/projects/libgdx/gdx/src/com/badlogic/gdx/scenes/scene2d/ui/SelectBox.java
com.badlogic.gdx.scenes.scene2d.ui.SelectBox$2	/private/tmp/projects/libgdx/gdx/src/com/badlogic/gdx/scenes/scene2d/ui/SelectBox.java
com.badlogic.gdx.scenes.scene2d.ui.SelectBox$SelectBoxScrollPane	/private/tmp/projects/libgdx/gdx/src/com/badlogic/gdx/scenes/scene2d/ui/SelectBox.java
com.badlogic.gdx.scenes.scene2d.ui.SelectBox$SelectBoxScrollPane$1	/private/tmp/projects/libgdx/gdx/src/com/badlogic/gdx/scenes/scene2d/ui/SelectBox.java
com.badlogic.gdx.scenes.scene2d.ui.SelectBox$SelectBoxScrollPane$2	/private/tmp/projects/libgdx/gdx/src/com/badlogic/gdx/scenes/scene2d/ui/SelectBox.java
com.badlogic.gdx.scenes.scene2d.ui.SelectBox$SelectBoxScrollPane$3	/private/tmp/projects/libgdx/gdx/src/com/badlogic/gdx/scenes/scene2d/ui/SelectBox.java
com.badlogic.gdx.scenes.scene2d.ui.SelectBox$SelectBoxScrollPane$4	/private/tmp/projects/libgdx/gdx/src/com/badlogic/gdx/scenes/scene2d/ui/SelectBox.java
com.badlogic.gdx.scenes.scene2d.ui.SelectBox$SelectBoxStyle	/private/tmp/projects/libgdx/gdx/src/com/badlogic/gdx/scenes/scene2d/ui/SelectBox.java
com.badlogic.gdx.scenes.scene2d.ui.CheckBox	/private/tmp/projects/libgdx/gdx/src/com/badlogic/gdx/scenes/scene2d/ui/CheckBox.java
com.badlogic.gdx.scenes.scene2d.ui.CheckBox$CheckBoxStyle	/private/tmp/projects/libgdx/gdx/src/com/badlogic/gdx/scenes/scene2d/ui/CheckBox.java
com.badlogic.gdx.scenes.scene2d.ui.Dialog	/private/tmp/projects/libgdx/gdx/src/com/badlogic/gdx/scenes/scene2d/ui/Dialog.java
com.badlogic.gdx.scenes.scene2d.ui.Dialog$1	/private/tmp/projects/libgdx/gdx/src/com/badlogic/gdx/scenes/scene2d/ui/Dialog.java
com.badlogic.gdx.scenes.scene2d.ui.Dialog$2	/private/tmp/projects/libgdx/gdx/src/com/badlogic/gdx/scenes/scene2d/ui/Dialog.java
com.badlogic.gdx.scenes.scene2d.ui.Dialog$3	/private/tmp/projects/libgdx/gdx/src/com/badlogic/gdx/scenes/scene2d/ui/Dialog.java
com.badlogic.gdx.scenes.scene2d.ui.Dialog$4	/private/tmp/projects/libgdx/gdx/src/com/badlogic/gdx/scenes/scene2d/ui/Dialog.java
com.badlogic.gdx.scenes.scene2d.ui.Dialog$4$1	/private/tmp/projects/libgdx/gdx/src/com/badlogic/gdx/scenes/scene2d/ui/Dialog.java
com.badlogic.gdx.scenes.scene2d.ui.HorizontalGroup	/private/tmp/projects/libgdx/gdx/src/com/badlogic/gdx/scenes/scene2d/ui/HorizontalGroup.java
com.badlogic.gdx.scenes.scene2d.ui.ParticleEffectActor	/private/tmp/projects/libgdx/gdx/src/com/badlogic/gdx/scenes/scene2d/ui/ParticleEffectActor.java
com.badlogic.gdx.graphics.g2d.ParticleEffect	/private/tmp/projects/libgdx/gdx/src/com/badlogic/gdx/graphics/g2d/ParticleEffect.java
com.badlogic.gdx.graphics.g2d.ParticleEmitter	/private/tmp/projects/libgdx/gdx/src/com/badlogic/gdx/graphics/g2d/ParticleEmitter.java
com.badlogic.gdx.graphics.g2d.ParticleEmitter$Particle	/private/tmp/projects/libgdx/gdx/src/com/badlogic/gdx/graphics/g2d/ParticleEmitter.java
com.badlogic.gdx.graphics.g2d.ParticleEmitter$ParticleValue	/private/tmp/projects/libgdx/gdx/src/com/badlogic/gdx/graphics/g2d/ParticleEmitter.java
com.badlogic.gdx.graphics.g2d.ParticleEmitter$NumericValue	/private/tmp/projects/libgdx/gdx/src/com/badlogic/gdx/graphics/g2d/ParticleEmitter.java
com.badlogic.gdx.graphics.g2d.ParticleEmitter$RangedNumericValue	/private/tmp/projects/libgdx/gdx/src/com/badlogic/gdx/graphics/g2d/ParticleEmitter.java
com.badlogic.gdx.graphics.g2d.ParticleEmitter$ScaledNumericValue	/private/tmp/projects/libgdx/gdx/src/com/badlogic/gdx/graphics/g2d/ParticleEmitter.java
com.badlogic.gdx.graphics.g2d.ParticleEmitter$IndependentScaledNumericValue	/private/tmp/projects/libgdx/gdx/src/com/badlogic/gdx/graphics/g2d/ParticleEmitter.java
com.badlogic.gdx.graphics.g2d.ParticleEmitter$GradientColorValue	/private/tmp/projects/libgdx/gdx/src/com/badlogic/gdx/graphics/g2d/ParticleEmitter.java
com.badlogic.gdx.graphics.g2d.ParticleEmitter$SpawnShapeValue	/private/tmp/projects/libgdx/gdx/src/com/badlogic/gdx/graphics/g2d/ParticleEmitter.java
com.badlogic.gdx.graphics.g2d.ParticleEmitter$SpawnShape	/private/tmp/projects/libgdx/gdx/src/com/badlogic/gdx/graphics/g2d/ParticleEmitter.java
com.badlogic.gdx.graphics.g2d.ParticleEmitter$SpawnEllipseSide	/private/tmp/projects/libgdx/gdx/src/com/badlogic/gdx/graphics/g2d/ParticleEmitter.java
com.badlogic.gdx.graphics.g2d.ParticleEmitter$SpriteMode	/private/tmp/projects/libgdx/gdx/src/com/badlogic/gdx/graphics/g2d/ParticleEmitter.java
com.badlogic.gdx.scenes.scene2d.ui.TextTooltip	/private/tmp/projects/libgdx/gdx/src/com/badlogic/gdx/scenes/scene2d/ui/TextTooltip.java
com.badlogic.gdx.scenes.scene2d.ui.TextTooltip$TextTooltipStyle	/private/tmp/projects/libgdx/gdx/src/com/badlogic/gdx/scenes/scene2d/ui/TextTooltip.java
com.badlogic.gdx.scenes.scene2d.ui.Slider	/private/tmp/projects/libgdx/gdx/src/com/badlogic/gdx/scenes/scene2d/ui/Slider.java
com.badlogic.gdx.scenes.scene2d.ui.Slider$1	/private/tmp/projects/libgdx/gdx/src/com/badlogic/gdx/scenes/scene2d/ui/Slider.java
com.badlogic.gdx.scenes.scene2d.ui.Slider$SliderStyle	/private/tmp/projects/libgdx/gdx/src/com/badlogic/gdx/scenes/scene2d/ui/Slider.java
com.badlogic.gdx.scenes.scene2d.ui.ProgressBar	/private/tmp/projects/libgdx/gdx/src/com/badlogic/gdx/scenes/scene2d/ui/ProgressBar.java
com.badlogic.gdx.scenes.scene2d.ui.ProgressBar$ProgressBarStyle	/private/tmp/projects/libgdx/gdx/src/com/badlogic/gdx/scenes/scene2d/ui/ProgressBar.java
com.badlogic.gdx.scenes.scene2d.ui.ImageButton	/private/tmp/projects/libgdx/gdx/src/com/badlogic/gdx/scenes/scene2d/ui/ImageButton.java
com.badlogic.gdx.scenes.scene2d.ui.ImageButton$ImageButtonStyle	/private/tmp/projects/libgdx/gdx/src/com/badlogic/gdx/scenes/scene2d/ui/ImageButton.java
com.badlogic.gdx.scenes.scene2d.utils.DragListener	/private/tmp/projects/libgdx/gdx/src/com/badlogic/gdx/scenes/scene2d/utils/DragListener.java
com.badlogic.gdx.scenes.scene2d.utils.ScissorStack	/private/tmp/projects/libgdx/gdx/src/com/badlogic/gdx/scenes/scene2d/utils/ScissorStack.java
com.badlogic.gdx.scenes.scene2d.utils.DragScrollListener	/private/tmp/projects/libgdx/gdx/src/com/badlogic/gdx/scenes/scene2d/utils/DragScrollListener.java
com.badlogic.gdx.scenes.scene2d.utils.DragScrollListener$1	/private/tmp/projects/libgdx/gdx/src/com/badlogic/gdx/scenes/scene2d/utils/DragScrollListener.java
com.badlogic.gdx.scenes.scene2d.utils.DragScrollListener$2	/private/tmp/projects/libgdx/gdx/src/com/badlogic/gdx/scenes/scene2d/utils/DragScrollListener.java
com.badlogic.gdx.scenes.scene2d.utils.DragAndDrop	/private/tmp/projects/libgdx/gdx/src/com/badlogic/gdx/scenes/scene2d/utils/DragAndDrop.java
com.badlogic.gdx.scenes.scene2d.utils.DragAndDrop$1	/private/tmp/projects/libgdx/gdx/src/com/badlogic/gdx/scenes/scene2d/utils/DragAndDrop.java
com.badlogic.gdx.scenes.scene2d.utils.DragAndDrop$Source	/private/tmp/projects/libgdx/gdx/src/com/badlogic/gdx/scenes/scene2d/utils/DragAndDrop.java
com.badlogic.gdx.scenes.scene2d.utils.DragAndDrop$Target	/private/tmp/projects/libgdx/gdx/src/com/badlogic/gdx/scenes/scene2d/utils/DragAndDrop.java
com.badlogic.gdx.scenes.scene2d.utils.DragAndDrop$Payload	/private/tmp/projects/libgdx/gdx/src/com/badlogic/gdx/scenes/scene2d/utils/DragAndDrop.java
com.badlogic.gdx.scenes.scene2d.utils.UIUtils	/private/tmp/projects/libgdx/gdx/src/com/badlogic/gdx/scenes/scene2d/utils/UIUtils.java
com.badlogic.gdx.scenes.scene2d.utils.NinePatchDrawable	/private/tmp/projects/libgdx/gdx/src/com/badlogic/gdx/scenes/scene2d/utils/NinePatchDrawable.java
com.badlogic.gdx.scenes.scene2d.utils.SpriteDrawable	/private/tmp/projects/libgdx/gdx/src/com/badlogic/gdx/scenes/scene2d/utils/SpriteDrawable.java
com.badlogic.gdx.scenes.scene2d.actions.CountdownEventAction	/private/tmp/projects/libgdx/gdx/src/com/badlogic/gdx/scenes/scene2d/actions/CountdownEventAction.java
com.badlogic.gdx.scenes.scene2d.actions.EventAction	/private/tmp/projects/libgdx/gdx/src/com/badlogic/gdx/scenes/scene2d/actions/EventAction.java
com.badlogic.gdx.scenes.scene2d.actions.EventAction$1	/private/tmp/projects/libgdx/gdx/src/com/badlogic/gdx/scenes/scene2d/actions/EventAction.java
com.badlogic.gdx.scenes.scene2d.actions.IntAction	/private/tmp/projects/libgdx/gdx/src/com/badlogic/gdx/scenes/scene2d/actions/IntAction.java
com.badlogic.gdx.scenes.scene2d.actions.FloatAction	/private/tmp/projects/libgdx/gdx/src/com/badlogic/gdx/scenes/scene2d/actions/FloatAction.java
com.badlogic.gdx.Initializer	/private/tmp/projects/libgdx/gdx/src/com/badlogic/gdx/Initializer.java
com.badlogic.gdx.net.HttpResponseHeader	/private/tmp/projects/libgdx/gdx/src/com/badlogic/gdx/net/HttpResponseHeader.java
com.badlogic.gdx.net.NetJavaImpl	/private/tmp/projects/libgdx/gdx/src/com/badlogic/gdx/net/NetJavaImpl.java
com.badlogic.gdx.net.NetJavaImpl$HttpClientResponse	/private/tmp/projects/libgdx/gdx/src/com/badlogic/gdx/net/NetJavaImpl.java
com.badlogic.gdx.net.NetJavaImpl$1	/private/tmp/projects/libgdx/gdx/src/com/badlogic/gdx/net/NetJavaImpl.java
com.badlogic.gdx.net.NetJavaImpl$2	/private/tmp/projects/libgdx/gdx/src/com/badlogic/gdx/net/NetJavaImpl.java
com.badlogic.gdx.net.HttpParametersUtils	/private/tmp/projects/libgdx/gdx/src/com/badlogic/gdx/net/HttpParametersUtils.java
com.badlogic.gdx.net.NetJavaSocketImpl	/private/tmp/projects/libgdx/gdx/src/com/badlogic/gdx/net/NetJavaSocketImpl.java
com.badlogic.gdx.net.NetJavaServerSocketImpl	/private/tmp/projects/libgdx/gdx/src/com/badlogic/gdx/net/NetJavaServerSocketImpl.java
com.badlogic.gdx.net.HttpRequestBuilder	/private/tmp/projects/libgdx/gdx/src/com/badlogic/gdx/net/HttpRequestBuilder.java
com.badlogic.gdx.net.HttpRequestHeader	/private/tmp/projects/libgdx/gdx/src/com/badlogic/gdx/net/HttpRequestHeader.java
com.badlogic.gdx.InputEventQueue	/private/tmp/projects/libgdx/gdx/src/com/badlogic/gdx/InputEventQueue.java
com.badlogic.gdx.input.RemoteInput	/private/tmp/projects/libgdx/gdx/src/com/badlogic/gdx/input/RemoteInput.java
com.badlogic.gdx.input.RemoteInput$RemoteInputListener	/private/tmp/projects/libgdx/gdx/src/com/badlogic/gdx/input/RemoteInput.java
com.badlogic.gdx.input.RemoteInput$KeyEvent	/private/tmp/projects/libgdx/gdx/src/com/badlogic/gdx/input/RemoteInput.java
com.badlogic.gdx.input.RemoteInput$TouchEvent	/private/tmp/projects/libgdx/gdx/src/com/badlogic/gdx/input/RemoteInput.java
com.badlogic.gdx.input.RemoteInput$EventTrigger	/private/tmp/projects/libgdx/gdx/src/com/badlogic/gdx/input/RemoteInput.java
com.badlogic.gdx.input.RemoteSender	/private/tmp/projects/libgdx/gdx/src/com/badlogic/gdx/input/RemoteSender.java
com.badlogic.gdx.AbstractInput	/private/tmp/projects/libgdx/gdx/src/com/badlogic/gdx/AbstractInput.java
com.badlogic.gdx.InputMultiplexer	/private/tmp/projects/libgdx/gdx/src/com/badlogic/gdx/InputMultiplexer.java
com.badlogic.gdx.utils.LittleEndianInputStream	/private/tmp/projects/libgdx/gdx/src/com/badlogic/gdx/utils/LittleEndianInputStream.java
com.badlogic.gdx.utils.Select	/private/tmp/projects/libgdx/gdx/src/com/badlogic/gdx/utils/Select.java
com.badlogic.gdx.utils.QuickSelect	/private/tmp/projects/libgdx/gdx/src/com/badlogic/gdx/utils/QuickSelect.java
com.badlogic.gdx.utils.SortedIntList	/private/tmp/projects/libgdx/gdx/src/com/badlogic/gdx/utils/SortedIntList.java
com.badlogic.gdx.utils.SortedIntList$Iterator	/private/tmp/projects/libgdx/gdx/src/com/badlogic/gdx/utils/SortedIntList.java
com.badlogic.gdx.utils.SortedIntList$Node	/private/tmp/projects/libgdx/gdx/src/com/badlogic/gdx/utils/SortedIntList.java
com.badlogic.gdx.utils.SortedIntList$NodePool	/private/tmp/projects/libgdx/gdx/src/com/badlogic/gdx/utils/SortedIntList.java
com.badlogic.gdx.utils.Sort	/private/tmp/projects/libgdx/gdx/src/com/badlogic/gdx/utils/Sort.java
com.badlogic.gdx.utils.TimSort	/private/tmp/projects/libgdx/gdx/src/com/badlogic/gdx/utils/TimSort.java
com.badlogic.gdx.utils.ComparableTimSort	/private/tmp/projects/libgdx/gdx/src/com/badlogic/gdx/utils/ComparableTimSort.java
com.badlogic.gdx.utils.I18NBundle	/private/tmp/projects/libgdx/gdx/src/com/badlogic/gdx/utils/I18NBundle.java
com.badlogic.gdx.utils.TextFormatter	/private/tmp/projects/libgdx/gdx/src/com/badlogic/gdx/utils/TextFormatter.java
com.badlogic.gdx.utils.StreamUtils	/private/tmp/projects/libgdx/gdx/src/com/badlogic/gdx/utils/StreamUtils.java
com.badlogic.gdx.utils.StreamUtils$OptimizedByteArrayOutputStream	/private/tmp/projects/libgdx/gdx/src/com/badlogic/gdx/utils/StreamUtils.java
com.badlogic.gdx.utils.BooleanArray	/private/tmp/projects/libgdx/gdx/src/com/badlogic/gdx/utils/BooleanArray.java
com.badlogic.gdx.utils.viewport.ScalingViewport	/private/tmp/projects/libgdx/gdx/src/com/badlogic/gdx/utils/viewport/ScalingViewport.java
com.badlogic.gdx.utils.viewport.FillViewport	/private/tmp/projects/libgdx/gdx/src/com/badlogic/gdx/utils/viewport/FillViewport.java
com.badlogic.gdx.utils.viewport.StretchViewport	/private/tmp/projects/libgdx/gdx/src/com/badlogic/gdx/utils/viewport/StretchViewport.java
com.badlogic.gdx.utils.viewport.FitViewport	/private/tmp/projects/libgdx/gdx/src/com/badlogic/gdx/utils/viewport/FitViewport.java
com.badlogic.gdx.utils.viewport.ExtendViewport	/private/tmp/projects/libgdx/gdx/src/com/badlogic/gdx/utils/viewport/ExtendViewport.java
com.badlogic.gdx.utils.viewport.ScreenViewport	/private/tmp/projects/libgdx/gdx/src/com/badlogic/gdx/utils/viewport/ScreenViewport.java
com.badlogic.gdx.utils.QuadTreeFloat	/private/tmp/projects/libgdx/gdx/src/com/badlogic/gdx/utils/QuadTreeFloat.java
com.badlogic.gdx.utils.QuadTreeFloat$1	/private/tmp/projects/libgdx/gdx/src/com/badlogic/gdx/utils/QuadTreeFloat.java
com.badlogic.gdx.utils.FlushablePool	/private/tmp/projects/libgdx/gdx/src/com/badlogic/gdx/utils/FlushablePool.java
com.badlogic.gdx.utils.ObjectFloatMap	/private/tmp/projects/libgdx/gdx/src/com/badlogic/gdx/utils/ObjectFloatMap.java
com.badlogic.gdx.utils.ObjectFloatMap$Entry	/private/tmp/projects/libgdx/gdx/src/com/badlogic/gdx/utils/ObjectFloatMap.java
com.badlogic.gdx.utils.ObjectFloatMap$MapIterator	/private/tmp/projects/libgdx/gdx/src/com/badlogic/gdx/utils/ObjectFloatMap.java
com.badlogic.gdx.utils.ObjectFloatMap$Entries	/private/tmp/projects/libgdx/gdx/src/com/badlogic/gdx/utils/ObjectFloatMap.java
com.badlogic.gdx.utils.ObjectFloatMap$Values	/private/tmp/projects/libgdx/gdx/src/com/badlogic/gdx/utils/ObjectFloatMap.java
com.badlogic.gdx.utils.ObjectFloatMap$Keys	/private/tmp/projects/libgdx/gdx/src/com/badlogic/gdx/utils/ObjectFloatMap.java
com.badlogic.gdx.utils.NumberUtils	/private/tmp/projects/libgdx/gdx/src/com/badlogic/gdx/utils/NumberUtils.java
com.badlogic.gdx.utils.ArrayMap	/private/tmp/projects/libgdx/gdx/src/com/badlogic/gdx/utils/ArrayMap.java
com.badlogic.gdx.utils.ArrayMap$Entries	/private/tmp/projects/libgdx/gdx/src/com/badlogic/gdx/utils/ArrayMap.java
com.badlogic.gdx.utils.ArrayMap$Values	/private/tmp/projects/libgdx/gdx/src/com/badlogic/gdx/utils/ArrayMap.java
com.badlogic.gdx.utils.ArrayMap$Keys	/private/tmp/projects/libgdx/gdx/src/com/badlogic/gdx/utils/ArrayMap.java
com.badlogic.gdx.utils.LongMap	/private/tmp/projects/libgdx/gdx/src/com/badlogic/gdx/utils/LongMap.java
com.badlogic.gdx.utils.LongMap$Entry	/private/tmp/projects/libgdx/gdx/src/com/badlogic/gdx/utils/LongMap.java
com.badlogic.gdx.utils.LongMap$MapIterator	/private/tmp/projects/libgdx/gdx/src/com/badlogic/gdx/utils/LongMap.java
com.badlogic.gdx.utils.LongMap$Entries	/private/tmp/projects/libgdx/gdx/src/com/badlogic/gdx/utils/LongMap.java
com.badlogic.gdx.utils.LongMap$Values	/private/tmp/projects/libgdx/gdx/src/com/badlogic/gdx/utils/LongMap.java
com.badlogic.gdx.utils.LongMap$Keys	/private/tmp/projects/libgdx/gdx/src/com/badlogic/gdx/utils/LongMap.java
com.badlogic.gdx.utils.LongArray	/private/tmp/projects/libgdx/gdx/src/com/badlogic/gdx/utils/LongArray.java
com.badlogic.gdx.utils.CharArray	/private/tmp/projects/libgdx/gdx/src/com/badlogic/gdx/utils/CharArray.java
com.badlogic.gdx.utils.Null	/private/tmp/projects/libgdx/gdx/src/com/badlogic/gdx/utils/Null.java
com.badlogic.gdx.utils.ObjectLongMap	/private/tmp/projects/libgdx/gdx/src/com/badlogic/gdx/utils/ObjectLongMap.java
com.badlogic.gdx.utils.ObjectLongMap$Entry	/private/tmp/projects/libgdx/gdx/src/com/badlogic/gdx/utils/ObjectLongMap.java
com.badlogic.gdx.utils.ObjectLongMap$MapIterator	/private/tmp/projects/libgdx/gdx/src/com/badlogic/gdx/utils/ObjectLongMap.java
com.badlogic.gdx.utils.ObjectLongMap$Entries	/private/tmp/projects/libgdx/gdx/src/com/badlogic/gdx/utils/ObjectLongMap.java
com.badlogic.gdx.utils.ObjectLongMap$Values	/private/tmp/projects/libgdx/gdx/src/com/badlogic/gdx/utils/ObjectLongMap.java
com.badlogic.gdx.utils.ObjectLongMap$Keys	/private/tmp/projects/libgdx/gdx/src/com/badlogic/gdx/utils/ObjectLongMap.java
com.badlogic.gdx.utils.reflect.Constructor	/private/tmp/projects/libgdx/gdx/src/com/badlogic/gdx/utils/reflect/Constructor.java
com.badlogic.gdx.utils.reflect.ClassReflection	/private/tmp/projects/libgdx/gdx/src/com/badlogic/gdx/utils/reflect/ClassReflection.java
com.badlogic.gdx.utils.reflect.ArrayReflection	/private/tmp/projects/libgdx/gdx/src/com/badlogic/gdx/utils/reflect/ArrayReflection.java
com.badlogic.gdx.utils.async.ThreadUtils	/private/tmp/projects/libgdx/gdx/src/com/badlogic/gdx/utils/async/ThreadUtils.java
com.badlogic.gdx.utils.Pools	/private/tmp/projects/libgdx/gdx/src/com/badlogic/gdx/utils/Pools.java
com.badlogic.gdx.utils.Queue	/private/tmp/projects/libgdx/gdx/src/com/badlogic/gdx/utils/Queue.java
com.badlogic.gdx.utils.Queue$QueueIterator	/private/tmp/projects/libgdx/gdx/src/com/badlogic/gdx/utils/Queue.java
com.badlogic.gdx.utils.Queue$QueueIterable	/private/tmp/projects/libgdx/gdx/src/com/badlogic/gdx/utils/Queue.java
com.badlogic.gdx.utils.IntIntMap	/private/tmp/projects/libgdx/gdx/src/com/badlogic/gdx/utils/IntIntMap.java
com.badlogic.gdx.utils.IntIntMap$Entry	/private/tmp/projects/libgdx/gdx/src/com/badlogic/gdx/utils/IntIntMap.java
com.badlogic.gdx.utils.IntIntMap$MapIterator	/private/tmp/projects/libgdx/gdx/src/com/badlogic/gdx/utils/IntIntMap.java
com.badlogic.gdx.utils.IntIntMap$Entries	/private/tmp/projects/libgdx/gdx/src/com/badlogic/gdx/utils/IntIntMap.java
com.badlogic.gdx.utils.IntIntMap$Values	/private/tmp/projects/libgdx/gdx/src/com/badlogic/gdx/utils/IntIntMap.java
com.badlogic.gdx.utils.IntIntMap$Keys	/private/tmp/projects/libgdx/gdx/src/com/badlogic/gdx/utils/IntIntMap.java
com.badlogic.gdx.utils.AtomicQueue	/private/tmp/projects/libgdx/gdx/src/com/badlogic/gdx/utils/AtomicQueue.java
com.badlogic.gdx.utils.PooledLinkedList	/private/tmp/projects/libgdx/gdx/src/com/badlogic/gdx/utils/PooledLinkedList.java
com.badlogic.gdx.utils.PooledLinkedList$Item	/private/tmp/projects/libgdx/gdx/src/com/badlogic/gdx/utils/PooledLinkedList.java
com.badlogic.gdx.utils.PooledLinkedList$1	/private/tmp/projects/libgdx/gdx/src/com/badlogic/gdx/utils/PooledLinkedList.java
com.badlogic.gdx.utils.PerformanceCounters	/private/tmp/projects/libgdx/gdx/src/com/badlogic/gdx/utils/PerformanceCounters.java
com.badlogic.gdx.utils.PerformanceCounter	/private/tmp/projects/libgdx/gdx/src/com/badlogic/gdx/utils/PerformanceCounter.java
com.badlogic.gdx.math.FloatCounter	/private/tmp/projects/libgdx/gdx/src/com/badlogic/gdx/math/FloatCounter.java
com.badlogic.gdx.math.WindowedMean	/private/tmp/projects/libgdx/gdx/src/com/badlogic/gdx/math/WindowedMean.java
com.badlogic.gdx.utils.ShortArray	/private/tmp/projects/libgdx/gdx/src/com/badlogic/gdx/utils/ShortArray.java
com.badlogic.gdx.utils.GdxNativesLoader	/private/tmp/projects/libgdx/gdx/src/com/badlogic/gdx/utils/GdxNativesLoader.java
com.badlogic.gdx.utils.JsonReader	/private/tmp/projects/libgdx/gdx/src/com/badlogic/gdx/utils/JsonReader.java
com.badlogic.gdx.utils.BaseJsonReader	/private/tmp/projects/libgdx/gdx/src/com/badlogic/gdx/utils/BaseJsonReader.java
com.badlogic.gdx.utils.ScreenUtils	/private/tmp/projects/libgdx/gdx/src/com/badlogic/gdx/utils/ScreenUtils.java
com.badlogic.gdx.utils.PropertiesUtils	/private/tmp/projects/libgdx/gdx/src/com/badlogic/gdx/utils/PropertiesUtils.java
com.badlogic.gdx.utils.XmlWriter	/private/tmp/projects/libgdx/gdx/src/com/badlogic/gdx/utils/XmlWriter.java
com.badlogic.gdx.utils.DataOutput	/private/tmp/projects/libgdx/gdx/src/com/badlogic/gdx/utils/DataOutput.java
com.badlogic.gdx.utils.IntFloatMap	/private/tmp/projects/libgdx/gdx/src/com/badlogic/gdx/utils/IntFloatMap.java
com.badlogic.gdx.utils.IntFloatMap$Entry	/private/tmp/projects/libgdx/gdx/src/com/badlogic/gdx/utils/IntFloatMap.java
com.badlogic.gdx.utils.IntFloatMap$MapIterator	/private/tmp/projects/libgdx/gdx/src/com/badlogic/gdx/utils/IntFloatMap.java
com.badlogic.gdx.utils.IntFloatMap$Entries	/private/tmp/projects/libgdx/gdx/src/com/badlogic/gdx/utils/IntFloatMap.java
com.badlogic.gdx.utils.IntFloatMap$Values	/private/tmp/projects/libgdx/gdx/src/com/badlogic/gdx/utils/IntFloatMap.java
com.badlogic.gdx.utils.IntFloatMap$Keys	/private/tmp/projects/libgdx/gdx/src/com/badlogic/gdx/utils/IntFloatMap.java
com.badlogic.gdx.utils.TimeUtils	/private/tmp/projects/libgdx/gdx/src/com/badlogic/gdx/utils/TimeUtils.java
com.badlogic.gdx.utils.SerializationException	/private/tmp/projects/libgdx/gdx/src/com/badlogic/gdx/utils/SerializationException.java
com.badlogic.gdx.utils.LongQueue	/private/tmp/projects/libgdx/gdx/src/com/badlogic/gdx/utils/LongQueue.java
com.badlogic.gdx.utils.ReflectionPool	/private/tmp/projects/libgdx/gdx/src/com/badlogic/gdx/utils/ReflectionPool.java
com.badlogic.gdx.utils.compression.ICodeProgress	/private/tmp/projects/libgdx/gdx/src/com/badlogic/gdx/utils/compression/ICodeProgress.java
com.badlogic.gdx.utils.compression.rangecoder.Decoder	/private/tmp/projects/libgdx/gdx/src/com/badlogic/gdx/utils/compression/rangecoder/Decoder.java
com.badlogic.gdx.utils.compression.rangecoder.BitTreeDecoder	/private/tmp/projects/libgdx/gdx/src/com/badlogic/gdx/utils/compression/rangecoder/BitTreeDecoder.java
com.badlogic.gdx.utils.compression.rangecoder.BitTreeEncoder	/private/tmp/projects/libgdx/gdx/src/com/badlogic/gdx/utils/compression/rangecoder/BitTreeEncoder.java
com.badlogic.gdx.utils.compression.rangecoder.Encoder	/private/tmp/projects/libgdx/gdx/src/com/badlogic/gdx/utils/compression/rangecoder/Encoder.java
com.badlogic.gdx.utils.compression.CRC	/private/tmp/projects/libgdx/gdx/src/com/badlogic/gdx/utils/compression/CRC.java
com.badlogic.gdx.utils.compression.lz.OutWindow	/private/tmp/projects/libgdx/gdx/src/com/badlogic/gdx/utils/compression/lz/OutWindow.java
com.badlogic.gdx.utils.compression.lz.BinTree	/private/tmp/projects/libgdx/gdx/src/com/badlogic/gdx/utils/compression/lz/BinTree.java
com.badlogic.gdx.utils.compression.lz.InWindow	/private/tmp/projects/libgdx/gdx/src/com/badlogic/gdx/utils/compression/lz/InWindow.java
com.badlogic.gdx.utils.compression.Lzma	/private/tmp/projects/libgdx/gdx/src/com/badlogic/gdx/utils/compression/Lzma.java
com.badlogic.gdx.utils.compression.Lzma$CommandLine	/private/tmp/projects/libgdx/gdx/src/com/badlogic/gdx/utils/compression/Lzma.java
com.badlogic.gdx.utils.compression.lzma.Base	/private/tmp/projects/libgdx/gdx/src/com/badlogic/gdx/utils/compression/lzma/Base.java
com.badlogic.gdx.utils.compression.lzma.Decoder	/private/tmp/projects/libgdx/gdx/src/com/badlogic/gdx/utils/compression/lzma/Decoder.java
com.badlogic.gdx.utils.compression.lzma.Decoder$LenDecoder	/private/tmp/projects/libgdx/gdx/src/com/badlogic/gdx/utils/compression/lzma/Decoder.java
com.badlogic.gdx.utils.compression.lzma.Decoder$LiteralDecoder	/private/tmp/projects/libgdx/gdx/src/com/badlogic/gdx/utils/compression/lzma/Decoder.java
com.badlogic.gdx.utils.compression.lzma.Decoder$LiteralDecoder$Decoder2	/private/tmp/projects/libgdx/gdx/src/com/badlogic/gdx/utils/compression/lzma/Decoder.java
com.badlogic.gdx.utils.compression.lzma.Encoder	/private/tmp/projects/libgdx/gdx/src/com/badlogic/gdx/utils/compression/lzma/Encoder.java
com.badlogic.gdx.utils.compression.lzma.Encoder$LiteralEncoder	/private/tmp/projects/libgdx/gdx/src/com/badlogic/gdx/utils/compression/lzma/Encoder.java
com.badlogic.gdx.utils.compression.lzma.Encoder$LiteralEncoder$Encoder2	/private/tmp/projects/libgdx/gdx/src/com/badlogic/gdx/utils/compression/lzma/Encoder.java
com.badlogic.gdx.utils.compression.lzma.Encoder$LenEncoder	/private/tmp/projects/libgdx/gdx/src/com/badlogic/gdx/utils/compression/lzma/Encoder.java
com.badlogic.gdx.utils.compression.lzma.Encoder$LenPriceTableEncoder	/private/tmp/projects/libgdx/gdx/src/com/badlogic/gdx/utils/compression/lzma/Encoder.java
com.badlogic.gdx.utils.compression.lzma.Encoder$Optimal	/private/tmp/projects/libgdx/gdx/src/com/badlogic/gdx/utils/compression/lzma/Encoder.java
com.badlogic.gdx.utils.BufferUtils	/private/tmp/projects/libgdx/gdx/src/com/badlogic/gdx/utils/BufferUtils.java
com.badlogic.gdx.utils.DataInput	/private/tmp/projects/libgdx/gdx/src/com/badlogic/gdx/utils/DataInput.java
com.badlogic.gdx.utils.UBJsonReader	/private/tmp/projects/libgdx/gdx/src/com/badlogic/gdx/utils/UBJsonReader.java
com.badlogic.gdx.utils.BinaryHeap	/private/tmp/projects/libgdx/gdx/src/com/badlogic/gdx/utils/BinaryHeap.java
com.badlogic.gdx.utils.BinaryHeap$Node	/private/tmp/projects/libgdx/gdx/src/com/badlogic/gdx/utils/BinaryHeap.java
com.badlogic.gdx.utils.ByteArray	/private/tmp/projects/libgdx/gdx/src/com/badlogic/gdx/utils/ByteArray.java
com.badlogic.gdx.utils.Collections	/private/tmp/projects/libgdx/gdx/src/com/badlogic/gdx/utils/Collections.java
com.badlogic.gdx.utils.Bits	/private/tmp/projects/libgdx/gdx/src/com/badlogic/gdx/utils/Bits.java
com.badlogic.gdx.utils.IdentityMap	/private/tmp/projects/libgdx/gdx/src/com/badlogic/gdx/utils/IdentityMap.java
com.badlogic.gdx.utils.PauseableThread	/private/tmp/projects/libgdx/gdx/src/com/badlogic/gdx/utils/PauseableThread.java
com.badlogic.gdx.utils.UBJsonWriter	/private/tmp/projects/libgdx/gdx/src/com/badlogic/gdx/utils/UBJsonWriter.java
com.badlogic.gdx.utils.UBJsonWriter$JsonObject	/private/tmp/projects/libgdx/gdx/src/com/badlogic/gdx/utils/UBJsonWriter.java
com.badlogic.gdx.utils.DataBuffer	/private/tmp/projects/libgdx/gdx/src/com/badlogic/gdx/utils/DataBuffer.java
com.badlogic.gdx.utils.Base64Coder	/private/tmp/projects/libgdx/gdx/src/com/badlogic/gdx/utils/Base64Coder.java
com.badlogic.gdx.utils.Base64Coder$CharMap	/private/tmp/projects/libgdx/gdx/src/com/badlogic/gdx/utils/Base64Coder.java
com.badlogic.gdx.math.EarClippingTriangulator	/private/tmp/projects/libgdx/gdx/src/com/badlogic/gdx/math/EarClippingTriangulator.java
com.badlogic.gdx.math.Octree	/private/tmp/projects/libgdx/gdx/src/com/badlogic/gdx/math/Octree.java
com.badlogic.gdx.math.Octree$1	/private/tmp/projects/libgdx/gdx/src/com/badlogic/gdx/math/Octree.java
com.badlogic.gdx.math.Octree$OctreeNode	/private/tmp/projects/libgdx/gdx/src/com/badlogic/gdx/math/Octree.java
com.badlogic.gdx.math.Octree$Collider	/private/tmp/projects/libgdx/gdx/src/com/badlogic/gdx/math/Octree.java
com.badlogic.gdx.math.Octree$RayCastResult	/private/tmp/projects/libgdx/gdx/src/com/badlogic/gdx/math/Octree.java
com.badlogic.gdx.math.CatmullRomSpline	/private/tmp/projects/libgdx/gdx/src/com/badlogic/gdx/math/CatmullRomSpline.java
com.badlogic.gdx.math.Path	/private/tmp/projects/libgdx/gdx/src/com/badlogic/gdx/math/Path.java
com.badlogic.gdx.math.GridPoint3	/private/tmp/projects/libgdx/gdx/src/com/badlogic/gdx/math/GridPoint3.java
com.badlogic.gdx.math.GridPoint2	/private/tmp/projects/libgdx/gdx/src/com/badlogic/gdx/math/GridPoint2.java
com.badlogic.gdx.math.CumulativeDistribution	/private/tmp/projects/libgdx/gdx/src/com/badlogic/gdx/math/CumulativeDistribution.java
com.badlogic.gdx.math.CumulativeDistribution$CumulativeValue	/private/tmp/projects/libgdx/gdx/src/com/badlogic/gdx/math/CumulativeDistribution.java
com.badlogic.gdx.math.Intersector	/private/tmp/projects/libgdx/gdx/src/com/badlogic/gdx/math/Intersector.java
com.badlogic.gdx.math.Intersector$SplitTriangle	/private/tmp/projects/libgdx/gdx/src/com/badlogic/gdx/math/Intersector.java
com.badlogic.gdx.math.Intersector$MinimumTranslationVector	/private/tmp/projects/libgdx/gdx/src/com/badlogic/gdx/math/Intersector.java
com.badlogic.gdx.math.MathUtils	/private/tmp/projects/libgdx/gdx/src/com/badlogic/gdx/math/MathUtils.java
com.badlogic.gdx.math.MathUtils$Sin	/private/tmp/projects/libgdx/gdx/src/com/badlogic/gdx/math/MathUtils.java
com.badlogic.gdx.math.ConvexHull	/private/tmp/projects/libgdx/gdx/src/com/badlogic/gdx/math/ConvexHull.java
com.badlogic.gdx.math.Bezier	/private/tmp/projects/libgdx/gdx/src/com/badlogic/gdx/math/Bezier.java
com.badlogic.gdx.math.BSpline	/private/tmp/projects/libgdx/gdx/src/com/badlogic/gdx/math/BSpline.java
com.badlogic.gdx.math.DelaunayTriangulator	/private/tmp/projects/libgdx/gdx/src/com/badlogic/gdx/math/DelaunayTriangulator.java
com.badlogic.gdx.math.Bresenham2	/private/tmp/projects/libgdx/gdx/src/com/badlogic/gdx/math/Bresenham2.java
com.badlogic.gdx.math.Bresenham2$1	/private/tmp/projects/libgdx/gdx/src/com/badlogic/gdx/math/Bresenham2.java
com.badlogic.gdx.math.collision.Segment	/private/tmp/projects/libgdx/gdx/src/com/badlogic/gdx/math/collision/Segment.java
com.badlogic.gdx.math.collision.Sphere	/private/tmp/projects/libgdx/gdx/src/com/badlogic/gdx/math/collision/Sphere.java
com.badlogic.gdx.math.GeometryUtils	/private/tmp/projects/libgdx/gdx/src/com/badlogic/gdx/math/GeometryUtils.java
com.badlogic.gdx.math.RandomXS128	/private/tmp/projects/libgdx/gdx/src/com/badlogic/gdx/math/RandomXS128.java
com.badlogic.gdx.NullUnmarked	/private/tmp/projects/libgdx/gdx/src/com/badlogic/gdx/NullUnmarked.java
com.badlogic.gdx.Gdx	/private/tmp/projects/libgdx/gdx/src/com/badlogic/gdx/Gdx.java
com.badlogic.gdx.Game	/private/tmp/projects/libgdx/gdx/src/com/badlogic/gdx/Game.java
com.badlogic.gdx.Screen	/private/tmp/projects/libgdx/gdx/src/com/badlogic/gdx/Screen.java
com.badlogic.gdx.ScreenAdapter	/private/tmp/projects/libgdx/gdx/src/com/badlogic/gdx/ScreenAdapter.java
com.badlogic.gdx.files.FileHandleStream	/private/tmp/projects/libgdx/gdx/src/com/badlogic/gdx/files/FileHandleStream.java
com.badlogic.gdx.AbstractGraphics	/private/tmp/projects/libgdx/gdx/src/com/badlogic/gdx/AbstractGraphics.java
com.badlogic.gdx.ApplicationAdapter	/private/tmp/projects/libgdx/gdx/src/com/badlogic/gdx/ApplicationAdapter.java
com.badlogic.gdx.graphics.Colors	/private/tmp/projects/libgdx/gdx/src/com/badlogic/gdx/graphics/Colors.java
com.badlogic.gdx.graphics.glutils.PixmapTextureData	/private/tmp/projects/libgdx/gdx/src/com/badlogic/gdx/graphics/glutils/PixmapTextureData.java
com.badlogic.gdx.graphics.glutils.VertexBufferObjectWithVAO	/private/tmp/projects/libgdx/gdx/src/com/badlogic/gdx/graphics/glutils/VertexBufferObjectWithVAO.java
com.badlogic.gdx.graphics.glutils.VertexBufferObject	/private/tmp/projects/libgdx/gdx/src/com/badlogic/gdx/graphics/glutils/VertexBufferObject.java
com.badlogic.gdx.graphics.glutils.IndexArray	/private/tmp/projects/libgdx/gdx/src/com/badlogic/gdx/graphics/glutils/IndexArray.java
com.badlogic.gdx.graphics.glutils.InstanceBufferObjectSubData	/private/tmp/projects/libgdx/gdx/src/com/badlogic/gdx/graphics/glutils/InstanceBufferObjectSubData.java
com.badlogic.gdx.graphics.glutils.MipMapGenerator	/private/tmp/projects/libgdx/gdx/src/com/badlogic/gdx/graphics/glutils/MipMapGenerator.java
com.badlogic.gdx.graphics.glutils.FloatFrameBuffer	/private/tmp/projects/libgdx/gdx/src/com/badlogic/gdx/graphics/glutils/FloatFrameBuffer.java
com.badlogic.gdx.graphics.glutils.FrameBuffer	/private/tmp/projects/libgdx/gdx/src/com/badlogic/gdx/graphics/glutils/FrameBuffer.java
com.badlogic.gdx.graphics.glutils.GLFrameBuffer	/private/tmp/projects/libgdx/gdx/src/com/badlogic/gdx/graphics/glutils/GLFrameBuffer.java
com.badlogic.gdx.graphics.glutils.GLFrameBuffer$FrameBufferTextureAttachmentSpec	/private/tmp/projects/libgdx/gdx/src/com/badlogic/gdx/graphics/glutils/GLFrameBuffer.java
com.badlogic.gdx.graphics.glutils.GLFrameBuffer$FrameBufferRenderBufferAttachmentSpec	/private/tmp/projects/libgdx/gdx/src/com/badlogic/gdx/graphics/glutils/GLFrameBuffer.java
com.badlogic.gdx.graphics.glutils.GLFrameBuffer$GLFrameBufferBuilder	/private/tmp/projects/libgdx/gdx/src/com/badlogic/gdx/graphics/glutils/GLFrameBuffer.java
com.badlogic.gdx.graphics.glutils.GLFrameBuffer$FrameBufferBuilder	/private/tmp/projects/libgdx/gdx/src/com/badlogic/gdx/graphics/glutils/GLFrameBuffer.java
com.badlogic.gdx.graphics.glutils.GLFrameBuffer$FloatFrameBufferBuilder	/private/tmp/projects/libgdx/gdx/src/com/badlogic/gdx/graphics/glutils/GLFrameBuffer.java
com.badlogic.gdx.graphics.glutils.GLFrameBuffer$FrameBufferCubemapBuilder	/private/tmp/projects/libgdx/gdx/src/com/badlogic/gdx/graphics/glutils/GLFrameBuffer.java
com.badlogic.gdx.assets.loaders.CubemapLoader	/private/tmp/projects/libgdx/gdx/src/com/badlogic/gdx/assets/loaders/CubemapLoader.java
com.badlogic.gdx.assets.loaders.CubemapLoader$CubemapLoaderInfo	/private/tmp/projects/libgdx/gdx/src/com/badlogic/gdx/assets/loaders/CubemapLoader.java
com.badlogic.gdx.assets.loaders.CubemapLoader$CubemapParameter	/private/tmp/projects/libgdx/gdx/src/com/badlogic/gdx/assets/loaders/CubemapLoader.java
com.badlogic.gdx.graphics.Cubemap	/private/tmp/projects/libgdx/gdx/src/com/badlogic/gdx/graphics/Cubemap.java
com.badlogic.gdx.graphics.Cubemap$CubemapSide	/private/tmp/projects/libgdx/gdx/src/com/badlogic/gdx/graphics/Cubemap.java
com.badlogic.gdx.graphics.Cubemap$1	/private/tmp/projects/libgdx/gdx/src/com/badlogic/gdx/graphics/Cubemap.java
com.badlogic.gdx.graphics.glutils.FacedCubemapData	/private/tmp/projects/libgdx/gdx/src/com/badlogic/gdx/graphics/glutils/FacedCubemapData.java
com.badlogic.gdx.graphics.CubemapData	/private/tmp/projects/libgdx/gdx/src/com/badlogic/gdx/graphics/CubemapData.java
com.badlogic.gdx.graphics.glutils.HdpiMode	/private/tmp/projects/libgdx/gdx/src/com/badlogic/gdx/graphics/glutils/HdpiMode.java
com.badlogic.gdx.graphics.glutils.ETC1	/private/tmp/projects/libgdx/gdx/src/com/badlogic/gdx/graphics/glutils/ETC1.java
com.badlogic.gdx.graphics.glutils.ETC1$ETC1Data	/private/tmp/projects/libgdx/gdx/src/com/badlogic/gdx/graphics/glutils/ETC1.java
com.badlogic.gdx.graphics.glutils.HdpiUtils	/private/tmp/projects/libgdx/gdx/src/com/badlogic/gdx/graphics/glutils/HdpiUtils.java
com.badlogic.gdx.graphics.glutils.GLOnlyTextureData	/private/tmp/projects/libgdx/gdx/src/com/badlogic/gdx/graphics/glutils/GLOnlyTextureData.java
com.badlogic.gdx.graphics.glutils.MipMapTextureData	/private/tmp/projects/libgdx/gdx/src/com/badlogic/gdx/graphics/glutils/MipMapTextureData.java
com.badlogic.gdx.graphics.glutils.InstanceBufferObject	/private/tmp/projects/libgdx/gdx/src/com/badlogic/gdx/graphics/glutils/InstanceBufferObject.java
com.badlogic.gdx.graphics.glutils.FileTextureArrayData	/private/tmp/projects/libgdx/gdx/src/com/badlogic/gdx/graphics/glutils/FileTextureArrayData.java
com.badlogic.gdx.graphics.TextureArrayData	/private/tmp/projects/libgdx/gdx/src/com/badlogic/gdx/graphics/TextureArrayData.java
com.badlogic.gdx.graphics.TextureArrayData$Factory	/private/tmp/projects/libgdx/gdx/src/com/badlogic/gdx/graphics/TextureArrayData.java
com.badlogic.gdx.graphics.glutils.FileTextureData	/private/tmp/projects/libgdx/gdx/src/com/badlogic/gdx/graphics/glutils/FileTextureData.java
com.badlogic.gdx.graphics.glutils.FloatTextureData	/private/tmp/projects/libgdx/gdx/src/com/badlogic/gdx/graphics/glutils/FloatTextureData.java
com.badlogic.gdx.graphics.glutils.FrameBufferCubemap	/private/tmp/projects/libgdx/gdx/src/com/badlogic/gdx/graphics/glutils/FrameBufferCubemap.java
com.badlogic.gdx.graphics.glutils.ImmediateModeRenderer20	/private/tmp/projects/libgdx/gdx/src/com/badlogic/gdx/graphics/glutils/ImmediateModeRenderer20.java
com.badlogic.gdx.graphics.glutils.IndexBufferObject	/private/tmp/projects/libgdx/gdx/src/com/badlogic/gdx/graphics/glutils/IndexBufferObject.java
com.badlogic.gdx.graphics.glutils.ETC1TextureData	/private/tmp/projects/libgdx/gdx/src/com/badlogic/gdx/graphics/glutils/ETC1TextureData.java
com.badlogic.gdx.graphics.glutils.VertexBufferObjectSubData	/private/tmp/projects/libgdx/gdx/src/com/badlogic/gdx/graphics/glutils/VertexBufferObjectSubData.java
com.badlogic.gdx.graphics.glutils.VertexArray	/private/tmp/projects/libgdx/gdx/src/com/badlogic/gdx/graphics/glutils/VertexArray.java
com.badlogic.gdx.graphics.glutils.IndexBufferObjectSubData	/private/tmp/projects/libgdx/gdx/src/com/badlogic/gdx/graphics/glutils/IndexBufferObjectSubData.java
com.badlogic.gdx.graphics.glutils.KTXTextureData	/private/tmp/projects/libgdx/gdx/src/com/badlogic/gdx/graphics/glutils/KTXTextureData.java
com.badlogic.gdx.graphics.PixmapIO	/private/tmp/projects/libgdx/gdx/src/com/badlogic/gdx/graphics/PixmapIO.java
com.badlogic.gdx.graphics.PixmapIO$CIM	/private/tmp/projects/libgdx/gdx/src/com/badlogic/gdx/graphics/PixmapIO.java
com.badlogic.gdx.graphics.PixmapIO$PNG	/private/tmp/projects/libgdx/gdx/src/com/badlogic/gdx/graphics/PixmapIO.java
com.badlogic.gdx.graphics.PixmapIO$PNG$ChunkBuffer	/private/tmp/projects/libgdx/gdx/src/com/badlogic/gdx/graphics/PixmapIO.java
com.badlogic.gdx.graphics.g2d.DistanceFieldFont	/private/tmp/projects/libgdx/gdx/src/com/badlogic/gdx/graphics/g2d/DistanceFieldFont.java
com.badlogic.gdx.graphics.g2d.DistanceFieldFont$DistanceFieldFontCache	/private/tmp/projects/libgdx/gdx/src/com/badlogic/gdx/graphics/g2d/DistanceFieldFont.java
com.badlogic.gdx.graphics.g2d.PixmapPacker	/private/tmp/projects/libgdx/gdx/src/com/badlogic/gdx/graphics/g2d/PixmapPacker.java
com.badlogic.gdx.graphics.g2d.PixmapPacker$Page	/private/tmp/projects/libgdx/gdx/src/com/badlogic/gdx/graphics/g2d/PixmapPacker.java
com.badlogic.gdx.graphics.g2d.PixmapPacker$Page$1	/private/tmp/projects/libgdx/gdx/src/com/badlogic/gdx/graphics/g2d/PixmapPacker.java
com.badlogic.gdx.graphics.g2d.PixmapPacker$PackStrategy	/private/tmp/projects/libgdx/gdx/src/com/badlogic/gdx/graphics/g2d/PixmapPacker.java
com.badlogic.gdx.graphics.g2d.PixmapPacker$GuillotineStrategy	/private/tmp/projects/libgdx/gdx/src/com/badlogic/gdx/graphics/g2d/PixmapPacker.java
com.badlogic.gdx.graphics.g2d.PixmapPacker$GuillotineStrategy$1	/private/tmp/projects/libgdx/gdx/src/com/badlogic/gdx/graphics/g2d/PixmapPacker.java
com.badlogic.gdx.graphics.g2d.PixmapPacker$GuillotineStrategy$Node	/private/tmp/projects/libgdx/gdx/src/com/badlogic/gdx/graphics/g2d/PixmapPacker.java
com.badlogic.gdx.graphics.g2d.PixmapPacker$GuillotineStrategy$GuillotinePage	/private/tmp/projects/libgdx/gdx/src/com/badlogic/gdx/graphics/g2d/PixmapPacker.java
com.badlogic.gdx.graphics.g2d.PixmapPacker$SkylineStrategy	/private/tmp/projects/libgdx/gdx/src/com/badlogic/gdx/graphics/g2d/PixmapPacker.java
com.badlogic.gdx.graphics.g2d.PixmapPacker$SkylineStrategy$1	/private/tmp/projects/libgdx/gdx/src/com/badlogic/gdx/graphics/g2d/PixmapPacker.java
com.badlogic.gdx.graphics.g2d.PixmapPacker$SkylineStrategy$SkylinePage	/private/tmp/projects/libgdx/gdx/src/com/badlogic/gdx/graphics/g2d/PixmapPacker.java
com.badlogic.gdx.graphics.g2d.PixmapPacker$SkylineStrategy$SkylinePage$Row	/private/tmp/projects/libgdx/gdx/src/com/badlogic/gdx/graphics/g2d/PixmapPacker.java
com.badlogic.gdx.graphics.g2d.PixmapPacker$PixmapPackerRectangle	/private/tmp/projects/libgdx/gdx/src/com/badlogic/gdx/graphics/g2d/PixmapPacker.java
com.badlogic.gdx.graphics.g2d.ParticleEffectPool	/private/tmp/projects/libgdx/gdx/src/com/badlogic/gdx/graphics/g2d/ParticleEffectPool.java
com.badlogic.gdx.graphics.g2d.ParticleEffectPool$PooledEffect	/private/tmp/projects/libgdx/gdx/src/com/badlogic/gdx/graphics/g2d/ParticleEffectPool.java
com.badlogic.gdx.graphics.g2d.CpuSpriteBatch	/private/tmp/projects/libgdx/gdx/src/com/badlogic/gdx/graphics/g2d/CpuSpriteBatch.java
com.badlogic.gdx.graphics.g2d.PolygonRegionLoader	/private/tmp/projects/libgdx/gdx/src/com/badlogic/gdx/graphics/g2d/PolygonRegionLoader.java
com.badlogic.gdx.graphics.g2d.PolygonRegionLoader$PolygonRegionParameters	/private/tmp/projects/libgdx/gdx/src/com/badlogic/gdx/graphics/g2d/PolygonRegionLoader.java
com.badlogic.gdx.graphics.g2d.PolygonRegion	/private/tmp/projects/libgdx/gdx/src/com/badlogic/gdx/graphics/g2d/PolygonRegion.java
com.badlogic.gdx.graphics.g2d.Animation	/private/tmp/projects/libgdx/gdx/src/com/badlogic/gdx/graphics/g2d/Animation.java
com.badlogic.gdx.graphics.g2d.Animation$PlayMode	/private/tmp/projects/libgdx/gdx/src/com/badlogic/gdx/graphics/g2d/Animation.java
com.badlogic.gdx.graphics.g2d.PolygonBatch	/private/tmp/projects/libgdx/gdx/src/com/badlogic/gdx/graphics/g2d/PolygonBatch.java
com.badlogic.gdx.graphics.g2d.RepeatablePolygonSprite	/private/tmp/projects/libgdx/gdx/src/com/badlogic/gdx/graphics/g2d/RepeatablePolygonSprite.java
com.badlogic.gdx.graphics.g2d.PolygonSpriteBatch	/private/tmp/projects/libgdx/gdx/src/com/badlogic/gdx/graphics/g2d/PolygonSpriteBatch.java
com.badlogic.gdx.graphics.g2d.PixmapPackerIO	/private/tmp/projects/libgdx/gdx/src/com/badlogic/gdx/graphics/g2d/PixmapPackerIO.java
com.badlogic.gdx.graphics.g2d.PixmapPackerIO$ImageFormat	/private/tmp/projects/libgdx/gdx/src/com/badlogic/gdx/graphics/g2d/PixmapPackerIO.java
com.badlogic.gdx.graphics.g2d.PixmapPackerIO$SaveParameters	/private/tmp/projects/libgdx/gdx/src/com/badlogic/gdx/graphics/g2d/PixmapPackerIO.java
com.badlogic.gdx.graphics.g2d.PolygonSprite	/private/tmp/projects/libgdx/gdx/src/com/badlogic/gdx/graphics/g2d/PolygonSprite.java
com.badlogic.gdx.graphics.TextureArray	/private/tmp/projects/libgdx/gdx/src/com/badlogic/gdx/graphics/TextureArray.java
com.badlogic.gdx.graphics.PerspectiveCamera	/private/tmp/projects/libgdx/gdx/src/com/badlogic/gdx/graphics/PerspectiveCamera.java
com.badlogic.gdx.graphics.profiling.GL30Interceptor	/private/tmp/projects/libgdx/gdx/src/com/badlogic/gdx/graphics/profiling/GL30Interceptor.java
com.badlogic.gdx.graphics.profiling.GLInterceptor	/private/tmp/projects/libgdx/gdx/src/com/badlogic/gdx/graphics/profiling/GLInterceptor.java
com.badlogic.gdx.graphics.profiling.GLProfiler	/private/tmp/projects/libgdx/gdx/src/com/badlogic/gdx/graphics/profiling/GLProfiler.java
com.badlogic.gdx.graphics.profiling.GLErrorListener	/private/tmp/projects/libgdx/gdx/src/com/badlogic/gdx/graphics/profiling/GLErrorListener.java
com.badlogic.gdx.graphics.profiling.GLErrorListener$1	/private/tmp/projects/libgdx/gdx/src/com/badlogic/gdx/graphics/profiling/GLErrorListener.java
com.badlogic.gdx.graphics.profiling.GLErrorListener$2	/private/tmp/projects/libgdx/gdx/src/com/badlogic/gdx/graphics/profiling/GLErrorListener.java
com.badlogic.gdx.graphics.profiling.GL20Interceptor	/private/tmp/projects/libgdx/gdx/src/com/badlogic/gdx/graphics/profiling/GL20Interceptor.java
com.badlogic.gdx.graphics.g3d.Attributes	/private/tmp/projects/libgdx/gdx/src/com/badlogic/gdx/graphics/g3d/Attributes.java
com.badlogic.gdx.graphics.g3d.Attribute	/private/tmp/projects/libgdx/gdx/src/com/badlogic/gdx/graphics/g3d/Attribute.java
com.badlogic.gdx.graphics.g3d.Environment	/private/tmp/projects/libgdx/gdx/src/com/badlogic/gdx/graphics/g3d/Environment.java
com.badlogic.gdx.graphics.g3d.environment.ShadowMap	/private/tmp/projects/libgdx/gdx/src/com/badlogic/gdx/graphics/g3d/environment/ShadowMap.java
com.badlogic.gdx.graphics.g3d.environment.BaseLight	/private/tmp/projects/libgdx/gdx/src/com/badlogic/gdx/graphics/g3d/environment/BaseLight.java
com.badlogic.gdx.graphics.g3d.environment.DirectionalLight	/private/tmp/projects/libgdx/gdx/src/com/badlogic/gdx/graphics/g3d/environment/DirectionalLight.java
com.badlogic.gdx.graphics.g3d.environment.PointLight	/private/tmp/projects/libgdx/gdx/src/com/badlogic/gdx/graphics/g3d/environment/PointLight.java
com.badlogic.gdx.graphics.g3d.environment.SpotLight	/private/tmp/projects/libgdx/gdx/src/com/badlogic/gdx/graphics/g3d/environment/SpotLight.java
com.badlogic.gdx.graphics.g3d.utils.TextureDescriptor	/private/tmp/projects/libgdx/gdx/src/com/badlogic/gdx/graphics/g3d/utils/TextureDescriptor.java
com.badlogic.gdx.graphics.g3d.Material	/private/tmp/projects/libgdx/gdx/src/com/badlogic/gdx/graphics/g3d/Material.java
com.badlogic.gdx.graphics.g3d.Shader	/private/tmp/projects/libgdx/gdx/src/com/badlogic/gdx/graphics/g3d/Shader.java
com.badlogic.gdx.graphics.g3d.Renderable	/private/tmp/projects/libgdx/gdx/src/com/badlogic/gdx/graphics/g3d/Renderable.java
com.badlogic.gdx.graphics.g3d.utils.RenderContext	/private/tmp/projects/libgdx/gdx/src/com/badlogic/gdx/graphics/g3d/utils/RenderContext.java
com.badlogic.gdx.graphics.g3d.utils.TextureBinder	/private/tmp/projects/libgdx/gdx/src/com/badlogic/gdx/graphics/g3d/utils/TextureBinder.java
com.badlogic.gdx.graphics.g3d.model.MeshPart	/private/tmp/projects/libgdx/gdx/src/com/badlogic/gdx/graphics/g3d/model/MeshPart.java
com.badlogic.gdx.graphics.g3d.ModelInstance	/private/tmp/projects/libgdx/gdx/src/com/badlogic/gdx/graphics/g3d/ModelInstance.java
com.badlogic.gdx.graphics.g3d.RenderableProvider	/private/tmp/projects/libgdx/gdx/src/com/badlogic/gdx/graphics/g3d/RenderableProvider.java
com.badlogic.gdx.graphics.g3d.model.Node	/private/tmp/projects/libgdx/gdx/src/com/badlogic/gdx/graphics/g3d/model/Node.java
com.badlogic.gdx.graphics.g3d.model.Animation	/private/tmp/projects/libgdx/gdx/src/com/badlogic/gdx/graphics/g3d/model/Animation.java
com.badlogic.gdx.graphics.g3d.utils.TextureProvider	/private/tmp/projects/libgdx/gdx/src/com/badlogic/gdx/graphics/g3d/utils/TextureProvider.java
com.badlogic.gdx.graphics.g3d.utils.TextureProvider$FileTextureProvider	/private/tmp/projects/libgdx/gdx/src/com/badlogic/gdx/graphics/g3d/utils/TextureProvider.java
com.badlogic.gdx.graphics.g3d.utils.TextureProvider$AssetTextureProvider	/private/tmp/projects/libgdx/gdx/src/com/badlogic/gdx/graphics/g3d/utils/TextureProvider.java
com.badlogic.gdx.graphics.g3d.Model	/private/tmp/projects/libgdx/gdx/src/com/badlogic/gdx/graphics/g3d/Model.java
com.badlogic.gdx.graphics.g3d.model.NodePart	/private/tmp/projects/libgdx/gdx/src/com/badlogic/gdx/graphics/g3d/model/NodePart.java
com.badlogic.gdx.graphics.g3d.model.data.ModelData	/private/tmp/projects/libgdx/gdx/src/com/badlogic/gdx/graphics/g3d/model/data/ModelData.java
com.badlogic.gdx.graphics.g3d.model.data.ModelAnimation	/private/tmp/projects/libgdx/gdx/src/com/badlogic/gdx/graphics/g3d/model/data/ModelAnimation.java
com.badlogic.gdx.graphics.g3d.model.data.ModelNode	/private/tmp/projects/libgdx/gdx/src/com/badlogic/gdx/graphics/g3d/model/data/ModelNode.java
com.badlogic.gdx.graphics.g3d.model.data.ModelMesh	/private/tmp/projects/libgdx/gdx/src/com/badlogic/gdx/graphics/g3d/model/data/ModelMesh.java
com.badlogic.gdx.graphics.g3d.model.data.ModelMaterial	/private/tmp/projects/libgdx/gdx/src/com/badlogic/gdx/graphics/g3d/model/data/ModelMaterial.java
com.badlogic.gdx.graphics.g3d.model.data.ModelMaterial$MaterialType	/private/tmp/projects/libgdx/gdx/src/com/badlogic/gdx/graphics/g3d/model/data/ModelMaterial.java
com.badlogic.gdx.graphics.g3d.model.data.ModelTexture	/private/tmp/projects/libgdx/gdx/src/com/badlogic/gdx/graphics/g3d/model/data/ModelTexture.java
com.badlogic.gdx.graphics.g3d.model.data.ModelMeshPart	/private/tmp/projects/libgdx/gdx/src/com/badlogic/gdx/graphics/g3d/model/data/ModelMeshPart.java
com.badlogic.gdx.graphics.g3d.model.data.ModelNodePart	/private/tmp/projects/libgdx/gdx/src/com/badlogic/gdx/graphics/g3d/model/data/ModelNodePart.java
com.badlogic.gdx.graphics.g3d.model.data.ModelNodeAnimation	/private/tmp/projects/libgdx/gdx/src/com/badlogic/gdx/graphics/g3d/model/data/ModelNodeAnimation.java
com.badlogic.gdx.graphics.g3d.model.data.ModelNodeKeyframe	/private/tmp/projects/libgdx/gdx/src/com/badlogic/gdx/graphics/g3d/model/data/ModelNodeKeyframe.java
com.badlogic.gdx.graphics.g3d.model.NodeAnimation	/private/tmp/projects/libgdx/gdx/src/com/badlogic/gdx/graphics/g3d/model/NodeAnimation.java
com.badlogic.gdx.graphics.g3d.model.NodeKeyframe	/private/tmp/projects/libgdx/gdx/src/com/badlogic/gdx/graphics/g3d/model/NodeKeyframe.java
com.badlogic.gdx.graphics.g3d.utils.RenderableSorter	/private/tmp/projects/libgdx/gdx/src/com/badlogic/gdx/graphics/g3d/utils/RenderableSorter.java
com.badlogic.gdx.graphics.g3d.utils.AnimationController	/private/tmp/projects/libgdx/gdx/src/com/badlogic/gdx/graphics/g3d/utils/AnimationController.java
com.badlogic.gdx.graphics.g3d.utils.AnimationController$AnimationListener	/private/tmp/projects/libgdx/gdx/src/com/badlogic/gdx/graphics/g3d/utils/AnimationController.java
com.badlogic.gdx.graphics.g3d.utils.AnimationController$AnimationDesc	/private/tmp/projects/libgdx/gdx/src/com/badlogic/gdx/graphics/g3d/utils/AnimationController.java
com.badlogic.gdx.graphics.g3d.utils.AnimationController$1	/private/tmp/projects/libgdx/gdx/src/com/badlogic/gdx/graphics/g3d/utils/AnimationController.java
com.badlogic.gdx.graphics.g3d.utils.BaseAnimationController	/private/tmp/projects/libgdx/gdx/src/com/badlogic/gdx/graphics/g3d/utils/BaseAnimationController.java
com.badlogic.gdx.graphics.g3d.utils.BaseAnimationController$Transform	/private/tmp/projects/libgdx/gdx/src/com/badlogic/gdx/graphics/g3d/utils/BaseAnimationController.java
com.badlogic.gdx.graphics.g3d.utils.BaseAnimationController$1	/private/tmp/projects/libgdx/gdx/src/com/badlogic/gdx/graphics/g3d/utils/BaseAnimationController.java
com.badlogic.gdx.graphics.g3d.utils.MeshPartBuilder	/private/tmp/projects/libgdx/gdx/src/com/badlogic/gdx/graphics/g3d/utils/MeshPartBuilder.java
com.badlogic.gdx.graphics.g3d.utils.MeshPartBuilder$VertexInfo	/private/tmp/projects/libgdx/gdx/src/com/badlogic/gdx/graphics/g3d/utils/MeshPartBuilder.java
com.badlogic.gdx.graphics.g3d.utils.DefaultTextureBinder	/private/tmp/projects/libgdx/gdx/src/com/badlogic/gdx/graphics/g3d/utils/DefaultTextureBinder.java
com.badlogic.gdx.graphics.g3d.utils.ShapeCache	/private/tmp/projects/libgdx/gdx/src/com/badlogic/gdx/graphics/g3d/utils/ShapeCache.java
com.badlogic.gdx.graphics.g3d.utils.MeshBuilder	/private/tmp/projects/libgdx/gdx/src/com/badlogic/gdx/graphics/g3d/utils/MeshBuilder.java
com.badlogic.gdx.graphics.g3d.utils.FirstPersonCameraController	/private/tmp/projects/libgdx/gdx/src/com/badlogic/gdx/graphics/g3d/utils/FirstPersonCameraController.java
com.badlogic.gdx.graphics.g3d.utils.DefaultShaderProvider	/private/tmp/projects/libgdx/gdx/src/com/badlogic/gdx/graphics/g3d/utils/DefaultShaderProvider.java
com.badlogic.gdx.graphics.g3d.utils.BaseShaderProvider	/private/tmp/projects/libgdx/gdx/src/com/badlogic/gdx/graphics/g3d/utils/BaseShaderProvider.java
com.badlogic.gdx.graphics.g3d.utils.ShaderProvider	/private/tmp/projects/libgdx/gdx/src/com/badlogic/gdx/graphics/g3d/utils/ShaderProvider.java
com.badlogic.gdx.graphics.g3d.shaders.DefaultShader	/private/tmp/projects/libgdx/gdx/src/com/badlogic/gdx/graphics/g3d/shaders/DefaultShader.java
com.badlogic.gdx.graphics.g3d.shaders.DefaultShader$Config	/private/tmp/projects/libgdx/gdx/src/com/badlogic/gdx/graphics/g3d/shaders/DefaultShader.java
com.badlogic.gdx.graphics.g3d.shaders.DefaultShader$Inputs	/private/tmp/projects/libgdx/gdx/src/com/badlogic/gdx/graphics/g3d/shaders/DefaultShader.java
com.badlogic.gdx.graphics.g3d.shaders.DefaultShader$Setters	/private/tmp/projects/libgdx/gdx/src/com/badlogic/gdx/graphics/g3d/shaders/DefaultShader.java
com.badlogic.gdx.graphics.g3d.shaders.DefaultShader$Setters$1	/private/tmp/projects/libgdx/gdx/src/com/badlogic/gdx/graphics/g3d/shaders/DefaultShader.java
com.badlogic.gdx.graphics.g3d.shaders.DefaultShader$Setters$2	/private/tmp/projects/libgdx/gdx/src/com/badlogic/gdx/graphics/g3d/shaders/DefaultShader.java
com.badlogic.gdx.graphics.g3d.shaders.DefaultShader$Setters$3	/private/tmp/projects/libgdx/gdx/src/com/badlogic/gdx/graphics/g3d/shaders/DefaultShader.java
com.badlogic.gdx.graphics.g3d.shaders.DefaultShader$Setters$4	/private/tmp/projects/libgdx/gdx/src/com/badlogic/gdx/graphics/g3d/shaders/DefaultShader.java
com.badlogic.gdx.graphics.g3d.shaders.DefaultShader$Setters$5	/private/tmp/projects/libgdx/gdx/src/com/badlogic/gdx/graphics/g3d/shaders/DefaultShader.java
com.badlogic.gdx.graphics.g3d.shaders.DefaultShader$Setters$6	/private/tmp/projects/libgdx/gdx/src/com/badlogic/gdx/graphics/g3d/shaders/DefaultShader.java
com.badlogic.gdx.graphics.g3d.shaders.DefaultShader$Setters$7	/private/tmp/projects/libgdx/gdx/src/com/badlogic/gdx/graphics/g3d/shaders/DefaultShader.java
com.badlogic.gdx.graphics.g3d.shaders.DefaultShader$Setters$8	/private/tmp/projects/libgdx/gdx/src/com/badlogic/gdx/graphics/g3d/shaders/DefaultShader.java
com.badlogic.gdx.graphics.g3d.shaders.DefaultShader$Setters$9	/private/tmp/projects/libgdx/gdx/src/com/badlogic/gdx/graphics/g3d/shaders/DefaultShader.java
com.badlogic.gdx.graphics.g3d.shaders.DefaultShader$Setters$10	/private/tmp/projects/libgdx/gdx/src/com/badlogic/gdx/graphics/g3d/shaders/DefaultShader.java
com.badlogic.gdx.graphics.g3d.shaders.DefaultShader$Setters$11	/private/tmp/projects/libgdx/gdx/src/com/badlogic/gdx/graphics/g3d/shaders/DefaultShader.java
com.badlogic.gdx.graphics.g3d.shaders.DefaultShader$Setters$Bones	/private/tmp/projects/libgdx/gdx/src/com/badlogic/gdx/graphics/g3d/shaders/DefaultShader.java
com.badlogic.gdx.graphics.g3d.shaders.DefaultShader$Setters$12	/private/tmp/projects/libgdx/gdx/src/com/badlogic/gdx/graphics/g3d/shaders/DefaultShader.java
com.badlogic.gdx.graphics.g3d.shaders.DefaultShader$Setters$13	/private/tmp/projects/libgdx/gdx/src/com/badlogic/gdx/graphics/g3d/shaders/DefaultShader.java
com.badlogic.gdx.graphics.g3d.shaders.DefaultShader$Setters$14	/private/tmp/projects/libgdx/gdx/src/com/badlogic/gdx/graphics/g3d/shaders/DefaultShader.java
com.badlogic.gdx.graphics.g3d.shaders.DefaultShader$Setters$15	/private/tmp/projects/libgdx/gdx/src/com/badlogic/gdx/graphics/g3d/shaders/DefaultShader.java
com.badlogic.gdx.graphics.g3d.shaders.DefaultShader$Setters$16	/private/tmp/projects/libgdx/gdx/src/com/badlogic/gdx/graphics/g3d/shaders/DefaultShader.java
com.badlogic.gdx.graphics.g3d.shaders.DefaultShader$Setters$17	/private/tmp/projects/libgdx/gdx/src/com/badlogic/gdx/graphics/g3d/shaders/DefaultShader.java
com.badlogic.gdx.graphics.g3d.shaders.DefaultShader$Setters$18	/private/tmp/projects/libgdx/gdx/src/com/badlogic/gdx/graphics/g3d/shaders/DefaultShader.java
com.badlogic.gdx.graphics.g3d.shaders.DefaultShader$Setters$19	/private/tmp/projects/libgdx/gdx/src/com/badlogic/gdx/graphics/g3d/shaders/DefaultShader.java
com.badlogic.gdx.graphics.g3d.shaders.DefaultShader$Setters$20	/private/tmp/projects/libgdx/gdx/src/com/badlogic/gdx/graphics/g3d/shaders/DefaultShader.java
com.badlogic.gdx.graphics.g3d.shaders.DefaultShader$Setters$21	/private/tmp/projects/libgdx/gdx/src/com/badlogic/gdx/graphics/g3d/shaders/DefaultShader.java
com.badlogic.gdx.graphics.g3d.shaders.DefaultShader$Setters$22	/private/tmp/projects/libgdx/gdx/src/com/badlogic/gdx/graphics/g3d/shaders/DefaultShader.java
com.badlogic.gdx.graphics.g3d.shaders.DefaultShader$Setters$23	/private/tmp/projects/libgdx/gdx/src/com/badlogic/gdx/graphics/g3d/shaders/DefaultShader.java
com.badlogic.gdx.graphics.g3d.shaders.DefaultShader$Setters$24	/private/tmp/projects/libgdx/gdx/src/com/badlogic/gdx/graphics/g3d/shaders/DefaultShader.java
com.badlogic.gdx.graphics.g3d.shaders.DefaultShader$Setters$25	/private/tmp/projects/libgdx/gdx/src/com/badlogic/gdx/graphics/g3d/shaders/DefaultShader.java
com.badlogic.gdx.graphics.g3d.shaders.DefaultShader$Setters$26	/private/tmp/projects/libgdx/gdx/src/com/badlogic/gdx/graphics/g3d/shaders/DefaultShader.java
com.badlogic.gdx.graphics.g3d.shaders.DefaultShader$Setters$27	/private/tmp/projects/libgdx/gdx/src/com/badlogic/gdx/graphics/g3d/shaders/DefaultShader.java
com.badlogic.gdx.graphics.g3d.shaders.DefaultShader$Setters$28	/private/tmp/projects/libgdx/gdx/src/com/badlogic/gdx/graphics/g3d/shaders/DefaultShader.java
com.badlogic.gdx.graphics.g3d.shaders.DefaultShader$Setters$ACubemap	/private/tmp/projects/libgdx/gdx/src/com/badlogic/gdx/graphics/g3d/shaders/DefaultShader.java
com.badlogic.gdx.graphics.g3d.shaders.DefaultShader$Setters$29	/private/tmp/projects/libgdx/gdx/src/com/badlogic/gdx/graphics/g3d/shaders/DefaultShader.java
com.badlogic.gdx.graphics.g3d.shaders.BaseShader	/private/tmp/projects/libgdx/gdx/src/com/badlogic/gdx/graphics/g3d/shaders/BaseShader.java
com.badlogic.gdx.graphics.g3d.shaders.BaseShader$Validator	/private/tmp/projects/libgdx/gdx/src/com/badlogic/gdx/graphics/g3d/shaders/BaseShader.java
com.badlogic.gdx.graphics.g3d.shaders.BaseShader$Setter	/private/tmp/projects/libgdx/gdx/src/com/badlogic/gdx/graphics/g3d/shaders/BaseShader.java
com.badlogic.gdx.graphics.g3d.shaders.BaseShader$GlobalSetter	/private/tmp/projects/libgdx/gdx/src/com/badlogic/gdx/graphics/g3d/shaders/BaseShader.java
com.badlogic.gdx.graphics.g3d.shaders.BaseShader$LocalSetter	/private/tmp/projects/libgdx/gdx/src/com/badlogic/gdx/graphics/g3d/shaders/BaseShader.java
com.badlogic.gdx.graphics.g3d.shaders.BaseShader$Uniform	/private/tmp/projects/libgdx/gdx/src/com/badlogic/gdx/graphics/g3d/shaders/BaseShader.java
com.badlogic.gdx.graphics.g3d.environment.AmbientCubemap	/private/tmp/projects/libgdx/gdx/src/com/badlogic/gdx/graphics/g3d/environment/AmbientCubemap.java
com.badlogic.gdx.graphics.g3d.utils.DefaultRenderableSorter	/private/tmp/projects/libgdx/gdx/src/com/badlogic/gdx/graphics/g3d/utils/DefaultRenderableSorter.java
com.badlogic.gdx.graphics.g3d.utils.shapebuilders.SphereShapeBuilder	/private/tmp/projects/libgdx/gdx/src/com/badlogic/gdx/graphics/g3d/utils/shapebuilders/SphereShapeBuilder.java
com.badlogic.gdx.graphics.g3d.utils.shapebuilders.BaseShapeBuilder	/private/tmp/projects/libgdx/gdx/src/com/badlogic/gdx/graphics/g3d/utils/shapebuilders/BaseShapeBuilder.java
com.badlogic.gdx.graphics.g3d.utils.shapebuilders.BaseShapeBuilder$1	/private/tmp/projects/libgdx/gdx/src/com/badlogic/gdx/graphics/g3d/utils/shapebuilders/BaseShapeBuilder.java
com.badlogic.gdx.graphics.g3d.utils.shapebuilders.BaseShapeBuilder$2	/private/tmp/projects/libgdx/gdx/src/com/badlogic/gdx/graphics/g3d/utils/shapebuilders/BaseShapeBuilder.java
com.badlogic.gdx.graphics.g3d.utils.shapebuilders.PatchShapeBuilder	/private/tmp/projects/libgdx/gdx/src/com/badlogic/gdx/graphics/g3d/utils/shapebuilders/PatchShapeBuilder.java
com.badlogic.gdx.graphics.g3d.utils.shapebuilders.CylinderShapeBuilder	/private/tmp/projects/libgdx/gdx/src/com/badlogic/gdx/graphics/g3d/utils/shapebuilders/CylinderShapeBuilder.java
com.badlogic.gdx.graphics.g3d.utils.shapebuilders.BoxShapeBuilder	/private/tmp/projects/libgdx/gdx/src/com/badlogic/gdx/graphics/g3d/utils/shapebuilders/BoxShapeBuilder.java
com.badlogic.gdx.graphics.g3d.utils.shapebuilders.ArrowShapeBuilder	/private/tmp/projects/libgdx/gdx/src/com/badlogic/gdx/graphics/g3d/utils/shapebuilders/ArrowShapeBuilder.java
com.badlogic.gdx.graphics.g3d.utils.shapebuilders.EllipseShapeBuilder	/private/tmp/projects/libgdx/gdx/src/com/badlogic/gdx/graphics/g3d/utils/shapebuilders/EllipseShapeBuilder.java
com.badlogic.gdx.graphics.g3d.utils.shapebuilders.FrustumShapeBuilder	/private/tmp/projects/libgdx/gdx/src/com/badlogic/gdx/graphics/g3d/utils/shapebuilders/FrustumShapeBuilder.java
com.badlogic.gdx.graphics.g3d.utils.shapebuilders.CapsuleShapeBuilder	/private/tmp/projects/libgdx/gdx/src/com/badlogic/gdx/graphics/g3d/utils/shapebuilders/CapsuleShapeBuilder.java
com.badlogic.gdx.graphics.g3d.utils.shapebuilders.ConeShapeBuilder	/private/tmp/projects/libgdx/gdx/src/com/badlogic/gdx/graphics/g3d/utils/shapebuilders/ConeShapeBuilder.java
com.badlogic.gdx.graphics.g3d.utils.shapebuilders.RenderableShapeBuilder	/private/tmp/projects/libgdx/gdx/src/com/badlogic/gdx/graphics/g3d/utils/shapebuilders/RenderableShapeBuilder.java
com.badlogic.gdx.graphics.g3d.utils.shapebuilders.RenderableShapeBuilder$RenderablePool	/private/tmp/projects/libgdx/gdx/src/com/badlogic/gdx/graphics/g3d/utils/shapebuilders/RenderableShapeBuilder.java
com.badlogic.gdx.graphics.g3d.utils.ModelBuilder	/private/tmp/projects/libgdx/gdx/src/com/badlogic/gdx/graphics/g3d/utils/ModelBuilder.java
com.badlogic.gdx.graphics.g3d.utils.CameraInputController	/private/tmp/projects/libgdx/gdx/src/com/badlogic/gdx/graphics/g3d/utils/CameraInputController.java
com.badlogic.gdx.graphics.g3d.utils.CameraInputController$CameraGestureListener	/private/tmp/projects/libgdx/gdx/src/com/badlogic/gdx/graphics/g3d/utils/CameraInputController.java
com.badlogic.gdx.graphics.g3d.utils.DepthShaderProvider	/private/tmp/projects/libgdx/gdx/src/com/badlogic/gdx/graphics/g3d/utils/DepthShaderProvider.java
com.badlogic.gdx.graphics.g3d.shaders.DepthShader	/private/tmp/projects/libgdx/gdx/src/com/badlogic/gdx/graphics/g3d/shaders/DepthShader.java
com.badlogic.gdx.graphics.g3d.shaders.DepthShader$Config	/private/tmp/projects/libgdx/gdx/src/com/badlogic/gdx/graphics/g3d/shaders/DepthShader.java
com.badlogic.gdx.graphics.g3d.attributes.FloatAttribute	/private/tmp/projects/libgdx/gdx/src/com/badlogic/gdx/graphics/g3d/attributes/FloatAttribute.java
com.badlogic.gdx.graphics.g3d.particles.ParallelArray	/private/tmp/projects/libgdx/gdx/src/com/badlogic/gdx/graphics/g3d/particles/ParallelArray.java
com.badlogic.gdx.graphics.g3d.particles.ParallelArray$ChannelDescriptor	/private/tmp/projects/libgdx/gdx/src/com/badlogic/gdx/graphics/g3d/particles/ParallelArray.java
com.badlogic.gdx.graphics.g3d.particles.ParallelArray$Channel	/private/tmp/projects/libgdx/gdx/src/com/badlogic/gdx/graphics/g3d/particles/ParallelArray.java
com.badlogic.gdx.graphics.g3d.particles.ParallelArray$ChannelInitializer	/private/tmp/projects/libgdx/gdx/src/com/badlogic/gdx/graphics/g3d/particles/ParallelArray.java
com.badlogic.gdx.graphics.g3d.particles.ParallelArray$FloatChannel	/private/tmp/projects/libgdx/gdx/src/com/badlogic/gdx/graphics/g3d/particles/ParallelArray.java
com.badlogic.gdx.graphics.g3d.particles.ParallelArray$IntChannel	/private/tmp/projects/libgdx/gdx/src/com/badlogic/gdx/graphics/g3d/particles/ParallelArray.java
com.badlogic.gdx.graphics.g3d.particles.ParallelArray$ObjectChannel	/private/tmp/projects/libgdx/gdx/src/com/badlogic/gdx/graphics/g3d/particles/ParallelArray.java
com.badlogic.gdx.graphics.g3d.particles.ParticleChannels	/private/tmp/projects/libgdx/gdx/src/com/badlogic/gdx/graphics/g3d/particles/ParticleChannels.java
com.badlogic.gdx.graphics.g3d.particles.ParticleChannels$TextureRegionInitializer	/private/tmp/projects/libgdx/gdx/src/com/badlogic/gdx/graphics/g3d/particles/ParticleChannels.java
com.badlogic.gdx.graphics.g3d.particles.ParticleChannels$ColorInitializer	/private/tmp/projects/libgdx/gdx/src/com/badlogic/gdx/graphics/g3d/particles/ParticleChannels.java
com.badlogic.gdx.graphics.g3d.particles.ParticleChannels$ScaleInitializer	/private/tmp/projects/libgdx/gdx/src/com/badlogic/gdx/graphics/g3d/particles/ParticleChannels.java
com.badlogic.gdx.graphics.g3d.particles.ParticleChannels$Rotation2dInitializer	/private/tmp/projects/libgdx/gdx/src/com/badlogic/gdx/graphics/g3d/particles/ParticleChannels.java
com.badlogic.gdx.graphics.g3d.particles.ParticleChannels$Rotation3dInitializer	/private/tmp/projects/libgdx/gdx/src/com/badlogic/gdx/graphics/g3d/particles/ParticleChannels.java
com.badlogic.gdx.graphics.g3d.particles.renderers.PointSpriteRenderer	/private/tmp/projects/libgdx/gdx/src/com/badlogic/gdx/graphics/g3d/particles/renderers/PointSpriteRenderer.java
com.badlogic.gdx.graphics.g3d.particles.renderers.ParticleControllerRenderer	/private/tmp/projects/libgdx/gdx/src/com/badlogic/gdx/graphics/g3d/particles/renderers/ParticleControllerRenderer.java
com.badlogic.gdx.graphics.g3d.particles.ParticleControllerComponent	/private/tmp/projects/libgdx/gdx/src/com/badlogic/gdx/graphics/g3d/particles/ParticleControllerComponent.java
com.badlogic.gdx.graphics.g3d.particles.ResourceData	/private/tmp/projects/libgdx/gdx/src/com/badlogic/gdx/graphics/g3d/particles/ResourceData.java
com.badlogic.gdx.graphics.g3d.particles.ResourceData$Configurable	/private/tmp/projects/libgdx/gdx/src/com/badlogic/gdx/graphics/g3d/particles/ResourceData.java
com.badlogic.gdx.graphics.g3d.particles.ResourceData$SaveData	/private/tmp/projects/libgdx/gdx/src/com/badlogic/gdx/graphics/g3d/particles/ResourceData.java
com.badlogic.gdx.graphics.g3d.particles.ResourceData$AssetData	/private/tmp/projects/libgdx/gdx/src/com/badlogic/gdx/graphics/g3d/particles/ResourceData.java
com.badlogic.gdx.graphics.g3d.particles.renderers.PointSpriteControllerRenderData	/private/tmp/projects/libgdx/gdx/src/com/badlogic/gdx/graphics/g3d/particles/renderers/PointSpriteControllerRenderData.java
com.badlogic.gdx.graphics.g3d.particles.renderers.ParticleControllerRenderData	/private/tmp/projects/libgdx/gdx/src/com/badlogic/gdx/graphics/g3d/particles/renderers/ParticleControllerRenderData.java
com.badlogic.gdx.graphics.g3d.particles.ParticleShader	/private/tmp/projects/libgdx/gdx/src/com/badlogic/gdx/graphics/g3d/particles/ParticleShader.java
com.badlogic.gdx.graphics.g3d.particles.ParticleShader$ParticleType	/private/tmp/projects/libgdx/gdx/src/com/badlogic/gdx/graphics/g3d/particles/ParticleShader.java
com.badlogic.gdx.graphics.g3d.particles.ParticleShader$AlignMode	/private/tmp/projects/libgdx/gdx/src/com/badlogic/gdx/graphics/g3d/particles/ParticleShader.java
com.badlogic.gdx.graphics.g3d.particles.ParticleShader$Config	/private/tmp/projects/libgdx/gdx/src/com/badlogic/gdx/graphics/g3d/particles/ParticleShader.java
com.badlogic.gdx.graphics.g3d.particles.ParticleShader$Inputs	/private/tmp/projects/libgdx/gdx/src/com/badlogic/gdx/graphics/g3d/particles/ParticleShader.java
com.badlogic.gdx.graphics.g3d.particles.ParticleShader$Setters	/private/tmp/projects/libgdx/gdx/src/com/badlogic/gdx/graphics/g3d/particles/ParticleShader.java
com.badlogic.gdx.graphics.g3d.particles.ParticleShader$Setters$1	/private/tmp/projects/libgdx/gdx/src/com/badlogic/gdx/graphics/g3d/particles/ParticleShader.java
com.badlogic.gdx.graphics.g3d.particles.ParticleShader$Setters$2	/private/tmp/projects/libgdx/gdx/src/com/badlogic/gdx/graphics/g3d/particles/ParticleShader.java
com.badlogic.gdx.graphics.g3d.particles.ParticleShader$Setters$3	/private/tmp/projects/libgdx/gdx/src/com/badlogic/gdx/graphics/g3d/particles/ParticleShader.java
com.badlogic.gdx.graphics.g3d.particles.ParticleShader$Setters$4	/private/tmp/projects/libgdx/gdx/src/com/badlogic/gdx/graphics/g3d/particles/ParticleShader.java
com.badlogic.gdx.graphics.g3d.particles.ParticleShader$Setters$5	/private/tmp/projects/libgdx/gdx/src/com/badlogic/gdx/graphics/g3d/particles/ParticleShader.java
com.badlogic.gdx.graphics.g3d.particles.ParticleShader$Setters$6	/private/tmp/projects/libgdx/gdx/src/com/badlogic/gdx/graphics/g3d/particles/ParticleShader.java
com.badlogic.gdx.graphics.g3d.particles.batches.PointSpriteParticleBatch	/private/tmp/projects/libgdx/gdx/src/com/badlogic/gdx/graphics/g3d/particles/batches/PointSpriteParticleBatch.java
com.badlogic.gdx.graphics.g3d.particles.batches.BufferedParticleBatch	/private/tmp/projects/libgdx/gdx/src/com/badlogic/gdx/graphics/g3d/particles/batches/BufferedParticleBatch.java
com.badlogic.gdx.graphics.g3d.particles.batches.ParticleBatch	/private/tmp/projects/libgdx/gdx/src/com/badlogic/gdx/graphics/g3d/particles/batches/ParticleBatch.java
com.badlogic.gdx.graphics.g3d.particles.ParticleController	/private/tmp/projects/libgdx/gdx/src/com/badlogic/gdx/graphics/g3d/particles/ParticleController.java
com.badlogic.gdx.graphics.g3d.particles.emitters.Emitter	/private/tmp/projects/libgdx/gdx/src/com/badlogic/gdx/graphics/g3d/particles/emitters/Emitter.java
com.badlogic.gdx.graphics.g3d.particles.influencers.Influencer	/private/tmp/projects/libgdx/gdx/src/com/badlogic/gdx/graphics/g3d/particles/influencers/Influencer.java
com.badlogic.gdx.graphics.g3d.attributes.BlendingAttribute	/private/tmp/projects/libgdx/gdx/src/com/badlogic/gdx/graphics/g3d/attributes/BlendingAttribute.java
com.badlogic.gdx.graphics.g3d.attributes.DepthTestAttribute	/private/tmp/projects/libgdx/gdx/src/com/badlogic/gdx/graphics/g3d/attributes/DepthTestAttribute.java
com.badlogic.gdx.graphics.g3d.particles.ParticleSorter	/private/tmp/projects/libgdx/gdx/src/com/badlogic/gdx/graphics/g3d/particles/ParticleSorter.java
com.badlogic.gdx.graphics.g3d.particles.ParticleSorter$None	/private/tmp/projects/libgdx/gdx/src/com/badlogic/gdx/graphics/g3d/particles/ParticleSorter.java
com.badlogic.gdx.graphics.g3d.particles.ParticleSorter$Distance	/private/tmp/projects/libgdx/gdx/src/com/badlogic/gdx/graphics/g3d/particles/ParticleSorter.java
com.badlogic.gdx.graphics.g3d.particles.renderers.BillboardControllerRenderData	/private/tmp/projects/libgdx/gdx/src/com/badlogic/gdx/graphics/g3d/particles/renderers/BillboardControllerRenderData.java
com.badlogic.gdx.graphics.g3d.particles.renderers.ModelInstanceControllerRenderData	/private/tmp/projects/libgdx/gdx/src/com/badlogic/gdx/graphics/g3d/particles/renderers/ModelInstanceControllerRenderData.java
com.badlogic.gdx.graphics.g3d.particles.renderers.ParticleControllerControllerRenderer	/private/tmp/projects/libgdx/gdx/src/com/badlogic/gdx/graphics/g3d/particles/renderers/ParticleControllerControllerRenderer.java
com.badlogic.gdx.graphics.g3d.particles.renderers.ModelInstanceRenderer	/private/tmp/projects/libgdx/gdx/src/com/badlogic/gdx/graphics/g3d/particles/renderers/ModelInstanceRenderer.java
com.badlogic.gdx.graphics.g3d.particles.batches.ModelInstanceParticleBatch	/private/tmp/projects/libgdx/gdx/src/com/badlogic/gdx/graphics/g3d/particles/batches/ModelInstanceParticleBatch.java
com.badlogic.gdx.graphics.g3d.particles.renderers.BillboardRenderer	/private/tmp/projects/libgdx/gdx/src/com/badlogic/gdx/graphics/g3d/particles/renderers/BillboardRenderer.java
com.badlogic.gdx.graphics.g3d.particles.batches.BillboardParticleBatch	/private/tmp/projects/libgdx/gdx/src/com/badlogic/gdx/graphics/g3d/particles/batches/BillboardParticleBatch.java
com.badlogic.gdx.graphics.g3d.particles.batches.BillboardParticleBatch$RenderablePool	/private/tmp/projects/libgdx/gdx/src/com/badlogic/gdx/graphics/g3d/particles/batches/BillboardParticleBatch.java
com.badlogic.gdx.graphics.g3d.particles.batches.BillboardParticleBatch$Config	/private/tmp/projects/libgdx/gdx/src/com/badlogic/gdx/graphics/g3d/particles/batches/BillboardParticleBatch.java
com.badlogic.gdx.graphics.g3d.particles.values.LineSpawnShapeValue	/private/tmp/projects/libgdx/gdx/src/com/badlogic/gdx/graphics/g3d/particles/values/LineSpawnShapeValue.java
com.badlogic.gdx.graphics.g3d.particles.values.PrimitiveSpawnShapeValue	/private/tmp/projects/libgdx/gdx/src/com/badlogic/gdx/graphics/g3d/particles/values/PrimitiveSpawnShapeValue.java
com.badlogic.gdx.graphics.g3d.particles.values.PrimitiveSpawnShapeValue$SpawnSide	/private/tmp/projects/libgdx/gdx/src/com/badlogic/gdx/graphics/g3d/particles/values/PrimitiveSpawnShapeValue.java
com.badlogic.gdx.graphics.g3d.particles.values.SpawnShapeValue	/private/tmp/projects/libgdx/gdx/src/com/badlogic/gdx/graphics/g3d/particles/values/SpawnShapeValue.java
com.badlogic.gdx.graphics.g3d.particles.values.ParticleValue	/private/tmp/projects/libgdx/gdx/src/com/badlogic/gdx/graphics/g3d/particles/values/ParticleValue.java
com.badlogic.gdx.graphics.g3d.particles.values.ScaledNumericValue	/private/tmp/projects/libgdx/gdx/src/com/badlogic/gdx/graphics/g3d/particles/values/ScaledNumericValue.java
com.badlogic.gdx.graphics.g3d.particles.values.RangedNumericValue	/private/tmp/projects/libgdx/gdx/src/com/badlogic/gdx/graphics/g3d/particles/values/RangedNumericValue.java
com.badlogic.gdx.graphics.g3d.particles.values.PointSpawnShapeValue	/private/tmp/projects/libgdx/gdx/src/com/badlogic/gdx/graphics/g3d/particles/values/PointSpawnShapeValue.java
com.badlogic.gdx.graphics.g3d.particles.values.GradientColorValue	/private/tmp/projects/libgdx/gdx/src/com/badlogic/gdx/graphics/g3d/particles/values/GradientColorValue.java
com.badlogic.gdx.graphics.g3d.particles.values.EllipseSpawnShapeValue	/private/tmp/projects/libgdx/gdx/src/com/badlogic/gdx/graphics/g3d/particles/values/EllipseSpawnShapeValue.java
com.badlogic.gdx.graphics.g3d.particles.values.MeshSpawnShapeValue	/private/tmp/projects/libgdx/gdx/src/com/badlogic/gdx/graphics/g3d/particles/values/MeshSpawnShapeValue.java
com.badlogic.gdx.graphics.g3d.particles.values.MeshSpawnShapeValue$Triangle	/private/tmp/projects/libgdx/gdx/src/com/badlogic/gdx/graphics/g3d/particles/values/MeshSpawnShapeValue.java
com.badlogic.gdx.graphics.g3d.particles.values.UnweightedMeshSpawnShapeValue	/private/tmp/projects/libgdx/gdx/src/com/badlogic/gdx/graphics/g3d/particles/values/UnweightedMeshSpawnShapeValue.java
com.badlogic.gdx.graphics.g3d.particles.values.NumericValue	/private/tmp/projects/libgdx/gdx/src/com/badlogic/gdx/graphics/g3d/particles/values/NumericValue.java
com.badlogic.gdx.graphics.g3d.particles.values.RectangleSpawnShapeValue	/private/tmp/projects/libgdx/gdx/src/com/badlogic/gdx/graphics/g3d/particles/values/RectangleSpawnShapeValue.java
com.badlogic.gdx.graphics.g3d.particles.values.WeightMeshSpawnShapeValue	/private/tmp/projects/libgdx/gdx/src/com/badlogic/gdx/graphics/g3d/particles/values/WeightMeshSpawnShapeValue.java
com.badlogic.gdx.graphics.g3d.particles.values.CylinderSpawnShapeValue	/private/tmp/projects/libgdx/gdx/src/com/badlogic/gdx/graphics/g3d/particles/values/CylinderSpawnShapeValue.java
com.badlogic.gdx.graphics.g3d.particles.ParticleEffectLoader	/private/tmp/projects/libgdx/gdx/src/com/badlogic/gdx/graphics/g3d/particles/ParticleEffectLoader.java
com.badlogic.gdx.graphics.g3d.particles.ParticleEffectLoader$ParticleEffectLoadParameter	/private/tmp/projects/libgdx/gdx/src/com/badlogic/gdx/graphics/g3d/particles/ParticleEffectLoader.java
com.badlogic.gdx.graphics.g3d.particles.ParticleEffectLoader$ParticleEffectSaveParameter	/private/tmp/projects/libgdx/gdx/src/com/badlogic/gdx/graphics/g3d/particles/ParticleEffectLoader.java
com.badlogic.gdx.graphics.g3d.particles.ParticleEffect	/private/tmp/projects/libgdx/gdx/src/com/badlogic/gdx/graphics/g3d/particles/ParticleEffect.java
com.badlogic.gdx.graphics.g3d.particles.influencers.ColorInfluencer	/private/tmp/projects/libgdx/gdx/src/com/badlogic/gdx/graphics/g3d/particles/influencers/ColorInfluencer.java
com.badlogic.gdx.graphics.g3d.particles.influencers.ColorInfluencer$Random	/private/tmp/projects/libgdx/gdx/src/com/badlogic/gdx/graphics/g3d/particles/influencers/ColorInfluencer.java
com.badlogic.gdx.graphics.g3d.particles.influencers.ColorInfluencer$Single	/private/tmp/projects/libgdx/gdx/src/com/badlogic/gdx/graphics/g3d/particles/influencers/ColorInfluencer.java
com.badlogic.gdx.graphics.g3d.particles.influencers.DynamicsInfluencer	/private/tmp/projects/libgdx/gdx/src/com/badlogic/gdx/graphics/g3d/particles/influencers/DynamicsInfluencer.java
com.badlogic.gdx.graphics.g3d.particles.influencers.DynamicsModifier	/private/tmp/projects/libgdx/gdx/src/com/badlogic/gdx/graphics/g3d/particles/influencers/DynamicsModifier.java
com.badlogic.gdx.graphics.g3d.particles.influencers.DynamicsModifier$FaceDirection	/private/tmp/projects/libgdx/gdx/src/com/badlogic/gdx/graphics/g3d/particles/influencers/DynamicsModifier.java
com.badlogic.gdx.graphics.g3d.particles.influencers.DynamicsModifier$Strength	/private/tmp/projects/libgdx/gdx/src/com/badlogic/gdx/graphics/g3d/particles/influencers/DynamicsModifier.java
com.badlogic.gdx.graphics.g3d.particles.influencers.DynamicsModifier$Angular	/private/tmp/projects/libgdx/gdx/src/com/badlogic/gdx/graphics/g3d/particles/influencers/DynamicsModifier.java
com.badlogic.gdx.graphics.g3d.particles.influencers.DynamicsModifier$Rotational2D	/private/tmp/projects/libgdx/gdx/src/com/badlogic/gdx/graphics/g3d/particles/influencers/DynamicsModifier.java
com.badlogic.gdx.graphics.g3d.particles.influencers.DynamicsModifier$Rotational3D	/private/tmp/projects/libgdx/gdx/src/com/badlogic/gdx/graphics/g3d/particles/influencers/DynamicsModifier.java
com.badlogic.gdx.graphics.g3d.particles.influencers.DynamicsModifier$CentripetalAcceleration	/private/tmp/projects/libgdx/gdx/src/com/badlogic/gdx/graphics/g3d/particles/influencers/DynamicsModifier.java
com.badlogic.gdx.graphics.g3d.particles.influencers.DynamicsModifier$PolarAcceleration	/private/tmp/projects/libgdx/gdx/src/com/badlogic/gdx/graphics/g3d/particles/influencers/DynamicsModifier.java
com.badlogic.gdx.graphics.g3d.particles.influencers.DynamicsModifier$TangentialAcceleration	/private/tmp/projects/libgdx/gdx/src/com/badlogic/gdx/graphics/g3d/particles/influencers/DynamicsModifier.java
com.badlogic.gdx.graphics.g3d.particles.influencers.DynamicsModifier$BrownianAcceleration	/private/tmp/projects/libgdx/gdx/src/com/badlogic/gdx/graphics/g3d/particles/influencers/DynamicsModifier.java
com.badlogic.gdx.graphics.g3d.particles.influencers.SpawnInfluencer	/private/tmp/projects/libgdx/gdx/src/com/badlogic/gdx/graphics/g3d/particles/influencers/SpawnInfluencer.java
com.badlogic.gdx.graphics.g3d.particles.influencers.ModelInfluencer	/private/tmp/projects/libgdx/gdx/src/com/badlogic/gdx/graphics/g3d/particles/influencers/ModelInfluencer.java
com.badlogic.gdx.graphics.g3d.particles.influencers.ModelInfluencer$Single	/private/tmp/projects/libgdx/gdx/src/com/badlogic/gdx/graphics/g3d/particles/influencers/ModelInfluencer.java
com.badlogic.gdx.graphics.g3d.particles.influencers.ModelInfluencer$Random	/private/tmp/projects/libgdx/gdx/src/com/badlogic/gdx/graphics/g3d/particles/influencers/ModelInfluencer.java
com.badlogic.gdx.graphics.g3d.particles.influencers.ModelInfluencer$Random$ModelInstancePool	/private/tmp/projects/libgdx/gdx/src/com/badlogic/gdx/graphics/g3d/particles/influencers/ModelInfluencer.java
com.badlogic.gdx.graphics.g3d.particles.influencers.ParticleControllerInfluencer	/private/tmp/projects/libgdx/gdx/src/com/badlogic/gdx/graphics/g3d/particles/influencers/ParticleControllerInfluencer.java
com.badlogic.gdx.graphics.g3d.particles.influencers.ParticleControllerInfluencer$Single	/private/tmp/projects/libgdx/gdx/src/com/badlogic/gdx/graphics/g3d/particles/influencers/ParticleControllerInfluencer.java
com.badlogic.gdx.graphics.g3d.particles.influencers.ParticleControllerInfluencer$Random	/private/tmp/projects/libgdx/gdx/src/com/badlogic/gdx/graphics/g3d/particles/influencers/ParticleControllerInfluencer.java
com.badlogic.gdx.graphics.g3d.particles.influencers.ParticleControllerInfluencer$Random$ParticleControllerPool	/private/tmp/projects/libgdx/gdx/src/com/badlogic/gdx/graphics/g3d/particles/influencers/ParticleControllerInfluencer.java
com.badlogic.gdx.graphics.g3d.particles.influencers.ScaleInfluencer	/private/tmp/projects/libgdx/gdx/src/com/badlogic/gdx/graphics/g3d/particles/influencers/ScaleInfluencer.java
com.badlogic.gdx.graphics.g3d.particles.influencers.SimpleInfluencer	/private/tmp/projects/libgdx/gdx/src/com/badlogic/gdx/graphics/g3d/particles/influencers/SimpleInfluencer.java
com.badlogic.gdx.graphics.g3d.particles.influencers.RegionInfluencer	/private/tmp/projects/libgdx/gdx/src/com/badlogic/gdx/graphics/g3d/particles/influencers/RegionInfluencer.java
com.badlogic.gdx.graphics.g3d.particles.influencers.RegionInfluencer$Single	/private/tmp/projects/libgdx/gdx/src/com/badlogic/gdx/graphics/g3d/particles/influencers/RegionInfluencer.java
com.badlogic.gdx.graphics.g3d.particles.influencers.RegionInfluencer$Random	/private/tmp/projects/libgdx/gdx/src/com/badlogic/gdx/graphics/g3d/particles/influencers/RegionInfluencer.java
com.badlogic.gdx.graphics.g3d.particles.influencers.RegionInfluencer$Animated	/private/tmp/projects/libgdx/gdx/src/com/badlogic/gdx/graphics/g3d/particles/influencers/RegionInfluencer.java
com.badlogic.gdx.graphics.g3d.particles.influencers.RegionInfluencer$AspectTextureRegion	/private/tmp/projects/libgdx/gdx/src/com/badlogic/gdx/graphics/g3d/particles/influencers/RegionInfluencer.java
com.badlogic.gdx.graphics.g3d.particles.influencers.ParticleControllerFinalizerInfluencer	/private/tmp/projects/libgdx/gdx/src/com/badlogic/gdx/graphics/g3d/particles/influencers/ParticleControllerFinalizerInfluencer.java
com.badlogic.gdx.graphics.g3d.particles.emitters.RegularEmitter	/private/tmp/projects/libgdx/gdx/src/com/badlogic/gdx/graphics/g3d/particles/emitters/RegularEmitter.java
com.badlogic.gdx.graphics.g3d.particles.emitters.RegularEmitter$EmissionMode	/private/tmp/projects/libgdx/gdx/src/com/badlogic/gdx/graphics/g3d/particles/emitters/RegularEmitter.java
com.badlogic.gdx.graphics.g3d.particles.ParticleSystem	/private/tmp/projects/libgdx/gdx/src/com/badlogic/gdx/graphics/g3d/particles/ParticleSystem.java
com.badlogic.gdx.graphics.g3d.ModelBatch	/private/tmp/projects/libgdx/gdx/src/com/badlogic/gdx/graphics/g3d/ModelBatch.java
com.badlogic.gdx.graphics.g3d.ModelBatch$RenderablePool	/private/tmp/projects/libgdx/gdx/src/com/badlogic/gdx/graphics/g3d/ModelBatch.java
com.badlogic.gdx.graphics.g3d.ModelCache	/private/tmp/projects/libgdx/gdx/src/com/badlogic/gdx/graphics/g3d/ModelCache.java
com.badlogic.gdx.graphics.g3d.ModelCache$MeshPool	/private/tmp/projects/libgdx/gdx/src/com/badlogic/gdx/graphics/g3d/ModelCache.java
com.badlogic.gdx.graphics.g3d.ModelCache$SimpleMeshPool	/private/tmp/projects/libgdx/gdx/src/com/badlogic/gdx/graphics/g3d/ModelCache.java
com.badlogic.gdx.graphics.g3d.ModelCache$TightMeshPool	/private/tmp/projects/libgdx/gdx/src/com/badlogic/gdx/graphics/g3d/ModelCache.java
com.badlogic.gdx.graphics.g3d.ModelCache$Sorter	/private/tmp/projects/libgdx/gdx/src/com/badlogic/gdx/graphics/g3d/ModelCache.java
com.badlogic.gdx.graphics.g3d.ModelCache$1	/private/tmp/projects/libgdx/gdx/src/com/badlogic/gdx/graphics/g3d/ModelCache.java
com.badlogic.gdx.graphics.g3d.ModelCache$2	/private/tmp/projects/libgdx/gdx/src/com/badlogic/gdx/graphics/g3d/ModelCache.java
com.badlogic.gdx.graphics.g3d.attributes.TextureAttribute	/private/tmp/projects/libgdx/gdx/src/com/badlogic/gdx/graphics/g3d/attributes/TextureAttribute.java
com.badlogic.gdx.graphics.g3d.attributes.SpotLightsAttribute	/private/tmp/projects/libgdx/gdx/src/com/badlogic/gdx/graphics/g3d/attributes/SpotLightsAttribute.java
com.badlogic.gdx.graphics.g3d.attributes.DirectionalLightsAttribute	/private/tmp/projects/libgdx/gdx/src/com/badlogic/gdx/graphics/g3d/attributes/DirectionalLightsAttribute.java
com.badlogic.gdx.graphics.g3d.attributes.ColorAttribute	/private/tmp/projects/libgdx/gdx/src/com/badlogic/gdx/graphics/g3d/attributes/ColorAttribute.java
com.badlogic.gdx.graphics.g3d.attributes.PointLightsAttribute	/private/tmp/projects/libgdx/gdx/src/com/badlogic/gdx/graphics/g3d/attributes/PointLightsAttribute.java
com.badlogic.gdx.graphics.g3d.attributes.CubemapAttribute	/private/tmp/projects/libgdx/gdx/src/com/badlogic/gdx/graphics/g3d/attributes/CubemapAttribute.java
com.badlogic.gdx.graphics.g3d.attributes.IntAttribute	/private/tmp/projects/libgdx/gdx/src/com/badlogic/gdx/graphics/g3d/attributes/IntAttribute.java
com.badlogic.gdx.graphics.g3d.loader.G3dModelLoader	/private/tmp/projects/libgdx/gdx/src/com/badlogic/gdx/graphics/g3d/loader/G3dModelLoader.java
com.badlogic.gdx.assets.loaders.ModelLoader	/private/tmp/projects/libgdx/gdx/src/com/badlogic/gdx/assets/loaders/ModelLoader.java
com.badlogic.gdx.assets.loaders.ModelLoader$ModelParameters	/private/tmp/projects/libgdx/gdx/src/com/badlogic/gdx/assets/loaders/ModelLoader.java
com.badlogic.gdx.graphics.g3d.loader.ObjLoader	/private/tmp/projects/libgdx/gdx/src/com/badlogic/gdx/graphics/g3d/loader/ObjLoader.java
com.badlogic.gdx.graphics.g3d.loader.ObjLoader$ObjLoaderParameters	/private/tmp/projects/libgdx/gdx/src/com/badlogic/gdx/graphics/g3d/loader/ObjLoader.java
com.badlogic.gdx.graphics.g3d.loader.ObjLoader$Group	/private/tmp/projects/libgdx/gdx/src/com/badlogic/gdx/graphics/g3d/loader/ObjLoader.java
com.badlogic.gdx.graphics.g3d.loader.MtlLoader	/private/tmp/projects/libgdx/gdx/src/com/badlogic/gdx/graphics/g3d/loader/ObjLoader.java
com.badlogic.gdx.graphics.g3d.loader.MtlLoader$ObjMaterial	/private/tmp/projects/libgdx/gdx/src/com/badlogic/gdx/graphics/g3d/loader/ObjLoader.java
com.badlogic.gdx.graphics.g3d.environment.DirectionalShadowLight	/private/tmp/projects/libgdx/gdx/src/com/badlogic/gdx/graphics/g3d/environment/DirectionalShadowLight.java
com.badlogic.gdx.graphics.g3d.environment.SphericalHarmonics	/private/tmp/projects/libgdx/gdx/src/com/badlogic/gdx/graphics/g3d/environment/SphericalHarmonics.java
com.badlogic.gdx.graphics.g3d.decals.GroupPlug	/private/tmp/projects/libgdx/gdx/src/com/badlogic/gdx/graphics/g3d/decals/GroupPlug.java
com.badlogic.gdx.graphics.g3d.decals.Decal	/private/tmp/projects/libgdx/gdx/src/com/badlogic/gdx/graphics/g3d/decals/Decal.java
com.badlogic.gdx.graphics.g3d.decals.DecalMaterial	/private/tmp/projects/libgdx/gdx/src/com/badlogic/gdx/graphics/g3d/decals/DecalMaterial.java
com.badlogic.gdx.graphics.g3d.decals.SimpleOrthoGroupStrategy	/private/tmp/projects/libgdx/gdx/src/com/badlogic/gdx/graphics/g3d/decals/SimpleOrthoGroupStrategy.java
com.badlogic.gdx.graphics.g3d.decals.SimpleOrthoGroupStrategy$Comparator	/private/tmp/projects/libgdx/gdx/src/com/badlogic/gdx/graphics/g3d/decals/SimpleOrthoGroupStrategy.java
com.badlogic.gdx.graphics.g3d.decals.GroupStrategy	/private/tmp/projects/libgdx/gdx/src/com/badlogic/gdx/graphics/g3d/decals/GroupStrategy.java
com.badlogic.gdx.graphics.g3d.decals.CameraGroupStrategy	/private/tmp/projects/libgdx/gdx/src/com/badlogic/gdx/graphics/g3d/decals/CameraGroupStrategy.java
com.badlogic.gdx.graphics.g3d.decals.CameraGroupStrategy$1	/private/tmp/projects/libgdx/gdx/src/com/badlogic/gdx/graphics/g3d/decals/CameraGroupStrategy.java
com.badlogic.gdx.graphics.g3d.decals.CameraGroupStrategy$2	/private/tmp/projects/libgdx/gdx/src/com/badlogic/gdx/graphics/g3d/decals/CameraGroupStrategy.java
com.badlogic.gdx.graphics.g3d.decals.PluggableGroupStrategy	/private/tmp/projects/libgdx/gdx/src/com/badlogic/gdx/graphics/g3d/decals/PluggableGroupStrategy.java
com.badlogic.gdx.graphics.g3d.decals.DecalBatch	/private/tmp/projects/libgdx/gdx/src/com/badlogic/gdx/graphics/g3d/decals/DecalBatch.java
com.badlogic.gdx.graphics.g3d.decals.DecalBatch$1	/private/tmp/projects/libgdx/gdx/src/com/badlogic/gdx/graphics/g3d/decals/DecalBatch.java
com.badlogic.gdx.graphics.FPSLogger	/private/tmp/projects/libgdx/gdx/src/com/badlogic/gdx/graphics/FPSLogger.java
com.badlogic.gdx.assets.loaders.SoundLoader	/private/tmp/projects/libgdx/gdx/src/com/badlogic/gdx/assets/loaders/SoundLoader.java
com.badlogic.gdx.assets.loaders.SoundLoader$SoundParameter	/private/tmp/projects/libgdx/gdx/src/com/badlogic/gdx/assets/loaders/SoundLoader.java
com.badlogic.gdx.assets.loaders.TextureAtlasLoader	/private/tmp/projects/libgdx/gdx/src/com/badlogic/gdx/assets/loaders/TextureAtlasLoader.java
com.badlogic.gdx.assets.loaders.TextureAtlasLoader$TextureAtlasParameter	/private/tmp/projects/libgdx/gdx/src/com/badlogic/gdx/assets/loaders/TextureAtlasLoader.java
com.badlogic.gdx.assets.loaders.SkinLoader	/private/tmp/projects/libgdx/gdx/src/com/badlogic/gdx/assets/loaders/SkinLoader.java
com.badlogic.gdx.assets.loaders.SkinLoader$SkinParameter	/private/tmp/projects/libgdx/gdx/src/com/badlogic/gdx/assets/loaders/SkinLoader.java
com.badlogic.gdx.assets.loaders.ParticleEffectLoader	/private/tmp/projects/libgdx/gdx/src/com/badlogic/gdx/assets/loaders/ParticleEffectLoader.java
com.badlogic.gdx.assets.loaders.ParticleEffectLoader$ParticleEffectParameter	/private/tmp/projects/libgdx/gdx/src/com/badlogic/gdx/assets/loaders/ParticleEffectLoader.java
com.badlogic.gdx.assets.loaders.ShaderProgramLoader	/private/tmp/projects/libgdx/gdx/src/com/badlogic/gdx/assets/loaders/ShaderProgramLoader.java
com.badlogic.gdx.assets.loaders.ShaderProgramLoader$ShaderProgramParameter	/private/tmp/projects/libgdx/gdx/src/com/badlogic/gdx/assets/loaders/ShaderProgramLoader.java
com.badlogic.gdx.assets.loaders.resolvers.ExternalFileHandleResolver	/private/tmp/projects/libgdx/gdx/src/com/badlogic/gdx/assets/loaders/resolvers/ExternalFileHandleResolver.java
com.badlogic.gdx.assets.loaders.resolvers.ResolutionFileResolver	/private/tmp/projects/libgdx/gdx/src/com/badlogic/gdx/assets/loaders/resolvers/ResolutionFileResolver.java
com.badlogic.gdx.assets.loaders.resolvers.ResolutionFileResolver$Resolution	/private/tmp/projects/libgdx/gdx/src/com/badlogic/gdx/assets/loaders/resolvers/ResolutionFileResolver.java
com.badlogic.gdx.assets.loaders.resolvers.InternalFileHandleResolver	/private/tmp/projects/libgdx/gdx/src/com/badlogic/gdx/assets/loaders/resolvers/InternalFileHandleResolver.java
com.badlogic.gdx.assets.loaders.resolvers.PrefixFileHandleResolver	/private/tmp/projects/libgdx/gdx/src/com/badlogic/gdx/assets/loaders/resolvers/PrefixFileHandleResolver.java
com.badlogic.gdx.assets.loaders.resolvers.ClasspathFileHandleResolver	/private/tmp/projects/libgdx/gdx/src/com/badlogic/gdx/assets/loaders/resolvers/ClasspathFileHandleResolver.java
com.badlogic.gdx.assets.loaders.resolvers.LocalFileHandleResolver	/private/tmp/projects/libgdx/gdx/src/com/badlogic/gdx/assets/loaders/resolvers/LocalFileHandleResolver.java
com.badlogic.gdx.assets.loaders.resolvers.AbsoluteFileHandleResolver	/private/tmp/projects/libgdx/gdx/src/com/badlogic/gdx/assets/loaders/resolvers/AbsoluteFileHandleResolver.java
com.badlogic.gdx.assets.loaders.PixmapLoader	/private/tmp/projects/libgdx/gdx/src/com/badlogic/gdx/assets/loaders/PixmapLoader.java
com.badlogic.gdx.assets.loaders.PixmapLoader$PixmapParameter	/private/tmp/projects/libgdx/gdx/src/com/badlogic/gdx/assets/loaders/PixmapLoader.java
com.badlogic.gdx.assets.loaders.MusicLoader	/private/tmp/projects/libgdx/gdx/src/com/badlogic/gdx/assets/loaders/MusicLoader.java
com.badlogic.gdx.assets.loaders.MusicLoader$MusicParameter	/private/tmp/projects/libgdx/gdx/src/com/badlogic/gdx/assets/loaders/MusicLoader.java
com.badlogic.gdx.assets.loaders.I18NBundleLoader	/private/tmp/projects/libgdx/gdx/src/com/badlogic/gdx/assets/loaders/I18NBundleLoader.java
com.badlogic.gdx.assets.loaders.I18NBundleLoader$I18NBundleParameter	/private/tmp/projects/libgdx/gdx/src/com/badlogic/gdx/assets/loaders/I18NBundleLoader.java
com.badlogic.gdx.assets.loaders.BitmapFontLoader	/private/tmp/projects/libgdx/gdx/src/com/badlogic/gdx/assets/loaders/BitmapFontLoader.java
com.badlogic.gdx.assets.loaders.BitmapFontLoader$BitmapFontParameter	/private/tmp/projects/libgdx/gdx/src/com/badlogic/gdx/assets/loaders/BitmapFontLoader.java
com.badlogic.gdx.Version	/private/tmp/projects/libgdx/gdx/src/com/badlogic/gdx/Version.java
